# Blender 4.2.3 LTS
# www.blender.org
mtllib SM_Capacitor.mtl
o SM_Capacitor
v 0.000000 0.000000 -0.500000
v 0.097545 0.000000 -0.490393
v 0.191342 0.000000 -0.461940
v 0.277785 0.000000 -0.415735
v 0.353553 0.000000 -0.353553
v 0.415735 0.000000 -0.277785
v 0.461940 0.000000 -0.191342
v 0.490393 0.000000 -0.097545
v 0.500000 0.000000 -0.000000
v 0.490393 0.000000 0.097545
v 0.461940 0.000000 0.191342
v 0.415735 0.000000 0.277785
v 0.353553 0.000000 0.353553
v 0.277785 0.000000 0.415735
v 0.191342 0.000000 0.461940
v 0.097545 0.000000 0.490393
v 0.000000 0.000000 0.500000
v -0.097545 0.000000 0.490393
v -0.191342 0.000000 0.461940
v -0.277785 0.000000 0.415735
v -0.353553 0.000000 0.353553
v -0.415735 0.000000 0.277785
v -0.461940 0.000000 0.191342
v -0.490393 0.000000 0.097545
v -0.500000 0.000000 -0.000000
v -0.490393 0.000000 -0.097545
v -0.461940 0.000000 -0.191342
v -0.415735 0.000000 -0.277785
v -0.353553 0.000000 -0.353553
v -0.277785 0.000000 -0.415735
v -0.191342 0.000000 -0.461940
v -0.097545 0.000000 -0.490393
v 0.000000 0.122770 -0.370476
v 0.000000 0.092894 -0.500000
v 0.072276 0.122770 -0.363357
v 0.097545 0.092894 -0.490393
v 0.141775 0.122770 -0.342275
v 0.191342 0.092894 -0.461940
v 0.205825 0.122770 -0.308039
v 0.277785 0.092894 -0.415735
v 0.261966 0.122770 -0.261966
v 0.353553 0.092894 -0.353553
v 0.308039 0.122770 -0.205825
v 0.415735 0.092894 -0.277785
v 0.342275 0.122770 -0.141775
v 0.461940 0.092894 -0.191342
v 0.363357 0.122770 -0.072276
v 0.490393 0.092894 -0.097545
v 0.370476 0.122770 -0.000000
v 0.500000 0.092894 -0.000000
v 0.363357 0.122770 0.072276
v 0.490393 0.092894 0.097545
v 0.342275 0.122770 0.141775
v 0.461940 0.092894 0.191342
v 0.308039 0.122770 0.205825
v 0.415735 0.092894 0.277785
v 0.261966 0.122770 0.261966
v 0.353553 0.092894 0.353553
v 0.205825 0.122770 0.308039
v 0.277785 0.092894 0.415735
v 0.141775 0.122770 0.342275
v 0.191342 0.092894 0.461940
v 0.072276 0.122770 0.363357
v 0.097545 0.092894 0.490393
v 0.000000 0.122770 0.370476
v 0.000000 0.092894 0.500000
v -0.072276 0.122770 0.363357
v -0.097545 0.092894 0.490393
v -0.141775 0.122770 0.342275
v -0.191342 0.092894 0.461940
v -0.205825 0.122770 0.308039
v -0.277785 0.092894 0.415735
v -0.261966 0.122770 0.261966
v -0.353553 0.092894 0.353553
v -0.308039 0.122770 0.205825
v -0.415735 0.092894 0.277785
v -0.342275 0.122770 0.141775
v -0.461940 0.092894 0.191342
v -0.363357 0.122770 0.072276
v -0.490393 0.092894 0.097545
v -0.370476 0.122770 -0.000000
v -0.500000 0.092894 -0.000000
v -0.363357 0.122770 -0.072276
v -0.490393 0.092894 -0.097545
v -0.342275 0.122770 -0.141775
v -0.461940 0.092894 -0.191342
v -0.308039 0.122770 -0.205825
v -0.415735 0.092894 -0.277785
v -0.261966 0.122770 -0.261966
v -0.353553 0.092894 -0.353553
v -0.205825 0.122770 -0.308039
v -0.277785 0.092894 -0.415735
v -0.141775 0.122770 -0.342275
v -0.191342 0.092894 -0.461940
v -0.072276 0.122770 -0.363357
v -0.097545 0.092894 -0.490393
v 0.000000 0.122770 -0.445585
v 0.086929 0.122770 -0.437023
v 0.170518 0.122770 -0.411667
v 0.247554 0.122770 -0.370490
v 0.315076 0.122770 -0.315076
v 0.370490 0.122770 -0.247554
v 0.411667 0.122770 -0.170518
v 0.437023 0.122770 -0.086929
v 0.445585 0.122770 -0.000000
v 0.437023 0.122770 0.086929
v 0.411667 0.122770 0.170518
v 0.370490 0.122770 0.247554
v 0.315076 0.122770 0.315076
v 0.247554 0.122770 0.370490
v 0.170518 0.122770 0.411667
v 0.086929 0.122770 0.437023
v 0.000000 0.122770 0.445585
v -0.086929 0.122770 0.437023
v -0.170518 0.122770 0.411667
v -0.247554 0.122770 0.370490
v -0.315076 0.122770 0.315076
v -0.370490 0.122770 0.247554
v -0.411667 0.122770 0.170518
v -0.437023 0.122770 0.086929
v -0.445585 0.122770 -0.000000
v -0.437023 0.122770 -0.086929
v -0.411667 0.122770 -0.170518
v -0.370490 0.122770 -0.247554
v -0.315076 0.122770 -0.315076
v -0.247554 0.122770 -0.370490
v -0.170518 0.122770 -0.411667
v -0.086929 0.122770 -0.437023
v 0.000000 0.127712 -0.370476
v 0.072276 0.127712 -0.363357
v 0.141775 0.127712 -0.342275
v 0.205825 0.127712 -0.308039
v 0.261966 0.127712 -0.261966
v 0.308039 0.127712 -0.205825
v 0.342275 0.127712 -0.141775
v 0.363357 0.127712 -0.072276
v 0.370476 0.127712 -0.000000
v 0.363357 0.127712 0.072276
v 0.342275 0.127712 0.141775
v 0.308039 0.127712 0.205825
v 0.261966 0.127712 0.261966
v 0.205825 0.127712 0.308039
v 0.141775 0.127712 0.342275
v 0.072276 0.127712 0.363357
v 0.000000 0.127712 0.370476
v -0.072276 0.127712 0.363357
v -0.141775 0.127712 0.342275
v -0.205825 0.127712 0.308039
v -0.261966 0.127712 0.261966
v -0.308039 0.127712 0.205825
v -0.342275 0.127712 0.141775
v -0.363357 0.127712 0.072276
v -0.370476 0.127712 -0.000000
v -0.363357 0.127712 -0.072276
v -0.342275 0.127712 -0.141775
v -0.308039 0.127712 -0.205825
v -0.261966 0.127712 -0.261966
v -0.205825 0.127712 -0.308039
v -0.141775 0.127712 -0.342275
v -0.072276 0.127712 -0.363357
v 0.000000 0.130955 -0.426576
v 0.083221 0.130955 -0.418379
v 0.163244 0.130955 -0.394105
v 0.236993 0.130955 -0.354685
v 0.301635 0.130955 -0.301635
v 0.354685 0.130955 -0.236993
v 0.394105 0.130955 -0.163244
v 0.418379 0.130955 -0.083221
v 0.426576 0.130955 -0.000000
v 0.418379 0.130955 0.083221
v 0.394105 0.130955 0.163244
v 0.354685 0.130955 0.236993
v 0.301635 0.130955 0.301635
v 0.236993 0.130955 0.354685
v 0.163244 0.130955 0.394105
v 0.083221 0.130955 0.418379
v 0.000000 0.130955 0.426576
v -0.083221 0.130955 0.418379
v -0.163244 0.130955 0.394105
v -0.236993 0.130955 0.354685
v -0.301635 0.130955 0.301635
v -0.354685 0.130955 0.236993
v -0.394105 0.130955 0.163244
v -0.418379 0.130955 0.083221
v -0.426576 0.130955 -0.000000
v -0.418379 0.130955 -0.083221
v -0.394105 0.130955 -0.163244
v -0.354685 0.130955 -0.236993
v -0.301635 0.130955 -0.301635
v -0.236993 0.130955 -0.354685
v -0.163244 0.130955 -0.394105
v -0.083221 0.130955 -0.418379
v 0.000000 0.180955 -0.385782
v 0.075262 0.180955 -0.378370
v 0.147633 0.180955 -0.356417
v 0.214329 0.180955 -0.320767
v 0.272789 0.180955 -0.272789
v 0.320767 0.180955 -0.214329
v 0.356417 0.180955 -0.147633
v 0.378370 0.180955 -0.075262
v 0.385783 0.180955 -0.000000
v 0.378370 0.180955 0.075262
v 0.356417 0.180955 0.147633
v 0.320767 0.180955 0.214329
v 0.272789 0.180955 0.272789
v 0.214329 0.180955 0.320767
v 0.147633 0.180955 0.356417
v 0.075262 0.180955 0.378370
v 0.000000 0.180955 0.385782
v -0.075262 0.180955 0.378370
v -0.147633 0.180955 0.356417
v -0.214329 0.180955 0.320767
v -0.272789 0.180955 0.272789
v -0.320767 0.180955 0.214329
v -0.356417 0.180955 0.147633
v -0.378370 0.180955 0.075262
v -0.385782 0.180955 -0.000000
v -0.378370 0.180955 -0.075262
v -0.356417 0.180955 -0.147633
v -0.320767 0.180955 -0.214329
v -0.272789 0.180955 -0.272789
v -0.214329 0.180955 -0.320767
v -0.147633 0.180955 -0.356417
v -0.075262 0.180955 -0.378370
v 0.000000 0.188030 -0.385782
v 0.075262 0.188030 -0.378370
v 0.147633 0.188030 -0.356417
v 0.214329 0.188030 -0.320767
v 0.272789 0.188030 -0.272789
v 0.320767 0.188030 -0.214329
v 0.356417 0.188030 -0.147633
v 0.378370 0.188030 -0.075262
v 0.385783 0.188030 -0.000000
v 0.378370 0.188030 0.075262
v 0.356417 0.188030 0.147633
v 0.320767 0.188030 0.214329
v 0.272789 0.188030 0.272789
v 0.214329 0.188030 0.320767
v 0.147633 0.188030 0.356417
v 0.075262 0.188030 0.378370
v 0.000000 0.188030 0.385782
v -0.075262 0.188030 0.378370
v -0.147633 0.188030 0.356417
v -0.214329 0.188030 0.320767
v -0.272789 0.188030 0.272789
v -0.320767 0.188030 0.214329
v -0.356417 0.188030 0.147633
v -0.378370 0.188030 0.075262
v -0.385782 0.188030 -0.000000
v -0.378370 0.188030 -0.075262
v -0.356417 0.188030 -0.147633
v -0.320767 0.188030 -0.214329
v -0.272789 0.188030 -0.272789
v -0.214329 0.188030 -0.320767
v -0.147633 0.188030 -0.356417
v -0.075262 0.188030 -0.378370
v -0.000000 1.070538 -0.376412
v 0.073434 1.070538 -0.369179
v 0.144047 1.070538 -0.347759
v 0.209123 1.070538 -0.312975
v 0.266163 1.070538 -0.266163
v 0.312975 1.070538 -0.209123
v 0.347759 1.070538 -0.144047
v 0.369179 1.070538 -0.073434
v 0.376412 1.070538 -0.000000
v 0.369179 1.070538 0.073434
v 0.347759 1.070538 0.144047
v 0.312975 1.070538 0.209123
v 0.266163 1.070538 0.266163
v 0.209123 1.070538 0.312975
v 0.144047 1.070538 0.347759
v 0.073434 1.070538 0.369179
v -0.000000 1.070538 0.376412
v -0.073434 1.070538 0.369179
v -0.144047 1.070538 0.347759
v -0.209123 1.070538 0.312975
v -0.266163 1.070538 0.266163
v -0.312975 1.070538 0.209123
v -0.347759 1.070538 0.144047
v -0.369179 1.070538 0.073434
v -0.376412 1.070538 -0.000000
v -0.369179 1.070538 -0.073434
v -0.347759 1.070538 -0.144047
v -0.312975 1.070538 -0.209123
v -0.266163 1.070538 -0.266163
v -0.209123 1.070538 -0.312975
v -0.144047 1.070538 -0.347759
v -0.073434 1.070538 -0.369179
v -0.000000 1.087846 -0.341414
v 0.066607 1.087846 -0.334854
v 0.130654 1.087846 -0.315425
v 0.189679 1.087846 -0.283875
v 0.241416 1.087846 -0.241416
v 0.283875 1.087846 -0.189679
v 0.315425 1.087846 -0.130654
v 0.334854 1.087846 -0.066607
v 0.341414 1.087846 -0.000000
v 0.334854 1.087846 0.066607
v 0.315425 1.087846 0.130654
v 0.283875 1.087846 0.189679
v 0.241416 1.087846 0.241416
v 0.189679 1.087846 0.283875
v 0.130654 1.087846 0.315425
v 0.066607 1.087846 0.334854
v -0.000000 1.087846 0.341414
v -0.066607 1.087846 0.334854
v -0.130654 1.087846 0.315425
v -0.189679 1.087846 0.283875
v -0.241416 1.087846 0.241416
v -0.283876 1.087846 0.189679
v -0.315425 1.087846 0.130654
v -0.334854 1.087846 0.066607
v -0.341414 1.087846 -0.000000
v -0.334854 1.087846 -0.066607
v -0.315425 1.087846 -0.130654
v -0.283876 1.087846 -0.189679
v -0.241416 1.087846 -0.241416
v -0.189679 1.087846 -0.283875
v -0.130654 1.087846 -0.315425
v -0.066607 1.087846 -0.334854
v -0.000000 1.190465 -0.382618
v 0.074645 1.190465 -0.375266
v 0.146422 1.190465 -0.353493
v 0.212571 1.190465 -0.318135
v 0.270552 1.190465 -0.270552
v 0.318135 1.190465 -0.212571
v 0.353493 1.190465 -0.146422
v 0.375266 1.190465 -0.074645
v 0.382618 1.190465 -0.000000
v 0.375266 1.190465 0.074645
v 0.353493 1.190465 0.146422
v 0.318135 1.190465 0.212571
v 0.270552 1.190465 0.270552
v 0.212571 1.190465 0.318135
v 0.146422 1.190465 0.353493
v 0.074645 1.190465 0.375266
v -0.000000 1.190465 0.382618
v -0.074645 1.190465 0.375266
v -0.146422 1.190465 0.353493
v -0.212571 1.190465 0.318135
v -0.270552 1.190465 0.270552
v -0.318135 1.190465 0.212571
v -0.353493 1.190465 0.146422
v -0.375266 1.190465 0.074645
v -0.382618 1.190465 -0.000000
v -0.375266 1.190465 -0.074645
v -0.353493 1.190465 -0.146422
v -0.318135 1.190465 -0.212571
v -0.270552 1.190465 -0.270552
v -0.212571 1.190465 -0.318135
v -0.146422 1.190465 -0.353493
v -0.074645 1.190465 -0.375266
v -0.000000 1.246837 -0.255022
v 0.049752 1.246837 -0.250122
v 0.097593 1.246837 -0.235610
v 0.141683 1.246837 -0.212043
v 0.180328 1.246837 -0.180328
v 0.212043 1.246837 -0.141683
v 0.235610 1.246837 -0.097593
v 0.250122 1.246837 -0.049752
v 0.255022 1.246837 -0.000000
v 0.250122 1.246837 0.049752
v 0.235610 1.246837 0.097593
v 0.212043 1.246837 0.141683
v 0.180328 1.246837 0.180328
v 0.141683 1.246837 0.212043
v 0.097593 1.246837 0.235610
v 0.049752 1.246837 0.250122
v -0.000000 1.246837 0.255022
v -0.049752 1.246837 0.250122
v -0.097593 1.246837 0.235610
v -0.141683 1.246837 0.212043
v -0.180328 1.246837 0.180328
v -0.212043 1.246837 0.141683
v -0.235610 1.246837 0.097593
v -0.250122 1.246837 0.049752
v -0.255022 1.246837 -0.000000
v -0.250122 1.246837 -0.049752
v -0.235610 1.246837 -0.097593
v -0.212043 1.246837 -0.141683
v -0.180328 1.246837 -0.180328
v -0.141683 1.246837 -0.212043
v -0.097593 1.246837 -0.235610
v -0.049752 1.246837 -0.250122
v -0.000000 1.246837 -0.284227
v 0.055450 1.246837 -0.278766
v 0.108769 1.246837 -0.262592
v 0.157908 1.246837 -0.236326
v 0.200979 1.246837 -0.200979
v 0.236326 1.246837 -0.157908
v 0.262591 1.246837 -0.108769
v 0.278766 1.246837 -0.055450
v 0.284227 1.246837 -0.000000
v 0.278766 1.246837 0.055450
v 0.262591 1.246837 0.108769
v 0.236326 1.246837 0.157908
v 0.200979 1.246837 0.200979
v 0.157908 1.246837 0.236326
v 0.108769 1.246837 0.262592
v 0.055450 1.246837 0.278766
v -0.000000 1.246837 0.284227
v -0.055450 1.246837 0.278766
v -0.108769 1.246837 0.262592
v -0.157908 1.246837 0.236326
v -0.200979 1.246837 0.200979
v -0.236326 1.246837 0.157908
v -0.262592 1.246837 0.108769
v -0.278766 1.246837 0.055450
v -0.284227 1.246837 -0.000000
v -0.278766 1.246837 -0.055450
v -0.262592 1.246837 -0.108769
v -0.236326 1.246837 -0.157908
v -0.200979 1.246837 -0.200979
v -0.157908 1.246837 -0.236326
v -0.108769 1.246837 -0.262592
v -0.055450 1.246837 -0.278766
v -0.000000 1.224750 -0.269517
v 0.052580 1.224750 -0.264338
v 0.103140 1.224750 -0.249001
v 0.149735 1.224750 -0.224095
v 0.190577 1.224750 -0.190577
v 0.224095 1.224750 -0.149735
v 0.249001 1.224750 -0.103140
v 0.264338 1.224750 -0.052580
v 0.269517 1.224750 -0.000000
v 0.264338 1.224750 0.052580
v 0.249001 1.224750 0.103140
v 0.224095 1.224750 0.149735
v 0.190577 1.224750 0.190577
v 0.149735 1.224750 0.224095
v 0.103140 1.224750 0.249001
v 0.052580 1.224750 0.264338
v -0.000000 1.224750 0.269517
v -0.052580 1.224750 0.264338
v -0.103140 1.224750 0.249001
v -0.149735 1.224750 0.224095
v -0.190577 1.224750 0.190577
v -0.224095 1.224750 0.149735
v -0.249001 1.224750 0.103140
v -0.264338 1.224750 0.052580
v -0.269517 1.224750 -0.000000
v -0.264338 1.224750 -0.052580
v -0.249001 1.224750 -0.103140
v -0.224095 1.224750 -0.149735
v -0.190577 1.224750 -0.190577
v -0.149735 1.224750 -0.224095
v -0.103140 1.224750 -0.249001
v -0.052580 1.224750 -0.264338
v -0.000000 1.224750 -0.281164
v 0.054852 1.224750 -0.275761
v 0.107597 1.224750 -0.259761
v 0.156206 1.224750 -0.233779
v 0.198813 1.224750 -0.198813
v 0.233779 1.224750 -0.156206
v 0.259761 1.224750 -0.107597
v 0.275761 1.224750 -0.054852
v 0.281164 1.224750 -0.000000
v 0.275761 1.224750 0.054852
v 0.259761 1.224750 0.107597
v 0.233779 1.224750 0.156206
v 0.198813 1.224750 0.198813
v 0.156206 1.224750 0.233779
v 0.107597 1.224750 0.259761
v 0.054852 1.224750 0.275761
v -0.000000 1.224750 0.281164
v -0.054852 1.224750 0.275761
v -0.107597 1.224750 0.259761
v -0.156206 1.224750 0.233779
v -0.198813 1.224750 0.198813
v -0.233779 1.224750 0.156206
v -0.259762 1.224750 0.107597
v -0.275761 1.224750 0.054852
v -0.281164 1.224750 -0.000000
v -0.275761 1.224750 -0.054852
v -0.259762 1.224750 -0.107597
v -0.233779 1.224750 -0.156206
v -0.198813 1.224750 -0.198813
v -0.156206 1.224750 -0.233779
v -0.107597 1.224750 -0.259761
v -0.054852 1.224750 -0.275761
v -0.000000 1.262850 -0.269517
v -0.000000 1.282787 -0.213068
v 0.041567 1.282787 -0.208974
v 0.052580 1.262850 -0.264338
v 0.081538 1.282787 -0.196849
v 0.103140 1.262850 -0.249001
v 0.118374 1.282787 -0.177160
v 0.149735 1.262850 -0.224095
v 0.150662 1.282787 -0.150662
v 0.190577 1.262850 -0.190577
v 0.177159 1.282787 -0.118374
v 0.224095 1.262850 -0.149735
v 0.196849 1.282787 -0.081538
v 0.249001 1.262850 -0.103140
v 0.208974 1.282787 -0.041567
v 0.264338 1.262850 -0.052580
v 0.213068 1.282787 -0.000000
v 0.269517 1.262850 -0.000000
v 0.208974 1.282787 0.041567
v 0.264338 1.262850 0.052580
v 0.196849 1.282787 0.081538
v 0.249001 1.262850 0.103140
v 0.177159 1.282787 0.118374
v 0.224095 1.262850 0.149735
v 0.150662 1.282787 0.150662
v 0.190577 1.262850 0.190577
v 0.118374 1.282787 0.177159
v 0.149735 1.262850 0.224095
v 0.081538 1.282787 0.196849
v 0.103140 1.262850 0.249001
v 0.041567 1.282787 0.208974
v 0.052580 1.262850 0.264338
v 0.000000 1.282787 0.213068
v -0.000000 1.262850 0.269517
v -0.041567 1.282787 0.208974
v -0.052580 1.262850 0.264338
v -0.081538 1.282787 0.196849
v -0.103140 1.262850 0.249001
v -0.118374 1.282787 0.177160
v -0.149735 1.262850 0.224095
v -0.150662 1.282787 0.150662
v -0.190577 1.262850 0.190577
v -0.177160 1.282787 0.118374
v -0.224095 1.262850 0.149735
v -0.196849 1.282787 0.081538
v -0.249001 1.262850 0.103140
v -0.208974 1.282787 0.041567
v -0.264338 1.262850 0.052580
v -0.213068 1.282787 -0.000000
v -0.269517 1.262850 -0.000000
v -0.208974 1.282787 -0.041568
v -0.264338 1.262850 -0.052580
v -0.196849 1.282787 -0.081538
v -0.249001 1.262850 -0.103140
v -0.177160 1.282787 -0.118374
v -0.224095 1.262850 -0.149735
v -0.150662 1.282787 -0.150662
v -0.190577 1.262850 -0.190577
v -0.118374 1.282787 -0.177159
v -0.149735 1.262850 -0.224095
v -0.081538 1.282787 -0.196849
v -0.103140 1.262850 -0.249001
v -0.041568 1.282787 -0.208974
v -0.052580 1.262850 -0.264338
v -0.079363 0.403456 -0.398986
v -0.079363 0.842303 -0.398986
v -0.000000 0.842303 -0.406802
v 0.000000 0.403455 -0.406802
v -0.128580 0.403456 0.384056
v -0.128580 0.842303 0.384056
v -0.226007 1.031241 0.338244
v -0.226007 0.228324 0.338244
v 0.338244 0.228325 -0.226007
v 0.338244 1.031242 -0.226007
v 0.384056 0.842303 -0.128580
v 0.384056 0.403455 -0.128580
v -0.287653 1.031241 0.287653
v -0.287653 0.228324 0.287653
v 0.398986 0.842303 -0.079363
v 0.398986 0.403455 -0.079363
v -0.338244 1.031241 0.226007
v -0.338244 0.228324 0.226007
v 0.406802 0.842303 -0.000000
v 0.406802 0.403455 -0.000000
v -0.384056 0.842303 0.128580
v -0.384056 0.403455 0.128580
v 0.398986 0.842303 0.079363
v 0.398986 0.403455 0.079363
v -0.398986 0.842303 0.079363
v -0.398986 0.403455 0.079363
v 0.384056 0.842303 0.128580
v 0.384056 0.403455 0.128580
v -0.406802 0.842303 -0.000000
v -0.406802 0.403455 -0.000000
v 0.338244 1.031241 0.226007
v 0.338244 0.228324 0.226007
v -0.398986 0.842303 -0.079363
v -0.398986 0.403455 -0.079363
v 0.287653 1.031241 0.287653
v 0.287653 0.228324 0.287653
v -0.384056 0.842303 -0.128580
v -0.384056 0.403455 -0.128580
v 0.226007 1.031241 0.338244
v 0.226007 0.228324 0.338244
v -0.338244 1.031241 -0.226007
v -0.338244 0.228324 -0.226007
v 0.128580 0.842303 0.384056
v 0.128580 0.403455 0.384056
v 0.079363 0.842303 -0.398986
v 0.079363 0.403455 -0.398986
v -0.287653 1.031241 -0.287653
v -0.287653 0.228324 -0.287653
v 0.079363 0.842303 0.398986
v 0.079363 0.403455 0.398986
v 0.128580 0.842303 -0.384056
v 0.128580 0.403455 -0.384056
v -0.226007 1.031241 -0.338244
v -0.226007 0.228324 -0.338244
v -0.000000 0.842303 0.406802
v -0.000000 0.403455 0.406802
v 0.226007 1.031241 -0.338244
v 0.226007 0.228324 -0.338244
v -0.128580 0.842303 -0.384056
v -0.128580 0.403455 -0.384056
v -0.079363 0.842303 0.398986
v -0.079363 0.403455 0.398986
v 0.287653 1.031241 -0.287653
v 0.287653 0.228324 -0.287653
v -0.155677 0.228325 0.375836
v -0.155677 1.031242 0.375836
v 0.375836 1.031241 -0.155677
v 0.375836 0.228324 -0.155677
v -0.375836 1.031241 0.155677
v -0.375836 0.228324 0.155677
v 0.375836 1.031241 0.155677
v 0.375836 0.228324 0.155677
v -0.375836 1.031241 -0.155677
v -0.375836 0.228324 -0.155677
v 0.155677 1.031241 0.375836
v 0.155677 0.228324 0.375836
v 0.155677 1.031241 -0.375836
v 0.155677 0.228324 -0.375836
v -0.155677 1.031241 -0.375836
v -0.155677 0.228324 -0.375836
v -0.079363 0.228325 -0.398986
v -0.000000 0.228324 -0.406802
v -0.079363 1.031242 -0.398986
v -0.000000 1.031241 -0.406802
v 0.398986 0.228324 -0.079363
v 0.398986 1.031241 -0.079363
v 0.406802 0.228324 -0.000000
v 0.406802 1.031241 -0.000000
v 0.398986 0.228324 0.079363
v 0.398986 1.031241 0.079363
v -0.398986 0.228324 0.079363
v -0.398986 1.031241 0.079363
v -0.406802 0.228324 -0.000000
v -0.406802 1.031241 -0.000000
v -0.398986 0.228324 -0.079363
v -0.398986 1.031241 -0.079363
v 0.079363 0.228324 -0.398986
v 0.079363 1.031241 -0.398986
v 0.079363 0.228324 0.398986
v 0.079363 1.031241 0.398986
v -0.000000 0.228324 0.406802
v -0.000000 1.031241 0.406802
v -0.079363 0.228324 0.398986
v -0.079363 1.031241 0.398986
v -0.083172 0.403456 -0.418133
v -0.083172 0.842303 -0.418133
v -0.000000 0.842303 -0.426325
v 0.000000 0.403455 -0.426325
v 0.418133 0.842303 -0.083172
v 0.418133 0.403455 -0.083172
v 0.426325 0.814643 0.000000
v 0.426325 0.403455 0.000000
v 0.418133 0.814643 0.083172
v 0.418133 0.403455 0.083172
v -0.418133 0.842303 0.083172
v -0.418133 0.431115 0.083172
v -0.426325 0.842303 -0.000000
v -0.426325 0.403455 -0.000000
v -0.418133 0.842303 -0.083172
v -0.418133 0.403455 -0.083172
v 0.083172 0.842303 -0.418133
v 0.083172 0.403455 -0.418133
v 0.083172 0.814643 0.418133
v 0.083172 0.431115 0.418133
v -0.000000 0.842303 0.426325
v -0.000000 0.403455 0.426325
v -0.083172 0.842303 0.418133
v -0.083172 0.403455 0.418133
v -0.094131 0.431115 0.414830
v -0.094131 0.814643 0.414830
v 0.414830 0.814643 -0.094131
v 0.414830 0.431115 -0.094131
v -0.414830 0.814643 0.094131
v -0.414830 0.431115 0.094131
v 0.414830 0.814643 0.094131
v 0.414830 0.431115 0.094131
v -0.414830 0.814643 -0.094131
v -0.414830 0.431115 -0.094131
v 0.094131 0.814643 0.414830
v 0.094131 0.431115 0.414830
v 0.094131 0.814643 -0.414830
v 0.094131 0.431115 -0.414830
v -0.094131 0.814643 -0.414830
v -0.094131 0.431115 -0.414830
v -0.134247 0.403456 0.402738
v -0.134247 0.842303 0.402738
v 0.402738 0.842303 -0.134247
v 0.402738 0.403455 -0.134247
v -0.402738 0.842303 0.134247
v -0.402738 0.403455 0.134247
v 0.402738 0.842303 0.134247
v 0.402738 0.403455 0.134247
v -0.402738 0.842303 -0.134247
v -0.402738 0.403455 -0.134247
v 0.134247 0.842303 0.402738
v 0.134247 0.403455 0.402738
v 0.134247 0.842303 -0.402738
v 0.134247 0.403455 -0.402738
v -0.134247 0.842303 -0.402738
v -0.134247 0.403455 -0.402738
v -0.083172 0.431115 -0.418133
v 0.000000 0.431115 -0.426325
v -0.083172 0.814643 -0.418133
v -0.000000 0.814643 -0.426325
v 0.418133 0.431115 -0.083172
v 0.418133 0.814643 -0.083172
v 0.426325 0.431115 0.000000
v 0.426325 0.842303 0.000000
v 0.418133 0.431115 0.083172
v 0.418133 0.842303 0.083172
v -0.418133 0.403455 0.083172
v -0.418133 0.814643 0.083172
v -0.426325 0.431115 -0.000000
v -0.426325 0.814643 -0.000000
v -0.418133 0.431115 -0.083172
v -0.418133 0.814643 -0.083172
v 0.083172 0.431115 -0.418133
v 0.083172 0.814643 -0.418133
v 0.083172 0.403455 0.418133
v 0.083172 0.842303 0.418133
v -0.000000 0.431115 0.426325
v -0.000000 0.814643 0.426325
v -0.083172 0.431115 0.418133
v -0.083172 0.814643 0.418133
v -0.038097 0.472469 -0.402385
v -0.038097 0.773290 -0.402385
v -0.000000 0.814643 -0.406138
v 0.000000 0.431115 -0.406138
v 0.402385 0.773289 -0.038097
v 0.402385 0.472468 -0.038097
v 0.406138 0.814643 -0.000000
v 0.406139 0.431115 -0.000000
v 0.402385 0.773289 0.038097
v 0.402385 0.472469 0.038097
v -0.402386 0.773289 0.038097
v -0.402386 0.472468 0.038097
v -0.406139 0.814643 -0.000000
v -0.406139 0.431115 -0.000000
v -0.402386 0.773289 -0.038097
v -0.402386 0.472469 -0.038097
v 0.038097 0.773289 -0.402385
v 0.038097 0.472468 -0.402385
v 0.038097 0.773289 0.402385
v 0.038097 0.472469 0.402385
v -0.000000 0.814643 0.406138
v -0.000000 0.431115 0.406138
v -0.038097 0.773289 0.402385
v -0.038097 0.472468 0.402386
v -0.088305 0.431115 0.395503
v -0.088305 0.814643 0.395503
v 0.395503 0.814643 -0.088305
v 0.395503 0.431115 -0.088305
v -0.395503 0.814643 0.088305
v -0.395503 0.431115 0.088305
v 0.395503 0.814643 0.088305
v 0.395503 0.431115 0.088305
v -0.395503 0.814643 -0.088305
v -0.395503 0.431115 -0.088305
v 0.088305 0.814643 0.395503
v 0.088305 0.431115 0.395503
v 0.088305 0.814643 -0.395503
v 0.088305 0.431115 -0.395503
v -0.088305 0.814643 -0.395503
v -0.088305 0.431115 -0.395503
v 0.000000 0.174934 -0.426576
v 0.000000 0.180955 -0.420526
v 0.082040 0.180955 -0.412445
v 0.083221 0.174934 -0.418379
v 0.160928 0.180955 -0.388515
v 0.163244 0.174934 -0.394105
v 0.233631 0.180955 -0.349654
v 0.236993 0.174934 -0.354685
v 0.297356 0.180955 -0.297356
v 0.301635 0.174934 -0.301635
v 0.349654 0.180955 -0.233631
v 0.354685 0.174934 -0.236993
v 0.388515 0.180955 -0.160928
v 0.394105 0.174934 -0.163244
v 0.412445 0.180955 -0.082040
v 0.418379 0.174934 -0.083221
v 0.420526 0.180955 -0.000000
v 0.426576 0.174934 -0.000000
v 0.412445 0.180955 0.082040
v 0.418379 0.174934 0.083221
v 0.388515 0.180955 0.160928
v 0.394105 0.174934 0.163244
v 0.349654 0.180955 0.233631
v 0.354685 0.174934 0.236993
v 0.297356 0.180955 0.297356
v 0.301635 0.174934 0.301635
v 0.233631 0.180955 0.349654
v 0.236993 0.174934 0.354685
v 0.160928 0.180955 0.388515
v 0.163244 0.174934 0.394105
v 0.082040 0.180955 0.412445
v 0.083221 0.174934 0.418379
v 0.000000 0.180955 0.420526
v 0.000000 0.174934 0.426576
v -0.082040 0.180955 0.412445
v -0.083221 0.174934 0.418379
v -0.160928 0.180955 0.388515
v -0.163244 0.174934 0.394105
v -0.233631 0.180955 0.349654
v -0.236993 0.174934 0.354685
v -0.297356 0.180955 0.297356
v -0.301635 0.174934 0.301635
v -0.349654 0.180955 0.233631
v -0.354685 0.174934 0.236993
v -0.388515 0.180955 0.160928
v -0.394105 0.174934 0.163244
v -0.412445 0.180955 0.082040
v -0.418379 0.174934 0.083221
v -0.420526 0.180955 -0.000000
v -0.426576 0.174934 -0.000000
v -0.412445 0.180955 -0.082040
v -0.418379 0.174934 -0.083221
v -0.388515 0.180955 -0.160928
v -0.394105 0.174934 -0.163244
v -0.349654 0.180955 -0.233631
v -0.354685 0.174934 -0.236993
v -0.297356 0.180955 -0.297356
v -0.301635 0.174934 -0.301635
v -0.233631 0.180955 -0.349654
v -0.236993 0.174934 -0.354685
v -0.160928 0.180955 -0.388515
v -0.163244 0.174934 -0.394105
v -0.082040 0.180955 -0.412445
v -0.083221 0.174934 -0.418379
v 0.000000 0.188879 -0.419822
v 0.000000 0.195051 -0.425871
v 0.083083 0.195051 -0.417688
v 0.081903 0.188879 -0.411756
v 0.162974 0.195051 -0.393453
v 0.160659 0.188879 -0.387865
v 0.236601 0.195051 -0.354098
v 0.233241 0.188879 -0.349070
v 0.301136 0.195051 -0.301136
v 0.296859 0.188879 -0.296859
v 0.354098 0.195051 -0.236601
v 0.349070 0.188879 -0.233241
v 0.393453 0.195051 -0.162974
v 0.387865 0.188879 -0.160659
v 0.417688 0.195051 -0.083083
v 0.411756 0.188879 -0.081903
v 0.425871 0.195051 -0.000000
v 0.419822 0.188879 -0.000000
v 0.417688 0.195051 0.083083
v 0.411756 0.188879 0.081903
v 0.393453 0.195051 0.162974
v 0.387865 0.188879 0.160659
v 0.354098 0.195051 0.236601
v 0.349070 0.188879 0.233241
v 0.301136 0.195051 0.301136
v 0.296859 0.188879 0.296859
v 0.236601 0.195051 0.354098
v 0.233241 0.188879 0.349070
v 0.162974 0.195051 0.393453
v 0.160659 0.188879 0.387865
v 0.083083 0.195051 0.417688
v 0.081903 0.188879 0.411756
v 0.000000 0.195051 0.425871
v 0.000000 0.188879 0.419822
v -0.083083 0.195051 0.417688
v -0.081903 0.188879 0.411756
v -0.162974 0.195051 0.393453
v -0.160659 0.188879 0.387865
v -0.236601 0.195051 0.354098
v -0.233241 0.188879 0.349070
v -0.301136 0.195051 0.301136
v -0.296859 0.188879 0.296859
v -0.354098 0.195051 0.236601
v -0.349070 0.188879 0.233241
v -0.393453 0.195051 0.162974
v -0.387865 0.188879 0.160659
v -0.417688 0.195051 0.083083
v -0.411756 0.188879 0.081903
v -0.425871 0.195051 -0.000000
v -0.419822 0.188879 -0.000000
v -0.417688 0.195051 -0.083083
v -0.411756 0.188879 -0.081903
v -0.393453 0.195051 -0.162974
v -0.387865 0.188879 -0.160659
v -0.354098 0.195051 -0.236601
v -0.349070 0.188879 -0.233241
v -0.301136 0.195051 -0.301136
v -0.296859 0.188879 -0.296859
v -0.236601 0.195051 -0.354098
v -0.233241 0.188879 -0.349070
v -0.162974 0.195051 -0.393453
v -0.160659 0.188879 -0.387865
v -0.083083 0.195051 -0.417688
v -0.081903 0.188879 -0.411756
v -0.000000 1.064517 -0.425871
v -0.000000 1.070538 -0.419820
v 0.081903 1.070538 -0.411754
v 0.083083 1.064517 -0.417688
v 0.160658 1.070538 -0.387863
v 0.162974 1.064517 -0.393453
v 0.233240 1.070538 -0.349068
v 0.236601 1.064517 -0.354098
v 0.296858 1.070538 -0.296858
v 0.301136 1.064517 -0.301136
v 0.349068 1.070538 -0.233240
v 0.354098 1.064517 -0.236601
v 0.387863 1.070538 -0.160658
v 0.393453 1.064517 -0.162974
v 0.411754 1.070538 -0.081903
v 0.417688 1.064517 -0.083083
v 0.419820 1.070538 -0.000000
v 0.425871 1.064517 -0.000000
v 0.411754 1.070538 0.081903
v 0.417688 1.064517 0.083083
v 0.387863 1.070538 0.160658
v 0.393453 1.064517 0.162974
v 0.349068 1.070538 0.233240
v 0.354098 1.064517 0.236601
v 0.296858 1.070538 0.296858
v 0.301136 1.064517 0.301136
v 0.233240 1.070538 0.349068
v 0.236601 1.064517 0.354098
v 0.160658 1.070538 0.387863
v 0.162974 1.064517 0.393453
v 0.081903 1.070538 0.411754
v 0.083083 1.064517 0.417688
v -0.000000 1.070538 0.419820
v -0.000000 1.064517 0.425871
v -0.081903 1.070538 0.411754
v -0.083083 1.064517 0.417688
v -0.160658 1.070538 0.387863
v -0.162974 1.064517 0.393453
v -0.233240 1.070538 0.349068
v -0.236601 1.064517 0.354098
v -0.296858 1.070538 0.296858
v -0.301136 1.064517 0.301136
v -0.349068 1.070538 0.233240
v -0.354099 1.064517 0.236601
v -0.387863 1.070538 0.160658
v -0.393453 1.064517 0.162974
v -0.411754 1.070538 0.081903
v -0.417688 1.064517 0.083083
v -0.419820 1.070538 -0.000000
v -0.425871 1.064517 -0.000000
v -0.411754 1.070538 -0.081903
v -0.417688 1.064517 -0.083083
v -0.387863 1.070538 -0.160658
v -0.393453 1.064517 -0.162974
v -0.349068 1.070538 -0.233240
v -0.354099 1.064517 -0.236601
v -0.296858 1.070538 -0.296858
v -0.301136 1.064517 -0.301136
v -0.233240 1.070538 -0.349068
v -0.236601 1.064517 -0.354098
v -0.160658 1.070538 -0.387863
v -0.162974 1.064517 -0.393453
v -0.081903 1.070538 -0.411754
v -0.083083 1.064517 -0.417688
v -0.000000 1.088632 -0.377132
v -0.000000 1.094214 -0.382618
v 0.074645 1.094214 -0.375266
v 0.073575 1.088632 -0.369885
v 0.146422 1.094214 -0.353493
v 0.144322 1.088632 -0.348424
v 0.212571 1.094214 -0.318135
v 0.209523 1.088632 -0.313574
v 0.270552 1.094214 -0.270552
v 0.266672 1.088632 -0.266672
v 0.318135 1.094214 -0.212571
v 0.313574 1.088632 -0.209523
v 0.353493 1.094214 -0.146422
v 0.348424 1.088632 -0.144322
v 0.375266 1.094214 -0.074645
v 0.369885 1.088632 -0.073575
v 0.382618 1.094214 -0.000000
v 0.377132 1.088632 -0.000000
v 0.375266 1.094214 0.074645
v 0.369885 1.088632 0.073575
v 0.353493 1.094214 0.146422
v 0.348424 1.088632 0.144322
v 0.318135 1.094214 0.212571
v 0.313574 1.088632 0.209523
v 0.270552 1.094214 0.270552
v 0.266672 1.088632 0.266672
v 0.212571 1.094214 0.318135
v 0.209523 1.088632 0.313574
v 0.146422 1.094214 0.353493
v 0.144322 1.088632 0.348424
v 0.074645 1.094214 0.375266
v 0.073575 1.088632 0.369885
v -0.000000 1.094214 0.382618
v -0.000000 1.088632 0.377132
v -0.074645 1.094214 0.375266
v -0.073575 1.088632 0.369885
v -0.146422 1.094214 0.353493
v -0.144322 1.088632 0.348424
v -0.212571 1.094214 0.318135
v -0.209523 1.088632 0.313574
v -0.270552 1.094214 0.270552
v -0.266672 1.088632 0.266672
v -0.318135 1.094214 0.212571
v -0.313574 1.088632 0.209523
v -0.353493 1.094214 0.146422
v -0.348424 1.088632 0.144322
v -0.375266 1.094214 0.074645
v -0.369885 1.088632 0.073575
v -0.382618 1.094214 -0.000000
v -0.377132 1.088632 -0.000000
v -0.375266 1.094214 -0.074645
v -0.369885 1.088632 -0.073575
v -0.353493 1.094214 -0.146422
v -0.348424 1.088632 -0.144322
v -0.318135 1.094214 -0.212571
v -0.313574 1.088632 -0.209523
v -0.270552 1.094214 -0.270552
v -0.266672 1.088632 -0.266672
v -0.212571 1.094214 -0.318135
v -0.209523 1.088632 -0.313574
v -0.146422 1.094214 -0.353493
v -0.144322 1.088632 -0.348424
v -0.074645 1.094214 -0.375266
v -0.073575 1.088632 -0.369885
v -0.081903 0.228225 -0.411754
v -0.083083 0.222158 -0.417688
v -0.083083 1.037409 -0.417688
v -0.081903 1.031342 -0.411754
v -0.000000 1.031341 -0.419821
v -0.000000 1.037409 -0.425871
v -0.000000 0.222158 -0.425871
v -0.000000 0.228225 -0.419821
v -0.160658 0.228225 0.387864
v -0.162974 0.222158 0.393453
v -0.162974 1.037409 0.393453
v -0.160658 1.031342 0.387864
v -0.233240 1.031341 0.349068
v -0.236601 1.037409 0.354098
v -0.236601 0.222158 0.354098
v -0.233240 0.228225 0.349068
v 0.349068 0.228225 -0.233240
v 0.354098 0.222158 -0.236601
v 0.354098 1.037409 -0.236601
v 0.349068 1.031342 -0.233240
v 0.387864 1.031341 -0.160658
v 0.393453 1.037409 -0.162974
v 0.393453 0.222158 -0.162974
v 0.387864 0.228225 -0.160658
v -0.296858 1.031341 0.296858
v -0.301136 1.037409 0.301136
v -0.301136 0.222158 0.301136
v -0.296858 0.228225 0.296858
v 0.411754 1.031341 -0.081903
v 0.417688 1.037409 -0.083083
v 0.417688 0.222158 -0.083083
v 0.411754 0.228225 -0.081903
v -0.349068 1.031341 0.233240
v -0.354099 1.037409 0.236601
v -0.354098 0.222158 0.236601
v -0.349068 0.228225 0.233240
v 0.419821 1.031341 -0.000000
v 0.425871 1.037409 -0.000000
v 0.425871 0.222158 -0.000000
v 0.419821 0.228225 -0.000000
v -0.387864 1.031341 0.160658
v -0.393453 1.037409 0.162974
v -0.393453 0.222158 0.162974
v -0.387864 0.228225 0.160658
v 0.411754 1.031341 0.081903
v 0.417688 1.037409 0.083083
v 0.417688 0.222158 0.083083
v 0.411754 0.228225 0.081903
v -0.411754 1.031341 0.081903
v -0.417688 1.037409 0.083083
v -0.417688 0.222158 0.083083
v -0.411754 0.228225 0.081903
v 0.387864 1.031341 0.160658
v 0.393453 1.037409 0.162974
v 0.393453 0.222158 0.162974
v 0.387864 0.228225 0.160658
v -0.419821 1.031341 -0.000000
v -0.425871 1.037409 -0.000000
v -0.425871 0.222158 -0.000000
v -0.419821 0.228225 -0.000000
v 0.349068 1.031341 0.233240
v 0.354098 1.037409 0.236601
v 0.354098 0.222158 0.236601
v 0.349068 0.228225 0.233240
v -0.411754 1.031341 -0.081903
v -0.417688 1.037409 -0.083083
v -0.417688 0.222158 -0.083083
v -0.411754 0.228225 -0.081903
v 0.296858 1.031341 0.296858
v 0.301136 1.037409 0.301136
v 0.301136 0.222158 0.301136
v 0.296858 0.228225 0.296858
v -0.387864 1.031341 -0.160658
v -0.393453 1.037409 -0.162974
v -0.393453 0.222158 -0.162974
v -0.387864 0.228225 -0.160658
v 0.233240 1.031341 0.349068
v 0.236601 1.037409 0.354098
v 0.236601 0.222158 0.354098
v 0.233240 0.228225 0.349068
v -0.349068 1.031341 -0.233240
v -0.354099 1.037409 -0.236601
v -0.354098 0.222158 -0.236601
v -0.349068 0.228225 -0.233240
v 0.160658 1.031341 0.387864
v 0.162974 1.037409 0.393453
v 0.162974 0.222158 0.393453
v 0.160658 0.228225 0.387864
v 0.081903 1.031341 -0.411754
v 0.083083 1.037409 -0.417688
v 0.083083 0.222158 -0.417688
v 0.081903 0.228225 -0.411754
v -0.296858 1.031341 -0.296858
v -0.301136 1.037409 -0.301136
v -0.301136 0.222158 -0.301136
v -0.296858 0.228225 -0.296858
v 0.081903 1.031341 0.411754
v 0.083083 1.037409 0.417688
v 0.083083 0.222158 0.417688
v 0.081903 0.228225 0.411754
v 0.160658 1.031341 -0.387864
v 0.162974 1.037409 -0.393453
v 0.162974 0.222158 -0.393453
v 0.160658 0.228225 -0.387864
v -0.233240 1.031341 -0.349068
v -0.236601 1.037409 -0.354098
v -0.236601 0.222158 -0.354098
v -0.233240 0.228225 -0.349068
v -0.000000 1.031341 0.419821
v -0.000000 1.037409 0.425871
v -0.000000 0.222158 0.425871
v -0.000000 0.228225 0.419821
v 0.233240 1.031341 -0.349068
v 0.236601 1.037409 -0.354098
v 0.236601 0.222158 -0.354098
v 0.233240 0.228225 -0.349068
v -0.160658 1.031341 -0.387864
v -0.162974 1.037409 -0.393453
v -0.162974 0.222158 -0.393453
v -0.160658 0.228225 -0.387864
v -0.081903 1.031341 0.411754
v -0.083083 1.037409 0.417688
v -0.083083 0.222158 0.417688
v -0.081903 0.228225 0.411754
v 0.296858 1.031341 -0.296858
v 0.301136 1.037409 -0.301136
v 0.301136 0.222158 -0.301136
v 0.296858 0.228225 -0.296858
v -0.079251 0.431115 -0.398331
v -0.079251 0.814643 -0.398331
v 0.398331 0.814643 -0.079251
v 0.398331 0.431115 -0.079251
v 0.398331 0.814643 0.079251
v 0.398331 0.431115 0.079251
v -0.398331 0.814643 0.079251
v -0.398331 0.431115 0.079251
v -0.398331 0.814643 -0.079251
v -0.398331 0.431115 -0.079251
v 0.079251 0.814643 -0.398331
v 0.079251 0.431115 -0.398331
v 0.079251 0.814643 0.398331
v 0.079251 0.431115 0.398331
v -0.079251 0.814643 0.398331
v -0.079251 0.431115 0.398331
v 0.000000 0.472469 -0.406138
v -0.000000 0.773289 -0.406138
v 0.406139 0.472469 -0.000000
v 0.406138 0.773289 -0.000000
v -0.406139 0.472469 -0.000000
v -0.406139 0.773289 -0.000000
v -0.000000 0.472469 0.406138
v -0.000000 0.773289 0.406138
v -0.000000 0.773289 -0.396414
v 0.000000 0.472469 -0.396414
v 0.396414 0.773289 0.000000
v 0.396414 0.472469 0.000000
v -0.396414 0.773289 -0.000000
v -0.396414 0.472469 -0.000000
v -0.000000 0.773289 0.396414
v -0.000000 0.472469 0.396414
v -0.037143 0.472469 -0.392707
v -0.037143 0.773290 -0.392707
v 0.392707 0.773289 -0.037143
v 0.392707 0.472468 -0.037143
v 0.392707 0.773289 0.037143
v 0.392707 0.472469 0.037143
v -0.392707 0.773289 0.037143
v -0.392707 0.472468 0.037143
v -0.392707 0.773289 -0.037143
v -0.392707 0.472469 -0.037143
v 0.037143 0.773289 -0.392707
v 0.037143 0.472468 -0.392707
v 0.037143 0.773289 0.392707
v 0.037143 0.472469 0.392707
v -0.037143 0.773289 0.392707
v -0.037143 0.472468 0.392707
v -0.000000 1.282787 -0.249483
v 0.048672 1.282787 -0.244689
v 0.095473 1.282787 -0.230492
v 0.138605 1.282787 -0.207438
v 0.176411 1.282787 -0.176411
v 0.207438 1.282787 -0.138605
v 0.230492 1.282787 -0.095473
v 0.244689 1.282787 -0.048672
v 0.249483 1.282787 -0.000000
v 0.244689 1.282787 0.048672
v 0.230492 1.282787 0.095473
v 0.207438 1.282787 0.138605
v 0.176411 1.282787 0.176411
v 0.138605 1.282787 0.207438
v 0.095473 1.282787 0.230492
v 0.048672 1.282787 0.244689
v 0.000000 1.282787 0.249483
v -0.048672 1.282787 0.244689
v -0.095473 1.282787 0.230492
v -0.138605 1.282787 0.207438
v -0.176411 1.282787 0.176411
v -0.207438 1.282787 0.138605
v -0.230492 1.282787 0.095473
v -0.244689 1.282787 0.048672
v -0.249483 1.282787 -0.000000
v -0.244689 1.282787 -0.048672
v -0.230492 1.282787 -0.095473
v -0.207438 1.282787 -0.138605
v -0.176411 1.282787 -0.176411
v -0.138605 1.282787 -0.207438
v -0.095473 1.282787 -0.230492
v -0.048672 1.282787 -0.244689
v -0.000000 1.270405 -0.207219
v 0.040426 1.270405 -0.203237
v 0.079299 1.270405 -0.191445
v 0.115125 1.270405 -0.172296
v 0.146526 1.270405 -0.146526
v 0.172296 1.270405 -0.115125
v 0.191445 1.270405 -0.079299
v 0.203237 1.270405 -0.040426
v 0.207219 1.270405 -0.000000
v 0.203237 1.270405 0.040426
v 0.191445 1.270405 0.079299
v 0.172296 1.270405 0.115125
v 0.146526 1.270405 0.146526
v 0.115125 1.270405 0.172296
v 0.079299 1.270405 0.191445
v 0.040426 1.270405 0.203237
v 0.000000 1.270405 0.207219
v -0.040426 1.270405 0.203237
v -0.079299 1.270405 0.191445
v -0.115125 1.270405 0.172296
v -0.146526 1.270405 0.146526
v -0.172296 1.270405 0.115125
v -0.191445 1.270405 0.079299
v -0.203237 1.270405 0.040426
v -0.207219 1.270405 -0.000000
v -0.203237 1.270405 -0.040426
v -0.191445 1.270405 -0.079299
v -0.172296 1.270405 -0.115125
v -0.146526 1.270405 -0.146526
v -0.115125 1.270405 -0.172296
v -0.079299 1.270405 -0.191445
v -0.040426 1.270405 -0.203237
v -0.000000 1.270405 -0.213068
v 0.041567 1.270405 -0.208974
v 0.081538 1.270405 -0.196849
v 0.118374 1.270405 -0.177160
v 0.150662 1.270405 -0.150662
v 0.177159 1.270405 -0.118374
v 0.196849 1.270405 -0.081538
v 0.208974 1.270405 -0.041567
v 0.213068 1.270405 -0.000000
v 0.208974 1.270405 0.041567
v 0.196849 1.270405 0.081538
v 0.177159 1.270405 0.118374
v 0.150662 1.270405 0.150662
v 0.118374 1.270405 0.177159
v 0.081538 1.270405 0.196849
v 0.041567 1.270405 0.208974
v 0.000000 1.270405 0.213068
v -0.041567 1.270405 0.208974
v -0.081538 1.270405 0.196849
v -0.118374 1.270405 0.177160
v -0.150662 1.270405 0.150662
v -0.177160 1.270405 0.118374
v -0.196849 1.270405 0.081538
v -0.208974 1.270405 0.041567
v -0.213068 1.270405 -0.000000
v -0.208974 1.270405 -0.041568
v -0.196849 1.270405 -0.081538
v -0.177160 1.270405 -0.118374
v -0.150662 1.270405 -0.150662
v -0.118374 1.270405 -0.177159
v -0.081538 1.270405 -0.196849
v -0.041568 1.270405 -0.208974
v -0.000000 1.262203 -0.207219
v 0.040426 1.262203 -0.203237
v 0.079299 1.262203 -0.191445
v 0.115125 1.262203 -0.172296
v 0.146526 1.262203 -0.146526
v 0.172296 1.262203 -0.115125
v 0.191445 1.262203 -0.079299
v 0.203237 1.262203 -0.040426
v 0.207219 1.262203 -0.000000
v 0.203237 1.262203 0.040426
v 0.191445 1.262203 0.079299
v 0.172296 1.262203 0.115125
v 0.146526 1.262203 0.146526
v 0.115125 1.262203 0.172296
v 0.079299 1.262203 0.191445
v 0.040426 1.262203 0.203237
v 0.000000 1.262203 0.207219
v -0.040426 1.262203 0.203237
v -0.079299 1.262203 0.191445
v -0.115125 1.262203 0.172296
v -0.146526 1.262203 0.146526
v -0.172296 1.262203 0.115125
v -0.191445 1.262203 0.079299
v -0.203237 1.262203 0.040426
v -0.207219 1.262203 -0.000000
v -0.203237 1.262203 -0.040426
v -0.191445 1.262203 -0.079299
v -0.172296 1.262203 -0.115125
v -0.146526 1.262203 -0.146526
v -0.115125 1.262203 -0.172296
v -0.079299 1.262203 -0.191445
v -0.040426 1.262203 -0.203237
vn -0.1420 -0.6857 -0.7139
vn -0.1694 0.4958 -0.8517
vn -0.0000 0.4958 -0.8684
vn -0.0000 -0.6857 -0.7279
vn 0.2785 -0.6857 -0.6725
vn 0.3323 0.4958 -0.8023
vn 0.4825 0.4958 -0.7221
vn 0.4044 -0.6857 -0.6052
vn 0.6141 0.4958 -0.6141
vn 0.5147 -0.6857 -0.5147
vn 0.7221 0.4958 -0.4825
vn 0.6052 -0.6857 -0.4044
vn 0.8023 0.4958 -0.3323
vn 0.6725 -0.6857 -0.2785
vn 0.8517 0.4958 -0.1694
vn 0.7139 -0.6857 -0.1420
vn 0.8684 0.4958 -0.0000
vn 0.7279 -0.6857 -0.0000
vn 0.8517 0.4958 0.1694
vn 0.7139 -0.6857 0.1420
vn 0.8023 0.4958 0.3323
vn 0.6725 -0.6857 0.2785
vn 0.7221 0.4958 0.4825
vn 0.6052 -0.6857 0.4044
vn 0.6141 0.4958 0.6141
vn 0.5147 -0.6857 0.5147
vn 0.4825 0.4958 0.7221
vn 0.4044 -0.6857 0.6052
vn 0.3323 0.4958 0.8023
vn 0.2785 -0.6857 0.6725
vn 0.1694 0.4958 0.8517
vn 0.1420 -0.6857 0.7139
vn -0.0000 0.4958 0.8684
vn -0.0000 -0.6857 0.7279
vn -0.1694 0.4958 0.8517
vn -0.1420 -0.6857 0.7139
vn -0.3323 0.4958 0.8023
vn -0.2785 -0.6857 0.6725
vn -0.4825 0.4958 0.7221
vn -0.4044 -0.6857 0.6052
vn -0.6141 0.4958 0.6141
vn -0.5147 -0.6857 0.5147
vn -0.7221 0.4958 0.4825
vn -0.6052 -0.6857 0.4044
vn -0.8023 0.4958 0.3323
vn -0.6725 -0.6857 0.2785
vn -0.8517 0.4958 0.1694
vn -0.7139 -0.6857 0.1420
vn -0.8684 0.4958 -0.0000
vn -0.7279 -0.6857 -0.0000
vn -0.8517 0.4958 -0.1694
vn -0.7139 -0.6857 -0.1420
vn -0.8023 0.4958 -0.3323
vn -0.6725 -0.6857 -0.2785
vn -0.7221 0.4958 -0.4825
vn -0.6052 -0.6857 -0.4044
vn -0.6141 0.4958 -0.6141
vn -0.5147 -0.6857 -0.5147
vn -0.4825 0.4958 -0.7221
vn -0.4044 -0.6857 -0.6052
vn -0.3323 0.4958 -0.8023
vn -0.2785 -0.6857 -0.6725
vn 0.1694 0.4958 -0.8517
vn 0.1420 -0.6857 -0.7139
vn -0.0000 0.8766 -0.4813
vn 0.0939 0.8766 -0.4720
vn 0.1842 0.8766 -0.4446
vn 0.2674 0.8766 -0.4002
vn 0.3403 0.8766 -0.3403
vn 0.4002 0.8766 -0.2674
vn 0.4446 0.8766 -0.1842
vn 0.4720 0.8766 -0.0939
vn 0.4813 0.8766 -0.0000
vn 0.4720 0.8766 0.0939
vn 0.4446 0.8766 0.1842
vn 0.4002 0.8766 0.2674
vn 0.3403 0.8766 0.3403
vn 0.2674 0.8766 0.4002
vn 0.1842 0.8766 0.4446
vn 0.0939 0.8766 0.4720
vn -0.0000 0.8766 0.4813
vn -0.0939 0.8766 0.4720
vn -0.1842 0.8766 0.4446
vn -0.2674 0.8766 0.4002
vn -0.3403 0.8766 0.3403
vn -0.4002 0.8766 0.2674
vn -0.4446 0.8766 0.1842
vn -0.4720 0.8766 0.0939
vn -0.4813 0.8766 -0.0000
vn -0.4720 0.8766 -0.0939
vn -0.4446 0.8766 -0.1842
vn -0.4002 0.8766 -0.2674
vn -0.3403 0.8766 -0.3403
vn -0.2674 0.8766 -0.4002
vn -0.1842 0.8766 -0.4446
vn -0.0939 0.8766 -0.4720
vn -0.0980 -0.0000 0.9952
vn -0.0000 1.0000 -0.0000
vn -0.0368 -0.9983 0.0448
vn 0.6344 -0.0000 -0.7730
vn -0.2903 -0.0000 -0.9569
vn -0.2903 -0.0000 0.9569
vn 0.7730 -0.0000 -0.6344
vn -0.0980 -0.0000 -0.9952
vn -0.4714 -0.0000 0.8819
vn 0.8819 -0.0000 -0.4714
vn -0.6344 -0.0000 0.7730
vn 0.9569 -0.0000 -0.2903
vn -0.7730 -0.0000 0.6344
vn 0.9952 -0.0000 -0.0980
vn -0.8819 -0.0000 0.4714
vn 0.9952 -0.0000 0.0980
vn -0.9569 -0.0000 0.2903
vn 0.9569 -0.0000 0.2903
vn -0.9952 -0.0000 0.0980
vn 0.8819 -0.0000 0.4714
vn -0.9952 -0.0000 -0.0980
vn 0.7730 -0.0000 0.6344
vn -0.9569 -0.0000 -0.2903
vn 0.6344 -0.0000 0.7730
vn -0.8819 -0.0000 -0.4714
vn 0.4714 -0.0000 0.8819
vn 0.0980 -0.0000 -0.9952
vn -0.7730 -0.0000 -0.6344
vn 0.2903 -0.0000 0.9569
vn 0.2903 -0.0000 -0.9569
vn -0.6344 -0.0000 -0.7730
vn 0.0980 -0.0000 0.9952
vn 0.4714 -0.0000 -0.8819
vn -0.4714 -0.0000 -0.8819
vn 0.0555 -0.9983 -0.0168
vn -0.0448 -0.9983 0.0368
vn 0.0577 -0.9983 -0.0057
vn -0.0511 -0.9983 0.0273
vn 0.0577 -0.9983 0.0057
vn -0.0555 -0.9983 0.0168
vn 0.0555 -0.9983 0.0168
vn -0.0577 -0.9983 0.0057
vn 0.0511 -0.9983 0.0273
vn -0.0577 -0.9983 -0.0057
vn 0.0448 -0.9983 0.0368
vn -0.0555 -0.9983 -0.0168
vn 0.0368 -0.9983 0.0448
vn -0.0511 -0.9983 -0.0273
vn 0.0273 -0.9983 0.0511
vn 0.0057 -0.9983 -0.0577
vn -0.0448 -0.9983 -0.0368
vn 0.0168 -0.9983 0.0555
vn 0.0168 -0.9983 -0.0555
vn -0.0368 -0.9983 -0.0448
vn 0.0057 -0.9983 0.0577
vn 0.0273 -0.9983 -0.0511
vn -0.0273 -0.9983 -0.0511
vn -0.0057 -0.9983 0.0577
vn 0.0368 -0.9983 -0.0448
vn -0.0168 -0.9983 -0.0555
vn -0.0168 -0.9983 0.0555
vn 0.0448 -0.9983 -0.0368
vn -0.0057 -0.9983 -0.0577
vn -0.0273 -0.9983 0.0511
vn 0.0511 -0.9983 -0.0273
vn 0.1812 -0.3700 -0.9112
vn -0.0000 -0.3700 -0.9290
vn -0.0000 0.3739 -0.9275
vn 0.1809 0.3739 -0.9097
vn 0.1951 -0.0000 -0.9808
vn -0.0000 -0.0000 -1.0000
vn -0.0000 0.3756 -0.9268
vn 0.1808 0.3756 -0.9090
vn 0.3827 -0.0000 -0.9239
vn 0.3547 0.3756 -0.8562
vn 0.5556 -0.0000 -0.8315
vn 0.5149 0.3756 -0.7706
vn 0.7071 -0.0000 -0.7071
vn 0.6553 0.3756 -0.6553
vn 0.8315 -0.0000 -0.5556
vn 0.7706 0.3756 -0.5149
vn 0.9239 -0.0000 -0.3827
vn 0.8562 0.3756 -0.3547
vn 0.9808 -0.0000 -0.1951
vn 0.9090 0.3756 -0.1808
vn 1.0000 -0.0000 -0.0000
vn 0.9268 0.3756 -0.0000
vn 0.9808 -0.0000 0.1951
vn 0.9090 0.3756 0.1808
vn 0.9239 -0.0000 0.3827
vn 0.8562 0.3756 0.3547
vn 0.8315 -0.0000 0.5556
vn 0.7706 0.3756 0.5149
vn 0.7071 -0.0000 0.7071
vn 0.6553 0.3756 0.6553
vn 0.5556 -0.0000 0.8315
vn 0.5149 0.3756 0.7706
vn 0.3827 -0.0000 0.9239
vn 0.3547 0.3756 0.8562
vn 0.1951 -0.0000 0.9808
vn 0.1808 0.3756 0.9090
vn -0.0000 -0.0000 1.0000
vn -0.0000 0.3756 0.9268
vn -0.1951 -0.0000 0.9808
vn -0.1808 0.3756 0.9090
vn -0.3827 -0.0000 0.9239
vn -0.3547 0.3756 0.8562
vn -0.5556 -0.0000 0.8315
vn -0.5149 0.3756 0.7706
vn -0.7071 -0.0000 0.7071
vn -0.6553 0.3756 0.6553
vn -0.8315 -0.0000 0.5556
vn -0.7706 0.3756 0.5149
vn -0.9239 -0.0000 0.3827
vn -0.8562 0.3756 0.3547
vn -0.9808 -0.0000 0.1951
vn -0.9090 0.3756 0.1808
vn -1.0000 -0.0000 -0.0000
vn -0.9268 0.3756 -0.0000
vn -0.9808 -0.0000 -0.1951
vn -0.9090 0.3756 -0.1808
vn -0.9239 -0.0000 -0.3827
vn -0.8562 0.3756 -0.3547
vn -0.8315 -0.0000 -0.5556
vn -0.7706 0.3756 -0.5149
vn -0.7071 -0.0000 -0.7071
vn -0.6553 0.3756 -0.6553
vn -0.5556 -0.0000 -0.8315
vn -0.5149 0.3756 -0.7706
vn -0.3827 -0.0000 -0.9239
vn -0.3547 0.3756 -0.8562
vn -0.1951 -0.0000 -0.9808
vn -0.1808 0.3756 -0.9090
vn -0.3555 -0.3700 -0.8583
vn -0.5161 -0.3700 -0.7725
vn -0.5153 0.3739 -0.7712
vn -0.3549 0.3739 -0.8569
vn 0.1809 -0.3739 -0.9097
vn -0.0000 -0.3739 -0.9275
vn -0.1812 -0.3700 0.9112
vn -0.0000 -0.3700 0.9290
vn -0.0000 0.3739 0.9275
vn -0.1809 0.3739 0.9097
vn 0.6569 -0.3700 -0.6569
vn 0.5161 -0.3700 -0.7725
vn 0.5153 0.3739 -0.7712
vn 0.6558 0.3739 -0.6558
vn -0.1812 -0.3700 -0.9112
vn -0.1809 0.3739 -0.9097
vn -0.3555 -0.3700 0.8583
vn -0.3549 0.3739 0.8569
vn 0.7725 -0.3700 -0.5161
vn 0.7712 0.3739 -0.5153
vn -0.5161 -0.3700 0.7725
vn -0.5153 0.3739 0.7712
vn 0.8583 -0.3700 -0.3555
vn 0.8569 0.3739 -0.3549
vn 0.3555 -0.3700 -0.8583
vn 0.3549 0.3739 -0.8569
vn -0.6569 -0.3700 0.6569
vn -0.6558 0.3739 0.6558
vn 0.9112 -0.3700 -0.1812
vn 0.9097 0.3739 -0.1809
vn -0.7725 -0.3700 0.5161
vn -0.7712 0.3739 0.5153
vn 0.9290 -0.3700 -0.0000
vn 0.9275 0.3739 -0.0000
vn -0.8583 -0.3700 0.3555
vn -0.8569 0.3739 0.3549
vn 0.9112 -0.3700 0.1812
vn 0.9097 0.3739 0.1809
vn -0.9112 -0.3700 0.1812
vn -0.9097 0.3739 0.1809
vn 0.8583 -0.3700 0.3555
vn 0.8569 0.3739 0.3549
vn -0.9290 -0.3700 -0.0000
vn -0.9275 0.3739 -0.0000
vn 0.7725 -0.3700 0.5161
vn 0.7712 0.3739 0.5153
vn -0.9112 -0.3700 -0.1812
vn -0.9097 0.3739 -0.1809
vn 0.6569 -0.3700 0.6569
vn 0.6558 0.3739 0.6558
vn -0.8583 -0.3700 -0.3555
vn -0.8569 0.3739 -0.3549
vn 0.5161 -0.3700 0.7725
vn 0.5153 0.3739 0.7712
vn -0.7725 -0.3700 -0.5161
vn -0.7712 0.3739 -0.5153
vn 0.3555 -0.3700 0.8583
vn 0.3549 0.3739 0.8569
vn -0.6569 -0.3700 -0.6569
vn -0.6558 0.3739 -0.6558
vn 0.1812 -0.3700 0.9112
vn 0.1809 0.3739 0.9097
vn -0.3686 0.8964 -0.2463
vn -0.4096 0.8964 -0.1696
vn 0.1812 -0.3707 -0.9109
vn -0.0000 -0.3707 -0.9288
vn -0.0000 0.4883 -0.8727
vn 0.1702 0.4883 -0.8559
vn -0.1809 -0.3739 -0.9097
vn 0.3549 -0.3739 -0.8569
vn 0.5153 -0.3739 -0.7712
vn 0.6558 -0.3739 -0.6558
vn 0.7712 -0.3739 -0.5153
vn 0.8569 -0.3739 -0.3549
vn 0.9097 -0.3739 -0.1809
vn 0.9275 -0.3739 -0.0000
vn 0.9097 -0.3739 0.1809
vn 0.8569 -0.3739 0.3549
vn 0.7712 -0.3738 0.5153
vn 0.6558 -0.3738 0.6558
vn 0.5153 -0.3739 0.7712
vn 0.3549 -0.3739 0.8569
vn 0.1809 -0.3739 0.9097
vn -0.0000 -0.3739 0.9275
vn -0.1809 -0.3739 0.9097
vn -0.3549 -0.3739 0.8569
vn -0.5153 -0.3739 0.7712
vn -0.6558 -0.3738 0.6558
vn -0.7712 -0.3738 0.5153
vn -0.8569 -0.3739 0.3549
vn -0.9097 -0.3739 0.1809
vn -0.9275 -0.3739 -0.0000
vn -0.9097 -0.3739 -0.1809
vn -0.8569 -0.3739 -0.3549
vn -0.7712 -0.3738 -0.5153
vn -0.6558 -0.3738 -0.6558
vn -0.5153 -0.3739 -0.7712
vn -0.3549 -0.3739 -0.8569
vn 0.6567 -0.3707 -0.6567
vn 0.5160 -0.3706 -0.7722
vn 0.4848 0.4883 -0.7256
vn 0.6171 0.4883 -0.6171
vn 0.1696 0.8964 0.4096
vn 0.2463 0.8964 0.3686
vn 0.0865 0.8964 -0.4348
vn -0.0000 0.8964 -0.4433
vn -0.3135 0.8964 -0.3135
vn 0.0865 0.8964 0.4348
vn 0.1696 0.8964 -0.4096
vn -0.2463 0.8964 -0.3686
vn -0.0000 0.8964 0.4433
vn 0.2463 0.8964 -0.3686
vn -0.1696 0.8964 -0.4096
vn -0.0865 0.8964 0.4348
vn 0.3135 0.8964 -0.3135
vn -0.0865 0.8964 -0.4348
vn -0.1696 0.8964 0.4096
vn 0.3686 0.8964 -0.2463
vn -0.2463 0.8964 0.3686
vn 0.4096 0.8964 -0.1696
vn -0.3135 0.8964 0.3135
vn 0.4348 0.8964 -0.0865
vn -0.3686 0.8964 0.2463
vn 0.4433 0.8964 -0.0000
vn -0.4096 0.8964 0.1696
vn 0.4348 0.8964 0.0865
vn -0.4348 0.8964 0.0865
vn 0.4096 0.8964 0.1696
vn -0.4433 0.8964 -0.0000
vn 0.3686 0.8964 0.2463
vn -0.4348 0.8964 -0.0865
vn 0.3135 0.8964 0.3135
vn 0.9109 -0.3707 -0.1812
vn 0.8581 -0.3707 -0.3554
vn 0.8062 0.4883 -0.3340
vn 0.8559 0.4883 -0.1702
vn -0.1812 -0.3707 -0.9109
vn -0.3554 -0.3707 -0.8581
vn -0.3340 0.4883 -0.8062
vn -0.1702 0.4883 -0.8559
vn -0.3554 -0.3707 0.8581
vn -0.1812 -0.3707 0.9109
vn -0.1702 0.4883 0.8559
vn -0.3340 0.4883 0.8062
vn 0.7722 -0.3707 -0.5160
vn 0.7256 0.4883 -0.4848
vn -0.0022 1.0000 -0.0073
vn -0.5160 -0.3707 0.7722
vn -0.4848 0.4883 0.7256
vn 0.0195 -0.9998 -0.0104
vn 0.3554 -0.3707 -0.8581
vn 0.3340 0.4883 -0.8062
vn -0.6567 -0.3707 0.6567
vn -0.6171 0.4883 0.6171
vn -0.7722 -0.3707 0.5160
vn -0.7256 0.4883 0.4848
vn 0.9288 -0.3707 -0.0000
vn 0.8727 0.4883 -0.0000
vn -0.8581 -0.3707 0.3554
vn -0.8062 0.4883 0.3340
vn 0.9109 -0.3707 0.1812
vn 0.8559 0.4883 0.1702
vn -0.9109 -0.3707 0.1812
vn -0.8559 0.4883 0.1702
vn 0.8581 -0.3707 0.3554
vn 0.8062 0.4883 0.3340
vn -0.9288 -0.3707 -0.0000
vn -0.8727 0.4883 -0.0000
vn 0.7722 -0.3707 0.5160
vn 0.7256 0.4883 0.4848
vn -0.9109 -0.3707 -0.1812
vn -0.8559 0.4883 -0.1702
vn 0.6567 -0.3707 0.6567
vn 0.6171 0.4883 0.6171
vn -0.8581 -0.3707 -0.3554
vn -0.8062 0.4883 -0.3340
vn 0.5160 -0.3707 0.7722
vn 0.4848 0.4883 0.7256
vn -0.7722 -0.3706 -0.5160
vn -0.7256 0.4883 -0.4848
vn 0.3554 -0.3707 0.8581
vn 0.3340 0.4883 0.8062
vn -0.6567 -0.3706 -0.6567
vn -0.6171 0.4883 -0.6171
vn 0.1812 -0.3707 0.9109
vn 0.1702 0.4883 0.8559
vn -0.5160 -0.3706 -0.7722
vn -0.4848 0.4883 -0.7256
vn -0.0000 -0.3707 0.9288
vn -0.0000 0.4883 0.8727
vn 0.4971 0.8677 -0.0000
vn 0.4876 0.8677 0.0970
vn -0.0140 -0.9998 0.0171
vn 0.0212 -0.9998 -0.0064
vn -0.0171 -0.9998 0.0140
vn 0.0220 -0.9998 -0.0022
vn -0.0195 -0.9998 0.0104
vn 0.0220 -0.9998 0.0022
vn -0.0212 -0.9998 0.0064
vn 0.0212 -0.9998 0.0064
vn -0.0220 -0.9998 0.0022
vn 0.0195 -0.9998 0.0104
vn -0.0220 -0.9998 -0.0022
vn 0.0171 -0.9998 0.0140
vn -0.0212 -0.9998 -0.0064
vn 0.0140 -0.9998 0.0171
vn -0.0195 -0.9998 -0.0104
vn 0.0104 -0.9998 0.0195
vn 0.0022 -0.9998 -0.0220
vn -0.0171 -0.9998 -0.0140
vn 0.0064 -0.9998 0.0212
vn 0.0064 -0.9998 -0.0212
vn -0.0140 -0.9998 -0.0171
vn 0.0022 -0.9998 0.0220
vn 0.0104 -0.9998 -0.0195
vn -0.0104 -0.9998 -0.0195
vn -0.0022 -0.9998 0.0220
vn 0.0140 -0.9998 -0.0171
vn -0.0064 -0.9998 -0.0212
vn -0.0064 -0.9998 0.0212
vn 0.0171 -0.9998 -0.0140
vn -0.0022 -0.9998 -0.0220
vn -0.0104 -0.9998 0.0195
vn 0.6330 -0.7639 -0.1259
vn 0.5963 -0.7639 -0.2470
vn -0.4593 0.8677 0.1902
vn -0.4876 0.8677 0.0970
vn 0.4593 0.8677 0.1902
vn -0.4971 0.8677 -0.0000
vn 0.4133 0.8677 0.2762
vn -0.4876 0.8677 -0.0970
vn 0.3515 0.8677 0.3515
vn -0.4593 0.8677 -0.1902
vn 0.2762 0.8677 0.4133
vn -0.4133 0.8677 -0.2762
vn 0.1902 0.8677 0.4593
vn -0.0000 0.8677 -0.4971
vn 0.0970 0.8677 -0.4876
vn -0.3515 0.8677 -0.3515
vn 0.0970 0.8677 0.4876
vn 0.1902 0.8677 -0.4593
vn -0.2762 0.8677 -0.4133
vn -0.0000 0.8677 0.4971
vn 0.2762 0.8677 -0.4133
vn -0.1902 0.8677 -0.4593
vn -0.0970 0.8677 0.4876
vn 0.3515 0.8677 -0.3515
vn -0.0970 0.8677 -0.4876
vn -0.1902 0.8677 0.4593
vn 0.4133 0.8677 -0.2762
vn -0.2762 0.8677 0.4133
vn 0.4593 0.8677 -0.1902
vn -0.3515 0.8677 0.3515
vn 0.4876 0.8677 -0.0970
vn -0.4133 0.8677 0.2762
vn -0.5963 -0.7639 -0.2470
vn -0.6330 -0.7639 -0.1259
vn 0.6454 -0.7639 -0.0000
vn -0.5366 -0.7639 -0.3586
vn 0.6330 -0.7639 0.1259
vn -0.4564 -0.7639 -0.4564
vn 0.5963 -0.7639 0.2470
vn -0.3586 -0.7639 -0.5366
vn 0.5366 -0.7639 0.3586
vn -0.2470 -0.7639 -0.5963
vn -0.1259 -0.7639 0.6330
vn -0.0000 -0.7639 0.6454
vn 0.4564 -0.7639 0.4564
vn -0.1259 -0.7639 -0.6330
vn -0.2470 -0.7639 0.5963
vn 0.3586 -0.7639 0.5366
vn -0.0000 -0.7639 -0.6454
vn -0.3586 -0.7639 0.5366
vn 0.2470 -0.7639 0.5963
vn 0.1259 -0.7639 -0.6330
vn -0.4564 -0.7639 0.4564
vn 0.1259 -0.7639 0.6330
vn 0.2470 -0.7639 -0.5963
vn -0.5366 -0.7639 0.3586
vn 0.3586 -0.7639 -0.5366
vn -0.5963 -0.7639 0.2470
vn 0.4564 -0.7639 -0.4564
vn -0.6330 -0.7639 0.1259
vn 0.5366 -0.7639 -0.3586
vn -0.6454 -0.7639 -0.0000
vn -0.0000 0.7088 -0.7054
vn 0.1376 0.7088 -0.6918
vn 0.2699 0.7088 -0.6517
vn 0.3919 0.7088 -0.5865
vn 0.4988 0.7088 -0.4988
vn 0.5865 0.7088 -0.3919
vn 0.6517 0.7088 -0.2699
vn 0.6918 0.7088 -0.1376
vn 0.7054 0.7088 -0.0000
vn 0.6918 0.7088 0.1376
vn 0.6517 0.7088 0.2699
vn 0.5865 0.7088 0.3919
vn 0.4988 0.7088 0.4988
vn 0.3919 0.7088 0.5865
vn 0.2699 0.7088 0.6517
vn 0.1376 0.7088 0.6918
vn -0.0000 0.7088 0.7054
vn -0.1376 0.7088 0.6918
vn -0.2699 0.7088 0.6517
vn -0.3919 0.7088 0.5865
vn -0.4988 0.7088 0.4988
vn -0.5865 0.7088 0.3919
vn -0.6517 0.7088 0.2699
vn -0.6918 0.7088 0.1376
vn -0.7054 0.7088 -0.0000
vn -0.6918 0.7088 -0.1376
vn -0.6517 0.7088 -0.2699
vn -0.5865 0.7088 -0.3919
vn -0.4988 0.7088 -0.4988
vn -0.3919 0.7088 -0.5865
vn -0.2699 0.7088 -0.6517
vn -0.1376 0.7088 -0.6918
vn 0.0194 -0.9997 -0.0159
vn 0.0074 -1.0000 -0.0022
vn -0.0073 -0.9997 0.0240
vn -0.0049 -1.0000 0.0060
vn -0.0073 -0.9997 -0.0240
vn 0.0008 -1.0000 -0.0077
vn 0.0159 -0.9997 -0.0194
vn 0.0049 1.0000 -0.0059
vn -0.0025 -0.9997 0.0249
vn -0.0008 1.0000 0.0076
vn -0.0118 -0.9997 -0.0221
vn -0.0036 1.0000 -0.0067
vn 0.0118 -0.9997 -0.0221
vn 0.0036 1.0000 -0.0067
vn 0.0025 -0.9997 0.0249
vn 0.0007 1.0000 0.0076
vn -0.0159 -0.9997 -0.0194
vn -0.0049 1.0000 -0.0059
vn 0.0073 -0.9997 -0.0240
vn 0.0022 1.0000 -0.0073
vn 0.0073 -0.9997 0.0240
vn 0.0022 1.0000 0.0073
vn -0.0194 -0.9997 -0.0159
vn -0.0059 1.0000 -0.0049
vn 0.0025 -0.9997 -0.0249
vn 0.0008 1.0000 -0.0076
vn 0.0118 -0.9997 0.0221
vn 0.0036 1.0000 0.0067
vn -0.0221 -0.9997 -0.0118
vn -0.0067 1.0000 -0.0036
vn 0.0159 -0.9997 0.0194
vn 0.0049 1.0000 0.0059
vn -0.0240 -0.9997 -0.0073
vn -0.0073 1.0000 -0.0022
vn 0.0194 -0.9997 0.0159
vn 0.0059 1.0000 0.0049
vn -0.0249 -0.9997 -0.0025
vn -0.0076 1.0000 -0.0007
vn 0.0221 -0.9997 0.0118
vn 0.0067 1.0000 0.0036
vn -0.0249 -0.9997 0.0025
vn -0.0076 1.0000 0.0007
vn 0.0240 -0.9997 0.0073
vn 0.0073 1.0000 0.0022
vn -0.0240 -0.9997 0.0073
vn -0.0073 1.0000 0.0022
vn 0.0249 -0.9997 0.0025
vn 0.0076 1.0000 0.0007
vn -0.0221 -0.9997 0.0118
vn -0.0067 1.0000 0.0036
vn 0.0249 -0.9997 -0.0025
vn 0.0076 1.0000 -0.0007
vn -0.0194 -0.9997 0.0159
vn -0.0059 1.0000 0.0049
vn 0.0240 -0.9997 -0.0073
vn 0.0073 1.0000 -0.0022
vn -0.0159 -0.9997 0.0194
vn -0.0049 1.0000 0.0059
vn 0.0221 -0.9997 -0.0118
vn 0.0060 -1.0000 -0.0049
vn -0.0118 -0.9997 0.0221
vn -0.0022 -1.0000 0.0074
vn -0.0025 -0.9997 -0.0249
vn -0.0022 -1.0000 -0.0074
vn -0.0008 -1.0000 -0.0077
vn -0.0036 -1.0000 0.0068
vn 0.0068 -1.0000 -0.0036
vn 0.0059 1.0000 -0.0049
vn -0.0060 -1.0000 0.0049
vn 0.0077 -1.0000 -0.0008
vn -0.0068 -1.0000 0.0036
vn -0.0000 -1.0000 -0.0000
vn 0.0077 -1.0000 0.0008
vn -0.0074 -1.0000 0.0022
vn 0.0074 -1.0000 0.0022
vn -0.0077 -1.0000 0.0008
vn 0.0068 -1.0000 0.0036
vn -0.0077 -1.0000 -0.0008
vn 0.0060 -1.0000 0.0049
vn -0.0074 -1.0000 -0.0022
vn 0.0049 -1.0000 0.0060
vn -0.0068 -1.0000 -0.0036
vn 0.0036 -1.0000 0.0068
vn -0.0060 -1.0000 -0.0049
vn -0.0022 1.0000 0.0073
vn 0.0022 -1.0000 0.0074
vn 0.0022 -1.0000 -0.0074
vn -0.0049 -1.0000 -0.0060
vn 0.0008 -1.0000 0.0077
vn 0.0036 -1.0000 -0.0068
vn -0.0036 -1.0000 -0.0068
vn -0.0008 -1.0000 0.0077
vn 0.0049 -1.0000 -0.0060
vn -0.0007 1.0000 -0.0076
vn -0.0036 1.0000 0.0068
vn 0.0068 1.0000 -0.0036
vn 0.9575 -0.0000 -0.2886
vn -0.9575 -0.0000 -0.2886
vn -0.9575 -0.0000 0.2886
vn -0.2886 -0.0000 0.9575
vn 0.2886 -0.0000 -0.9575
vn 0.9575 -0.0000 0.2886
vn 0.2886 -0.0000 0.9575
vn -0.2886 -0.0000 -0.9575
vn 0.9545 -0.0000 -0.2982
vn -0.9545 -0.0000 0.2982
vn 0.9545 -0.0000 0.2982
vn -0.9545 -0.0000 -0.2982
vn 0.2982 -0.0000 0.9545
vn 0.2982 -0.0000 -0.9545
vn -0.2982 -0.0000 -0.9545
vn -0.2982 -0.0000 0.9545
vn 0.2886 -0.0000 0.9574
vn 0.1393 -0.6999 -0.7005
vn -0.0000 -0.6999 -0.7142
vn 0.2733 -0.6999 -0.6599
vn 0.3968 -0.6999 -0.5939
vn 0.5050 -0.6999 -0.5050
vn 0.5939 -0.6999 -0.3968
vn 0.6599 -0.6999 -0.2733
vn 0.7005 -0.6999 -0.1393
vn 0.7142 -0.6999 -0.0000
vn 0.7005 -0.6999 0.1393
vn 0.6599 -0.6999 0.2733
vn 0.5939 -0.6999 0.3968
vn 0.5050 -0.6999 0.5050
vn 0.3968 -0.6999 0.5939
vn 0.2733 -0.6999 0.6599
vn 0.1393 -0.6999 0.7005
vn -0.0000 -0.6999 0.7142
vn -0.1393 -0.6999 0.7005
vn -0.2733 -0.6999 0.6599
vn -0.3968 -0.6999 0.5939
vn -0.5050 -0.6999 0.5050
vn -0.5939 -0.6999 0.3968
vn -0.6599 -0.6999 0.2733
vn -0.7005 -0.6999 0.1393
vn -0.7142 -0.6999 -0.0000
vn -0.7005 -0.6999 -0.1393
vn -0.6599 -0.6999 -0.2733
vn -0.5939 -0.6999 -0.3968
vn -0.5050 -0.6999 -0.5050
vn -0.3968 -0.6999 -0.5939
vn -0.2733 -0.6999 -0.6599
vn -0.1393 -0.6999 -0.7005
vn 0.1391 -0.7010 -0.6995
vn -0.0000 -0.7010 -0.7132
vn 0.2729 -0.7010 -0.6589
vn 0.3962 -0.7010 -0.5930
vn 0.5043 -0.7010 -0.5043
vn 0.5930 -0.7010 -0.3962
vn 0.6589 -0.7010 -0.2729
vn 0.6995 -0.7010 -0.1391
vn 0.7132 -0.7010 -0.0000
vn 0.6995 -0.7010 0.1391
vn 0.6589 -0.7010 0.2729
vn 0.5930 -0.7010 0.3962
vn 0.5043 -0.7010 0.5043
vn 0.3962 -0.7010 0.5930
vn 0.2729 -0.7010 0.6589
vn 0.1391 -0.7010 0.6995
vn -0.0000 -0.7010 0.7132
vn -0.1391 -0.7010 0.6995
vn -0.2729 -0.7010 0.6589
vn -0.3962 -0.7010 0.5930
vn -0.5043 -0.7010 0.5043
vn -0.5930 -0.7010 0.3962
vn -0.6589 -0.7010 0.2729
vn -0.6995 -0.7010 0.1391
vn -0.7132 -0.7010 -0.0000
vn -0.6995 -0.7010 -0.1391
vn -0.6589 -0.7010 -0.2729
vn -0.5930 -0.7010 -0.3962
vn -0.5043 -0.7010 -0.5043
vn -0.3962 -0.7010 -0.5930
vn -0.2729 -0.7010 -0.6589
vn -0.1391 -0.7010 -0.6995
vn 0.5007 0.7061 -0.5007
vn 0.5888 0.7061 -0.3934
vn 0.5888 -0.7061 -0.3934
vn 0.5007 -0.7061 -0.5007
vn -0.1381 0.7061 0.6945
vn -0.2710 0.7061 0.6542
vn -0.2710 -0.7061 0.6542
vn -0.1381 -0.7061 0.6945
vn -0.2710 0.7061 -0.6542
vn -0.1381 0.7061 -0.6945
vn -0.1381 -0.7061 -0.6945
vn -0.2710 -0.7061 -0.6542
vn 0.3934 0.7061 -0.5888
vn 0.3934 -0.7061 -0.5888
vn -0.0000 0.7061 0.7081
vn -0.0000 -0.7061 0.7081
vn -0.3934 0.7061 -0.5888
vn -0.3934 -0.7061 -0.5888
vn 0.2710 0.7061 -0.6542
vn 0.2710 -0.7061 -0.6542
vn 0.1381 0.7061 0.6945
vn 0.1382 -0.7061 0.6945
vn -0.5007 0.7061 -0.5007
vn -0.5007 -0.7061 -0.5007
vn 0.1381 0.7061 -0.6945
vn 0.1382 -0.7061 -0.6945
vn 0.2710 0.7061 0.6542
vn 0.2710 -0.7061 0.6542
vn -0.5888 0.7061 -0.3934
vn -0.5888 -0.7061 -0.3934
vn -0.0000 0.7061 -0.7081
vn -0.0000 -0.7061 -0.7081
vn 0.3934 0.7061 0.5888
vn 0.3934 -0.7061 0.5888
vn -0.6542 0.7061 -0.2710
vn -0.6542 -0.7061 -0.2710
vn 0.5007 0.7061 0.5007
vn 0.5007 -0.7061 0.5007
vn -0.6945 0.7061 -0.1381
vn -0.6945 -0.7061 -0.1381
vn 0.5888 0.7061 0.3934
vn 0.5888 -0.7061 0.3934
vn -0.7081 0.7061 -0.0000
vn -0.7081 -0.7061 -0.0000
vn 0.6542 0.7061 0.2710
vn 0.6542 -0.7061 0.2710
vn -0.6945 0.7061 0.1381
vn -0.6945 -0.7061 0.1381
vn 0.6945 0.7061 0.1381
vn 0.6945 -0.7061 0.1381
vn -0.6542 0.7061 0.2710
vn -0.6542 -0.7061 0.2710
vn 0.7081 0.7061 -0.0000
vn 0.7081 -0.7061 -0.0000
vn -0.5888 0.7061 0.3934
vn -0.5888 -0.7061 0.3934
vn 0.6945 0.7061 -0.1381
vn 0.6945 -0.7061 -0.1381
vn -0.5007 0.7061 0.5007
vn -0.5007 -0.7061 0.5007
vn 0.6542 0.7061 -0.2710
vn 0.6542 -0.7061 -0.2710
vn -0.3934 0.7061 0.5888
vn -0.3934 -0.7061 0.5888
vn -0.0993 -0.0000 -0.9951
vn 0.9951 -0.0000 -0.0993
vn 0.9951 -0.0000 0.0993
vn -0.9951 -0.0000 0.0993
vn -0.9951 -0.0000 -0.0993
vn 0.0993 -0.0000 -0.9951
vn 0.0993 -0.0000 0.9951
vn -0.0993 -0.0000 0.9951
vt 0.031250 0.500000
vt 0.031250 0.864617
vt 0.000000 0.864617
vt 0.000000 0.500000
vt 0.937500 0.500000
vt 0.937500 0.864617
vt 0.906250 0.864617
vt 0.906250 0.500000
vt 0.875000 0.864617
vt 0.875000 0.500000
vt 0.843750 0.864617
vt 0.843750 0.500000
vt 0.843750 0.864617
vt 0.812500 0.864617
vt 0.812500 0.500000
vt 0.781250 0.864617
vt 0.781250 0.500000
vt 0.781250 0.864617
vt 0.750000 0.864617
vt 0.750000 0.500000
vt 0.750000 0.864617
vt 0.718750 0.864617
vt 0.718750 0.500000
vt 0.718750 0.864617
vt 0.687500 0.864617
vt 0.687500 0.500000
vt 0.687500 0.864617
vt 0.656250 0.864617
vt 0.656250 0.500000
vt 0.625000 0.864617
vt 0.625000 0.500000
vt 0.593750 0.864617
vt 0.593750 0.500000
vt 0.562500 0.864617
vt 0.562500 0.500000
vt 0.531250 0.864617
vt 0.531250 0.500000
vt 0.531250 0.864617
vt 0.500000 0.864617
vt 0.500000 0.500000
vt 0.500000 0.864617
vt 0.468750 0.864617
vt 0.468750 0.500000
vt 0.437500 0.864617
vt 0.437500 0.500000
vt 0.406250 0.864617
vt 0.406250 0.500000
vt 0.375000 0.864617
vt 0.375000 0.500000
vt 0.343750 0.864617
vt 0.343750 0.500000
vt 0.343750 0.864617
vt 0.312500 0.864617
vt 0.312500 0.500000
vt 0.281250 0.864617
vt 0.281250 0.500000
vt 0.281250 0.864617
vt 0.250000 0.864617
vt 0.250000 0.500000
vt 0.250000 0.864617
vt 0.218750 0.864617
vt 0.218750 0.500000
vt 0.218750 0.864617
vt 0.187500 0.864617
vt 0.187500 0.500000
vt 0.187500 0.864617
vt 0.156250 0.864617
vt 0.156250 0.500000
vt 0.125000 0.864617
vt 0.125000 0.500000
vt 0.093750 0.864617
vt 0.093750 0.500000
vt 0.062500 0.864617
vt 0.062500 0.500000
vt 0.031250 0.864617
vt 1.000000 0.500000
vt 1.000000 0.864617
vt 0.968750 0.864617
vt 0.968750 0.500000
vt 0.750000 0.490000
vt 0.796822 0.485388
vt 0.841844 0.471731
vt 0.883337 0.449553
vt 0.919706 0.419706
vt 0.949553 0.383337
vt 0.971731 0.341844
vt 0.985388 0.296822
vt 0.990000 0.250000
vt 0.985388 0.203178
vt 0.971731 0.158156
vt 0.949553 0.116663
vt 0.919706 0.080294
vt 0.883337 0.050447
vt 0.841844 0.028269
vt 0.796822 0.014612
vt 0.750000 0.010000
vt 0.703178 0.014612
vt 0.658156 0.028269
vt 0.616663 0.050447
vt 0.580294 0.080294
vt 0.550447 0.116663
vt 0.528269 0.158156
vt 0.514612 0.203178
vt 0.510000 0.250000
vt 0.514612 0.296822
vt 0.528269 0.341844
vt 0.550447 0.383337
vt 0.580294 0.419706
vt 0.616663 0.449553
vt 0.658156 0.471731
vt 0.703178 0.485388
vt 0.296822 0.485388
vt 0.250000 0.490000
vt 0.250000 0.463880
vt 0.291726 0.459771
vt 0.341844 0.471731
vt 0.331849 0.447600
vt 0.383337 0.449553
vt 0.368826 0.427835
vt 0.419706 0.419706
vt 0.401237 0.401237
vt 0.449553 0.383337
vt 0.427835 0.368826
vt 0.471731 0.341844
vt 0.447600 0.331849
vt 0.485388 0.296822
vt 0.459771 0.291726
vt 0.490000 0.250000
vt 0.463881 0.250000
vt 0.485388 0.203178
vt 0.459771 0.208274
vt 0.471731 0.158156
vt 0.447600 0.168151
vt 0.449553 0.116663
vt 0.427835 0.131174
vt 0.419706 0.080294
vt 0.401237 0.098764
vt 0.383337 0.050447
vt 0.368826 0.072165
vt 0.341844 0.028269
vt 0.331849 0.052400
vt 0.296822 0.014612
vt 0.291726 0.040229
vt 0.250000 0.010000
vt 0.250000 0.036119
vt 0.203178 0.014612
vt 0.208274 0.040229
vt 0.158156 0.028269
vt 0.168151 0.052400
vt 0.116663 0.050447
vt 0.131174 0.072165
vt 0.080294 0.080294
vt 0.098763 0.098763
vt 0.050447 0.116663
vt 0.072165 0.131174
vt 0.028269 0.158156
vt 0.052400 0.168151
vt 0.014612 0.203178
vt 0.040229 0.208274
vt 0.010000 0.250000
vt 0.036119 0.250000
vt 0.014612 0.296822
vt 0.040229 0.291726
vt 0.028269 0.341844
vt 0.052400 0.331849
vt 0.050447 0.383337
vt 0.072165 0.368826
vt 0.080294 0.419706
vt 0.098763 0.401236
vt 0.116663 0.449553
vt 0.131174 0.427835
vt 0.158156 0.471731
vt 0.168151 0.447600
vt 0.203178 0.485388
vt 0.208274 0.459771
vt 0.215307 0.075589
vt 0.250000 0.072172
vt 0.250000 0.427828
vt 0.284693 0.424411
vt 0.318052 0.414292
vt 0.348796 0.397859
vt 0.375744 0.375744
vt 0.397859 0.348796
vt 0.414292 0.318052
vt 0.424411 0.284693
vt 0.427828 0.250000
vt 0.424411 0.215307
vt 0.414292 0.181948
vt 0.397859 0.151204
vt 0.375744 0.124256
vt 0.348796 0.102141
vt 0.318052 0.085708
vt 0.284693 0.075589
vt 0.181948 0.085708
vt 0.151204 0.102141
vt 0.124256 0.124256
vt 0.102141 0.151204
vt 0.085708 0.181948
vt 0.075589 0.215307
vt 0.072172 0.250000
vt 0.075589 0.284693
vt 0.085708 0.318052
vt 0.102141 0.348796
vt 0.124256 0.375744
vt 0.151204 0.397859
vt 0.181948 0.414292
vt 0.215308 0.424411
vt 0.092267 0.218625
vt 0.089177 0.250000
vt 0.074694 0.250000
vt 0.078062 0.215800
vt 0.101419 0.311544
vt 0.092267 0.281375
vt 0.398581 0.188456
vt 0.383719 0.160652
vt 0.395762 0.152605
vt 0.411962 0.182913
vt 0.078062 0.284201
vt 0.074694 0.250000
vt 0.363719 0.136281
vt 0.373960 0.126040
vt 0.395762 0.152605
vt 0.088038 0.317087
vt 0.339348 0.116281
vt 0.347395 0.104238
vt 0.116281 0.339348
vt 0.104238 0.347395
vt 0.088038 0.317087
vt 0.311544 0.101419
vt 0.317087 0.088038
vt 0.136281 0.363719
vt 0.126040 0.373960
vt 0.104238 0.347395
vt 0.281375 0.092268
vt 0.284201 0.078062
vt 0.317087 0.088038
vt 0.218625 0.407732
vt 0.250000 0.410823
vt 0.250000 0.425306
vt 0.215800 0.421938
vt 0.160652 0.383719
vt 0.152605 0.395762
vt 0.250000 0.089177
vt 0.250000 0.074694
vt 0.311544 0.398581
vt 0.339348 0.383719
vt 0.347395 0.395762
vt 0.317087 0.411962
vt 0.188456 0.398581
vt 0.182913 0.411962
vt 0.152605 0.395762
vt 0.218625 0.092267
vt 0.215800 0.078062
vt 0.363719 0.363719
vt 0.373960 0.373960
vt 0.347395 0.395762
vt 0.182913 0.411962
vt 0.188456 0.101419
vt 0.182913 0.088038
vt 0.383719 0.339348
vt 0.395762 0.347395
vt 0.281375 0.407732
vt 0.250000 0.410823
vt 0.281375 0.407732
vt 0.160652 0.116281
vt 0.152605 0.104238
vt 0.398581 0.311544
vt 0.411962 0.317087
vt 0.395762 0.347395
vt 0.284201 0.421938
vt 0.136281 0.136281
vt 0.126040 0.126040
vt 0.152605 0.104238
vt 0.407732 0.281375
vt 0.421938 0.284200
vt 0.116281 0.160652
vt 0.104238 0.152605
vt 0.410823 0.250000
vt 0.425306 0.250000
vt 0.101419 0.188456
vt 0.088038 0.182913
vt 0.104238 0.152605
vt 0.407732 0.218625
vt 0.421938 0.215799
vt 0.425306 0.250000
vt 0.088038 0.182913
vt 0.411962 0.182913
vt 0.284693 0.424411
vt 0.348796 0.397859
vt 0.397859 0.348796
vt 0.424411 0.284693
vt 0.427828 0.250000
vt 0.427828 0.250000
vt 0.424411 0.215307
vt 0.414292 0.181948
vt 0.348796 0.102141
vt 0.318052 0.085708
vt 0.284693 0.075589
vt 0.215307 0.075589
vt 0.181948 0.085708
vt 0.151204 0.102141
vt 0.085708 0.181948
vt 0.085708 0.181948
vt 0.075589 0.215307
vt 0.072172 0.250000
vt 0.075589 0.284693
vt 0.085708 0.318052
vt 0.102141 0.348796
vt 0.250000 0.427828
vt 0.160652 0.383719
vt 0.188456 0.398581
vt 0.250000 0.089177
vt 0.250000 0.089177
vt 0.218625 0.092268
vt 0.363719 0.363719
vt 0.218625 0.407732
vt 0.383719 0.339348
vt 0.250000 0.392145
vt 0.277731 0.389414
vt 0.280929 0.405492
vt 0.250000 0.408538
vt 0.160652 0.116281
vt 0.398581 0.311544
vt 0.311544 0.398581
vt 0.136281 0.136281
vt 0.407732 0.281375
vt 0.116281 0.160652
vt 0.410823 0.250000
vt 0.116281 0.160652
vt 0.116281 0.160652
vt 0.101419 0.188456
vt 0.407732 0.218625
vt 0.092267 0.218625
vt 0.383719 0.160652
vt 0.092267 0.281375
vt 0.383719 0.160652
vt 0.383719 0.160652
vt 0.363719 0.136281
vt 0.101419 0.311544
vt 0.339348 0.116281
vt 0.339348 0.116281
vt 0.311544 0.101419
vt 0.339348 0.116281
vt 0.116281 0.339348
vt 0.136281 0.363719
vt 0.281375 0.092268
vt 0.250000 0.089177
vt 0.131810 0.328972
vt 0.118675 0.304397
vt 0.171028 0.131810
vt 0.149488 0.149488
vt 0.137897 0.137897
vt 0.161921 0.118180
vt 0.381325 0.304397
vt 0.389414 0.277731
vt 0.405492 0.280929
vt 0.396470 0.310670
vt 0.131810 0.171028
vt 0.118180 0.161921
vt 0.137897 0.137897
vt 0.392145 0.250000
vt 0.408538 0.250000
vt 0.405492 0.280929
vt 0.118675 0.195603
vt 0.103530 0.189330
vt 0.389414 0.222269
vt 0.405492 0.219071
vt 0.408538 0.250000
vt 0.110586 0.222269
vt 0.094508 0.219071
vt 0.381325 0.195603
vt 0.396470 0.189330
vt 0.405492 0.219071
vt 0.107855 0.250000
vt 0.091462 0.250000
vt 0.368190 0.171028
vt 0.381820 0.161921
vt 0.396470 0.189330
vt 0.110586 0.277731
vt 0.094508 0.280929
vt 0.350512 0.149488
vt 0.362103 0.137897
vt 0.103530 0.310670
vt 0.328972 0.131810
vt 0.338079 0.118180
vt 0.362103 0.137897
vt 0.118180 0.338079
vt 0.304397 0.118675
vt 0.310670 0.103530
vt 0.338079 0.118180
vt 0.149488 0.350512
vt 0.137897 0.362103
vt 0.277731 0.110586
vt 0.280929 0.094508
vt 0.310670 0.103530
vt 0.222269 0.389414
vt 0.219071 0.405492
vt 0.171028 0.368190
vt 0.161921 0.381820
vt 0.250000 0.107855
vt 0.250000 0.091462
vt 0.304397 0.381325
vt 0.328972 0.368190
vt 0.338079 0.381819
vt 0.310670 0.396470
vt 0.195603 0.381325
vt 0.189330 0.396470
vt 0.222269 0.110586
vt 0.219071 0.094508
vt 0.350512 0.350512
vt 0.362103 0.362103
vt 0.338079 0.381819
vt 0.195603 0.118675
vt 0.189330 0.103530
vt 0.368190 0.328972
vt 0.381820 0.338079
vt 0.362103 0.362103
vt 0.161921 0.118180
vt 0.339348 0.383719
vt 0.383719 0.339348
vt 0.398581 0.311544
vt 0.398581 0.311544
vt 0.398581 0.311544
vt 0.410823 0.250000
vt 0.407732 0.218625
vt 0.407732 0.218625
vt 0.101419 0.188456
vt 0.101419 0.188456
vt 0.092267 0.218625
vt 0.089177 0.250000
vt 0.101419 0.311544
vt 0.101419 0.311544
vt 0.188456 0.398581
vt 0.310670 0.396470
vt 0.280929 0.405492
vt 0.328972 0.368190
vt 0.222269 0.110586
vt 0.218625 0.407732
vt 0.381325 0.304397
vt 0.277731 0.389414
vt 0.171028 0.131810
vt 0.368190 0.328972
vt 0.389414 0.277731
vt 0.392145 0.250000
vt 0.389414 0.222269
vt 0.110586 0.222269
vt 0.368190 0.171028
vt 0.110586 0.277731
vt 0.131810 0.328972
vt 0.195603 0.381325
vt 0.171028 0.368190
vt 0.149488 0.149488
vt 0.389414 0.277731
vt 0.392145 0.250000
vt 0.118675 0.195603
vt 0.392145 0.250000
vt 0.110586 0.222269
vt 0.381325 0.195603
vt 0.350512 0.149488
vt 0.304397 0.118675
vt 0.277731 0.110586
vt 0.304397 0.381325
vt 0.124911 0.225118
vt 0.132169 0.201193
vt 0.250000 0.377540
vt 0.274882 0.375089
vt 0.298807 0.367831
vt 0.320857 0.356045
vt 0.340184 0.340184
vt 0.356045 0.320857
vt 0.367831 0.298807
vt 0.375089 0.274882
vt 0.377540 0.250000
vt 0.375089 0.225118
vt 0.367831 0.201193
vt 0.356045 0.179143
vt 0.340184 0.159816
vt 0.320857 0.143955
vt 0.298807 0.132169
vt 0.274882 0.124911
vt 0.250000 0.122460
vt 0.225118 0.124911
vt 0.201193 0.132169
vt 0.179143 0.143955
vt 0.159816 0.159816
vt 0.143955 0.179143
vt 0.122460 0.250000
vt 0.124911 0.274882
vt 0.132169 0.298807
vt 0.143955 0.320857
vt 0.159816 0.340184
vt 0.179143 0.356045
vt 0.201193 0.367831
vt 0.225118 0.375089
vt 0.226149 0.130093
vt 0.250000 0.127744
vt 0.250000 0.372256
vt 0.273851 0.369907
vt 0.296785 0.362950
vt 0.317922 0.351652
vt 0.336448 0.336448
vt 0.351652 0.317922
vt 0.362950 0.296785
vt 0.369907 0.273851
vt 0.372256 0.250000
vt 0.369907 0.226149
vt 0.362950 0.203214
vt 0.351653 0.182078
vt 0.336448 0.163552
vt 0.317922 0.148348
vt 0.296786 0.137050
vt 0.273851 0.130093
vt 0.203214 0.137050
vt 0.182078 0.148348
vt 0.163552 0.163552
vt 0.148348 0.182078
vt 0.137050 0.203214
vt 0.130093 0.226149
vt 0.127744 0.250000
vt 0.130093 0.273851
vt 0.137050 0.296785
vt 0.148348 0.317922
vt 0.163552 0.336448
vt 0.182078 0.351652
vt 0.203214 0.362950
vt 0.226149 0.369907
vt 0.226149 0.369907
vt 0.250000 0.372256
vt 0.336448 0.336448
vt 0.226149 0.369907
vt 0.182078 0.148348
vt 0.362950 0.296785
vt 0.296785 0.362950
vt 0.369907 0.273851
vt 0.148348 0.182078
vt 0.372256 0.250000
vt 0.137050 0.203214
vt 0.369907 0.226149
vt 0.130093 0.226149
vt 0.127744 0.250000
vt 0.351653 0.182078
vt 0.317922 0.148348
vt 0.346650 0.250000
vt 0.344793 0.268856
vt 0.182078 0.351652
vt 0.317922 0.351652
vt 0.203214 0.362950
vt 0.250000 0.363169
vt 0.272078 0.360994
vt 0.250000 0.372256
vt 0.293308 0.354554
vt 0.312873 0.344096
vt 0.330022 0.330022
vt 0.344096 0.312873
vt 0.354554 0.293308
vt 0.360994 0.272078
vt 0.363169 0.250000
vt 0.360994 0.227922
vt 0.354554 0.206692
vt 0.344096 0.187127
vt 0.330022 0.169978
vt 0.312873 0.155904
vt 0.293308 0.145446
vt 0.272078 0.139006
vt 0.250000 0.136831
vt 0.227922 0.139006
vt 0.206692 0.145446
vt 0.187127 0.155904
vt 0.169978 0.169978
vt 0.155904 0.187127
vt 0.145446 0.206692
vt 0.139006 0.227922
vt 0.136831 0.250000
vt 0.139006 0.272078
vt 0.145446 0.293308
vt 0.155904 0.312873
vt 0.169978 0.330022
vt 0.187127 0.344096
vt 0.206692 0.354554
vt 0.227922 0.360994
vt 0.160652 0.116281
vt 0.218625 0.407732
vt 0.281375 0.407732
vt 0.250000 0.410823
vt 0.339348 0.383719
vt 0.188456 0.398581
vt 0.160652 0.383719
vt 0.281375 0.092268
vt 0.136281 0.363719
vt 0.311544 0.101419
vt 0.311544 0.101419
vt 0.339348 0.116281
vt 0.116281 0.339348
vt 0.383719 0.160652
vt 0.089177 0.250000
vt 0.092267 0.218625
vt 0.398581 0.188456
vt 0.407732 0.218625
vt 0.101419 0.188456
vt 0.116281 0.160652
vt 0.160652 0.116281
vt 0.398581 0.311544
vt 0.383719 0.339348
vt 0.363719 0.363719
vt 0.188456 0.101419
vt 0.218625 0.092267
vt 0.300832 0.401830
vt 0.300832 0.401830
vt 0.383719 0.339348
vt 0.407732 0.218625
vt 0.401830 0.199168
vt 0.300832 0.098170
vt 0.300832 0.098170
vt 0.398581 0.188456
vt 0.401830 0.199168
vt 0.098170 0.300832
vt 0.098170 0.300832
vt 0.092267 0.281375
vt 0.098170 0.199168
vt 0.101419 0.311544
vt 0.092267 0.218625
vt 0.098170 0.199168
vt 0.401830 0.300832
vt 0.401830 0.300832
vt 0.199168 0.098170
vt 0.199168 0.098170
vt 0.199168 0.401830
vt 0.199168 0.401830
vt 0.218625 0.092268
vt 0.214450 0.406466
vt 0.214450 0.406466
vt 0.285550 0.406466
vt 0.285550 0.406466
vt 0.406466 0.214450
vt 0.285550 0.093534
vt 0.285550 0.093534
vt 0.406466 0.214450
vt 0.093534 0.285550
vt 0.093534 0.285550
vt 0.093534 0.214450
vt 0.214450 0.093534
vt 0.214450 0.093534
vt 0.406466 0.285550
vt 0.406466 0.285550
vt 0.409337 0.234918
vt 0.265082 0.409337
vt 0.090663 0.265082
vt 0.090663 0.265082
vt 0.409337 0.265082
vt 0.265082 0.409337
vt 0.090663 0.234918
vt 0.090663 0.234918
vt 0.409337 0.265082
vt 0.250000 0.425306
vt 0.234918 0.409337
vt 0.234918 0.409337
vt 0.409337 0.234918
vt 0.265082 0.090663
vt 0.265082 0.090663
vt 0.234918 0.090663
vt 0.234918 0.090663
vt 0.250000 0.346650
vt 0.268856 0.344793
vt 0.286987 0.339293
vt 0.303696 0.330362
vt 0.318342 0.318342
vt 0.330362 0.303696
vt 0.339293 0.286986
vt 0.344793 0.231144
vt 0.339293 0.213013
vt 0.330362 0.196304
vt 0.318342 0.181658
vt 0.303696 0.169638
vt 0.286987 0.160707
vt 0.268856 0.155207
vt 0.250000 0.153350
vt 0.231144 0.155207
vt 0.213013 0.160707
vt 0.196304 0.169638
vt 0.181658 0.181658
vt 0.169638 0.196304
vt 0.160707 0.213013
vt 0.155207 0.231144
vt 0.153350 0.250000
vt 0.155207 0.268855
vt 0.160707 0.286986
vt 0.169638 0.303696
vt 0.181658 0.318342
vt 0.196304 0.330362
vt 0.213013 0.339293
vt 0.231144 0.344793
vt 0.328156 0.302222
vt 0.316466 0.316466
vt 0.250000 0.343997
vt 0.268338 0.342191
vt 0.285971 0.336842
vt 0.302222 0.328156
vt 0.336842 0.285971
vt 0.342191 0.268338
vt 0.343997 0.250000
vt 0.342191 0.231662
vt 0.336842 0.214029
vt 0.328156 0.197778
vt 0.316466 0.183534
vt 0.302222 0.171844
vt 0.285971 0.163158
vt 0.268338 0.157809
vt 0.250000 0.156003
vt 0.231662 0.157809
vt 0.214029 0.163158
vt 0.197778 0.171844
vt 0.183534 0.183534
vt 0.171844 0.197778
vt 0.163158 0.214029
vt 0.157809 0.231662
vt 0.156003 0.250000
vt 0.157809 0.268338
vt 0.163158 0.285971
vt 0.171844 0.302222
vt 0.183534 0.316466
vt 0.197778 0.328156
vt 0.214029 0.336842
vt 0.231662 0.342191
s 1
usemtl M_Noir_Bleuté
f 963/319/294 962/318/295 321/318/296 322/319/297
f 969/410/328 967/436/329 324/403/330 325/410/331
f 975/355/362 973/354/363 327/354/364 328/355/365
f 1023/396/366 1021/406/367 351/406/368 352/396/369
f 997/413/370 995/437/371 338/408/372 339/413/373
f 971/415/374 969/410/328 325/410/331 326/415/375
f 999/350/377 997/413/370 339/413/373 340/350/378
s 0
f 295/354/379 294/415/379 972/415/379 974/439/379
s 1
f 965/402/380 963/440/294 322/319/297 323/402/381
f 1001/351/382 999/441/377 340/350/378 341/351/383
f 973/354/363 971/442/374 326/415/375 327/354/364
f 1003/358/384 1001/351/382 341/351/383 342/358/385
f 977/361/386 975/443/362 328/355/365 329/361/387
f 1005/364/388 1003/358/384 342/358/385 343/364/389
f 979/366/390 977/444/386 329/361/387 330/366/391
f 1007/369/392 1005/364/388 343/364/389 344/369/393
f 981/371/394 979/445/390 330/366/391 331/371/395
f 1009/374/396 1007/446/392 344/369/393 345/374/397
f 983/376/398 981/371/394 331/371/395 332/376/399
f 1011/379/400 1009/374/396 345/374/397 346/379/401
f 985/381/402 983/447/398 332/376/399 333/381/403
f 1013/349/404 1011/448/400 346/379/401 347/349/405
f 987/384/406 985/381/402 333/381/403 334/384/407
f 1015/348/408 1013/349/404 347/349/405 348/348/409
f 989/388/410 987/384/406 334/384/407 335/388/411
f 1017/391/412 1015/449/408 348/348/409 349/391/413
f 991/393/414 989/388/410 335/388/411 336/393/415
f 962/318/295 1023/396/366 352/396/369 321/318/296
f 1019/398/416 1017/391/412 349/391/413 350/398/417
f 993/400/418 991/393/414 336/393/415 337/400/419
f 967/403/329 965/402/380 323/402/381 324/403/330
f 1021/450/367 1019/451/416 350/398/417 351/406/368
f 995/408/371 993/400/418 337/400/419 338/408/372
f 330/366/391 329/361/387 393/361/420 394/366/421
s 0
f 309/351/422 308/350/422 1000/350/422 1002/452/422
f 296/355/423 295/354/423 974/354/423 976/453/423
f 310/358/424 309/351/424 1002/351/424 1004/358/424
f 297/361/425 296/355/425 976/355/425 978/454/425
f 311/364/426 310/358/426 1004/358/426 1006/455/426
f 298/366/427 297/361/427 978/456/427 980/366/427
f 312/369/428 311/364/428 1006/364/428 1008/457/428
f 299/371/429 298/366/429 980/366/429 982/458/429
f 313/374/430 312/369/430 1008/369/430 1010/374/430
f 300/376/431 299/371/431 982/371/431 984/376/431
f 314/379/432 313/374/432 1010/374/432 1012/379/432
f 301/381/433 300/376/433 984/376/433 986/459/433
f 315/349/434 314/379/434 1012/379/434 1014/349/434
f 302/384/435 301/381/435 986/381/435 988/384/435
f 316/348/436 315/349/436 1014/349/436 1016/348/436
f 303/388/437 302/384/437 988/384/437 990/460/437
f 290/319/438 289/318/438 961/318/438 964/319/438
f 317/391/439 316/348/439 1016/348/439 1018/391/439
f 304/393/440 303/388/440 990/388/440 992/461/440
f 291/402/441 290/319/441 964/319/441 966/462/441
f 318/398/442 317/391/442 1018/391/442 1020/398/442
f 305/400/443 304/393/443 992/393/443 994/400/443
f 292/403/444 291/402/444 966/402/444 968/403/444
f 319/406/445 318/398/445 1020/398/445 1022/406/445
f 306/408/446 305/400/446 994/400/446 996/408/446
f 293/410/447 292/403/447 968/403/447 970/410/447
f 320/396/448 319/406/448 1022/450/448 1024/396/448
f 307/413/449 306/408/449 996/408/449 998/413/449
f 294/415/450 293/410/450 970/410/450 972/415/450
f 289/318/451 320/396/451 1024/396/451 961/318/451
f 308/350/452 307/413/452 998/413/452 1000/350/452
s 1
f 376/463/453 375/464/454 471/464/454 472/463/453
f 344/369/393 343/364/389 407/364/455 408/369/456
f 331/371/395 330/366/391 394/366/421 395/371/457
f 345/374/397 344/369/393 408/369/456 409/374/458
f 332/376/399 331/371/395 395/371/457 396/376/459
f 346/379/401 345/374/397 409/374/458 410/379/460
f 333/381/403 332/376/399 396/376/459 397/381/461
f 347/349/405 346/379/401 410/379/460 411/349/462
f 334/384/407 333/381/403 397/381/461 398/384/463
f 348/348/409 347/349/405 411/349/462 412/348/464
f 335/388/411 334/384/407 398/384/463 399/388/465
f 322/319/297 321/318/296 385/318/466 386/319/467
f 349/391/413 348/348/409 412/348/464 413/391/468
f 336/393/415 335/388/411 399/388/465 400/393/469
f 323/402/381 322/319/297 386/319/467 387/402/470
f 350/398/417 349/391/413 413/391/468 414/398/471
f 337/400/419 336/393/415 400/393/469 401/400/472
f 324/403/330 323/402/381 387/402/470 388/403/473
f 351/406/368 350/398/417 414/398/471 415/406/474
f 338/408/372 337/400/419 401/400/472 402/408/475
f 325/410/331 324/403/330 388/403/473 389/410/476
f 352/396/369 351/406/368 415/406/474 416/396/477
f 339/413/373 338/408/372 402/408/475 403/413/478
f 326/415/375 325/410/331 389/410/476 390/415/479
f 321/318/296 352/396/369 416/396/477 385/318/466
f 340/350/378 339/413/373 403/413/478 404/350/480
f 327/354/364 326/415/375 390/415/479 391/354/481
f 341/351/383 340/350/378 404/350/480 405/351/482
f 328/355/365 327/354/364 391/354/481 392/355/483
f 342/358/385 341/351/383 405/351/482 406/358/484
f 329/361/387 328/355/365 392/355/483 393/361/420
f 343/364/389 342/358/385 406/358/484 407/364/455
s 0
f 353/465/98 354/466/98 386/319/98 385/318/98
f 354/466/98 355/467/98 387/402/98 386/319/98
f 355/467/98 356/468/98 388/403/98 387/402/98
f 356/468/98 357/469/98 389/410/98 388/403/98
f 357/469/98 358/470/98 390/415/98 389/410/98
f 358/470/98 359/471/98 391/354/98 390/415/98
f 359/471/98 360/472/98 392/355/98 391/354/98
f 360/472/98 361/473/98 393/361/98 392/355/98
f 361/473/98 362/474/98 394/366/98 393/361/98
f 362/474/98 363/475/98 395/371/98 394/366/98
f 363/475/98 364/476/98 396/376/98 395/371/98
f 364/476/98 365/477/98 397/381/98 396/376/98
f 365/477/98 366/478/98 398/384/98 397/381/98
f 366/478/98 367/479/98 399/388/98 398/384/98
f 367/479/98 368/480/98 400/393/98 399/388/98
f 368/480/98 369/481/98 401/400/98 400/393/98
f 369/481/98 370/482/98 402/408/98 401/400/98
f 370/482/98 371/483/98 403/413/98 402/408/98
f 371/483/98 372/484/98 404/350/98 403/413/98
f 372/484/98 373/485/98 405/351/98 404/350/98
f 373/485/98 374/486/98 406/358/98 405/351/98
f 374/486/98 375/464/98 407/364/98 406/358/98
f 375/464/98 376/463/98 408/369/98 407/364/98
f 376/463/98 377/487/98 409/374/98 408/369/98
f 377/487/98 378/488/98 410/379/98 409/374/98
f 378/488/98 379/489/98 411/349/98 410/379/98
f 379/489/98 380/490/98 412/348/98 411/349/98
f 380/490/98 381/491/98 413/391/98 412/348/98
f 381/491/98 382/492/98 414/398/98 413/391/98
f 382/492/98 383/493/98 415/406/98 414/398/98
f 383/493/98 384/494/98 416/396/98 415/406/98
f 384/494/98 353/465/98 385/318/98 416/396/98
s 1
f 434/495/200 433/496/198 514/496/199 516/495/201
f 363/475/485 362/474/486 458/474/486 459/475/485
f 377/487/487 376/463/453 472/463/453 473/487/487
f 364/476/488 363/475/485 459/475/485 460/476/488
f 378/488/489 377/487/487 473/487/487 474/488/489
f 365/477/490 364/476/488 460/476/488 461/477/490
f 379/489/491 378/488/489 474/488/489 475/489/491
f 366/478/492 365/477/490 461/477/490 462/478/492
f 380/490/493 379/489/491 475/489/491 476/490/493
f 367/479/494 366/478/492 462/478/492 463/479/494
f 354/466/495 353/465/496 449/465/496 450/466/495
f 381/491/497 380/490/493 476/490/493 477/491/497
f 368/480/498 367/479/494 463/479/494 464/480/498
f 355/467/499 354/466/495 450/466/495 451/467/499
f 382/492/500 381/491/497 477/491/497 478/492/500
f 369/481/501 368/480/498 464/480/498 465/481/501
f 356/468/502 355/467/499 451/467/499 452/468/502
f 383/493/503 382/492/500 478/492/500 479/493/503
f 370/482/504 369/481/501 465/481/501 466/482/504
f 357/469/505 356/468/502 452/468/502 453/469/505
f 384/494/506 383/493/503 479/493/503 480/494/506
f 371/483/507 370/482/504 466/482/504 467/483/507
f 358/470/508 357/469/505 453/469/505 454/470/508
f 353/465/496 384/494/506 480/494/506 449/465/496
f 372/484/509 371/483/507 467/483/507 468/484/509
f 359/471/510 358/470/508 454/470/508 455/471/510
f 373/485/511 372/484/509 468/484/509 469/485/511
f 360/472/512 359/471/510 455/471/510 456/472/512
f 374/486/513 373/485/511 469/485/511 470/486/513
f 361/473/514 360/472/512 456/472/512 457/473/514
f 375/464/454 374/486/513 470/486/513 471/464/454
f 362/474/486 361/473/514 457/473/514 458/474/486
f 417/497/167 448/526/228 544/527/229 481/528/168
f 421/501/174 420/500/172 488/500/173 490/529/175
f 448/526/228 447/525/226 542/525/227 544/530/229
f 435/513/202 434/495/200 516/495/201 518/513/203
f 422/502/176 421/501/174 490/501/175 492/502/177
f 436/514/204 435/513/202 518/513/203 520/531/205
f 423/503/178 422/502/176 492/502/177 494/532/179
f 419/499/170 418/498/166 484/498/169 486/533/171
f 437/515/206 436/514/204 520/514/205 522/515/207
f 424/504/180 423/503/178 494/503/179 496/534/181
f 438/516/208 437/515/206 522/515/207 524/535/209
f 425/505/182 424/504/180 496/504/181 498/536/183
f 439/517/210 438/516/208 524/516/209 526/537/211
f 426/506/184 425/505/182 498/505/183 500/538/185
f 440/518/212 439/517/210 526/517/211 528/539/213
f 427/507/186 426/506/184 500/506/185 502/507/187
f 441/519/214 440/518/212 528/539/213 530/540/215
f 428/508/188 427/507/186 502/507/187 504/541/189
f 442/520/216 441/519/214 530/519/215 532/520/217
f 429/509/190 428/508/188 504/508/189 506/509/191
f 443/521/218 442/520/216 532/520/217 534/521/219
f 430/510/192 429/509/190 506/509/191 508/542/193
f 444/522/220 443/521/218 534/521/219 536/522/221
f 431/511/194 430/510/192 508/510/193 510/511/195
f 445/523/222 444/522/220 536/522/221 538/523/223
f 432/512/196 431/511/194 510/511/195 512/512/197
f 446/524/224 445/523/222 538/523/223 540/545/225
f 433/496/198 432/512/196 512/512/197 514/496/199
f 420/500/172 419/499/170 486/499/171 488/546/173
f 447/525/226 446/524/224 540/524/225 542/547/227
f 418/498/166 417/497/167 481/550/168 484/498/169
f 552/601/204 609/258/202 610/605/202 551/581/204
f 612/267/178 553/609/176 554/603/176 611/421/178
f 558/325/206 552/601/204 551/581/204 557/325/206
f 562/276/208 558/325/206 557/325/206 561/276/208
f 614/280/210 562/276/208 561/276/208 613/280/210
f 576/594/188 616/214/186 615/214/186 575/594/188
f 580/338/190 576/594/188 575/594/188 579/338/190
f 584/343/192 580/338/190 579/338/190 583/341/192
f 586/344/220 618/339/218 617/620/218 585/226/220
f 620/590/194 584/343/192 583/341/192 619/590/194
f 592/589/222 586/344/220 585/226/220 591/589/222
f 598/310/224 592/589/222 591/589/222 597/310/224
f 602/246/172 622/245/129 621/245/129 601/419/172
f 624/433/130 598/310/224 597/310/224 623/249/130
f 608/315/174 602/246/172 601/419/172 607/604/174
f 553/609/176 608/315/174 607/604/174 554/603/176
f 549/625/102 550/626/102 610/605/202 609/258/202
f 555/624/108 556/623/108 612/267/178 611/421/178
f 565/619/113 566/622/113 614/280/210 613/280/210
f 572/615/114 571/611/114 615/214/186 616/214/186
f 582/617/119 581/616/119 617/620/218 618/339/218
f 587/613/125 588/612/125 620/590/194 619/590/194
s 0
f 596/608/126 595/607/126 621/245/126 622/245/126
f 603/627/101 604/628/101 624/433/101 623/249/101
s 1
f 545/316/228 548/263/167 626/263/167 625/438/228
f 547/584/167 546/316/228 627/316/228 628/584/167
f 556/623/108 560/326/180 629/326/180 612/267/178
f 559/326/180 555/624/108 611/421/178 630/326/180
f 560/326/180 564/328/182 631/328/182 629/326/180
f 563/328/182 559/326/180 630/326/180 632/328/182
f 564/328/182 568/598/184 633/598/184 631/328/182
f 567/610/184 563/328/182 632/328/182 634/610/184
f 566/622/113 570/621/212 635/208/212 614/280/210
f 569/333/212 565/619/113 613/280/210 636/333/212
f 568/598/184 572/615/114 616/214/186 633/598/184
f 571/611/114 567/610/184 634/610/184 615/214/186
f 570/621/212 574/209/214 637/209/214 635/208/212
f 573/430/214 569/333/212 636/333/212 638/430/214
f 574/209/214 578/335/216 639/335/216 637/209/214
f 577/335/216 573/430/214 638/430/214 640/335/216
f 578/335/216 582/617/119 618/339/218 639/335/216
f 581/616/119 577/335/216 640/335/216 617/620/218
f 548/263/167 590/264/166 641/264/166 626/263/167
f 589/583/166 547/584/167 628/584/167 642/583/166
f 588/612/125 594/588/196 643/588/196 620/590/194
f 593/346/196 587/613/125 619/590/194 644/346/196
f 590/264/166 596/608/126 622/245/126 641/264/166
f 595/607/126 589/583/166 642/583/166 621/245/126
f 594/588/196 600/347/198 645/347/198 643/588/196
f 599/347/198 593/346/196 644/346/196 646/347/198
f 600/347/198 606/629/200 647/314/200 645/347/198
f 605/252/200 599/347/198 646/347/198 648/606/200
f 604/628/101 545/316/228 625/438/228 624/433/101
f 546/316/228 603/627/101 623/249/101 627/316/228
f 606/629/200 549/625/102 609/258/202 647/314/200
f 550/626/102 605/252/200 648/606/200 610/605/202
f 962/318/295 963/319/294 964/319/692 961/318/693
f 963/440/294 965/402/380 966/462/694 964/319/692
f 965/402/380 967/403/329 968/403/695 966/402/694
f 967/436/329 969/410/328 970/410/696 968/403/695
f 969/410/328 971/415/374 972/415/697 970/410/696
f 971/442/374 973/354/363 974/439/698 972/415/697
f 973/354/363 975/355/362 976/453/699 974/354/698
f 975/443/362 977/361/386 978/454/700 976/355/699
f 977/444/386 979/366/390 980/366/701 978/456/700
f 979/445/390 981/371/394 982/458/702 980/366/701
f 981/371/394 983/376/398 984/376/703 982/371/702
f 983/447/398 985/381/402 986/459/704 984/376/703
f 985/381/402 987/384/406 988/384/705 986/381/704
f 987/384/406 989/388/410 990/460/706 988/384/705
f 989/388/410 991/393/414 992/461/707 990/388/706
f 991/393/414 993/400/418 994/400/708 992/393/707
f 993/400/418 995/408/371 996/408/709 994/400/708
f 995/437/371 997/413/370 998/413/710 996/408/709
f 997/413/370 999/350/377 1000/350/711 998/413/710
f 999/441/377 1001/351/382 1002/452/712 1000/350/711
f 1001/351/382 1003/358/384 1004/358/713 1002/351/712
f 1003/358/384 1005/364/388 1006/455/714 1004/358/713
f 1005/364/388 1007/369/392 1008/457/715 1006/364/714
f 1007/446/392 1009/374/396 1010/374/716 1008/369/715
f 1009/374/396 1011/379/400 1012/379/717 1010/374/716
f 1011/448/400 1013/349/404 1014/349/718 1012/379/717
f 1013/349/404 1015/348/408 1016/348/719 1014/349/718
f 1015/449/408 1017/391/412 1018/391/720 1016/348/719
f 1017/391/412 1019/398/416 1020/398/721 1018/391/720
f 1019/451/416 1021/450/367 1022/406/722 1020/398/721
f 1021/406/367 1023/396/366 1024/396/723 1022/450/722
f 1023/396/366 962/318/295 961/318/693 1024/396/723
s 0
f 1298/695/98 1297/694/98 1328/723/98 1327/722/98 1326/721/98 1325/720/98 1324/719/98 1323/718/98 1322/717/98 1321/716/98 1320/715/98 1319/714/98 1318/713/98 1317/712/98 1316/711/98 1315/710/98 1314/709/98 1313/708/98 1312/707/98 1311/706/98 1310/705/98 1309/704/98 1308/703/98 1307/702/98 1306/701/98 1305/700/98 1304/699/98 1303/698/98 1302/692/98 1301/693/98 1300/697/98 1299/696/98
s 1
usemtl M_Noir_Bleuté
f 32/1/1 96/2/2 34/3/3 1/4/4
f 3/5/5 38/6/6 40/7/7 4/8/8
f 4/8/8 40/7/7 42/9/9 5/10/10
f 5/10/10 42/9/9 44/11/11 6/12/12
f 6/12/12 44/13/11 46/14/13 7/15/14
f 7/15/14 46/14/13 48/16/15 8/17/16
f 8/17/16 48/18/15 50/19/17 9/20/18
f 9/20/18 50/21/17 52/22/19 10/23/20
f 10/23/20 52/24/19 54/25/21 11/26/22
f 11/26/22 54/27/21 56/28/23 12/29/24
f 12/29/24 56/28/23 58/30/25 13/31/26
f 13/31/26 58/30/25 60/32/27 14/33/28
f 14/33/28 60/32/27 62/34/29 15/35/30
f 15/35/30 62/34/29 64/36/31 16/37/32
f 16/37/32 64/38/31 66/39/33 17/40/34
f 17/40/34 66/41/33 68/42/35 18/43/36
f 18/43/36 68/42/35 70/44/37 19/45/38
f 19/45/38 70/44/37 72/46/39 20/47/40
f 20/47/40 72/46/39 74/48/41 21/49/42
f 21/49/42 74/48/41 76/50/43 22/51/44
f 22/51/44 76/52/43 78/53/45 23/54/46
f 23/54/46 78/53/45 80/55/47 24/56/48
f 24/56/48 80/57/47 82/58/49 25/59/50
f 25/59/50 82/60/49 84/61/51 26/62/52
f 26/62/52 84/63/51 86/64/53 27/65/54
f 27/65/54 86/66/53 88/67/55 28/68/56
f 28/68/56 88/67/55 90/69/57 29/70/58
f 29/70/58 90/69/57 92/71/59 30/72/60
f 30/72/60 92/71/59 94/73/61 31/74/62
f 31/74/62 94/73/61 96/75/2 32/1/1
f 1/76/4 34/77/3 36/78/63 2/79/64
f 2/79/64 36/78/63 38/6/6 3/5/5
f 1/80/4 2/81/64 3/82/5 4/83/8 5/84/10 6/85/12 7/86/14 8/87/16 9/88/18 10/89/20 11/90/22 12/91/24 13/92/26 14/93/28 15/94/30 16/95/32 17/96/34 18/97/36 19/98/38 20/99/40 21/100/42 22/101/44 23/102/46 24/103/48 25/104/50 26/105/52 27/106/54 28/107/56 29/108/58 30/109/60 31/110/62 32/111/1
f 36/112/63 34/113/3 97/114/65 98/115/66
f 38/116/6 36/112/63 98/115/66 99/117/67
f 40/118/7 38/116/6 99/117/67 100/119/68
f 42/120/9 40/118/7 100/119/68 101/121/69
f 44/122/11 42/120/9 101/121/69 102/123/70
f 46/124/13 44/122/11 102/123/70 103/125/71
f 48/126/15 46/124/13 103/125/71 104/127/72
f 50/128/17 48/126/15 104/127/72 105/129/73
f 52/130/19 50/128/17 105/129/73 106/131/74
f 54/132/21 52/130/19 106/131/74 107/133/75
f 56/134/23 54/132/21 107/133/75 108/135/76
f 58/136/25 56/134/23 108/135/76 109/137/77
f 60/138/27 58/136/25 109/137/77 110/139/78
f 62/140/29 60/138/27 110/139/78 111/141/79
f 64/142/31 62/140/29 111/141/79 112/143/80
f 66/144/33 64/142/31 112/143/80 113/145/81
f 68/146/35 66/144/33 113/145/81 114/147/82
f 70/148/37 68/146/35 114/147/82 115/149/83
f 72/150/39 70/148/37 115/149/83 116/151/84
f 74/152/41 72/150/39 116/151/84 117/153/85
f 76/154/43 74/152/41 117/153/85 118/155/86
f 78/156/45 76/154/43 118/155/86 119/157/87
f 80/158/47 78/156/45 119/157/87 120/159/88
f 82/160/49 80/158/47 120/159/88 121/161/89
f 84/162/51 82/160/49 121/161/89 122/163/90
f 86/164/53 84/162/51 122/163/90 123/165/91
f 88/166/55 86/164/53 123/165/91 124/167/92
f 90/168/57 88/166/55 124/167/92 125/169/93
f 92/170/59 90/168/57 125/169/93 126/171/94
f 94/172/61 92/170/59 126/171/94 127/173/95
f 96/174/2 94/172/61 127/173/95 128/175/96
f 34/113/3 96/174/2 128/175/96 97/114/65
s 0
f 33/178/98 35/179/98 98/115/98 97/114/98
f 35/179/98 37/180/98 99/117/98 98/115/98
f 37/180/98 39/181/98 100/119/98 99/117/98
f 39/181/98 41/182/98 101/121/98 100/119/98
f 41/182/98 43/183/98 102/123/98 101/121/98
f 43/183/98 45/184/98 103/125/98 102/123/98
f 45/184/98 47/185/98 104/127/98 103/125/98
f 47/185/98 49/186/98 105/129/98 104/127/98
f 49/186/98 51/187/98 106/131/98 105/129/98
f 51/187/98 53/188/98 107/133/98 106/131/98
f 53/188/98 55/189/98 108/135/98 107/133/98
f 55/189/98 57/190/98 109/137/98 108/135/98
f 57/190/98 59/191/98 110/139/98 109/137/98
f 59/191/98 61/192/98 111/141/98 110/139/98
f 61/192/98 63/193/98 112/143/98 111/141/98
f 63/193/98 65/177/98 113/145/98 112/143/98
f 65/177/98 67/176/98 114/147/98 113/145/98
f 67/176/98 69/194/98 115/149/98 114/147/98
f 69/194/98 71/195/98 116/151/98 115/149/98
f 71/195/98 73/196/98 117/153/98 116/151/98
f 73/196/98 75/197/98 118/155/98 117/153/98
f 75/197/98 77/198/98 119/157/98 118/155/98
f 77/198/98 79/199/98 120/159/98 119/157/98
f 79/199/98 81/200/98 121/161/98 120/159/98
f 81/200/98 83/201/98 122/163/98 121/161/98
f 83/201/98 85/202/98 123/165/98 122/163/98
f 85/202/98 87/203/98 124/167/98 123/165/98
f 87/203/98 89/204/98 125/169/98 124/167/98
f 89/204/98 91/205/98 126/171/98 125/169/98
f 91/205/98 93/206/98 127/173/98 126/171/98
f 93/206/98 95/207/98 128/175/98 127/173/98
f 95/207/98 33/178/98 97/114/98 128/175/98
s 1
f 497/543/214 495/544/212 1272/544/212 1273/543/214
f 1201/548/515 1202/549/516 484/498/169 481/550/168
f 1202/549/516 1203/551/517 486/533/171 484/498/169
f 1203/551/517 1204/552/518 488/546/173 486/499/171
f 1204/552/518 1205/553/519 490/529/175 488/500/173
f 1205/553/519 1206/554/520 492/502/177 490/501/175
f 1206/554/520 1207/555/521 494/532/179 492/502/177
f 1207/555/521 1208/556/522 496/534/181 494/503/179
f 1208/556/522 1209/557/523 498/536/183 496/504/181
f 1209/557/523 1210/558/524 500/538/185 498/505/183
f 1210/558/524 1211/559/525 502/507/187 500/506/185
f 1211/559/525 1212/560/526 504/541/189 502/507/187
f 1212/560/526 1213/561/527 506/509/191 504/508/189
f 1213/561/527 1214/562/528 508/542/193 506/509/191
f 1214/562/528 1215/563/529 510/511/195 508/510/193
f 1215/563/529 1216/564/530 512/512/197 510/511/195
f 1216/564/530 1217/565/531 514/496/199 512/512/197
f 1217/565/531 1218/566/532 516/495/201 514/496/199
f 1218/566/532 1219/567/533 518/513/203 516/495/201
f 1219/567/533 1220/568/534 520/531/205 518/513/203
f 1220/568/534 1221/569/535 522/515/207 520/514/205
f 1221/569/535 1222/570/536 524/535/209 522/515/207
f 1222/570/536 1223/571/537 526/537/211 524/516/209
f 1223/571/537 1224/572/538 528/539/213 526/517/211
f 1224/572/538 1225/573/539 530/540/215 528/539/213
f 1225/573/539 1226/574/540 532/520/217 530/519/215
f 1226/574/540 1227/575/541 534/521/219 532/520/217
f 1227/575/541 1228/576/542 536/522/221 534/521/219
f 1228/576/542 1229/577/543 538/523/223 536/522/221
f 1229/577/543 1230/578/544 540/545/225 538/523/223
f 1230/578/544 1231/579/545 542/547/227 540/524/225
f 1231/579/545 1232/580/546 544/530/229 542/525/227
f 1232/580/546 1201/548/515 481/528/168 544/527/229
s 0
f 230/260/547 229/254/547 842/254/547 844/260/547
f 243/258/549 242/252/549 868/252/549 870/258/549
f 256/237/551 255/249/551 894/249/551 896/582/551
f 229/254/553 228/246/553 840/585/553 842/254/553
f 242/252/555 241/243/555 866/243/555 868/252/555
f 255/249/557 254/241/557 892/241/557 894/586/557
f 228/246/559 227/245/559 838/245/559 840/585/559
f 241/243/561 240/234/561 864/234/561 866/243/561
f 254/241/563 253/231/563 890/231/563 892/241/563
f 227/245/565 226/262/565 836/262/565 838/245/565
f 240/234/567 239/229/567 862/229/567 864/234/567
f 253/231/569 252/226/569 888/226/569 890/231/569
f 226/262/571 225/238/571 833/238/571 836/262/571
f 239/229/573 238/224/573 860/340/573 862/591/573
f 252/226/575 251/212/575 886/212/575 888/593/575
f 238/224/577 237/220/577 858/220/577 860/224/577
f 251/212/579 250/213/579 884/213/579 886/212/579
f 237/220/581 236/215/581 856/215/581 858/220/581
f 250/213/583 249/209/583 882/209/583 884/213/583
f 236/215/585 235/214/585 854/214/585 856/215/585
f 249/209/587 248/208/587 880/208/587 882/595/587
f 235/214/589 234/283/589 852/283/589 854/597/589
f 248/208/591 247/280/591 878/280/591 880/208/591
f 234/283/593 233/278/593 850/328/593 852/283/593
f 247/280/595 246/276/595 876/276/595 878/599/595
f 233/278/597 232/274/597 848/274/597 850/328/597
f 246/276/599 245/271/599 874/271/599 876/600/599
f 232/274/601 231/267/601 846/267/601 848/274/601
f 245/271/603 244/265/603 872/265/603 874/271/603
f 231/267/605 230/260/605 844/260/605 846/602/605
f 244/265/607 243/258/607 870/258/607 872/265/607
f 225/238/609 256/237/609 896/237/609 833/238/609
f 595/607/114 596/608/114 702/608/114 701/607/114
f 567/610/98 571/611/98 695/611/98 714/610/98
f 600/347/618 594/588/618 723/588/618 670/347/618
f 588/612/108 587/613/108 699/613/108 700/612/108
f 572/615/618 568/598/618 658/598/618 696/615/618
f 589/583/98 595/607/98 701/607/98 665/583/98
f 581/616/126 582/617/126 698/617/126 697/616/126
f 565/619/98 569/333/98 659/333/98 693/619/98
f 596/608/618 590/264/618 666/264/618 702/608/618
f 571/611/102 572/615/102 696/615/102 695/611/102
f 570/621/618 566/622/618 694/622/618 715/621/618
f 587/613/98 593/346/98 724/346/98 699/613/98
f 566/622/125 565/619/125 693/619/125 694/622/125
f 563/328/98 567/610/98 714/610/98 712/328/98
f 594/588/618 588/612/618 700/612/618 723/588/618
f 556/623/101 555/624/101 691/624/101 692/623/101
f 706/263/98 705/316/98 1153/316/98 732/263/98
f 716/333/618 718/430/618 741/430/618 1159/333/618
f 727/629/98 725/347/98 750/347/98 1168/629/98
f 688/630/643 687/631/643 767/631/643 768/630/643
f 717/209/98 660/621/98 1160/621/98 742/209/98
f 667/346/618 726/347/618 749/347/618 1165/346/618
f 685/632/644 686/633/644 766/633/644 765/632/644
f 657/610/618 679/634/618 759/634/618 1157/610/618
f 725/347/98 668/588/98 1166/588/98 750/347/98
f 684/635/645 683/636/645 763/636/645 764/635/645
f 680/637/98 713/332/98 1158/332/98 760/637/98
f 722/583/618 685/632/618 765/632/618 1163/583/618
f 681/638/646 682/639/646 762/639/646 761/638/646
f 677/640/618 716/333/618 1159/333/618 757/640/618
f 686/633/98 721/264/98 1164/264/98 766/633/98
f 679/634/647 680/637/647 760/637/647 759/634/647
f 593/346/98 599/347/98 669/347/98 724/346/98
f 574/209/618 570/621/618 715/621/618 662/209/618
f 604/628/113 603/627/113 703/627/113 704/628/113
f 606/629/618 600/347/618 670/347/618 672/629/618
f 569/333/98 573/430/98 661/430/98 659/333/98
f 548/263/618 545/316/618 649/316/618 652/263/618
f 599/347/98 605/252/98 671/252/98 669/347/98
f 578/335/618 574/209/618 662/209/618 664/335/618
f 546/316/98 547/584/98 651/584/98 650/316/98
f 545/316/618 604/628/618 704/628/618 649/316/618
f 573/430/98 577/335/98 663/335/98 661/430/98
f 560/326/618 556/623/618 692/623/618 654/326/618
f 603/627/98 546/316/98 650/316/98 703/627/98
f 582/617/618 578/335/618 664/335/618 698/617/618
f 555/624/98 559/326/98 653/326/98 691/624/98
f 549/625/618 606/629/618 672/629/618 689/625/618
f 577/335/98 581/616/98 697/616/98 663/335/98
f 564/328/618 560/326/618 654/326/618 656/328/618
f 605/252/98 550/626/98 690/626/98 671/252/98
f 590/264/618 548/263/618 652/263/618 666/264/618
f 559/326/98 563/328/98 712/328/98 653/326/98
f 550/626/119 549/625/119 689/625/119 690/626/119
f 547/584/98 589/583/98 665/583/98 651/584/98
f 568/598/618 564/328/618 656/328/618 658/598/618
f 673/641/646 674/642/646 690/626/646 689/625/646
f 675/643/643 676/644/643 692/623/643 691/624/643
f 677/640/645 678/640/645 694/622/645 693/619/645
f 680/637/648 679/634/648 695/611/648 696/615/648
f 682/639/644 681/638/644 697/616/644 698/617/644
f 683/636/649 684/635/649 700/612/649 699/613/649
f 686/633/647 685/632/647 701/607/647 702/608/647
f 687/631/650 688/630/650 704/628/650 703/627/650
f 705/316/104 706/263/104 652/263/104 649/316/104
f 708/584/104 707/316/104 650/316/104 651/584/104
f 676/644/643 709/326/643 654/326/643 692/623/643
f 710/326/643 675/643/643 691/624/643 653/326/643
f 709/326/110 711/328/110 656/328/110 654/326/110
f 655/328/110 710/326/110 653/326/110 712/328/110
f 711/328/112 713/332/112 658/598/112 656/328/112
f 657/610/112 655/328/112 712/328/112 714/610/112
f 678/640/645 660/621/645 715/621/645 694/622/645
f 716/333/645 677/640/645 693/619/645 659/333/645
f 713/332/648 680/637/648 696/615/648 658/598/648
f 679/634/648 657/610/648 714/610/648 695/611/648
f 660/621/115 717/209/115 662/209/115 715/621/115
f 718/430/115 716/333/115 659/333/115 661/430/115
f 717/209/117 719/335/117 664/335/117 662/209/117
f 720/335/117 718/430/117 661/430/117 663/335/117
f 719/335/644 682/639/644 698/617/644 664/335/644
f 681/638/644 720/335/644 663/335/644 697/616/644
f 706/263/123 721/264/123 666/264/123 652/263/123
f 722/583/123 708/584/123 651/584/123 665/583/123
f 684/635/649 668/588/649 723/588/649 700/612/649
f 667/346/649 683/636/649 699/613/649 724/346/649
f 721/264/647 686/633/647 702/608/647 666/264/647
f 685/632/647 722/583/647 665/583/647 701/607/647
f 668/588/128 725/347/128 670/347/128 723/588/128
f 726/347/128 667/346/128 724/346/128 669/347/128
f 725/347/97 727/629/97 672/629/97 670/347/97
f 728/252/97 726/347/97 669/347/97 671/252/97
f 688/630/650 705/316/650 649/316/650 704/628/650
f 707/316/650 687/631/650 703/627/650 650/316/650
f 727/629/646 673/641/646 689/625/646 672/629/646
f 674/642/646 728/252/646 671/252/646 690/626/646
f 726/347/618 728/252/618 1167/252/618 749/347/618
f 719/335/98 717/209/98 742/209/98 1162/335/98
f 707/316/618 708/584/618 731/584/618 1154/316/618
f 705/316/98 688/630/98 768/630/98 1153/316/98
f 718/430/618 720/335/618 1161/335/618 741/430/618
f 709/326/98 676/644/98 756/644/98 1156/326/98
f 687/631/618 707/316/618 1154/316/618 767/631/618
f 682/639/98 719/335/98 1162/335/98 762/639/98
f 675/643/618 710/326/618 1155/326/618 755/643/618
f 673/641/98 727/629/98 1168/629/98 753/641/98
f 720/335/618 681/638/618 761/638/618 1161/335/618
f 711/328/98 709/326/98 1156/326/98 736/328/98
f 728/252/618 674/642/618 754/642/618 1167/252/618
f 721/264/98 706/263/98 732/263/98 1164/264/98
f 710/326/618 655/328/618 735/328/618 1155/326/618
f 674/642/648 673/641/648 753/641/648 754/642/648
f 708/584/618 722/583/618 1163/583/618 731/584/618
f 713/332/98 711/328/98 736/328/98 1158/332/98
f 676/644/659 675/643/659 755/643/659 756/644/659
f 668/588/98 684/635/98 764/635/98 1166/588/98
f 655/328/618 657/610/618 1157/610/618 735/328/618
f 678/640/650 677/640/650 757/640/650 758/640/650
f 683/636/618 667/346/618 1165/346/618 763/636/618
f 660/621/98 678/640/98 758/640/98 1160/621/98
f 482/662/98 483/663/98 1202/549/98 1201/548/98
f 483/663/98 485/664/98 1203/551/98 1202/549/98
f 485/664/98 487/665/98 1204/552/98 1203/551/98
f 487/665/98 489/666/98 1205/553/98 1204/552/98
f 489/666/98 491/667/98 1206/554/98 1205/553/98
f 491/667/98 493/668/98 1207/555/98 1206/554/98
f 493/668/98 495/544/98 1208/556/98 1207/555/98
f 495/544/98 497/543/98 1209/557/98 1208/556/98
f 497/543/98 499/669/98 1210/558/98 1209/557/98
f 499/669/98 501/670/98 1211/559/98 1210/558/98
f 501/670/98 503/671/98 1212/560/98 1211/559/98
f 503/671/98 505/672/98 1213/561/98 1212/560/98
f 505/672/98 507/673/98 1214/562/98 1213/561/98
f 507/673/98 509/674/98 1215/563/98 1214/562/98
f 509/674/98 511/675/98 1216/564/98 1215/563/98
f 511/675/98 513/676/98 1217/565/98 1216/564/98
f 513/676/98 515/677/98 1218/566/98 1217/565/98
f 515/677/98 517/678/98 1219/567/98 1218/566/98
f 517/678/98 519/679/98 1220/568/98 1219/567/98
f 519/679/98 521/680/98 1221/569/98 1220/568/98
f 521/680/98 523/681/98 1222/570/98 1221/569/98
f 523/681/98 525/682/98 1223/571/98 1222/570/98
f 525/682/98 527/683/98 1224/572/98 1223/571/98
f 527/683/98 529/684/98 1225/573/98 1224/572/98
f 529/684/98 531/685/98 1226/574/98 1225/573/98
f 531/685/98 533/686/98 1227/575/98 1226/574/98
f 533/686/98 535/687/98 1228/576/98 1227/575/98
f 535/687/98 537/688/98 1229/577/98 1228/576/98
f 537/688/98 539/689/98 1230/578/98 1229/577/98
f 539/689/98 541/690/98 1231/579/98 1230/578/98
f 541/690/98 543/691/98 1232/580/98 1231/579/98
f 543/691/98 482/662/98 1201/548/98 1232/580/98
s 1
f 525/682/178 523/681/176 1286/681/176 1287/682/178
f 499/669/216 497/543/214 1273/543/214 1274/669/216
f 527/683/180 525/682/178 1287/682/178 1288/683/180
f 501/670/218 499/669/216 1274/669/216 1275/670/218
f 529/684/182 527/683/180 1288/683/180 1289/684/182
f 503/671/220 501/670/218 1275/670/218 1276/671/220
f 531/685/184 529/684/182 1289/684/182 1290/685/184
f 505/672/222 503/671/220 1276/671/220 1277/672/222
f 533/686/186 531/685/184 1290/685/184 1291/686/186
f 507/673/224 505/672/222 1277/672/222 1278/673/224
f 535/687/188 533/686/186 1291/686/186 1292/687/188
f 509/674/226 507/673/224 1278/673/224 1279/674/226
f 483/663/200 482/662/198 1265/662/198 1266/663/200
f 537/688/190 535/687/188 1292/687/188 1293/688/190
f 511/675/228 509/674/226 1279/674/226 1280/675/228
f 485/664/202 483/663/200 1266/663/200 1267/664/202
f 539/689/192 537/688/190 1293/688/190 1294/689/192
f 513/676/167 511/675/228 1280/675/228 1281/676/167
f 487/665/204 485/664/202 1267/664/202 1268/665/204
f 541/690/194 539/689/192 1294/689/192 1295/690/194
f 515/677/166 513/676/167 1281/676/167 1282/677/166
f 489/666/206 487/665/204 1268/665/204 1269/666/206
f 543/691/196 541/690/194 1295/690/194 1296/691/196
f 517/678/170 515/677/166 1282/677/166 1283/678/170
f 491/667/208 489/666/206 1269/666/206 1270/667/208
f 482/662/198 543/691/196 1296/691/196 1265/662/198
f 519/679/172 517/678/170 1283/678/170 1284/679/172
f 493/668/210 491/667/208 1270/667/208 1271/668/210
f 521/680/174 519/679/172 1284/679/172 1285/680/174
f 495/544/212 493/668/210 1271/668/210 1272/544/212
f 523/681/176 521/680/174 1285/680/174 1286/681/176
s 0
usemtl M_Noir_Profond
f 67/176/97 65/177/97 145/177/97 146/176/97
f 41/182/100 39/181/100 132/181/100 133/182/100
f 95/207/101 93/206/101 159/206/101 160/207/101
f 69/194/102 67/176/102 146/176/102 147/194/102
f 43/183/103 41/182/103 133/182/103 134/183/103
f 33/178/104 95/207/104 160/207/104 129/178/104
f 71/195/105 69/194/105 147/194/105 148/195/105
f 45/184/106 43/183/106 134/183/106 135/184/106
f 73/196/107 71/195/107 148/195/107 149/196/107
f 47/185/108 45/184/108 135/184/108 136/185/108
f 75/197/109 73/196/109 149/196/109 150/197/109
f 49/186/110 47/185/110 136/185/110 137/186/110
f 77/198/111 75/197/111 150/197/111 151/198/111
f 51/187/112 49/186/112 137/186/112 138/187/112
f 79/199/113 77/198/113 151/198/113 152/199/113
f 53/188/114 51/187/114 138/187/114 139/188/114
f 81/200/115 79/199/115 152/199/115 153/200/115
f 55/189/116 53/188/116 139/188/116 140/189/116
f 83/201/117 81/200/117 153/200/117 154/201/117
f 57/190/118 55/189/118 140/189/118 141/190/118
f 85/202/119 83/201/119 154/201/119 155/202/119
f 59/191/120 57/190/120 141/190/120 142/191/120
f 87/203/121 85/202/121 155/202/121 156/203/121
f 61/192/122 59/191/122 142/191/122 143/192/122
f 35/179/123 33/178/123 129/178/123 130/179/123
f 89/204/124 87/203/124 156/203/124 157/204/124
f 63/193/125 61/192/125 143/192/125 144/193/125
f 37/180/126 35/179/126 130/179/126 131/180/126
f 91/205/127 89/204/127 157/204/127 158/205/127
f 65/177/128 63/193/128 144/193/128 145/177/128
f 39/181/129 37/180/129 131/180/129 132/181/129
f 93/206/130 91/205/130 158/205/130 159/206/130
f 219/212/119 218/213/119 250/213/119 251/212/119
s 1
f 835/262/162 834/238/163 1031/263/164 1115/264/165
f 893/249/230 891/310/231 1131/310/232 1143/311/233
s 0
f 206/224/120 205/220/120 237/220/120 238/224/120
f 220/226/121 219/212/121 251/212/121 252/226/121
f 207/229/122 206/224/122 238/224/122 239/229/122
f 194/262/123 193/238/123 225/238/123 226/262/123
f 221/231/124 220/226/124 252/226/124 253/231/124
f 208/234/125 207/229/125 239/229/125 240/234/125
f 195/245/126 194/262/126 226/262/126 227/245/126
f 222/241/127 221/231/127 253/231/127 254/241/127
f 209/243/128 208/234/128 240/234/128 241/243/128
f 196/246/129 195/245/129 227/245/129 228/246/129
f 223/249/130 222/241/130 254/241/130 255/249/130
f 210/252/97 209/243/97 241/243/97 242/252/97
f 197/254/100 196/246/100 228/246/100 229/254/100
f 224/237/101 223/249/101 255/249/101 256/237/101
f 211/258/102 210/252/102 242/252/102 243/258/102
f 198/260/103 197/254/103 229/254/103 230/260/103
f 193/238/104 224/237/104 256/237/104 225/238/104
f 212/265/105 211/258/105 243/258/105 244/265/105
f 199/267/106 198/260/106 230/260/106 231/267/106
f 213/271/107 212/265/107 244/265/107 245/271/107
f 200/274/108 199/267/108 231/267/108 232/274/108
f 214/276/109 213/271/109 245/271/109 246/276/109
f 201/278/110 200/274/110 232/274/110 233/278/110
f 215/280/111 214/276/111 246/276/111 247/280/111
f 202/283/112 201/278/112 233/278/112 234/283/112
f 216/208/113 215/280/113 247/280/113 248/208/113
f 203/214/114 202/283/114 234/283/114 235/214/114
f 217/209/115 216/208/115 248/208/115 249/209/115
f 204/215/116 203/214/116 235/214/116 236/215/116
f 218/213/117 217/209/117 249/209/117 250/213/117
f 205/220/118 204/215/118 236/215/118 237/220/118
s 1
f 1114/264/234 1030/238/235 897/238/168 900/262/169
f 867/252/236 865/312/237 1135/313/238 1147/314/239
f 841/254/240 839/246/241 1139/246/242 1151/315/243
f 895/237/244 893/311/230 1143/249/233 1026/316/245
f 869/258/246 867/252/236 1147/314/239 1034/258/247
f 843/260/248 841/254/240 1151/315/243 1042/317/249
s 0
f 257/318/98 258/319/98 899/320/98 898/321/98
s 1
f 871/265/250 869/258/246 1034/258/247 1039/322/251
f 845/323/252 843/260/248 1042/317/249 1047/323/253
f 837/245/254 835/264/162 1115/264/165 1127/324/255
f 873/271/256 871/265/250 1039/322/251 1051/325/257
f 847/274/258 845/323/252 1047/323/253 1055/326/259
f 875/276/260 873/271/256 1051/325/257 1059/327/261
f 849/328/262 847/274/258 1055/326/259 1063/328/263
f 877/280/264 875/329/260 1059/330/261 1067/331/265
f 851/283/266 849/328/262 1063/328/263 1071/332/267
f 879/208/268 877/280/264 1067/331/265 1075/333/269
f 853/214/270 851/332/266 1071/332/267 1079/214/271
f 881/209/272 879/333/268 1075/208/269 1083/209/273
f 855/215/274 853/214/270 1079/214/271 1087/334/275
f 883/213/276 881/209/272 1083/209/273 1091/335/277
f 857/220/278 855/336/274 1087/337/275 1095/338/279
f 885/212/280 883/213/276 1091/335/277 1099/339/281
f 859/340/282 857/220/278 1095/338/279 1103/341/283
f 887/226/284 885/212/280 1099/339/281 1107/226/285
f 861/342/286 859/224/282 1103/343/283 1111/342/287
f 889/231/288 887/226/284 1107/344/285 1119/345/289
f 863/234/290 861/342/286 1111/342/287 1123/346/291
f 834/238/163 895/237/244 1026/316/245 1031/263/164
f 891/310/231 889/231/288 1119/345/289 1131/310/232
f 865/312/237 863/234/290 1123/346/291 1135/347/238
f 839/246/241 837/245/254 1127/324/255 1139/246/242
s 0
f 276/350/98 277/351/98 937/352/98 935/353/98
f 263/354/98 264/355/98 911/356/98 909/357/98
f 277/351/98 278/358/98 939/359/98 937/360/98
f 264/355/98 265/361/98 913/362/98 911/363/98
f 278/358/98 279/364/98 941/365/98 939/359/98
f 265/361/98 266/366/98 915/367/98 913/368/98
f 279/364/98 280/369/98 943/370/98 941/365/98
f 266/366/98 267/371/98 917/372/98 915/373/98
f 280/369/98 281/374/98 945/375/98 943/370/98
f 267/371/98 268/376/98 919/377/98 917/378/98
f 281/374/98 282/379/98 947/380/98 945/375/98
f 268/376/98 269/381/98 921/382/98 919/377/98
f 282/379/98 283/349/98 949/383/98 947/380/98
f 269/381/98 270/384/98 923/385/98 921/386/98
f 283/349/98 284/348/98 951/387/98 949/383/98
f 270/384/98 271/388/98 925/389/98 923/390/98
f 284/348/98 285/391/98 953/392/98 951/387/98
f 271/388/98 272/393/98 927/394/98 925/395/98
f 288/396/98 257/318/98 898/321/98 959/397/98
f 285/391/98 286/398/98 955/399/98 953/392/98
f 272/393/98 273/400/98 929/401/98 927/394/98
f 259/402/98 260/403/98 903/404/98 901/405/98
f 286/398/98 287/406/98 957/407/98 955/399/98
f 273/400/98 274/408/98 931/409/98 929/401/98
f 260/403/98 261/410/98 905/411/98 903/412/98
f 287/406/98 288/396/98 959/397/98 957/407/98
f 274/408/98 275/413/98 933/414/98 931/409/98
f 261/410/98 262/415/98 907/416/98 905/417/98
f 275/413/98 276/350/98 935/418/98 933/414/98
f 262/415/98 263/354/98 909/357/98 907/416/98
s 1
f 1030/238/235 1027/316/298 960/237/229 897/238/168
f 1126/245/299 1114/264/234 900/262/169 902/245/171
f 1138/419/300 1126/245/299 902/245/171 904/419/173
f 1150/254/301 1138/419/300 904/246/173 906/254/175
f 1043/420/302 1150/254/301 906/254/175 908/260/177
f 1046/421/303 1043/420/302 908/260/177 910/422/179
f 1054/326/304 1046/423/303 910/267/179 912/274/181
f 1062/424/305 1054/326/304 912/274/181 914/328/183
f 1070/425/306 1062/424/305 914/328/183 916/283/185
f 1078/214/307 1070/332/306 916/426/185 918/214/187
f 1086/215/308 1078/214/307 918/214/187 920/215/189
f 1094/338/309 1086/337/308 920/337/189 922/220/191
f 1102/343/310 1094/338/309 922/220/191 924/224/193
f 1110/342/311 1102/343/310 924/224/193 926/229/195
f 1122/346/312 1110/342/311 926/229/195 928/234/197
f 1134/347/313 1122/346/312 928/234/197 930/243/199
f 1146/252/314 1134/347/313 930/243/199 932/252/201
f 1035/258/315 1146/252/314 932/252/201 934/258/203
f 1038/265/316 1035/258/315 934/258/203 936/265/205
f 1050/325/317 1038/265/316 936/265/205 938/271/207
f 1058/276/318 1050/325/317 938/271/207 940/276/209
f 1066/427/319 1058/276/318 940/276/209 942/427/211
f 1074/333/320 1066/428/319 942/280/211 944/208/213
f 1082/209/321 1074/429/320 944/208/213 946/209/215
f 1090/213/322 1082/430/321 946/209/215 948/213/217
f 1098/431/323 1090/213/322 948/213/217 950/431/219
f 1106/226/324 1098/432/323 950/212/219 952/226/221
f 1118/231/325 1106/226/324 952/226/221 954/231/223
f 1130/241/326 1118/231/325 954/231/223 956/310/225
f 1142/433/327 1130/310/326 956/241/225 958/249/227
f 1027/316/298 1142/433/327 958/249/227 960/237/229
s 0
f 258/319/98 259/402/98 901/434/98 899/435/98
f 1025/316/376 1144/433/376 624/433/376 625/438/376
f 417/497/98 418/498/98 450/466/98 449/465/98
f 418/498/98 419/499/98 451/467/98 450/466/98
f 419/499/98 420/500/98 452/468/98 451/467/98
f 420/500/98 421/501/98 453/469/98 452/468/98
f 421/501/98 422/502/98 454/470/98 453/469/98
f 422/502/98 423/503/98 455/471/98 454/470/98
f 423/503/98 424/504/98 456/472/98 455/471/98
f 424/504/98 425/505/98 457/473/98 456/472/98
f 425/505/98 426/506/98 458/474/98 457/473/98
f 426/506/98 427/507/98 459/475/98 458/474/98
f 427/507/98 428/508/98 460/476/98 459/475/98
f 428/508/98 429/509/98 461/477/98 460/476/98
f 429/509/98 430/510/98 462/478/98 461/477/98
f 430/510/98 431/511/98 463/479/98 462/478/98
f 431/511/98 432/512/98 464/480/98 463/479/98
f 432/512/98 433/496/98 465/481/98 464/480/98
f 433/496/98 434/495/98 466/482/98 465/481/98
f 434/495/98 435/513/98 467/483/98 466/482/98
f 435/513/98 436/514/98 468/484/98 467/483/98
f 436/514/98 437/515/98 469/485/98 468/484/98
f 437/515/98 438/516/98 470/486/98 469/485/98
f 438/516/98 439/517/98 471/464/98 470/486/98
f 439/517/98 440/518/98 472/463/98 471/464/98
f 440/518/98 441/519/98 473/487/98 472/463/98
f 441/519/98 442/520/98 474/488/98 473/487/98
f 442/520/98 443/521/98 475/489/98 474/488/98
f 443/521/98 444/522/98 476/490/98 475/489/98
f 444/522/98 445/523/98 477/491/98 476/490/98
f 445/523/98 446/524/98 478/492/98 477/491/98
f 446/524/98 447/525/98 479/493/98 478/492/98
f 447/525/98 448/526/98 480/494/98 479/493/98
f 448/526/98 417/497/98 449/465/98 480/494/98
f 630/326/548 611/421/548 1045/421/548 1053/326/548
f 557/325/550 551/581/550 1037/265/550 1049/325/550
f 642/583/552 628/584/552 1029/238/552 1113/264/552
f 1152/315/554 1140/246/554 602/246/554 608/315/554
f 1148/314/556 1136/347/556 645/347/556 647/314/556
f 1144/433/558 1132/587/558 598/310/558 624/433/558
f 1140/246/560 1128/245/560 622/245/560 602/246/560
f 1136/347/562 1124/346/562 643/588/562 645/347/562
f 1132/310/564 1120/589/564 592/589/564 598/310/564
f 1128/324/566 1116/264/566 641/264/566 622/245/566
f 1124/346/568 1112/342/568 620/590/568 643/588/568
f 1120/589/570 1108/344/570 586/344/570 592/589/570
f 1116/264/572 1032/263/572 626/263/572 641/264/572
f 1112/342/574 1104/592/574 584/343/574 620/590/574
f 1108/344/576 1100/339/576 618/339/576 586/344/576
f 1104/343/578 1096/338/578 580/338/578 584/343/578
f 1100/339/580 1092/335/580 639/335/580 618/339/580
f 1096/338/582 1088/337/582 576/594/582 580/338/582
f 1092/335/584 1084/209/584 637/209/584 639/335/584
f 1088/337/586 1080/214/586 616/214/586 576/594/586
f 1084/209/588 1076/596/588 635/208/588 637/209/588
f 1080/214/590 1072/425/590 633/598/590 616/214/590
f 1076/208/592 1068/280/592 614/280/592 635/208/592
f 1072/332/594 1064/328/594 631/328/594 633/598/594
f 1068/280/596 1060/330/596 562/276/596 614/280/596
f 1064/328/598 1056/326/598 629/326/598 631/328/598
f 1060/276/600 1052/325/600 558/325/600 562/276/600
f 1056/326/602 1048/323/602 612/267/602 629/326/602
f 1052/325/604 1040/322/604 552/601/604 558/325/604
f 554/603/606 607/604/606 1149/315/606 1044/603/606
f 610/605/608 648/606/608 1145/252/608 1036/258/608
f 627/316/610 623/249/610 1141/433/610 1028/316/610
f 628/584/611 627/316/611 1028/316/611 1029/238/611
f 551/581/612 610/605/612 1036/258/612 1037/265/612
f 611/421/613 554/603/613 1044/420/613 1045/421/613
f 1041/317/614 1152/315/614 608/315/614 553/609/614
f 561/276/615 557/325/615 1049/325/615 1057/276/615
f 632/328/616 630/326/616 1053/326/616 1061/328/616
f 613/280/617 561/276/617 1057/276/617 1065/427/617
f 634/610/619 632/328/619 1061/424/619 1069/598/619
f 636/333/620 613/280/620 1065/280/620 1073/333/620
f 615/214/621 634/610/621 1069/598/621 1077/614/621
f 638/430/622 636/333/622 1073/208/622 1081/209/622
f 575/594/623 615/214/623 1077/214/623 1085/337/623
f 640/335/624 638/430/624 1081/209/624 1089/618/624
f 579/338/625 575/594/625 1085/337/625 1093/338/625
f 617/620/626 640/335/626 1089/213/626 1097/620/626
f 583/341/627 579/338/627 1093/338/627 1101/343/627
f 585/226/628 617/620/628 1097/432/628 1105/226/628
f 619/590/629 583/341/629 1101/343/629 1109/342/629
f 591/589/630 585/226/630 1105/226/630 1117/231/630
f 1033/258/631 1148/314/631 647/314/631 609/258/631
f 644/346/632 619/590/632 1109/342/632 1121/346/632
f 621/245/633 642/583/633 1113/264/633 1125/245/633
f 597/310/634 591/589/634 1117/231/634 1129/310/634
f 646/347/635 644/346/635 1121/346/635 1133/347/635
f 601/419/636 621/245/636 1125/245/636 1137/246/636
f 623/249/637 597/310/637 1129/310/637 1141/433/637
f 648/606/638 646/347/638 1133/347/638 1145/252/638
f 607/604/639 601/419/639 1137/419/639 1149/315/639
f 1032/263/640 1025/438/640 625/438/640 626/263/640
f 1040/322/641 1033/258/641 609/258/641 552/601/641
f 1048/323/642 1041/609/642 553/609/642 612/267/642
f 738/645/98 1171/328/98 1180/328/98 1190/645/98
f 1156/326/651 756/644/651 755/643/651 1155/326/651
f 1170/584/618 745/646/618 1195/646/618 1177/584/618
f 743/647/97 744/648/97 1194/648/97 1193/647/97
f 1160/621/652 758/640/652 757/640/652 1159/333/652
f 760/637/653 1158/332/653 1157/610/653 759/634/653
f 733/649/618 1172/328/618 1179/328/618 1187/649/618
f 746/650/98 1169/263/98 1178/263/98 1196/650/98
f 762/639/654 1162/335/654 1161/335/654 761/638/654
f 740/651/104 739/652/104 1191/652/104 1192/651/104
f 1166/588/655 764/635/655 763/636/655 1165/346/655
f 766/633/656 1164/264/656 1163/583/656 765/632/656
f 1171/328/98 734/653/98 1188/653/98 1180/328/98
f 1174/209/618 743/647/618 1193/647/618 1181/209/618
f 1153/316/657 768/630/657 767/631/657 1154/316/657
f 753/641/658 1168/629/658 1167/252/658 754/642/658
s 1
f 834/238/163 835/262/162 836/262/660 833/238/661
f 835/264/162 837/245/254 838/245/662 836/262/660
f 837/245/254 839/246/241 840/585/663 838/245/662
f 839/246/241 841/254/240 842/254/664 840/585/663
f 841/254/240 843/260/248 844/260/665 842/254/664
f 843/260/248 845/323/252 846/602/666 844/260/665
f 845/323/252 847/274/258 848/274/667 846/267/666
f 847/274/258 849/328/262 850/328/668 848/274/667
f 849/328/262 851/283/266 852/283/669 850/328/668
f 851/332/266 853/214/270 854/597/670 852/283/669
f 853/214/270 855/215/274 856/215/671 854/214/670
f 855/336/274 857/220/278 858/220/672 856/215/671
f 857/220/278 859/340/282 860/224/673 858/220/672
f 859/224/282 861/342/286 862/591/674 860/340/673
f 861/342/286 863/234/290 864/234/675 862/229/674
f 863/234/290 865/312/237 866/243/676 864/234/675
f 865/312/237 867/252/236 868/252/677 866/243/676
f 867/252/236 869/258/246 870/258/678 868/252/677
f 869/258/246 871/265/250 872/265/679 870/258/678
f 871/265/250 873/271/256 874/271/680 872/265/679
f 873/271/256 875/276/260 876/600/681 874/271/680
f 875/329/260 877/280/264 878/599/682 876/276/681
f 877/280/264 879/208/268 880/208/683 878/280/682
f 879/333/268 881/209/272 882/595/684 880/208/683
f 881/209/272 883/213/276 884/213/685 882/209/684
f 883/213/276 885/212/280 886/212/686 884/213/685
f 885/212/280 887/226/284 888/593/687 886/212/686
f 887/226/284 889/231/288 890/231/688 888/226/687
f 889/231/288 891/310/231 892/241/689 890/231/688
f 891/310/231 893/249/230 894/586/690 892/241/689
f 893/311/230 895/237/244 896/582/691 894/249/690
f 895/237/244 834/238/163 833/238/661 896/237/691
f 898/321/515 899/320/516 900/262/169 897/238/168
f 899/435/516 901/434/517 902/245/171 900/262/169
f 901/405/517 903/404/518 904/419/173 902/245/171
f 903/412/518 905/411/519 906/254/175 904/246/173
f 905/417/519 907/416/520 908/260/177 906/254/175
f 907/416/520 909/357/521 910/422/179 908/260/177
f 909/357/521 911/356/522 912/274/181 910/267/179
f 911/363/522 913/362/523 914/328/183 912/274/181
f 913/368/523 915/367/524 916/283/185 914/328/183
f 915/373/524 917/372/525 918/214/187 916/426/185
f 917/378/525 919/377/526 920/215/189 918/214/187
f 919/377/526 921/382/527 922/220/191 920/337/189
f 921/386/527 923/385/528 924/224/193 922/220/191
f 923/390/528 925/389/529 926/229/195 924/224/193
f 925/395/529 927/394/530 928/234/197 926/229/195
f 927/394/530 929/401/531 930/243/199 928/234/197
f 929/401/531 931/409/532 932/252/201 930/243/199
f 931/409/532 933/414/533 934/258/203 932/252/201
f 933/414/533 935/418/534 936/265/205 934/258/203
f 935/353/534 937/352/535 938/271/207 936/265/205
f 937/360/535 939/359/536 940/276/209 938/271/207
f 939/359/536 941/365/537 942/427/211 940/276/209
f 941/365/537 943/370/538 944/208/213 942/280/211
f 943/370/538 945/375/539 946/209/215 944/208/213
f 945/375/539 947/380/540 948/213/217 946/209/215
f 947/380/540 949/383/541 950/431/219 948/213/217
f 949/383/541 951/387/542 952/226/221 950/212/219
f 951/387/542 953/392/543 954/231/223 952/226/221
f 953/392/543 955/399/544 956/310/225 954/231/223
f 955/399/544 957/407/545 958/249/227 956/241/225
f 957/407/545 959/397/546 960/237/229 958/249/227
f 959/397/546 898/321/515 897/238/168 960/237/229
f 1152/315/724 1041/317/725 1042/317/249 1151/315/243
f 1150/254/301 1043/420/302 1044/603/726 1149/315/727
f 1148/314/728 1033/258/729 1034/258/247 1147/314/239
f 1146/252/314 1035/258/315 1036/258/730 1145/252/731
f 1144/433/732 1025/316/733 1026/316/245 1143/249/233
f 1142/433/327 1027/316/298 1028/316/734 1141/433/735
f 1140/246/736 1152/315/724 1151/315/243 1139/246/242
f 1138/419/300 1150/254/301 1149/315/727 1137/419/737
f 1136/347/738 1148/314/728 1147/314/239 1135/313/238
f 1134/347/313 1146/252/314 1145/252/731 1133/347/739
f 1132/587/740 1144/433/732 1143/311/233 1131/310/232
f 1130/310/326 1142/433/327 1141/433/735 1129/310/741
f 1128/245/742 1140/246/736 1139/246/242 1127/324/255
f 1126/245/299 1138/419/300 1137/246/737 1125/245/743
f 1124/346/744 1136/347/738 1135/347/238 1123/346/291
f 1122/346/312 1134/347/313 1133/347/739 1121/346/745
f 1120/589/746 1132/310/740 1131/310/232 1119/345/289
f 1118/231/325 1130/241/326 1129/310/741 1117/231/747
f 1116/264/748 1128/324/742 1127/324/255 1115/264/165
f 1114/264/234 1126/245/299 1125/245/743 1113/264/749
f 1112/342/750 1124/346/744 1123/346/291 1111/342/287
f 1110/342/311 1122/346/312 1121/346/745 1109/342/751
f 1108/344/752 1120/589/746 1119/345/289 1107/344/285
f 1106/226/324 1118/231/325 1117/231/747 1105/226/753
f 1032/263/754 1116/264/748 1115/264/165 1031/263/164
f 1030/238/235 1114/264/234 1113/264/749 1029/238/755
f 1104/592/756 1112/342/750 1111/342/287 1103/343/283
f 1102/343/310 1110/342/311 1109/342/751 1101/343/757
f 1100/339/758 1108/344/752 1107/226/285 1099/339/281
f 1098/432/323 1106/226/324 1105/226/753 1097/432/759
f 1096/338/760 1104/343/756 1103/341/283 1095/338/279
f 1094/338/309 1102/343/310 1101/343/757 1093/338/761
f 1092/335/762 1100/339/758 1099/339/281 1091/335/277
f 1090/213/322 1098/431/323 1097/620/759 1089/213/763
f 1088/337/764 1096/338/760 1095/338/279 1087/337/275
f 1086/337/308 1094/338/309 1093/338/761 1085/337/765
f 1084/209/766 1092/335/762 1091/335/277 1083/209/273
f 1082/430/321 1090/213/322 1089/618/763 1081/209/767
f 1080/214/768 1088/337/764 1087/334/275 1079/214/271
f 1078/214/307 1086/215/308 1085/337/765 1077/214/769
f 1076/596/770 1084/209/766 1083/209/273 1075/208/269
f 1074/429/320 1082/209/321 1081/209/767 1073/208/771
f 1072/425/772 1080/214/768 1079/214/271 1071/332/267
f 1070/332/306 1078/214/307 1077/614/769 1069/598/773
f 1068/280/774 1076/208/770 1075/333/269 1067/331/265
f 1066/428/319 1074/333/320 1073/333/771 1065/280/775
f 1064/328/776 1072/332/772 1071/332/267 1063/328/263
f 1062/424/305 1070/425/306 1069/598/773 1061/424/777
f 1060/330/778 1068/280/774 1067/331/265 1059/330/261
f 1058/276/318 1066/427/319 1065/427/775 1057/276/779
f 1056/326/780 1064/328/776 1063/328/263 1055/326/259
f 1054/326/304 1062/424/305 1061/328/777 1053/326/781
f 1052/325/782 1060/276/778 1059/327/261 1051/325/257
f 1050/325/317 1058/276/318 1057/276/779 1049/325/783
f 1048/323/784 1056/326/780 1055/326/259 1047/323/253
f 1046/423/303 1054/326/304 1053/326/781 1045/421/785
f 1040/322/786 1052/325/782 1051/325/257 1039/322/251
f 1038/265/316 1050/325/317 1049/325/783 1037/265/787
f 1041/609/725 1048/323/784 1047/323/253 1042/317/249
f 1043/420/302 1046/421/303 1045/421/785 1044/420/726
f 1033/258/729 1040/322/786 1039/322/251 1034/258/247
f 1035/258/315 1038/265/316 1037/265/787 1036/258/730
f 1025/438/733 1032/263/754 1031/263/164 1026/316/245
f 1027/316/298 1030/238/235 1029/238/755 1028/316/734
s 0
f 730/655/104 729/656/104 1153/316/104 1154/316/104
f 733/649/110 734/653/110 1156/326/110 1155/326/110
f 738/645/112 737/657/112 1157/610/112 1158/332/112
f 739/652/115 740/651/115 1160/621/115 1159/333/115
f 744/648/117 743/647/117 1161/335/117 1162/335/117
f 746/650/123 745/646/123 1163/583/123 1164/264/123
f 747/658/128 748/659/128 1166/588/128 1165/346/128
f 752/660/97 751/661/97 1167/252/97 1168/629/97
f 729/656/104 1169/263/104 732/263/104 1153/316/104
f 1170/584/104 730/655/104 1154/316/104 731/584/104
f 734/653/110 1171/328/110 736/328/110 1156/326/110
f 1172/328/110 733/649/110 1155/326/110 735/328/110
f 1171/328/112 738/645/112 1158/332/112 736/328/112
f 737/657/112 1172/328/112 735/328/112 1157/610/112
f 740/651/115 1173/430/115 742/209/115 1160/621/115
f 1174/209/115 739/652/115 1159/333/115 741/430/115
f 1173/430/117 744/648/117 1162/335/117 742/209/117
f 743/647/117 1174/209/117 741/430/117 1161/335/117
f 1169/263/123 746/650/123 1164/264/123 732/263/123
f 745/646/123 1170/584/123 731/584/123 1163/583/123
f 748/659/128 1175/347/128 750/347/128 1166/588/128
f 1176/347/128 747/658/128 1165/346/128 749/347/128
f 1175/347/97 752/660/97 1168/629/97 750/347/97
f 751/661/97 1176/347/97 749/347/97 1167/252/97
f 745/646/117 746/650/117 1196/650/117 1195/646/117
f 1175/347/98 748/659/98 1198/659/98 1184/347/98
f 1172/328/618 737/657/618 1189/657/618 1179/328/618
f 748/659/115 747/658/115 1197/658/115 1198/659/115
f 747/658/618 1176/347/618 1183/347/618 1197/658/618
f 1173/430/98 740/651/98 1192/651/98 1182/430/98
f 751/661/112 752/660/112 1200/660/112 1199/661/112
f 752/660/98 1175/347/98 1184/347/98 1200/660/98
f 729/656/110 730/655/110 1186/655/110 1185/656/110
f 739/652/618 1174/209/618 1181/209/618 1191/652/618
f 1169/263/98 729/656/98 1185/656/98 1178/263/98
f 1176/347/618 751/661/618 1199/661/618 1183/347/618
f 734/653/128 733/649/128 1187/649/128 1188/653/128
f 744/648/98 1173/430/98 1182/430/98 1194/648/98
f 730/655/618 1170/584/618 1177/584/618 1186/655/618
f 737/657/123 738/645/123 1190/645/123 1189/657/123
usemtl M_Orange
f 149/196/99 148/195/99 180/195/99 181/196/99
f 216/208/98 217/209/98 817/210/98 815/211/98
f 136/185/131 135/184/131 167/184/131 168/185/131
f 150/197/132 149/196/132 181/196/132 182/197/132
f 137/186/133 136/185/133 168/185/133 169/186/133
f 151/198/134 150/197/134 182/197/134 183/198/134
f 138/187/135 137/186/135 169/186/135 170/187/135
f 152/199/136 151/198/136 183/198/136 184/199/136
f 139/188/137 138/187/137 170/187/137 171/188/137
f 153/200/138 152/199/138 184/199/138 185/200/138
f 140/189/139 139/188/139 171/188/139 172/189/139
f 154/201/140 153/200/140 185/200/140 186/201/140
f 141/190/141 140/189/141 172/189/141 173/190/141
f 155/202/142 154/201/142 186/201/142 187/202/142
f 142/191/143 141/190/143 173/190/143 174/191/143
f 156/203/144 155/202/144 187/202/144 188/203/144
f 143/192/145 142/191/145 174/191/145 175/192/145
f 130/179/146 129/178/146 161/178/146 162/179/146
f 157/204/147 156/203/147 188/203/147 189/204/147
f 144/193/148 143/192/148 175/192/148 176/193/148
f 131/180/149 130/179/149 162/179/149 163/180/149
f 158/205/150 157/204/150 189/204/150 190/205/150
f 145/177/151 144/193/151 176/193/151 177/177/151
f 132/181/152 131/180/152 163/180/152 164/181/152
f 159/206/153 158/205/153 190/205/153 191/206/153
f 146/176/154 145/177/154 177/177/154 178/176/154
f 133/182/155 132/181/155 164/181/155 165/182/155
f 160/207/156 159/206/156 191/206/156 192/207/156
f 147/194/157 146/176/157 178/176/157 179/194/157
f 134/183/158 133/182/158 165/182/158 166/183/158
f 129/178/159 160/207/159 192/207/159 161/178/159
f 148/195/160 147/194/160 179/194/160 180/195/160
f 135/184/161 134/183/161 166/183/161 167/184/161
f 203/214/98 204/215/98 791/216/98 789/217/98
f 217/209/98 218/213/98 819/218/98 817/219/98
f 204/215/98 205/220/98 793/221/98 791/222/98
f 218/213/98 219/212/98 821/223/98 819/218/98
f 205/220/98 206/224/98 795/225/98 793/221/98
f 219/212/98 220/226/98 823/227/98 821/228/98
f 206/224/98 207/229/98 797/230/98 795/225/98
f 220/226/98 221/231/98 825/232/98 823/233/98
f 207/229/98 208/234/98 799/235/98 797/236/98
f 224/237/98 193/238/98 770/239/98 831/240/98
f 221/231/98 222/241/98 827/242/98 825/232/98
f 208/234/98 209/243/98 801/244/98 799/235/98
f 195/245/98 196/246/98 775/247/98 773/248/98
f 222/241/98 223/249/98 829/250/98 827/251/98
f 209/243/98 210/252/98 803/253/98 801/244/98
f 196/246/98 197/254/98 777/255/98 775/256/98
f 223/249/98 224/237/98 831/240/98 829/257/98
f 210/252/98 211/258/98 805/259/98 803/253/98
f 197/254/98 198/260/98 779/261/98 777/255/98
f 211/258/98 212/265/98 807/266/98 805/259/98
f 198/260/98 199/267/98 781/268/98 779/269/98
f 194/262/98 195/245/98 773/248/98 771/270/98
f 212/265/98 213/271/98 809/272/98 807/273/98
f 199/267/98 200/274/98 783/275/98 781/268/98
f 213/271/98 214/276/98 811/277/98 809/272/98
f 200/274/98 201/278/98 785/279/98 783/275/98
f 214/276/98 215/280/98 813/281/98 811/282/98
f 201/278/98 202/283/98 787/284/98 785/285/98
f 215/280/98 216/208/98 815/211/98 813/286/98
f 202/283/98 203/214/98 789/287/98 787/284/98
s 1
f 162/179/166 161/178/167 769/178/168 772/288/169
f 163/180/170 162/179/166 772/179/169 774/180/171
f 164/181/172 163/180/170 774/180/171 776/181/173
f 165/182/174 164/181/172 776/289/173 778/182/175
f 166/183/176 165/182/174 778/182/175 780/290/177
f 167/184/178 166/183/176 780/183/177 782/184/179
f 168/185/180 167/184/178 782/184/179 784/185/181
f 169/186/182 168/185/180 784/291/181 786/292/183
f 170/187/184 169/186/182 786/293/183 788/294/185
f 171/188/186 170/187/184 788/294/185 790/295/187
f 172/189/188 171/188/186 790/188/187 792/189/189
f 173/190/190 172/189/188 792/189/189 794/190/191
f 174/191/192 173/190/190 794/190/191 796/296/193
f 175/192/194 174/191/192 796/191/193 798/297/195
f 176/193/196 175/192/194 798/192/195 800/298/197
f 177/177/198 176/193/196 800/193/197 802/177/199
f 178/176/200 177/177/198 802/177/199 804/176/201
f 179/194/202 178/176/200 804/299/201 806/300/203
f 180/195/204 179/194/202 806/194/203 808/301/205
f 181/196/206 180/195/204 808/195/205 810/196/207
f 182/197/208 181/196/206 810/196/207 812/197/209
f 183/198/210 182/197/208 812/197/209 814/302/211
f 184/199/212 183/198/210 814/303/211 816/304/213
f 185/200/214 184/199/212 816/199/213 818/305/215
f 186/201/216 185/200/214 818/200/215 820/306/217
f 187/202/218 186/201/216 820/201/217 822/307/219
f 188/203/220 187/202/218 822/202/219 824/308/221
f 189/204/222 188/203/220 824/203/221 826/204/223
f 190/205/224 189/204/222 826/204/223 828/205/225
f 191/206/226 190/205/224 828/205/225 830/206/227
f 192/207/228 191/206/226 830/206/227 832/207/229
f 161/178/167 192/207/228 832/207/229 769/309/168
f 770/654/515 771/270/516 772/288/169 769/178/168
f 771/270/516 773/248/517 774/180/171 772/179/169
f 773/248/517 775/247/518 776/181/173 774/180/171
f 775/256/518 777/255/519 778/182/175 776/289/173
f 777/255/519 779/261/520 780/290/177 778/182/175
f 779/269/520 781/268/521 782/184/179 780/183/177
f 781/268/521 783/275/522 784/185/181 782/184/179
f 783/275/522 785/279/523 786/292/183 784/291/181
f 785/285/523 787/284/524 788/294/185 786/293/183
f 787/284/524 789/287/525 790/295/187 788/294/185
f 789/217/525 791/216/526 792/189/189 790/188/187
f 791/222/526 793/221/527 794/190/191 792/189/189
f 793/221/527 795/225/528 796/296/193 794/190/191
f 795/225/528 797/230/529 798/297/195 796/191/193
f 797/236/529 799/235/530 800/298/197 798/192/195
f 799/235/530 801/244/531 802/177/199 800/193/197
f 801/244/531 803/253/532 804/176/201 802/177/199
f 803/253/532 805/259/533 806/300/203 804/299/201
f 805/259/533 807/266/534 808/301/205 806/194/203
f 807/273/534 809/272/535 810/196/207 808/195/205
f 809/272/535 811/277/536 812/197/209 810/196/207
f 811/282/536 813/281/537 814/302/211 812/197/209
f 813/286/537 815/211/538 816/304/213 814/303/211
f 815/211/538 817/210/539 818/305/215 816/199/213
f 817/219/539 819/218/540 820/306/217 818/200/215
f 819/218/540 821/223/541 822/307/219 820/201/217
f 821/228/541 823/227/542 824/308/221 822/202/219
f 823/233/542 825/232/543 826/204/223 824/203/221
f 825/232/543 827/242/544 828/205/225 826/204/223
f 827/251/544 829/250/545 830/206/227 828/205/225
f 829/257/545 831/240/546 832/207/229 830/206/227
f 831/240/546 770/239/515 769/309/168 832/207/229
s 0
f 193/238/98 194/262/98 771/270/98 770/654/98
f 1178/263/788 1185/656/788 1186/655/788 1177/584/788
f 1180/328/789 1188/653/789 1187/649/789 1179/328/789
f 1190/645/790 1180/328/790 1179/328/790 1189/657/790
f 1182/430/791 1192/651/791 1191/652/791 1181/209/791
f 1194/648/792 1182/430/792 1181/209/792 1193/647/792
f 1196/650/793 1178/263/793 1177/584/793 1195/646/793
f 1184/347/794 1198/659/794 1197/658/794 1183/347/794
f 1200/660/795 1184/347/795 1183/347/795 1199/661/795
s 1
f 1238/692/208 1237/693/206 1301/693/206 1302/692/208
s 0
f 1233/694/98 1234/695/98 1266/663/98 1265/662/98
f 1234/695/98 1235/696/98 1267/664/98 1266/663/98
f 1235/696/98 1236/697/98 1268/665/98 1267/664/98
f 1236/697/98 1237/693/98 1269/666/98 1268/665/98
f 1237/693/98 1238/692/98 1270/667/98 1269/666/98
f 1238/692/98 1239/698/98 1271/668/98 1270/667/98
f 1239/698/98 1240/699/98 1272/544/98 1271/668/98
f 1240/699/98 1241/700/98 1273/543/98 1272/544/98
f 1241/700/98 1242/701/98 1274/669/98 1273/543/98
f 1242/701/98 1243/702/98 1275/670/98 1274/669/98
f 1243/702/98 1244/703/98 1276/671/98 1275/670/98
f 1244/703/98 1245/704/98 1277/672/98 1276/671/98
f 1245/704/98 1246/705/98 1278/673/98 1277/672/98
f 1246/705/98 1247/706/98 1279/674/98 1278/673/98
f 1247/706/98 1248/707/98 1280/675/98 1279/674/98
f 1248/707/98 1249/708/98 1281/676/98 1280/675/98
f 1249/708/98 1250/709/98 1282/677/98 1281/676/98
f 1250/709/98 1251/710/98 1283/678/98 1282/677/98
f 1251/710/98 1252/711/98 1284/679/98 1283/678/98
f 1252/711/98 1253/712/98 1285/680/98 1284/679/98
f 1253/712/98 1254/713/98 1286/681/98 1285/680/98
f 1254/713/98 1255/714/98 1287/682/98 1286/681/98
f 1255/714/98 1256/715/98 1288/683/98 1287/682/98
f 1256/715/98 1257/716/98 1289/684/98 1288/683/98
f 1257/716/98 1258/717/98 1290/685/98 1289/684/98
f 1258/717/98 1259/718/98 1291/686/98 1290/685/98
f 1259/718/98 1260/719/98 1292/687/98 1291/686/98
f 1260/719/98 1261/720/98 1293/688/98 1292/687/98
f 1261/720/98 1262/721/98 1294/689/98 1293/688/98
f 1262/721/98 1263/722/98 1295/690/98 1294/689/98
f 1263/722/98 1264/723/98 1296/691/98 1295/690/98
f 1264/723/98 1233/694/98 1265/662/98 1296/691/98
s 1
f 1233/694/198 1264/723/196 1328/723/196 1297/694/198
f 1252/711/172 1251/710/170 1315/710/170 1316/711/172
f 1239/698/210 1238/692/208 1302/692/208 1303/698/210
f 1253/712/174 1252/711/172 1316/711/172 1317/712/174
f 1240/699/212 1239/698/210 1303/698/210 1304/699/212
f 1254/713/176 1253/712/174 1317/712/174 1318/713/176
f 1241/700/214 1240/699/212 1304/699/212 1305/700/214
f 1255/714/178 1254/713/176 1318/713/176 1319/714/178
f 1242/701/216 1241/700/214 1305/700/214 1306/701/216
f 1256/715/180 1255/714/178 1319/714/178 1320/715/180
f 1243/702/218 1242/701/216 1306/701/216 1307/702/218
f 1257/716/182 1256/715/180 1320/715/180 1321/716/182
f 1244/703/220 1243/702/218 1307/702/218 1308/703/220
f 1258/717/184 1257/716/182 1321/716/182 1322/717/184
f 1245/704/222 1244/703/220 1308/703/220 1309/704/222
f 1259/718/186 1258/717/184 1322/717/184 1323/718/186
f 1246/705/224 1245/704/222 1309/704/222 1310/705/224
f 1260/719/188 1259/718/186 1323/718/186 1324/719/188
f 1247/706/226 1246/705/224 1310/705/224 1311/706/226
f 1234/695/200 1233/694/198 1297/694/198 1298/695/200
f 1261/720/190 1260/719/188 1324/719/188 1325/720/190
f 1248/707/228 1247/706/226 1311/706/226 1312/707/228
f 1235/696/202 1234/695/200 1298/695/200 1299/696/202
f 1262/721/192 1261/720/190 1325/720/190 1326/721/192
f 1249/708/167 1248/707/228 1312/707/228 1313/708/167
f 1236/697/204 1235/696/202 1299/696/202 1300/697/204
f 1263/722/194 1262/721/192 1326/721/192 1327/722/194
f 1250/709/166 1249/708/167 1313/708/167 1314/709/166
f 1237/693/206 1236/697/204 1300/697/204 1301/693/206
f 1264/723/196 1263/722/194 1327/722/194 1328/723/196
f 1251/710/170 1250/709/166 1314/709/166 1315/710/170
usemtl M_Cyan
f 284/348/292 283/349/293 315/349/293 316/348/292
f 271/388/332 270/384/333 302/384/333 303/388/332
f 258/319/334 257/318/335 289/318/335 290/319/334
f 285/391/336 284/348/292 316/348/292 317/391/336
f 272/393/337 271/388/332 303/388/332 304/393/337
f 259/402/338 258/319/334 290/319/334 291/402/338
f 286/398/339 285/391/336 317/391/336 318/398/339
f 273/400/340 272/393/337 304/393/337 305/400/340
f 260/403/341 259/402/338 291/402/338 292/403/341
f 287/406/342 286/398/339 318/398/339 319/406/342
f 274/408/343 273/400/340 305/400/340 306/408/343
f 261/410/344 260/403/341 292/403/341 293/410/344
f 288/396/345 287/406/342 319/406/342 320/396/345
f 275/413/346 274/408/343 306/408/343 307/413/346
f 262/415/347 261/410/344 293/410/344 294/415/347
f 257/318/335 288/396/345 320/396/345 289/318/335
f 276/350/348 275/413/346 307/413/346 308/350/348
f 263/354/349 262/415/347 294/415/347 295/354/349
f 277/351/350 276/350/348 308/350/348 309/351/350
f 264/355/351 263/354/349 295/354/349 296/355/351
f 278/358/352 277/351/350 309/351/350 310/358/352
f 265/361/353 264/355/351 296/355/351 297/361/353
f 279/364/354 278/358/352 310/358/352 311/364/354
f 266/366/355 265/361/353 297/361/353 298/366/355
f 280/369/356 279/364/354 311/364/354 312/369/356
f 267/371/357 266/366/355 298/366/355 299/371/357
f 281/374/358 280/369/356 312/369/356 313/374/358
f 268/376/359 267/371/357 299/371/357 300/376/359
f 282/379/360 281/374/358 313/374/358 314/379/360
f 269/381/361 268/376/359 300/376/359 301/381/361
f 283/349/293 282/379/360 314/379/360 315/349/293
f 270/384/333 269/381/361 301/381/361 302/384/333
