# Blender 4.2.3 LTS
# www.blender.org
mtllib SM_Ventilateur.mtl
o SM_Ventilateur_Bottom
v 0.200000 0.011811 0.230535
v 0.186909 0.000000 0.230535
v 0.186908 0.000000 -0.230535
v 0.200000 0.011811 -0.230535
v 0.200000 0.088189 -0.230535
v 0.186908 0.100000 -0.230535
v 0.186909 0.100000 0.230535
v 0.200000 0.088189 0.230535
v -0.200000 0.011811 -0.230535
v -0.186909 0.000000 -0.230535
v -0.186908 0.000000 0.230535
v -0.200000 0.011811 0.230535
v -0.200000 0.088189 0.230535
v -0.186908 0.100000 0.230535
v -0.186909 0.100000 -0.230535
v -0.200000 0.088189 -0.230535
v 0.155090 0.000000 0.222850
v 0.168500 0.036902 0.197760
v 0.168500 0.036902 -0.197760
v 0.155090 0.000000 -0.222850
v 0.155090 0.100000 -0.222850
v 0.168500 0.063098 -0.197760
v 0.168500 0.063098 0.197760
v 0.155090 0.100000 0.222850
v -0.155090 0.000000 -0.222850
v -0.168500 0.036902 -0.197760
v -0.168500 0.036902 0.197760
v -0.155090 0.000000 0.222850
v -0.155090 0.100000 0.222850
v -0.168500 0.063098 0.197760
v -0.168500 0.063098 -0.197760
v -0.155090 0.100000 -0.222850
v 0.146547 0.000000 -0.488189
v 0.151439 0.011811 -0.500000
v 0.186958 0.000000 -0.447778
v 0.200000 0.011811 -0.451439
v 0.186958 0.100000 -0.447778
v 0.200000 0.088189 -0.451439
v 0.146547 0.100000 -0.488189
v 0.151439 0.088189 -0.500000
v 0.186958 0.000000 0.447778
v 0.200000 0.011811 0.451439
v 0.146547 0.000000 0.488189
v 0.151439 0.011811 0.500000
v 0.146547 0.100000 0.488189
v 0.151439 0.088189 0.500000
v 0.186958 0.100000 0.447778
v 0.200000 0.088189 0.451439
v -0.186958 0.000000 -0.447778
v -0.200000 0.011811 -0.451439
v -0.146547 0.000000 -0.488189
v -0.151439 0.011811 -0.500000
v -0.146547 0.100000 -0.488189
v -0.151439 0.088189 -0.500000
v -0.186958 0.100000 -0.447778
v -0.200000 0.088189 -0.451439
v -0.146547 0.000000 0.488189
v -0.151439 0.011811 0.500000
v -0.186958 0.000000 0.447778
v -0.200000 0.011811 0.451439
v -0.186958 0.100000 0.447778
v -0.200000 0.088189 0.451439
v -0.146547 0.100000 0.488189
v -0.151439 0.088189 0.500000
v 0.168500 0.011811 -0.222851
v 0.168500 0.011811 0.222850
v 0.168500 0.088189 0.222850
v 0.168500 0.088189 -0.222850
v -0.168500 0.011811 0.222851
v -0.168500 0.011811 -0.222850
v -0.168500 0.088189 -0.222850
v -0.168500 0.088189 0.222850
v 0.164374 0.036902 -0.197760
v 0.164374 0.036902 0.197760
v 0.164374 0.063098 0.197760
v 0.164374 0.063098 -0.197760
v -0.164374 0.036902 0.197760
v -0.164374 0.036902 -0.197760
v -0.164374 0.063098 -0.197760
v -0.164374 0.063098 0.197760
v 0.200000 0.911811 0.230535
v 0.186909 0.900000 0.230535
v 0.186908 0.900000 -0.230535
v 0.200000 0.911811 -0.230535
v 0.200000 0.988189 -0.230535
v 0.186908 1.000000 -0.230535
v 0.186909 1.000000 0.230535
v 0.200000 0.988189 0.230535
v -0.200000 0.911811 -0.230535
v -0.186909 0.900000 -0.230535
v -0.186908 0.900000 0.230535
v -0.200000 0.911811 0.230535
v -0.200000 0.988189 0.230535
v -0.186908 1.000000 0.230535
v -0.186909 1.000000 -0.230535
v -0.200000 0.988189 -0.230535
v 0.155090 0.900000 0.222850
v 0.168500 0.936902 0.197760
v 0.168500 0.936902 -0.197760
v 0.155090 0.900000 -0.222850
v 0.155090 1.000000 -0.222850
v 0.168500 0.963098 -0.197760
v 0.168500 0.963098 0.197760
v 0.155090 1.000000 0.222850
v -0.155090 0.900000 -0.222850
v -0.168500 0.936902 -0.197760
v -0.168500 0.936902 0.197760
v -0.155090 0.900000 0.222850
v -0.155090 1.000000 0.222850
v -0.168500 0.963098 0.197760
v -0.168500 0.963098 -0.197760
v -0.155090 1.000000 -0.222850
v 0.146547 0.900000 -0.488189
v 0.151439 0.911811 -0.500000
v 0.186958 0.900000 -0.447778
v 0.200000 0.911811 -0.451439
v 0.186958 1.000000 -0.447778
v 0.200000 0.988189 -0.451439
v 0.146547 1.000000 -0.488189
v 0.151439 0.988189 -0.500000
v 0.186958 0.900000 0.447778
v 0.200000 0.911811 0.451439
v 0.146547 0.900000 0.488189
v 0.151439 0.911811 0.500000
v 0.146547 1.000000 0.488189
v 0.151439 0.988189 0.500000
v 0.186958 1.000000 0.447778
v 0.200000 0.988189 0.451439
v -0.186958 0.900000 -0.447778
v -0.200000 0.911811 -0.451439
v -0.146547 0.900000 -0.488189
v -0.151439 0.911811 -0.500000
v -0.146547 1.000000 -0.488189
v -0.151439 0.988189 -0.500000
v -0.186958 1.000000 -0.447778
v -0.200000 0.988189 -0.451439
v -0.146547 0.900000 0.488189
v -0.151439 0.911811 0.500000
v -0.186958 0.900000 0.447778
v -0.200000 0.911811 0.451439
v -0.186958 1.000000 0.447778
v -0.200000 0.988189 0.451439
v -0.146547 1.000000 0.488189
v -0.151439 0.988189 0.500000
v 0.168500 0.911811 -0.222851
v 0.168500 0.911811 0.222850
v 0.168500 0.988189 0.222850
v 0.168500 0.988189 -0.222850
v -0.168500 0.911811 0.222851
v -0.168500 0.911811 -0.222850
v -0.168500 0.988189 -0.222850
v -0.168500 0.988189 0.222850
v 0.164374 0.936902 -0.197760
v 0.164374 0.936902 0.197760
v 0.164374 0.963098 0.197760
v 0.164374 0.963098 -0.197760
v -0.164374 0.936902 0.197760
v -0.164374 0.936902 -0.197760
v -0.164374 0.963098 -0.197760
v -0.164374 0.963098 0.197760
v 0.004640 0.500000 0.065115
v 0.004640 0.487297 0.063864
v -0.004640 0.487297 0.063864
v -0.004640 0.500000 0.065115
v 0.004640 0.475082 0.060158
v -0.004640 0.475082 0.060158
v 0.004640 0.463824 0.054141
v -0.004640 0.463824 0.054141
v 0.004640 0.453957 0.046043
v -0.004640 0.453957 0.046043
v 0.004640 0.445859 0.036176
v -0.004640 0.445859 0.036176
v 0.004640 0.439842 0.024918
v -0.004640 0.439842 0.024918
v 0.004640 0.436136 0.012703
v -0.004640 0.436136 0.012703
v 0.004640 0.434885 0.000000
v -0.004640 0.434885 0.000000
v 0.004640 0.436136 -0.012703
v -0.004640 0.436136 -0.012703
v 0.004640 0.439842 -0.024918
v -0.004640 0.439842 -0.024918
v 0.004640 0.445859 -0.036176
v -0.004640 0.445859 -0.036176
v 0.004640 0.453957 -0.046043
v -0.004640 0.453957 -0.046043
v 0.004640 0.463824 -0.054141
v -0.004640 0.463824 -0.054141
v 0.004640 0.475082 -0.060158
v -0.004640 0.475082 -0.060158
v 0.004640 0.487297 -0.063864
v -0.004640 0.487297 -0.063864
v 0.004640 0.500000 -0.065115
v -0.004640 0.500000 -0.065115
v 0.004640 0.512703 -0.063864
v -0.004640 0.512703 -0.063864
v 0.004640 0.524918 -0.060158
v -0.004640 0.524918 -0.060158
v 0.004640 0.536176 -0.054141
v -0.004640 0.536176 -0.054141
v 0.004640 0.546043 -0.046043
v -0.004640 0.546043 -0.046043
v 0.004640 0.554141 -0.036176
v -0.004640 0.554141 -0.036176
v 0.004640 0.560158 -0.024918
v -0.004640 0.560158 -0.024918
v 0.004640 0.563864 -0.012703
v -0.004640 0.563864 -0.012703
v 0.004640 0.565115 0.000000
v -0.004640 0.565115 0.000000
v 0.004640 0.563864 0.012703
v -0.004640 0.563864 0.012703
v 0.004640 0.560158 0.024918
v -0.004640 0.560158 0.024918
v 0.004640 0.554141 0.036176
v -0.004640 0.554141 0.036176
v 0.004640 0.546043 0.046043
v -0.004640 0.546043 0.046043
v 0.004640 0.536176 0.054141
v -0.004640 0.536176 0.054141
v 0.004640 0.524918 0.060158
v -0.004640 0.524918 0.060158
v 0.004640 0.512703 0.063864
v -0.004640 0.512703 0.063864
v 0.006628 0.500000 0.323175
v 0.006628 0.436952 0.316965
v -0.006628 0.436952 0.316965
v -0.006628 0.500000 0.323175
v 0.006628 0.376327 0.298574
v -0.006628 0.376326 0.298574
v 0.006628 0.320454 0.268710
v -0.006628 0.320454 0.268710
v 0.006628 0.271481 0.228519
v -0.006628 0.271481 0.228519
v 0.006628 0.231290 0.179546
v -0.006628 0.231290 0.179546
v 0.006628 0.201426 0.123674
v -0.006628 0.201426 0.123674
v 0.006628 0.183035 0.063048
v -0.006628 0.183035 0.063048
v 0.006628 0.176825 0.000000
v -0.006628 0.176825 0.000000
v 0.006628 0.183035 -0.063048
v -0.006628 0.183035 -0.063048
v 0.006628 0.201426 -0.123674
v -0.006628 0.201426 -0.123674
v 0.006628 0.231290 -0.179546
v -0.006628 0.231290 -0.179546
v 0.006628 0.271481 -0.228519
v -0.006628 0.271481 -0.228519
v 0.006628 0.320454 -0.268710
v -0.006628 0.320454 -0.268710
v 0.006628 0.376327 -0.298574
v -0.006628 0.376326 -0.298574
v 0.006628 0.436952 -0.316965
v -0.006628 0.436952 -0.316965
v 0.006628 0.500000 -0.323175
v -0.006628 0.500000 -0.323175
v 0.006628 0.563048 -0.316965
v -0.006628 0.563048 -0.316965
v 0.006628 0.623674 -0.298574
v -0.006628 0.623673 -0.298574
v 0.006628 0.679546 -0.268710
v -0.006628 0.679546 -0.268710
v 0.006628 0.728519 -0.228519
v -0.006628 0.728519 -0.228519
v 0.006628 0.768710 -0.179546
v -0.006628 0.768710 -0.179546
v 0.006628 0.798574 -0.123674
v -0.006628 0.798574 -0.123674
v 0.006628 0.816965 -0.063048
v -0.006628 0.816965 -0.063048
v 0.006628 0.823175 0.000000
v -0.006628 0.823175 0.000000
v 0.006628 0.816965 0.063048
v -0.006628 0.816965 0.063048
v 0.006628 0.798574 0.123674
v -0.006628 0.798574 0.123674
v 0.006628 0.768710 0.179546
v -0.006628 0.768710 0.179546
v 0.006628 0.728519 0.228519
v -0.006628 0.728519 0.228519
v 0.006628 0.679546 0.268710
v -0.006628 0.679546 0.268710
v 0.006628 0.623674 0.298574
v -0.006628 0.623673 0.298574
v 0.006628 0.563048 0.316965
v -0.006628 0.563048 0.316965
v 0.167935 0.500000 0.029122
v 0.149071 0.500000 0.065115
v 0.149071 0.487297 0.063864
v 0.167935 0.494319 0.028562
v 0.149071 0.475082 0.060158
v 0.167935 0.488856 0.026905
v 0.149071 0.463824 0.054141
v 0.167935 0.483821 0.024214
v 0.149071 0.453957 0.046043
v 0.167935 0.479408 0.020592
v 0.149071 0.445859 0.036176
v 0.167935 0.475786 0.016179
v 0.149071 0.439842 0.024918
v 0.167935 0.473095 0.011144
v 0.149071 0.436136 0.012703
v 0.167935 0.471438 0.005682
v 0.149071 0.434885 -0.000000
v 0.167935 0.470878 -0.000000
v 0.149071 0.436136 -0.012703
v 0.167935 0.471438 -0.005681
v 0.149071 0.439842 -0.024918
v 0.167935 0.473095 -0.011144
v 0.149071 0.445859 -0.036176
v 0.167935 0.475786 -0.016179
v 0.149071 0.453957 -0.046043
v 0.167935 0.479408 -0.020592
v 0.149071 0.463824 -0.054141
v 0.167935 0.483821 -0.024214
v 0.149071 0.475082 -0.060158
v 0.167935 0.488856 -0.026905
v 0.149071 0.487297 -0.063864
v 0.167935 0.494319 -0.028562
v 0.149071 0.500000 -0.065115
v 0.167935 0.500000 -0.029122
v 0.149071 0.512703 -0.063864
v 0.167935 0.505681 -0.028562
v 0.149071 0.524918 -0.060158
v 0.167935 0.511144 -0.026905
v 0.149071 0.536176 -0.054141
v 0.167935 0.516180 -0.024214
v 0.149071 0.546043 -0.046043
v 0.167935 0.520592 -0.020592
v 0.149071 0.554141 -0.036176
v 0.167935 0.524214 -0.016179
v 0.149071 0.560158 -0.024918
v 0.167935 0.526905 -0.011144
v 0.149071 0.563864 -0.012703
v 0.167935 0.528562 -0.005682
v 0.149071 0.565115 -0.000000
v 0.167935 0.529122 0.000000
v 0.149071 0.563864 0.012703
v 0.167935 0.528562 0.005681
v 0.149071 0.560158 0.024918
v 0.167935 0.526905 0.011144
v 0.149071 0.554141 0.036176
v 0.167935 0.524214 0.016179
v 0.149071 0.546043 0.046043
v 0.167935 0.520592 0.020592
v 0.149071 0.536176 0.054141
v 0.167935 0.516180 0.024214
v 0.149071 0.524918 0.060158
v 0.167935 0.511144 0.026905
v 0.149071 0.512703 0.063864
v 0.167935 0.505681 0.028562
v 0.117594 0.500000 0.065115
v 0.086117 0.500000 0.065115
v 0.086117 0.487297 0.063864
v 0.117594 0.487297 0.063864
v 0.117594 0.512703 0.063864
v 0.086117 0.512703 0.063864
v 0.086117 0.475082 0.060158
v 0.117594 0.475082 0.060158
v 0.086117 0.463824 0.054141
v 0.117594 0.463824 0.054141
v 0.086117 0.453957 0.046043
v 0.117594 0.453957 0.046043
v 0.086117 0.445859 0.036176
v 0.117594 0.445859 0.036176
v 0.086117 0.439842 0.024918
v 0.117594 0.439842 0.024918
v 0.086117 0.436136 0.012703
v 0.117594 0.436136 0.012703
v 0.086117 0.434885 -0.000000
v 0.117594 0.434885 -0.000000
v 0.086117 0.436136 -0.012703
v 0.117594 0.436136 -0.012703
v 0.086117 0.439842 -0.024918
v 0.117594 0.439842 -0.024918
v 0.086117 0.445859 -0.036176
v 0.117594 0.445859 -0.036176
v 0.086117 0.453957 -0.046043
v 0.117594 0.453957 -0.046043
v 0.086117 0.463824 -0.054141
v 0.117594 0.463824 -0.054141
v 0.086117 0.475082 -0.060158
v 0.117594 0.475082 -0.060158
v 0.086117 0.487297 -0.063864
v 0.117594 0.487297 -0.063864
v 0.086117 0.500000 -0.065115
v 0.117594 0.500000 -0.065115
v 0.086117 0.512703 -0.063864
v 0.117594 0.512703 -0.063864
v 0.086117 0.524918 -0.060158
v 0.117594 0.524918 -0.060158
v 0.086117 0.536176 -0.054141
v 0.117594 0.536176 -0.054141
v 0.086117 0.546043 -0.046043
v 0.117594 0.546043 -0.046043
v 0.086117 0.554141 -0.036176
v 0.117594 0.554141 -0.036176
v 0.086117 0.560158 -0.024918
v 0.117594 0.560158 -0.024918
v 0.086117 0.563864 -0.012703
v 0.117594 0.563864 -0.012703
v 0.086117 0.565115 -0.000000
v 0.117594 0.565115 -0.000000
v 0.086117 0.563864 0.012703
v 0.117594 0.563864 0.012703
v 0.086117 0.560158 0.024918
v 0.117594 0.560158 0.024918
v 0.086117 0.554141 0.036176
v 0.117594 0.554141 0.036176
v 0.086117 0.546043 0.046043
v 0.117594 0.546043 0.046043
v 0.086117 0.536176 0.054141
v 0.117594 0.536176 0.054141
v 0.086117 0.524918 0.060158
v 0.117594 0.524918 0.060158
v 0.117594 0.500000 0.058000
v 0.086117 0.500000 0.058000
v 0.086117 0.488685 0.056885
v 0.117594 0.488685 0.056885
v 0.117594 0.511315 0.056885
v 0.086117 0.511315 0.056885
v 0.086117 0.477805 0.053585
v 0.117594 0.477805 0.053585
v 0.086117 0.467777 0.048225
v 0.117594 0.467777 0.048225
v 0.086117 0.458988 0.041012
v 0.117594 0.458988 0.041012
v 0.086117 0.451775 0.032223
v 0.117594 0.451775 0.032223
v 0.086117 0.446415 0.022195
v 0.117594 0.446415 0.022195
v 0.086117 0.443115 0.011315
v 0.117594 0.443115 0.011315
v 0.086117 0.442000 -0.000000
v 0.117594 0.442000 -0.000000
v 0.086117 0.443115 -0.011315
v 0.117594 0.443115 -0.011315
v 0.086117 0.446415 -0.022195
v 0.117594 0.446415 -0.022195
v 0.086117 0.451775 -0.032223
v 0.117594 0.451775 -0.032223
v 0.086117 0.458988 -0.041012
v 0.117594 0.458988 -0.041012
v 0.086117 0.467777 -0.048225
v 0.117594 0.467777 -0.048225
v 0.086117 0.477805 -0.053585
v 0.117594 0.477805 -0.053585
v 0.086117 0.488685 -0.056885
v 0.117594 0.488685 -0.056885
v 0.086117 0.500000 -0.058000
v 0.117594 0.500000 -0.058000
v 0.086117 0.511315 -0.056885
v 0.117594 0.511315 -0.056885
v 0.086117 0.522196 -0.053585
v 0.117594 0.522196 -0.053585
v 0.086117 0.532223 -0.048225
v 0.117594 0.532223 -0.048225
v 0.086117 0.541012 -0.041012
v 0.117594 0.541012 -0.041012
v 0.086117 0.548225 -0.032223
v 0.117594 0.548225 -0.032223
v 0.086117 0.553585 -0.022195
v 0.117594 0.553585 -0.022196
v 0.086117 0.556885 -0.011315
v 0.117594 0.556885 -0.011315
v 0.086117 0.558000 -0.000000
v 0.117594 0.558000 -0.000000
v 0.086117 0.556885 0.011315
v 0.117594 0.556885 0.011315
v 0.086117 0.553585 0.022195
v 0.117594 0.553585 0.022195
v 0.086117 0.548225 0.032223
v 0.117594 0.548225 0.032223
v 0.086117 0.541012 0.041012
v 0.117594 0.541012 0.041012
v 0.086117 0.532223 0.048225
v 0.117594 0.532223 0.048225
v 0.086117 0.522196 0.053585
v 0.117594 0.522196 0.053585
v 0.173786 0.500000 0.323175
v 0.184664 0.500000 0.334105
v 0.184664 0.434819 0.327686
v 0.173786 0.436952 0.316965
v 0.184664 0.372143 0.308673
v 0.173786 0.376327 0.298574
v 0.184664 0.314381 0.277799
v 0.173786 0.320454 0.268710
v 0.184664 0.263752 0.236248
v 0.173786 0.271481 0.228519
v 0.184664 0.222201 0.185619
v 0.173786 0.231290 0.179546
v 0.184664 0.191327 0.127857
v 0.173786 0.201426 0.123673
v 0.184664 0.172314 0.065181
v 0.173786 0.183035 0.063048
v 0.184664 0.165895 -0.000000
v 0.173786 0.176825 -0.000000
v 0.184664 0.172314 -0.065181
v 0.173786 0.183035 -0.063048
v 0.184664 0.191327 -0.127857
v 0.173785 0.201426 -0.123674
v 0.184664 0.222201 -0.185619
v 0.173785 0.231290 -0.179546
v 0.184664 0.263752 -0.236248
v 0.173785 0.271481 -0.228519
v 0.184664 0.314381 -0.277799
v 0.173785 0.320454 -0.268710
v 0.184664 0.372143 -0.308673
v 0.173785 0.376327 -0.298574
v 0.184664 0.434819 -0.327686
v 0.173785 0.436952 -0.316965
v 0.184664 0.500000 -0.334106
v 0.173785 0.500000 -0.323175
v 0.184664 0.565181 -0.327686
v 0.173785 0.563048 -0.316965
v 0.184664 0.627857 -0.308673
v 0.173785 0.623674 -0.298574
v 0.184664 0.685619 -0.277799
v 0.173785 0.679546 -0.268710
v 0.184664 0.736248 -0.236248
v 0.173785 0.728519 -0.228519
v 0.184664 0.777799 -0.185619
v 0.173785 0.768710 -0.179546
v 0.184664 0.808673 -0.127857
v 0.173785 0.798574 -0.123674
v 0.184664 0.827686 -0.065181
v 0.173785 0.816965 -0.063048
v 0.184664 0.834105 -0.000000
v 0.173786 0.823175 -0.000000
v 0.184664 0.827686 0.065181
v 0.173786 0.816965 0.063048
v 0.184664 0.808673 0.127857
v 0.173786 0.798574 0.123673
v 0.184664 0.777799 0.185619
v 0.173786 0.768710 0.179546
v 0.184664 0.736248 0.236248
v 0.173786 0.728519 0.228519
v 0.184664 0.685619 0.277799
v 0.173786 0.679546 0.268710
v 0.184664 0.627857 0.308673
v 0.173786 0.623674 0.298574
v 0.184664 0.565181 0.327686
v 0.173786 0.563048 0.316965
v 0.184664 0.500000 0.363188
v 0.173786 0.500000 0.374119
v 0.173786 0.427013 0.366931
v 0.184664 0.429145 0.356210
v 0.173786 0.356831 0.345641
v 0.184664 0.361014 0.335542
v 0.173786 0.292150 0.311069
v 0.184664 0.298223 0.301980
v 0.173786 0.235458 0.264542
v 0.184664 0.243187 0.256813
v 0.173786 0.188931 0.207849
v 0.184664 0.198020 0.201777
v 0.173786 0.154359 0.143169
v 0.184664 0.164458 0.138986
v 0.173786 0.133069 0.072987
v 0.184664 0.143790 0.070854
v 0.173786 0.125881 -0.000000
v 0.184664 0.136812 -0.000000
v 0.173785 0.133069 -0.072987
v 0.184664 0.143790 -0.070855
v 0.173785 0.154359 -0.143169
v 0.184664 0.164458 -0.138986
v 0.173785 0.188931 -0.207850
v 0.184664 0.198020 -0.201777
v 0.173785 0.235458 -0.264542
v 0.184664 0.243187 -0.256813
v 0.173785 0.292150 -0.311069
v 0.184664 0.298223 -0.301980
v 0.173785 0.356831 -0.345641
v 0.184664 0.361014 -0.335542
v 0.173785 0.427013 -0.366931
v 0.184664 0.429145 -0.356210
v 0.173785 0.500000 -0.374119
v 0.184664 0.500000 -0.363188
v 0.173785 0.572987 -0.366931
v 0.184664 0.570855 -0.356210
v 0.173785 0.643169 -0.345641
v 0.184664 0.638986 -0.335542
v 0.173785 0.707850 -0.311069
v 0.184664 0.701777 -0.301980
v 0.173785 0.764542 -0.264542
v 0.184664 0.756813 -0.256813
v 0.173785 0.811069 -0.207850
v 0.184664 0.801980 -0.201777
v 0.173785 0.845641 -0.143169
v 0.184664 0.835542 -0.138986
v 0.173785 0.866931 -0.072987
v 0.184664 0.856210 -0.070855
v 0.173786 0.874119 -0.000000
v 0.184664 0.863188 -0.000000
v 0.173786 0.866931 0.072987
v 0.184664 0.856210 0.070854
v 0.173786 0.845641 0.143169
v 0.184664 0.835542 0.138986
v 0.173786 0.811069 0.207849
v 0.184664 0.801980 0.201777
v 0.173786 0.764542 0.264542
v 0.184664 0.756813 0.256813
v 0.173786 0.707850 0.311069
v 0.184664 0.701777 0.301980
v 0.173786 0.643169 0.345641
v 0.184664 0.638986 0.335542
v 0.173786 0.572987 0.366931
v 0.184664 0.570855 0.356210
v -0.030350 0.500000 0.374119
v -0.030350 0.427013 0.366931
v -0.030350 0.572987 0.366931
v -0.030350 0.356831 0.345641
v -0.030350 0.292150 0.311069
v -0.030350 0.235458 0.264542
v -0.030350 0.188931 0.207850
v -0.030350 0.154359 0.143169
v -0.030350 0.133069 0.072987
v -0.030350 0.125881 0.000000
v -0.030350 0.133069 -0.072987
v -0.030350 0.154359 -0.143169
v -0.030350 0.188931 -0.207850
v -0.030350 0.235458 -0.264542
v -0.030350 0.292150 -0.311069
v -0.030350 0.356831 -0.345641
v -0.030350 0.427013 -0.366931
v -0.030350 0.500000 -0.374119
v -0.030350 0.572987 -0.366931
v -0.030350 0.643169 -0.345641
v -0.030350 0.707850 -0.311069
v -0.030350 0.764542 -0.264542
v -0.030350 0.811069 -0.207850
v -0.030350 0.845641 -0.143169
v -0.030350 0.866931 -0.072987
v -0.030350 0.874119 0.000000
v -0.030350 0.866931 0.072987
v -0.030350 0.845641 0.143169
v -0.030350 0.811069 0.207850
v -0.030350 0.764542 0.264542
v -0.030350 0.707850 0.311069
v -0.030350 0.643169 0.345641
v 0.076959 0.112913 0.389634
v 0.076959 0.112913 -0.389634
v 0.076959 0.887087 -0.389634
v 0.076959 0.887087 0.389634
v -0.076959 0.887087 0.389634
v -0.076959 0.112913 0.389634
v -0.076959 0.112913 -0.389634
v -0.076959 0.887087 -0.389634
v 0.155255 0.091275 -0.416681
v 0.147547 0.112913 -0.389634
v 0.155255 0.908725 -0.416681
v 0.147547 0.887087 -0.389634
v 0.147547 0.112913 0.389634
v 0.155255 0.091275 0.416681
v 0.155255 0.908725 0.416681
v 0.147547 0.887087 0.389634
v -0.147547 0.112913 -0.389634
v -0.155255 0.091275 -0.416681
v -0.155255 0.908725 -0.416681
v -0.147547 0.887087 -0.389634
v -0.147547 0.112913 0.389634
v -0.155255 0.091275 0.416681
v -0.155255 0.908725 0.416681
v -0.147547 0.887087 0.389634
v 0.155255 0.089612 0.439280
v 0.125157 0.146738 0.466455
v 0.155255 0.033545 0.458747
v 0.125156 0.146738 -0.466455
v 0.155255 0.089612 -0.439280
v 0.155255 0.033545 -0.458747
v 0.155255 0.910388 -0.439280
v 0.125156 0.853262 -0.466455
v 0.155255 0.966455 -0.458747
v 0.125157 0.853262 0.466455
v 0.155255 0.910388 0.439280
v 0.155255 0.966455 0.458747
v -0.155255 0.910388 0.439280
v -0.125156 0.853262 0.466455
v -0.155255 0.966455 0.458747
v -0.125156 0.146738 0.466455
v -0.155255 0.089612 0.439280
v -0.155255 0.033545 0.458747
v -0.155255 0.089612 -0.439280
v -0.125157 0.146738 -0.466455
v -0.155255 0.033545 -0.458747
v -0.125157 0.853262 -0.466455
v -0.155255 0.910388 -0.439280
v -0.155255 0.966455 -0.458747
v 0.155255 0.958492 -0.458747
v 0.155255 0.041508 -0.458747
v 0.155255 0.041508 0.458747
v 0.155255 0.958492 0.458747
v -0.155255 0.958492 0.458747
v -0.155255 0.041508 0.458747
v -0.155255 0.041508 -0.458747
v -0.155255 0.958492 -0.458747
v 0.155255 0.105082 -0.397214
v 0.155255 0.894918 -0.397214
v 0.155255 0.894918 0.397214
v 0.155255 0.105082 0.397214
v -0.155255 0.105082 0.397214
v -0.155255 0.894918 0.397214
v -0.155255 0.894918 -0.397214
v -0.155255 0.105082 -0.397214
v 0.149686 0.910388 -0.439280
v 0.149686 0.089612 -0.439280
v 0.149687 0.089612 0.439280
v 0.149687 0.910388 0.439280
v -0.149686 0.910388 0.439280
v -0.149686 0.089612 0.439280
v -0.149686 0.089612 -0.439280
v -0.149686 0.910388 -0.439280
v 0.149686 0.091275 -0.416681
v 0.149686 0.908725 -0.416681
v 0.149686 0.908725 0.416681
v 0.149686 0.091275 0.416681
v -0.149686 0.091275 0.416681
v -0.149686 0.908725 0.416681
v -0.149686 0.908725 -0.416681
v -0.149686 0.091275 -0.416681
v 0.004640 0.500000 0.065115
v 0.004640 0.487297 0.063864
v -0.004640 0.487297 0.063864
v -0.004640 0.500000 0.065115
v 0.004640 0.475082 0.060158
v -0.004640 0.475082 0.060158
v 0.004640 0.463824 0.054141
v -0.004640 0.463824 0.054141
v 0.004640 0.453957 0.046043
v -0.004640 0.453957 0.046043
v 0.004640 0.445859 0.036176
v -0.004640 0.445859 0.036176
v 0.004640 0.439842 0.024918
v -0.004640 0.439842 0.024918
v 0.004640 0.436136 0.012703
v -0.004640 0.436136 0.012703
v 0.004640 0.434885 0.000000
v -0.004640 0.434885 0.000000
v 0.004640 0.436136 -0.012703
v -0.004640 0.436136 -0.012703
v 0.004640 0.439842 -0.024918
v -0.004640 0.439842 -0.024918
v 0.004640 0.445859 -0.036176
v -0.004640 0.445859 -0.036176
v 0.004640 0.453957 -0.046043
v -0.004640 0.453957 -0.046043
v 0.004640 0.463824 -0.054141
v -0.004640 0.463824 -0.054141
v 0.004640 0.475082 -0.060158
v -0.004640 0.475082 -0.060158
v 0.004640 0.487297 -0.063864
v -0.004640 0.487297 -0.063864
v 0.004640 0.500000 -0.065115
v -0.004640 0.500000 -0.065115
v 0.004640 0.512703 -0.063864
v -0.004640 0.512703 -0.063864
v 0.004640 0.524918 -0.060158
v -0.004640 0.524918 -0.060158
v 0.004640 0.536176 -0.054141
v -0.004640 0.536176 -0.054141
v 0.004640 0.546043 -0.046043
v -0.004640 0.546043 -0.046043
v 0.004640 0.554141 -0.036176
v -0.004640 0.554141 -0.036176
v 0.004640 0.560158 -0.024918
v -0.004640 0.560158 -0.024918
v 0.004640 0.563864 -0.012703
v -0.004640 0.563864 -0.012703
v 0.004640 0.565115 0.000000
v -0.004640 0.565115 0.000000
v 0.004640 0.563864 0.012703
v -0.004640 0.563864 0.012703
v 0.004640 0.560158 0.024918
v -0.004640 0.560158 0.024918
v 0.004640 0.554141 0.036176
v -0.004640 0.554141 0.036176
v 0.004640 0.546043 0.046043
v -0.004640 0.546043 0.046043
v 0.004640 0.536176 0.054141
v -0.004640 0.536176 0.054141
v 0.004640 0.524918 0.060158
v -0.004640 0.524918 0.060158
v 0.004640 0.512703 0.063864
v -0.004640 0.512703 0.063864
v 0.006628 0.500000 0.323175
v 0.006628 0.436952 0.316965
v -0.006628 0.436952 0.316965
v -0.006628 0.500000 0.323175
v 0.006628 0.376327 0.298574
v -0.006628 0.376326 0.298574
v 0.006628 0.320454 0.268710
v -0.006628 0.320454 0.268710
v 0.006628 0.271481 0.228519
v -0.006628 0.271481 0.228519
v 0.006628 0.231290 0.179546
v -0.006628 0.231290 0.179546
v 0.006628 0.201426 0.123674
v -0.006628 0.201426 0.123674
v 0.006628 0.183035 0.063048
v -0.006628 0.183035 0.063048
v 0.006628 0.176825 0.000000
v -0.006628 0.176825 0.000000
v 0.006628 0.183035 -0.063048
v -0.006628 0.183035 -0.063048
v 0.006628 0.201426 -0.123674
v -0.006628 0.201426 -0.123674
v 0.006628 0.231290 -0.179546
v -0.006628 0.231290 -0.179546
v 0.006628 0.271481 -0.228519
v -0.006628 0.271481 -0.228519
v 0.006628 0.320454 -0.268710
v -0.006628 0.320454 -0.268710
v 0.006628 0.376327 -0.298574
v -0.006628 0.376326 -0.298574
v 0.006628 0.436952 -0.316965
v -0.006628 0.436952 -0.316965
v 0.006628 0.500000 -0.323175
v -0.006628 0.500000 -0.323175
v 0.006628 0.563048 -0.316965
v -0.006628 0.563048 -0.316965
v 0.006628 0.623674 -0.298574
v -0.006628 0.623673 -0.298574
v 0.006628 0.679546 -0.268710
v -0.006628 0.679546 -0.268710
v 0.006628 0.728519 -0.228519
v -0.006628 0.728519 -0.228519
v 0.006628 0.768710 -0.179546
v -0.006628 0.768710 -0.179546
v 0.006628 0.798574 -0.123674
v -0.006628 0.798574 -0.123674
v 0.006628 0.816965 -0.063048
v -0.006628 0.816965 -0.063048
v 0.006628 0.823175 0.000000
v -0.006628 0.823175 0.000000
v 0.006628 0.816965 0.063048
v -0.006628 0.816965 0.063048
v 0.006628 0.798574 0.123674
v -0.006628 0.798574 0.123674
v 0.006628 0.768710 0.179546
v -0.006628 0.768710 0.179546
v 0.006628 0.728519 0.228519
v -0.006628 0.728519 0.228519
v 0.006628 0.679546 0.268710
v -0.006628 0.679546 0.268710
v 0.006628 0.623674 0.298574
v -0.006628 0.623673 0.298574
v 0.006628 0.563048 0.316965
v -0.006628 0.563048 0.316965
v 0.067594 0.500000 0.065115
v 0.036117 0.500000 0.065115
v 0.036117 0.487297 0.063864
v 0.067594 0.487297 0.063864
v 0.067594 0.512703 0.063864
v 0.036117 0.512703 0.063864
v 0.036117 0.475082 0.060158
v 0.067594 0.475082 0.060158
v 0.036117 0.463824 0.054141
v 0.067594 0.463824 0.054141
v 0.036117 0.453957 0.046043
v 0.067594 0.453957 0.046043
v 0.036117 0.445859 0.036176
v 0.067594 0.445859 0.036176
v 0.036117 0.439842 0.024918
v 0.067594 0.439842 0.024918
v 0.036117 0.436136 0.012703
v 0.067594 0.436136 0.012703
v 0.036117 0.434885 -0.000000
v 0.067594 0.434885 -0.000000
v 0.036117 0.436136 -0.012703
v 0.067594 0.436136 -0.012703
v 0.036117 0.439842 -0.024918
v 0.067594 0.439842 -0.024918
v 0.036117 0.445859 -0.036176
v 0.067594 0.445859 -0.036176
v 0.036117 0.453957 -0.046043
v 0.067594 0.453957 -0.046043
v 0.036117 0.463824 -0.054141
v 0.067594 0.463824 -0.054141
v 0.036117 0.475082 -0.060158
v 0.067594 0.475082 -0.060158
v 0.036117 0.487297 -0.063864
v 0.067594 0.487297 -0.063864
v 0.036117 0.500000 -0.065115
v 0.067594 0.500000 -0.065115
v 0.036117 0.512703 -0.063864
v 0.067594 0.512703 -0.063864
v 0.036117 0.524918 -0.060158
v 0.067594 0.524918 -0.060158
v 0.036117 0.536176 -0.054141
v 0.067594 0.536176 -0.054141
v 0.036117 0.546043 -0.046043
v 0.067594 0.546043 -0.046043
v 0.036117 0.554141 -0.036176
v 0.067594 0.554141 -0.036176
v 0.036117 0.560158 -0.024918
v 0.067594 0.560158 -0.024918
v 0.036117 0.563864 -0.012703
v 0.067594 0.563864 -0.012703
v 0.036117 0.565115 -0.000000
v 0.067594 0.565115 -0.000000
v 0.036117 0.563864 0.012703
v 0.067594 0.563864 0.012703
v 0.036117 0.560158 0.024918
v 0.067594 0.560158 0.024918
v 0.036117 0.554141 0.036176
v 0.067594 0.554141 0.036176
v 0.036117 0.546043 0.046043
v 0.067594 0.546043 0.046043
v 0.036117 0.536176 0.054141
v 0.067594 0.536176 0.054141
v 0.036117 0.524918 0.060158
v 0.067594 0.524918 0.060158
v -0.067594 0.487297 0.063864
v -0.036117 0.487297 0.063864
v -0.036117 0.500000 0.065115
v -0.067594 0.500000 0.065115
v -0.067594 0.475082 0.060158
v -0.036117 0.475082 0.060158
v -0.036117 0.512703 0.063864
v -0.067594 0.512703 0.063864
v -0.067594 0.463824 0.054141
v -0.036117 0.463824 0.054141
v -0.067594 0.453957 0.046043
v -0.036117 0.453957 0.046043
v -0.067594 0.445859 0.036176
v -0.036117 0.445859 0.036176
v -0.067594 0.439842 0.024918
v -0.036117 0.439842 0.024918
v -0.067594 0.436136 0.012703
v -0.036117 0.436136 0.012703
v -0.067594 0.434885 0.000000
v -0.036117 0.434885 0.000000
v -0.067594 0.436136 -0.012703
v -0.036117 0.436136 -0.012703
v -0.067594 0.439842 -0.024918
v -0.036117 0.439842 -0.024918
v -0.067594 0.445859 -0.036176
v -0.036117 0.445859 -0.036176
v -0.067594 0.453957 -0.046043
v -0.036117 0.453957 -0.046043
v -0.067594 0.463824 -0.054141
v -0.036117 0.463824 -0.054141
v -0.067594 0.475082 -0.060158
v -0.036117 0.475082 -0.060158
v -0.067594 0.487297 -0.063864
v -0.036117 0.487297 -0.063864
v -0.067594 0.500000 -0.065115
v -0.036117 0.500000 -0.065115
v -0.067594 0.512703 -0.063864
v -0.036117 0.512703 -0.063864
v -0.067594 0.524918 -0.060158
v -0.036117 0.524918 -0.060158
v -0.067594 0.536176 -0.054141
v -0.036117 0.536176 -0.054141
v -0.067594 0.546043 -0.046043
v -0.036117 0.546043 -0.046043
v -0.067594 0.554141 -0.036176
v -0.036117 0.554141 -0.036176
v -0.067594 0.560158 -0.024918
v -0.036117 0.560158 -0.024918
v -0.067594 0.563864 -0.012703
v -0.036117 0.563864 -0.012703
v -0.067594 0.565115 0.000000
v -0.036117 0.565115 0.000000
v -0.067594 0.563864 0.012703
v -0.036117 0.563864 0.012703
v -0.067594 0.560158 0.024918
v -0.036117 0.560158 0.024918
v -0.067594 0.554141 0.036176
v -0.036117 0.554141 0.036176
v -0.067594 0.546043 0.046043
v -0.036117 0.546043 0.046043
v -0.067594 0.536176 0.054141
v -0.036117 0.536176 0.054141
v -0.067594 0.524918 0.060158
v -0.036117 0.524918 0.060158
v 0.067594 0.500000 0.058000
v 0.036117 0.500000 0.058000
v 0.036117 0.488685 0.056885
v 0.067594 0.488685 0.056885
v 0.067594 0.511315 0.056885
v 0.036117 0.511315 0.056885
v 0.036117 0.477805 0.053585
v 0.067594 0.477805 0.053585
v 0.036117 0.467777 0.048225
v 0.067594 0.467777 0.048225
v 0.036117 0.458988 0.041012
v 0.067594 0.458988 0.041012
v 0.036117 0.451775 0.032223
v 0.067594 0.451775 0.032223
v 0.036117 0.446415 0.022195
v 0.067594 0.446415 0.022195
v 0.036117 0.443115 0.011315
v 0.067594 0.443115 0.011315
v 0.036117 0.442000 -0.000000
v 0.067594 0.442000 -0.000000
v 0.036117 0.443115 -0.011315
v 0.067594 0.443115 -0.011315
v 0.036117 0.446415 -0.022195
v 0.067594 0.446415 -0.022195
v 0.036117 0.451775 -0.032223
v 0.067594 0.451775 -0.032223
v 0.036117 0.458988 -0.041012
v 0.067594 0.458988 -0.041012
v 0.036117 0.467777 -0.048225
v 0.067594 0.467777 -0.048225
v 0.036117 0.477805 -0.053585
v 0.067594 0.477805 -0.053585
v 0.036117 0.488685 -0.056885
v 0.067594 0.488685 -0.056885
v 0.036117 0.500000 -0.058000
v 0.067594 0.500000 -0.058000
v 0.036117 0.511315 -0.056885
v 0.067594 0.511315 -0.056885
v 0.036117 0.522196 -0.053585
v 0.067594 0.522196 -0.053585
v 0.036117 0.532223 -0.048225
v 0.067594 0.532223 -0.048225
v 0.036117 0.541012 -0.041012
v 0.067594 0.541012 -0.041012
v 0.036117 0.548225 -0.032223
v 0.067594 0.548225 -0.032223
v 0.036117 0.553585 -0.022195
v 0.067594 0.553585 -0.022195
v 0.036117 0.556885 -0.011315
v 0.067594 0.556885 -0.011315
v 0.036117 0.558000 0.000000
v 0.067594 0.558000 0.000000
v 0.036117 0.556885 0.011315
v 0.067594 0.556885 0.011315
v 0.036117 0.553585 0.022195
v 0.067594 0.553585 0.022195
v 0.036117 0.548225 0.032223
v 0.067594 0.548225 0.032223
v 0.036117 0.541012 0.041012
v 0.067594 0.541012 0.041012
v 0.036117 0.532223 0.048225
v 0.067594 0.532223 0.048225
v 0.036117 0.522196 0.053585
v 0.067594 0.522196 0.053585
v -0.067594 0.488685 0.056885
v -0.036117 0.488685 0.056885
v -0.036117 0.500000 0.058000
v -0.067594 0.500000 0.058000
v -0.067594 0.477804 0.053585
v -0.036117 0.477804 0.053585
v -0.036117 0.511315 0.056885
v -0.067594 0.511315 0.056885
v -0.067594 0.467777 0.048225
v -0.036117 0.467777 0.048225
v -0.067594 0.458988 0.041012
v -0.036117 0.458988 0.041012
v -0.067594 0.451775 0.032223
v -0.036117 0.451775 0.032223
v -0.067594 0.446415 0.022195
v -0.036117 0.446415 0.022195
v -0.067594 0.443115 0.011315
v -0.036117 0.443115 0.011315
v -0.067594 0.442000 0.000000
v -0.036117 0.442000 -0.000000
v -0.067594 0.443115 -0.011315
v -0.036117 0.443115 -0.011315
v -0.067594 0.446415 -0.022195
v -0.036117 0.446415 -0.022195
v -0.067594 0.451775 -0.032223
v -0.036117 0.451775 -0.032223
v -0.067594 0.458988 -0.041012
v -0.036117 0.458988 -0.041012
v -0.067594 0.467777 -0.048225
v -0.036117 0.467777 -0.048225
v -0.067594 0.477804 -0.053585
v -0.036117 0.477804 -0.053585
v -0.067594 0.488685 -0.056885
v -0.036117 0.488685 -0.056885
v -0.067594 0.500000 -0.058000
v -0.036117 0.500000 -0.058000
v -0.067594 0.511315 -0.056885
v -0.036117 0.511315 -0.056885
v -0.067594 0.522195 -0.053585
v -0.036117 0.522195 -0.053585
v -0.067594 0.532223 -0.048225
v -0.036117 0.532223 -0.048225
v -0.067594 0.541012 -0.041012
v -0.036117 0.541012 -0.041012
v -0.067594 0.548225 -0.032223
v -0.036117 0.548225 -0.032223
v -0.067594 0.553585 -0.022196
v -0.036117 0.553585 -0.022196
v -0.067594 0.556885 -0.011315
v -0.036117 0.556885 -0.011315
v -0.067594 0.558000 0.000000
v -0.036117 0.558000 0.000000
v -0.067594 0.556885 0.011315
v -0.036117 0.556885 0.011315
v -0.067594 0.553585 0.022196
v -0.036117 0.553585 0.022196
v -0.067594 0.548225 0.032223
v -0.036117 0.548225 0.032223
v -0.067594 0.541012 0.041012
v -0.036117 0.541012 0.041012
v -0.067594 0.532223 0.048225
v -0.036117 0.532223 0.048225
v -0.067594 0.522195 0.053585
v -0.036117 0.522195 0.053585
v 0.076959 0.500000 -0.374119
v 0.076959 0.427013 -0.366931
v 0.076959 0.356831 -0.345641
v 0.003540 0.500000 -0.323175
v 0.076959 0.572987 -0.366931
v 0.076959 0.643169 -0.345641
v 0.076959 0.292150 -0.311069
v 0.003540 0.376327 -0.298574
v 0.003540 0.436952 -0.316965
v 0.003540 0.563048 -0.316965
v 0.003540 0.623674 -0.298574
v 0.076959 0.707850 -0.311069
v 0.003540 0.728519 -0.228519
v 0.076959 0.811069 -0.207850
v 0.076959 0.764542 -0.264542
v 0.003540 0.768710 -0.179546
v 0.076959 0.845641 -0.143169
v 0.003540 0.798574 -0.123674
v 0.002478 0.487297 -0.063864
v 0.002478 0.500000 -0.065115
v 0.003540 0.320454 -0.268710
v 0.002478 0.512703 -0.063864
v 0.003540 0.679546 -0.268710
v 0.002478 0.524918 -0.060158
v 0.002478 0.463824 -0.054141
v 0.002478 0.536176 -0.054141
v 0.002478 0.554141 -0.036176
v 0.002478 0.563864 -0.012703
v 0.002478 0.565115 0.000000
v 0.002478 0.560158 -0.024918
v 0.003540 0.823175 0.000000
v 0.076959 0.874119 -0.000000
v 0.002478 0.546043 -0.046043
v 0.003540 0.816965 -0.063048
v 0.076959 0.866931 -0.072987
v 0.002478 0.560158 0.024918
v 0.002478 0.546043 0.046043
v 0.002478 0.554141 0.036176
v 0.003540 0.810400 0.084689
v 0.002478 0.563864 0.012703
v 0.003540 0.816965 0.063048
v 0.076959 0.866931 0.072987
v 0.003540 0.798574 0.123674
v 0.076959 0.845641 0.143169
v 0.076959 0.764542 0.264542
v 0.003540 0.728519 0.228519
v 0.076959 0.811069 0.207849
v 0.003540 0.768710 0.179546
v 0.002478 0.475082 -0.060158
v 0.076959 0.235458 -0.264542
v 0.003540 0.271481 -0.228519
v 0.076959 0.154359 -0.143169
v 0.003540 0.201426 -0.123674
v 0.076959 0.188931 -0.207850
v 0.003540 0.231290 -0.179546
v 0.076959 0.133069 -0.072987
v 0.003540 0.183035 -0.063048
v 0.003540 0.189600 -0.084689
v 0.002478 0.445859 -0.036176
v 0.002478 0.439842 -0.024918
v 0.002478 0.436136 -0.012703
v 0.002478 0.453957 -0.046043
v 0.076959 0.125881 -0.000000
v 0.003540 0.176825 0.000000
v 0.002478 0.434885 0.000000
v 0.002478 0.445859 0.036176
v 0.002478 0.439842 0.024918
v 0.002478 0.436136 0.012703
v 0.003540 0.183035 0.063048
v 0.076959 0.133069 0.072987
v 0.002478 0.463824 0.054141
v 0.002478 0.536176 0.054141
v 0.002478 0.453957 0.046043
v 0.002478 0.487297 0.063864
v 0.002478 0.512703 0.063864
v 0.003540 0.201426 0.123674
v 0.076959 0.154359 0.143169
v 0.002478 0.500000 0.065115
v 0.076959 0.188931 0.207849
v 0.003540 0.271481 0.228519
v 0.076959 0.235458 0.264542
v 0.003540 0.231290 0.179546
v 0.076959 0.500000 0.374119
v 0.076959 0.427013 0.366931
v 0.076959 0.572987 0.366931
v 0.076959 0.356831 0.345641
v 0.003540 0.500000 0.323175
v 0.076959 0.643169 0.345641
v 0.076959 0.292150 0.311069
v 0.003540 0.376327 0.298574
v 0.003540 0.436952 0.316965
v 0.003540 0.563048 0.316965
v 0.003540 0.623674 0.298574
v 0.076959 0.707850 0.311069
v 0.003540 0.320454 0.268710
v 0.003540 0.679546 0.268710
v 0.002478 0.475082 0.060158
v 0.002478 0.524918 0.060158
v -0.076959 0.764542 -0.264542
v -0.003540 0.728519 -0.228519
v -0.003540 0.798574 -0.123674
v -0.076959 0.845641 -0.143169
v -0.076959 0.811069 -0.207849
v -0.003540 0.768710 -0.179546
v -0.003540 0.816965 -0.063048
v -0.076959 0.866931 -0.072987
v -0.002478 0.554141 -0.036176
v -0.002478 0.560158 -0.024918
v -0.002478 0.546043 -0.046043
v -0.002478 0.563864 -0.012703
v -0.003540 0.820958 -0.022506
v -0.002478 0.565115 0.000000
v -0.076959 0.874119 0.000000
v -0.003540 0.823175 0.000000
v -0.002478 0.554141 0.036176
v -0.002478 0.560158 0.024918
v -0.002478 0.563864 0.012703
v -0.002478 0.463824 0.054141
v -0.002478 0.536176 0.054141
v -0.003540 0.816965 0.063048
v -0.076959 0.866931 0.072987
v -0.002478 0.546043 0.046043
v -0.002478 0.487297 0.063864
v -0.002478 0.512703 0.063864
v -0.076959 0.845641 0.143169
v -0.003540 0.798574 0.123674
v -0.002478 0.500000 0.065115
v -0.076959 0.764542 0.264542
v -0.003540 0.728519 0.228519
v -0.076959 0.811069 0.207850
v -0.003540 0.768710 0.179546
v -0.076959 0.500000 0.374119
v -0.076959 0.427013 0.366931
v -0.076959 0.572987 0.366931
v -0.076959 0.356831 0.345641
v -0.003540 0.500000 0.323175
v -0.076959 0.643169 0.345641
v -0.076959 0.292150 0.311069
v -0.003540 0.376326 0.298574
v -0.003540 0.436952 0.316965
v -0.003540 0.563048 0.316965
v -0.003540 0.623673 0.298574
v -0.076959 0.707850 0.311069
v -0.003540 0.320454 0.268710
v -0.003540 0.679546 0.268710
v -0.002478 0.475082 0.060158
v -0.002478 0.524918 0.060158
v -0.076959 0.500000 -0.374119
v -0.076959 0.427013 -0.366931
v -0.076959 0.356831 -0.345641
v -0.003540 0.500000 -0.323175
v -0.076959 0.572987 -0.366931
v -0.076959 0.643169 -0.345641
v -0.076959 0.292150 -0.311069
v -0.003540 0.376326 -0.298574
v -0.003540 0.436952 -0.316965
v -0.003540 0.563048 -0.316965
v -0.003540 0.623673 -0.298574
v -0.076959 0.707850 -0.311069
v -0.076959 0.188931 -0.207849
v -0.003540 0.271481 -0.228519
v -0.076959 0.235458 -0.264542
v -0.003540 0.231290 -0.179546
v -0.076959 0.154359 -0.143169
v -0.003540 0.201426 -0.123674
v -0.002478 0.500000 -0.065115
v -0.002478 0.512703 -0.063864
v -0.003540 0.320454 -0.268710
v -0.002478 0.487297 -0.063864
v -0.003540 0.679546 -0.268710
v -0.002478 0.475082 -0.060158
v -0.002478 0.463824 -0.054141
v -0.002478 0.536176 -0.054141
v -0.002478 0.445859 -0.036176
v -0.002478 0.436136 -0.012703
v -0.002478 0.434885 0.000000
v -0.003540 0.180818 -0.040542
v -0.076959 0.125881 0.000000
v -0.003540 0.176825 0.000000
v -0.002478 0.439842 -0.024918
v -0.003540 0.183035 -0.063048
v -0.076959 0.133069 -0.072987
v -0.002478 0.453957 -0.046043
v -0.002478 0.439842 0.024918
v -0.002478 0.453957 0.046043
v -0.076959 0.133069 0.072987
v -0.003540 0.183035 0.063048
v -0.002478 0.436136 0.012703
v -0.002478 0.445859 0.036176
v -0.003540 0.201426 0.123674
v -0.076959 0.154359 0.143169
v -0.076959 0.235458 0.264542
v -0.076959 0.188931 0.207850
v -0.003540 0.271481 0.228519
v -0.003540 0.231290 0.179546
v -0.002478 0.524918 -0.060158
v 0.147547 0.033545 -0.466455
v -0.147547 0.033545 -0.466455
v -0.147547 0.966455 -0.466455
v 0.147547 0.966455 -0.466455
v 0.147547 0.966455 0.466455
v -0.147547 0.966455 0.466455
v 0.147547 0.033545 0.466455
v -0.147547 0.033545 0.466455
v 0.115405 0.174260 -0.452205
v -0.115406 0.174260 -0.452204
v -0.115406 0.825740 -0.452204
v 0.115405 0.825740 -0.452205
v 0.115406 0.825740 0.452204
v -0.115405 0.825740 0.452205
v 0.115406 0.174260 0.452204
v -0.115405 0.174260 0.452205
v -0.128986 0.112913 -0.389634
v -0.128985 0.112913 0.389634
v -0.128986 0.887087 -0.389634
v -0.128985 0.887087 0.389634
v 0.090207 0.500000 0.323175
v 0.090207 0.436952 0.316965
v 0.090207 0.563048 0.316965
v 0.090207 0.376327 0.298574
v 0.090207 0.320454 0.268710
v 0.090207 0.271481 0.228519
v 0.090207 0.231290 0.179546
v 0.090207 0.201426 0.123674
v 0.090207 0.183035 0.063048
v 0.090207 0.176825 -0.000000
v 0.090207 0.183035 -0.063048
v 0.090207 0.201426 -0.123674
v 0.090207 0.231290 -0.179546
v 0.090207 0.271481 -0.228519
v 0.090207 0.320454 -0.268710
v 0.090207 0.376327 -0.298574
v 0.090207 0.436952 -0.316965
v 0.090207 0.500000 -0.323175
v 0.090207 0.563048 -0.316965
v 0.090207 0.623674 -0.298574
v 0.090207 0.679546 -0.268710
v 0.090207 0.728519 -0.228519
v 0.090207 0.768710 -0.179546
v 0.090207 0.798574 -0.123674
v 0.090207 0.816965 -0.063048
v 0.090207 0.823175 -0.000000
v 0.090207 0.816965 0.063048
v 0.090207 0.798574 0.123674
v 0.090207 0.768710 0.179546
v 0.090207 0.728519 0.228519
v 0.090207 0.679546 0.268710
v 0.090207 0.623674 0.298574
v 0.167935 0.490995 0.045273
v 0.167935 0.500000 0.046160
v 0.167935 0.482335 0.042646
v 0.167935 0.474355 0.038380
v 0.167935 0.467360 0.032640
v 0.167935 0.461619 0.025645
v 0.167935 0.457354 0.017664
v 0.167935 0.454727 0.009006
v 0.167935 0.453840 -0.000000
v 0.167935 0.454727 -0.009005
v 0.167935 0.457354 -0.017665
v 0.167935 0.461619 -0.025645
v 0.167935 0.467360 -0.032640
v 0.167935 0.474355 -0.038380
v 0.167935 0.482336 -0.042646
v 0.167935 0.490995 -0.045273
v 0.167935 0.500000 -0.046160
v 0.167935 0.509005 -0.045273
v 0.167935 0.517665 -0.042646
v 0.167935 0.525645 -0.038380
v 0.167935 0.532640 -0.032640
v 0.167935 0.538381 -0.025645
v 0.167935 0.542646 -0.017665
v 0.167935 0.545273 -0.009006
v 0.167935 0.546160 0.000000
v 0.167935 0.545273 0.009005
v 0.167935 0.542646 0.017665
v 0.167935 0.538381 0.025645
v 0.167935 0.532640 0.032640
v 0.167935 0.525645 0.038380
v 0.167935 0.517664 0.042646
v 0.167935 0.509005 0.045273
v 0.162156 0.494319 0.028562
v 0.162156 0.500000 0.029122
v 0.162156 0.488856 0.026905
v 0.162156 0.483821 0.024214
v 0.162156 0.479408 0.020592
v 0.162156 0.475786 0.016179
v 0.162156 0.473095 0.011144
v 0.162156 0.471438 0.005682
v 0.162156 0.470878 -0.000000
v 0.162156 0.471438 -0.005681
v 0.162156 0.473095 -0.011144
v 0.162156 0.475786 -0.016179
v 0.162156 0.479408 -0.020592
v 0.162156 0.483821 -0.024214
v 0.162156 0.488856 -0.026905
v 0.162156 0.494319 -0.028562
v 0.162156 0.500000 -0.029122
v 0.162156 0.505681 -0.028562
v 0.162156 0.511144 -0.026905
v 0.162156 0.516180 -0.024214
v 0.162156 0.520592 -0.020592
v 0.162156 0.524214 -0.016179
v 0.162156 0.526905 -0.011144
v 0.162156 0.528562 -0.005682
v 0.162156 0.529122 0.000000
v 0.162156 0.528562 0.005681
v 0.162156 0.526905 0.011144
v 0.162156 0.524214 0.016179
v 0.162156 0.520592 0.020592
v 0.162156 0.516180 0.024214
v 0.162156 0.511144 0.026905
v 0.162156 0.505681 0.028562
vn -0.2370 -0.0000 0.9715
vn 0.2370 -0.0000 0.9715
vn -0.0000 -1.0000 -0.0000
vn -0.0000 1.0000 -0.0000
vn -0.7071 -0.0000 -0.7071
vn -0.2370 -0.0000 -0.9715
vn 0.2370 -0.0000 -0.9715
vn -1.0000 -0.0000 -0.0000
vn 0.7071 -0.0000 0.7071
vn 1.0000 -0.0000 -0.0000
vn 0.7071 -0.0000 -0.7071
vn -0.0000 -0.0000 -1.0000
vn -0.0000 -0.0000 1.0000
vn -0.7071 -0.0000 0.7071
vn 0.2280 -0.2558 0.9394
vn 0.2280 0.2558 -0.9394
vn -0.2280 -0.2558 -0.9394
vn -0.2280 0.2558 0.9394
vn 0.2280 -0.2558 -0.9394
vn 0.6610 -0.7504 -0.0000
vn 0.2280 0.2558 0.9394
vn 0.6610 0.7504 -0.0000
vn -0.2280 -0.2558 0.9394
vn -0.6610 -0.7504 -0.0000
vn -0.2280 0.2558 -0.9394
vn -0.6610 0.7504 -0.0000
vn 0.5000 -0.7071 -0.5000
vn 0.5000 0.7071 -0.5000
vn 0.5000 0.7071 0.5000
vn 0.5000 -0.7071 0.5000
vn -0.5000 0.7071 0.5000
vn -0.5000 -0.7071 0.5000
vn -0.5000 0.7071 -0.5000
vn -0.5000 -0.7071 -0.5000
vn 0.6706 -0.7418 0.0001
vn 0.6706 0.7418 0.0001
vn -0.0000 -0.7071 -0.7071
vn -0.0000 0.7071 -0.7071
vn -0.6706 -0.7418 0.0001
vn -0.6706 0.7418 0.0001
vn -0.0000 -0.7071 0.7071
vn -0.0000 0.7071 0.7071
vn 0.6706 -0.7418 -0.0001
vn -0.6706 -0.7418 -0.0001
vn 0.6706 0.7418 -0.0001
vn -0.6706 0.7418 -0.0001
vn -0.0000 0.9808 -0.1951
vn -0.0000 -0.8315 0.5556
vn -0.0000 -0.1951 -0.9808
vn -0.0000 0.3827 -0.9239
vn -0.0000 0.5556 -0.8315
vn -0.0000 0.8315 -0.5556
vn -0.0000 0.9239 -0.3827
vn -0.0000 0.9808 0.1951
vn -0.0000 0.9239 0.3827
vn -0.0000 0.8315 0.5556
vn -0.0000 0.5556 0.8315
vn -0.0000 0.3827 0.9239
vn -0.0000 0.1951 0.9808
vn -0.0000 -0.1951 0.9808
vn -0.0000 -0.3827 0.9239
vn -0.0000 -0.5556 0.8315
vn -0.0000 -0.9239 0.3827
vn -0.0000 -0.9808 0.1951
vn -0.0000 -0.9808 -0.1951
vn -0.0000 -0.9239 -0.3827
vn -0.0000 -0.8315 -0.5556
vn -0.0000 -0.5556 -0.8315
vn -0.0000 -0.3827 -0.9239
vn -0.0000 0.1951 -0.9808
vn 1.0000 0.0008 -0.0077
vn -1.0000 0.0008 -0.0077
vn 1.0000 0.0022 -0.0074
vn -1.0000 0.0022 -0.0074
vn 1.0000 0.0036 -0.0068
vn -1.0000 0.0036 -0.0068
vn 1.0000 0.0049 -0.0060
vn -1.0000 0.0049 -0.0060
vn 1.0000 0.0060 -0.0049
vn -1.0000 0.0060 -0.0049
vn 1.0000 0.0068 -0.0036
vn -1.0000 0.0068 -0.0036
vn 1.0000 0.0074 -0.0022
vn -1.0000 0.0074 -0.0022
vn 1.0000 0.0077 -0.0008
vn -1.0000 0.0077 -0.0008
vn 1.0000 0.0077 0.0008
vn -1.0000 0.0077 0.0008
vn 1.0000 0.0074 0.0022
vn -1.0000 0.0074 0.0022
vn 1.0000 0.0068 0.0036
vn -1.0000 0.0068 0.0037
vn 1.0000 0.0060 0.0049
vn -1.0000 0.0060 0.0049
vn 1.0000 0.0049 0.0060
vn -1.0000 0.0049 0.0060
vn 1.0000 0.0036 0.0068
vn -1.0000 0.0036 0.0068
vn 1.0000 0.0022 0.0074
vn -1.0000 0.0022 0.0074
vn 1.0000 0.0008 0.0077
vn -1.0000 0.0008 0.0077
vn 1.0000 -0.0008 0.0077
vn -1.0000 -0.0008 0.0077
vn 1.0000 -0.0022 0.0074
vn -1.0000 -0.0022 0.0074
vn 1.0000 -0.0036 0.0068
vn -1.0000 -0.0036 0.0068
vn 1.0000 -0.0049 0.0060
vn -1.0000 -0.0049 0.0060
vn 1.0000 -0.0060 0.0049
vn -1.0000 -0.0060 0.0049
vn 1.0000 -0.0068 0.0036
vn -1.0000 -0.0068 0.0036
vn 1.0000 -0.0074 0.0022
vn -1.0000 -0.0074 0.0022
vn 1.0000 -0.0077 0.0008
vn -1.0000 -0.0077 0.0008
vn 1.0000 -0.0077 -0.0008
vn -1.0000 -0.0077 -0.0008
vn 1.0000 -0.0074 -0.0022
vn -1.0000 -0.0074 -0.0022
vn 1.0000 -0.0068 -0.0037
vn -1.0000 -0.0068 -0.0036
vn 1.0000 -0.0060 -0.0049
vn -1.0000 -0.0060 -0.0049
vn 1.0000 -0.0049 -0.0060
vn -1.0000 -0.0049 -0.0060
vn 1.0000 -0.0036 -0.0068
vn -1.0000 -0.0036 -0.0068
vn 1.0000 -0.0022 -0.0074
vn -1.0000 -0.0022 -0.0074
vn 1.0000 -0.0008 -0.0077
vn -1.0000 -0.0008 -0.0077
vn -0.0000 0.0980 0.9952
vn -0.0000 0.9952 -0.0980
vn -0.0000 -0.8819 -0.4714
vn -0.0000 0.9952 0.0980
vn -0.0000 -0.7730 -0.6344
vn -0.0000 0.9569 0.2903
vn -0.0000 -0.6344 -0.7730
vn -0.0000 0.8819 0.4714
vn -0.0000 -0.4714 -0.8819
vn -0.0000 0.6344 0.7730
vn -0.0000 0.7730 0.6344
vn -0.0000 -0.2903 -0.9569
vn -0.0000 -0.0980 -0.9952
vn -0.0000 0.4714 0.8819
vn -0.0000 0.0980 -0.9952
vn -0.0000 -0.6344 0.7730
vn -0.0000 0.2903 0.9569
vn -0.0000 0.2903 -0.9569
vn -0.0000 -0.7730 0.6344
vn -0.0000 0.4714 -0.8819
vn -0.0000 -0.8819 0.4714
vn -0.0000 -0.2903 0.9569
vn -0.0000 -0.4714 0.8819
vn -0.0000 0.6344 -0.7730
vn -0.0000 -0.9569 0.2903
vn -0.0000 0.7730 -0.6344
vn -0.0000 -0.9952 0.0980
vn -0.0000 0.8819 -0.4714
vn -0.0000 -0.9952 -0.0980
vn -0.0000 0.9569 -0.2903
vn -0.0000 -0.9569 -0.2903
vn 0.7088 -0.0000 0.7054
vn 0.7088 -0.1376 0.6918
vn 0.7088 -0.2699 0.6517
vn 0.7088 -0.3919 0.5865
vn 0.7088 -0.4988 0.4988
vn 0.7088 -0.5865 0.3919
vn 0.7088 -0.6517 0.2699
vn 0.7088 -0.6918 0.1376
vn 0.7088 -0.7054 -0.0000
vn 0.7088 -0.6918 -0.1376
vn 0.7088 -0.6517 -0.2699
vn 0.7088 -0.5865 -0.3919
vn 0.7088 -0.4988 -0.4988
vn 0.7088 -0.3919 -0.5865
vn 0.7088 -0.2699 -0.6517
vn 0.7088 -0.1376 -0.6918
vn 0.7088 -0.0000 -0.7054
vn 0.7088 0.1376 -0.6918
vn 0.7088 0.2699 -0.6517
vn 0.7088 0.3919 -0.5865
vn 0.7088 0.4988 -0.4988
vn 0.7088 0.5865 -0.3919
vn 0.7088 0.6517 -0.2699
vn 0.7088 0.6918 -0.1376
vn 0.7088 0.7054 -0.0000
vn 0.7088 0.6918 0.1376
vn 0.7088 0.6517 0.2699
vn 0.7088 0.5865 0.3919
vn 0.7088 0.4988 0.4988
vn 0.7088 0.3919 0.5865
vn 0.7088 0.2699 0.6517
vn 0.7088 0.1376 0.6918
vn -0.0000 -0.0980 0.9952
vn 0.3756 -0.0000 0.9268
vn 0.3756 -0.1808 0.9090
vn 0.3756 -0.3547 0.8562
vn 0.3756 -0.5149 0.7706
vn 0.3756 -0.6553 0.6553
vn 0.3756 -0.7706 0.5149
vn 0.3756 -0.8562 0.3547
vn 0.3756 -0.9090 0.1808
vn 0.3756 -0.9268 -0.0000
vn 0.3756 -0.9090 -0.1808
vn 0.3756 -0.8562 -0.3547
vn 0.3756 -0.7706 -0.5149
vn 0.3756 -0.6553 -0.6553
vn 0.3756 -0.5149 -0.7706
vn 0.3756 -0.3547 -0.8562
vn 0.3756 -0.1808 -0.9090
vn 0.3756 -0.0000 -0.9268
vn 0.3756 0.1808 -0.9090
vn 0.3756 0.3547 -0.8562
vn 0.3756 0.5149 -0.7706
vn 0.3756 0.6553 -0.6553
vn 0.3756 0.7706 -0.5149
vn 0.3756 0.8562 -0.3547
vn 0.3756 0.9090 -0.1808
vn 0.3756 0.9268 -0.0000
vn 0.3756 0.9090 0.1808
vn 0.3756 0.8562 0.3547
vn 0.3756 0.7706 0.5149
vn 0.3756 0.6553 0.6553
vn 0.3756 0.5149 0.7706
vn 0.3756 0.3547 0.8562
vn 0.3756 0.1808 0.9090
vn 0.3925 0.1794 -0.9021
vn 0.3925 -0.0000 -0.9197
vn 0.3925 0.3520 -0.8497
vn 0.3925 0.5110 -0.7647
vn 0.3925 0.6503 -0.6503
vn 0.3925 0.7647 -0.5110
vn 0.3925 0.8497 -0.3520
vn 0.3925 0.9021 -0.1794
vn 0.3925 0.9197 -0.0000
vn 0.3926 0.9021 0.1794
vn 0.3925 0.8497 0.3520
vn 0.3925 0.7647 0.5110
vn 0.3925 0.6503 0.6503
vn 0.3925 0.5110 0.7647
vn 0.3925 0.3520 0.8497
vn 0.3925 0.1794 0.9021
vn 0.3926 -0.0000 0.9197
vn 0.3925 -0.1794 0.9021
vn 0.3925 -0.3520 0.8497
vn 0.3925 -0.5110 0.7647
vn 0.3925 -0.6503 0.6503
vn 0.3926 -0.7647 0.5110
vn 0.3925 -0.8497 0.3520
vn 0.3925 -0.9021 0.1794
vn 0.3925 -0.9197 -0.0000
vn 0.3925 -0.9021 -0.1794
vn 0.3926 -0.8497 -0.3520
vn 0.3926 -0.7647 -0.5110
vn 0.3925 -0.6503 -0.6503
vn 0.3925 -0.5110 -0.7647
vn 0.3925 -0.3520 -0.8497
vn 0.3925 -0.1794 -0.9021
vn -0.8253 -0.0000 -0.5647
vn -0.0000 0.4598 0.8880
vn 1.0000 0.0007 -0.0025
vn 1.0000 -0.0007 0.0025
vn -1.0000 -0.0001 0.0028
vn -1.0000 0.0001 -0.0025
vn -0.0000 -0.9973 0.0734
vn -0.0000 -0.9973 -0.0734
vn 0.7127 0.7015 -0.0000
vn 0.7012 -0.0000 0.7130
vn 0.7127 -0.7015 -0.0000
vn 0.7012 -0.0000 -0.7130
vn -0.7012 -0.0000 -0.7130
vn -0.7127 0.7015 -0.0000
vn -0.7127 -0.7015 -0.0000
vn -0.7012 -0.0000 0.7130
vn -0.0000 0.9973 -0.0734
vn -0.0000 0.9973 0.0734
vn 0.8253 -0.0000 -0.5647
vn -0.8253 -0.0000 0.5647
vn -0.0000 -0.4598 0.8880
vn -0.0000 -0.4598 -0.8880
vn -0.0000 0.4598 -0.8880
vn 0.8253 -0.0000 0.5647
vt 0.404528 0.638889
vt 0.595472 0.638889
vt 0.595472 0.666667
vt 0.404528 0.666667
vt 0.404528 0.083333
vt 0.595472 0.083333
vt 0.595472 0.111111
vt 0.404528 0.111111
vt 0.134948 0.611111
vt 0.365052 0.611111
vt 0.365052 0.638889
vt 0.134948 0.638889
vt 0.634948 0.638889
vt 0.865052 0.638889
vt 0.866818 0.666667
vt 0.633182 0.666667
vt 0.633182 0.583333
vt 0.866818 0.583333
vt 0.865052 0.611111
vt 0.634948 0.611111
vt 0.595472 0.780350
vt 0.404528 0.780351
vt 0.404528 0.734982
vt 0.595472 0.734982
vt 0.404528 0.583333
vt 0.595472 0.583333
vt 0.595472 0.611111
vt 0.404528 0.611111
vt 0.866849 0.733850
vt 0.841592 0.746347
vt 0.658408 0.746347
vt 0.633151 0.733850
vt 0.404528 0.138889
vt 0.595472 0.138889
vt 0.595472 0.166667
vt 0.404528 0.166667
vt 0.133182 0.666667
vt 0.366818 0.666667
vt 0.366849 0.733850
vt 0.341592 0.746347
vt 0.158408 0.746347
vt 0.133151 0.733850
vt 0.404528 0.666667
vt 0.595472 0.666667
vt 0.595472 0.734982
vt 0.595472 0.280351
vt 0.404528 0.280351
vt 0.404528 0.234982
vt 0.595472 0.234982
vt 0.133151 0.516150
vt 0.158408 0.503653
vt 0.341592 0.503653
vt 0.366849 0.516150
vt 0.366818 0.583333
vt 0.133182 0.583333
vt 0.404528 0.015018
vt 0.595472 0.015018
vt 0.404528 0.083333
vt 0.865052 0.611111
vt 0.404528 0.515018
vt 0.595472 0.515018
vt 0.595472 0.583333
vt 0.404528 0.583333
vt 0.404528 0.000000
vt 0.595472 0.000000
vt 0.595472 0.015018
vt 0.404528 0.166667
vt 0.595472 0.166667
vt 0.595472 0.234982
vt 0.532745 0.137325
vt 0.467255 0.137325
vt 0.633151 0.516150
vt 0.658408 0.503653
vt 0.841592 0.503653
vt 0.866849 0.516150
vt 0.532745 0.637325
vt 0.467255 0.637325
vt 0.595472 0.780350
vt 0.595472 0.969649
vt 0.404528 0.969649
vt 0.595472 0.280351
vt 0.595472 0.469649
vt 0.404528 0.469649
vt 0.595472 0.469649
vt 0.134948 0.638889
vt 0.365052 0.638889
vt 0.366818 0.666667
vt 0.125000 0.666667
vt 0.125000 0.638889
vt 0.625000 0.138889
vt 0.625000 0.155771
vt 0.365052 0.611111
vt 0.133182 0.583333
vt 0.134948 0.611111
vt 0.125000 0.611111
vt 0.125000 0.583333
vt 0.625000 0.094229
vt 0.625000 0.111111
vt 0.595472 0.111111
vt 0.404528 0.611111
vt 0.404528 0.638889
vt 0.595472 0.611111
vt 0.155351 0.750000
vt 0.125000 0.734982
vt 0.625000 0.001070
vt 0.625000 0.013567
vt 0.625000 0.239364
vt 0.625000 0.277119
vt 0.125000 0.515018
vt 0.155350 0.500000
vt 0.625000 0.472881
vt 0.625000 0.510636
vt 0.344649 0.500000
vt 0.375000 0.515018
vt 0.625000 0.739364
vt 0.625000 0.777118
vt 0.375000 0.734982
vt 0.344649 0.750000
vt 0.625000 0.016150
vt 0.625000 0.083333
vt 0.625000 0.783408
vt 0.625000 0.966592
vt 0.625000 0.283408
vt 0.625000 0.466592
vt 0.625000 0.166667
vt 0.625000 0.233850
vt 0.467255 0.112675
vt 0.404528 0.138889
vt 0.404528 0.111111
vt 0.532745 0.112675
vt 0.467255 0.612675
vt 0.532745 0.612675
vt 0.467255 0.137325
vt 0.467255 0.612675
vt 0.532745 0.137325
vt 0.532745 0.112675
vt 0.532745 0.637325
vt 0.532745 0.612675
vt 0.953335 0.290446
vt 0.957318 0.250000
vt 0.957318 0.250000
vt 0.953335 0.290446
vt 0.603404 0.103404
vt 0.577621 0.134820
vt 0.577621 0.134820
vt 0.709554 0.453335
vt 0.750000 0.457319
vt 0.709554 0.453335
vt 0.829337 0.441537
vt 0.865180 0.422379
vt 0.865180 0.422379
vt 0.829337 0.441537
vt 0.896596 0.396596
vt 0.896596 0.396596
vt 0.922379 0.365180
vt 0.922379 0.365180
vt 0.941537 0.329337
vt 0.941537 0.329337
vt 0.953335 0.209554
vt 0.953335 0.209554
vt 0.941537 0.170663
vt 0.941537 0.170663
vt 0.922379 0.134820
vt 0.922379 0.134820
vt 0.896596 0.103404
vt 0.896596 0.103404
vt 0.865180 0.077621
vt 0.865180 0.077621
vt 0.829337 0.058463
vt 0.790446 0.046665
vt 0.750000 0.042681
vt 0.709554 0.046665
vt 0.709554 0.046665
vt 0.670663 0.058463
vt 0.634820 0.077621
vt 0.558462 0.170663
vt 0.546665 0.209554
vt 0.546665 0.209554
vt 0.542681 0.250000
vt 0.546665 0.290446
vt 0.546665 0.290446
vt 0.558463 0.329337
vt 0.577621 0.365180
vt 0.577621 0.365180
vt 0.603404 0.396596
vt 0.634820 0.422379
vt 0.670663 0.441537
vt 0.670663 0.441537
vt 0.791814 0.460213
vt 0.750000 0.464331
vt 0.750000 0.482988
vt 0.795454 0.478511
vt 0.790446 0.453335
vt 0.571790 0.130924
vt 0.598445 0.098445
vt 0.585253 0.085253
vt 0.556278 0.120559
vt 0.964331 0.250000
vt 0.960213 0.291814
vt 0.978511 0.295454
vt 0.982988 0.250000
vt 0.551984 0.167979
vt 0.534747 0.160839
vt 0.960213 0.208186
vt 0.964331 0.250000
vt 0.978511 0.204546
vt 0.539787 0.208186
vt 0.521489 0.204546
vt 0.948016 0.167979
vt 0.960213 0.208186
vt 0.978511 0.204546
vt 0.965253 0.160839
vt 0.535669 0.250000
vt 0.521489 0.204546
vt 0.517012 0.250000
vt 0.928209 0.130924
vt 0.948016 0.167979
vt 0.943722 0.120559
vt 0.539787 0.291814
vt 0.521489 0.295454
vt 0.901555 0.098445
vt 0.943722 0.120559
vt 0.914747 0.085253
vt 0.551984 0.332021
vt 0.539787 0.291814
vt 0.521489 0.295454
vt 0.534747 0.339161
vt 0.869076 0.071790
vt 0.879441 0.056278
vt 0.571790 0.369076
vt 0.556278 0.379441
vt 0.832021 0.051984
vt 0.839160 0.034747
vt 0.750000 0.464331
vt 0.708186 0.460213
vt 0.704546 0.478511
vt 0.750000 0.482988
vt 0.598445 0.401555
vt 0.585253 0.414747
vt 0.791814 0.039787
vt 0.832021 0.051984
vt 0.839161 0.034747
vt 0.795454 0.021489
vt 0.832021 0.448016
vt 0.791814 0.460213
vt 0.795454 0.478511
vt 0.839160 0.465253
vt 0.630924 0.428210
vt 0.585253 0.414747
vt 0.620559 0.443722
vt 0.750000 0.035669
vt 0.791814 0.039787
vt 0.795454 0.021489
vt 0.750000 0.017012
vt 0.869076 0.428210
vt 0.832021 0.448016
vt 0.879441 0.443722
vt 0.667979 0.448016
vt 0.660839 0.465253
vt 0.708186 0.039787
vt 0.750000 0.035669
vt 0.750000 0.017012
vt 0.704546 0.021489
vt 0.901555 0.401555
vt 0.869076 0.428210
vt 0.914747 0.414747
vt 0.708186 0.460213
vt 0.704546 0.478511
vt 0.667979 0.051984
vt 0.708186 0.039787
vt 0.704546 0.021489
vt 0.660839 0.034747
vt 0.928209 0.369076
vt 0.901555 0.401555
vt 0.943722 0.379441
vt 0.630924 0.071790
vt 0.667979 0.051984
vt 0.660839 0.034747
vt 0.620559 0.056278
vt 0.948016 0.332021
vt 0.928209 0.369076
vt 0.965253 0.339161
vt 0.620559 0.056278
vt 0.585253 0.085253
vt 0.960213 0.291814
vt 0.965253 0.339161
vt 0.978511 0.295454
vt 0.761642 0.308527
vt 0.750000 0.309674
vt 0.250000 0.309674
vt 0.261642 0.308527
vt 0.290446 0.453335
vt 0.250000 0.457319
vt 0.772836 0.305131
vt 0.272836 0.305131
vt 0.329337 0.441537
vt 0.783153 0.299617
vt 0.283153 0.299617
vt 0.365180 0.422379
vt 0.792196 0.292196
vt 0.292196 0.292196
vt 0.396596 0.396596
vt 0.799617 0.283153
vt 0.299617 0.283153
vt 0.422379 0.365180
vt 0.805131 0.272836
vt 0.305131 0.272836
vt 0.441537 0.329337
vt 0.808527 0.261642
vt 0.308527 0.261642
vt 0.453335 0.290446
vt 0.809674 0.250000
vt 0.309674 0.250000
vt 0.457319 0.250000
vt 0.808527 0.238358
vt 0.308527 0.238358
vt 0.453335 0.209554
vt 0.805131 0.227164
vt 0.305131 0.227164
vt 0.441537 0.170663
vt 0.799617 0.216847
vt 0.299617 0.216847
vt 0.422379 0.134820
vt 0.792196 0.207804
vt 0.292196 0.207804
vt 0.396596 0.103404
vt 0.783153 0.200383
vt 0.283153 0.200383
vt 0.365180 0.077621
vt 0.772836 0.194869
vt 0.272836 0.194869
vt 0.329337 0.058463
vt 0.761642 0.191473
vt 0.261642 0.191473
vt 0.290446 0.046665
vt 0.750000 0.190326
vt 0.250000 0.190326
vt 0.250000 0.042681
vt 0.738358 0.191473
vt 0.238358 0.191473
vt 0.209554 0.046665
vt 0.727164 0.194869
vt 0.227164 0.194869
vt 0.170663 0.058463
vt 0.716847 0.200383
vt 0.216847 0.200383
vt 0.134820 0.077621
vt 0.707804 0.207804
vt 0.207804 0.207804
vt 0.103404 0.103404
vt 0.700383 0.216847
vt 0.200383 0.216847
vt 0.077621 0.134820
vt 0.694868 0.227164
vt 0.194869 0.227164
vt 0.058462 0.170663
vt 0.691473 0.238358
vt 0.191473 0.238358
vt 0.046665 0.209554
vt 0.690326 0.250000
vt 0.190326 0.250000
vt 0.042681 0.250000
vt 0.691473 0.261642
vt 0.191473 0.261642
vt 0.046665 0.290446
vt 0.694869 0.272836
vt 0.194869 0.272836
vt 0.058463 0.329337
vt 0.700383 0.283153
vt 0.200383 0.283153
vt 0.077621 0.365180
vt 0.707804 0.292196
vt 0.207804 0.292196
vt 0.103404 0.396596
vt 0.716847 0.299617
vt 0.216847 0.299617
vt 0.134820 0.422379
vt 0.727164 0.305131
vt 0.227164 0.305131
vt 0.170663 0.441537
vt 0.738358 0.308527
vt 0.238358 0.308527
vt 0.209554 0.453335
vt 0.691473 0.238358
vt 0.691473 0.238358
vt 0.805131 0.227164
vt 0.799617 0.216847
vt 0.691473 0.261642
vt 0.792196 0.207804
vt 0.694868 0.272836
vt 0.783153 0.200383
vt 0.772836 0.194869
vt 0.768871 0.231129
vt 0.764827 0.227809
vt 0.761642 0.191473
vt 0.750000 0.190326
vt 0.727164 0.305131
vt 0.738358 0.191473
vt 0.792196 0.292196
vt 0.727164 0.194869
vt 0.738358 0.191473
vt 0.799617 0.283153
vt 0.716847 0.200383
vt 0.805131 0.272836
vt 0.805131 0.272836
vt 0.772836 0.305131
vt 0.707804 0.207804
vt 0.809674 0.250000
vt 0.694868 0.227164
vt 0.700383 0.216847
vt 0.750000 0.309674
vt 0.758252 0.291490
vt 0.750000 0.292303
vt 0.766188 0.289082
vt 0.773502 0.285173
vt 0.779912 0.279912
vt 0.785173 0.273502
vt 0.789083 0.266188
vt 0.791489 0.258253
vt 0.792303 0.250000
vt 0.791490 0.241747
vt 0.789082 0.233812
vt 0.785173 0.226498
vt 0.779912 0.220088
vt 0.773502 0.214827
vt 0.766188 0.210917
vt 0.758253 0.208510
vt 0.750000 0.207697
vt 0.741747 0.208510
vt 0.733811 0.210917
vt 0.726498 0.214827
vt 0.720088 0.220087
vt 0.714827 0.226498
vt 0.710917 0.233812
vt 0.708510 0.241747
vt 0.707697 0.250000
vt 0.708510 0.258253
vt 0.710917 0.266189
vt 0.714827 0.273502
vt 0.720088 0.279913
vt 0.726498 0.285173
vt 0.733811 0.289083
vt 0.741747 0.291490
vt 0.761641 0.308527
vt 0.805131 0.227164
vt 0.808527 0.238358
vt 0.691472 0.238358
vt 0.694868 0.227164
vt 0.707804 0.207804
vt 0.805131 0.272836
vt 0.716847 0.200383
vt 0.783153 0.299617
vt 0.799617 0.216847
vt 0.792196 0.207804
vt 0.799617 0.283153
vt 0.761641 0.191473
vt 0.707804 0.292196
vt 1.000000 0.514727
vt 0.968750 0.514727
vt 0.969207 0.500000
vt 0.999543 0.500000
vt 0.937500 0.514727
vt 0.937957 0.500000
vt 0.968293 0.500000
vt 0.906250 0.514727
vt 0.906707 0.500000
vt 0.937043 0.500000
vt 0.906250 0.514727
vt 0.875000 0.514727
vt 0.875457 0.500000
vt 0.905793 0.500000
vt 0.843750 0.514727
vt 0.844207 0.500000
vt 0.874543 0.500000
vt 0.812500 0.514727
vt 0.812957 0.500000
vt 0.843293 0.500000
vt 0.781250 0.514727
vt 0.781707 0.500000
vt 0.812043 0.500000
vt 0.781250 0.514727
vt 0.750000 0.514727
vt 0.750457 0.500000
vt 0.780793 0.500000
vt 0.718750 0.514727
vt 0.719207 0.500000
vt 0.749543 0.500000
vt 0.687500 0.514727
vt 0.687957 0.500000
vt 0.718293 0.500000
vt 0.656250 0.514727
vt 0.656707 0.500000
vt 0.687043 0.500000
vt 0.656250 0.514727
vt 0.625000 0.514727
vt 0.625457 0.500000
vt 0.655793 0.500000
vt 0.593750 0.514727
vt 0.594207 0.500000
vt 0.624543 0.500000
vt 0.562500 0.514727
vt 0.562957 0.500000
vt 0.593293 0.500000
vt 0.531250 0.514727
vt 0.531707 0.500000
vt 0.562043 0.500000
vt 0.531250 0.514727
vt 0.500000 0.514727
vt 0.500457 0.500000
vt 0.530793 0.500000
vt 0.468750 0.514727
vt 0.469207 0.500000
vt 0.499543 0.500000
vt 0.437500 0.514727
vt 0.437957 0.500000
vt 0.468293 0.500000
vt 0.406250 0.514727
vt 0.406707 0.500000
vt 0.437043 0.500000
vt 0.375000 0.514727
vt 0.375457 0.500000
vt 0.405793 0.500000
vt 0.343750 0.514727
vt 0.344207 0.500000
vt 0.374543 0.500000
vt 0.312500 0.514727
vt 0.312957 0.500000
vt 0.343293 0.500000
vt 0.281250 0.514727
vt 0.281707 0.500000
vt 0.312043 0.500000
vt 0.250000 0.514727
vt 0.250457 0.500000
vt 0.280793 0.500000
vt 0.218750 0.514727
vt 0.219207 0.500000
vt 0.249543 0.500000
vt 0.187500 0.514727
vt 0.187957 0.500000
vt 0.218293 0.500000
vt 0.156250 0.514727
vt 0.156707 0.500000
vt 0.187043 0.500000
vt 0.125000 0.514727
vt 0.125457 0.500000
vt 0.155793 0.500000
vt 0.093750 0.514727
vt 0.094207 0.500000
vt 0.124543 0.500000
vt 0.062500 0.514727
vt 0.062957 0.500000
vt 0.093293 0.500000
vt 0.031250 0.514727
vt 0.031707 0.500000
vt 0.062043 0.500000
vt 0.000000 0.514727
vt 0.000457 0.500000
vt 0.030793 0.500000
vt 0.865180 0.422379
vt 0.922379 0.365180
vt 0.922379 0.134820
vt 0.896596 0.103404
vt 0.542681 0.250000
vt 0.634820 0.422379
vt 0.670663 0.441537
vt 0.000000 0.750000
vt 0.031250 0.750000
vt 0.062500 0.750000
vt 0.093750 0.750000
vt 0.125000 0.750000
vt 0.156250 0.750000
vt 0.187500 0.750000
vt 0.218750 0.750000
vt 0.250000 0.750000
vt 0.281250 0.750000
vt 0.312500 0.750000
vt 0.343750 0.750000
vt 0.375000 0.750000
vt 0.406250 0.750000
vt 0.437500 0.750000
vt 0.468750 0.750000
vt 0.500000 0.750000
vt 0.531250 0.750000
vt 0.562500 0.750000
vt 0.593750 0.750000
vt 0.625000 0.750000
vt 0.656250 0.750000
vt 0.687500 0.750000
vt 0.718750 0.750000
vt 0.750000 0.750000
vt 0.781250 0.750000
vt 0.812500 0.750000
vt 0.843750 0.750000
vt 0.875000 0.750000
vt 0.906250 0.750000
vt 0.937500 0.750000
vt 0.968750 0.750000
vt 1.000000 0.750000
vt 0.606944 0.018056
vt 0.622990 0.002010
vt 0.625000 0.002066
vt 0.625000 0.247934
vt 0.622990 0.247990
vt 0.606944 0.231944
vt 0.619000 0.975767
vt 0.381000 0.975767
vt 0.604967 0.229967
vt 0.395033 0.229967
vt 0.631206 0.500000
vt 0.868794 0.500000
vt 0.875000 0.502066
vt 0.875000 0.747934
vt 0.868794 0.750000
vt 0.631206 0.750000
vt 0.625000 0.747934
vt 0.625000 0.502066
vt 0.381000 0.475767
vt 0.381000 0.274233
vt 0.395033 0.020033
vt 0.604967 0.020033
vt 0.395033 0.729967
vt 0.395033 0.520033
vt 0.368794 0.750000
vt 0.131206 0.750000
vt 0.125000 0.747934
vt 0.125000 0.502066
vt 0.131206 0.500000
vt 0.368794 0.500000
vt 0.375000 0.502066
vt 0.375000 0.747934
vt 0.604967 0.729967
vt 0.604967 0.729967
vt 0.604967 0.520033
vt 0.393056 0.731944
vt 0.377010 0.747990
vt 0.377010 0.502010
vt 0.393056 0.518056
vt 0.571737 0.053732
vt 0.571737 0.196268
vt 0.584353 0.180995
vt 0.593728 0.163570
vt 0.599502 0.144663
vt 0.601451 0.125000
vt 0.599502 0.105337
vt 0.593729 0.086430
vt 0.584353 0.069005
vt 0.556363 0.041198
vt 0.538824 0.031884
vt 0.519792 0.026149
vt 0.500000 0.024212
vt 0.480208 0.026149
vt 0.461176 0.031884
vt 0.443637 0.041198
vt 0.428263 0.053732
vt 0.415647 0.069005
vt 0.406272 0.086430
vt 0.400498 0.105337
vt 0.398549 0.125000
vt 0.400498 0.144663
vt 0.406272 0.163570
vt 0.415647 0.180995
vt 0.428263 0.196268
vt 0.443637 0.208802
vt 0.461176 0.218116
vt 0.480208 0.223851
vt 0.500000 0.225788
vt 0.519792 0.223851
vt 0.538824 0.218116
vt 0.556363 0.208802
vt 0.548688 0.197391
vt 0.533537 0.205436
vt 0.517097 0.210390
vt 0.500000 0.212063
vt 0.482903 0.210390
vt 0.466463 0.205436
vt 0.451312 0.197390
vt 0.438032 0.186563
vt 0.427133 0.173370
vt 0.419035 0.158318
vt 0.414048 0.141985
vt 0.412364 0.125000
vt 0.414048 0.108015
vt 0.415828 0.102185
vt 0.475260 0.120111
vt 0.474775 0.125000
vt 0.475260 0.129889
vt 0.476695 0.134590
vt 0.479026 0.138923
vt 0.482163 0.142720
vt 0.485986 0.145837
vt 0.490347 0.148152
vt 0.495079 0.149578
vt 0.500000 0.150060
vt 0.504921 0.149578
vt 0.509653 0.148152
vt 0.514014 0.145837
vt 0.517837 0.142720
vt 0.520974 0.138923
vt 0.523305 0.134590
vt 0.524740 0.129889
vt 0.584172 0.147815
vt 0.580965 0.158318
vt 0.572867 0.173370
vt 0.561968 0.186563
vt 0.451312 0.052609
vt 0.466463 0.044564
vt 0.482903 0.039610
vt 0.500000 0.037937
vt 0.517097 0.039610
vt 0.533537 0.044564
vt 0.548688 0.052610
vt 0.561968 0.063437
vt 0.572867 0.076630
vt 0.580965 0.091682
vt 0.585952 0.108015
vt 0.587636 0.125000
vt 0.585952 0.141985
vt 0.525225 0.125000
vt 0.524740 0.120111
vt 0.523305 0.115410
vt 0.520974 0.111077
vt 0.517837 0.107280
vt 0.514014 0.104163
vt 0.509653 0.101848
vt 0.504921 0.100422
vt 0.500000 0.099940
vt 0.495079 0.100422
vt 0.490347 0.101848
vt 0.485986 0.104163
vt 0.482163 0.107280
vt 0.479026 0.111077
vt 0.476695 0.115410
vt 0.419035 0.091682
vt 0.427133 0.076630
vt 0.438032 0.063437
vt 0.561968 0.686563
vt 0.548688 0.697390
vt 0.533537 0.705436
vt 0.517097 0.710390
vt 0.500000 0.712063
vt 0.482903 0.710390
vt 0.466463 0.705436
vt 0.451312 0.697390
vt 0.438032 0.686563
vt 0.427133 0.673370
vt 0.419035 0.658318
vt 0.414048 0.641985
vt 0.413447 0.635922
vt 0.475260 0.629889
vt 0.476695 0.634590
vt 0.479026 0.638923
vt 0.482163 0.642720
vt 0.485986 0.645837
vt 0.490347 0.648152
vt 0.495079 0.649578
vt 0.500000 0.650060
vt 0.504921 0.649578
vt 0.509653 0.648152
vt 0.514014 0.645837
vt 0.517837 0.642720
vt 0.520974 0.638923
vt 0.523305 0.634590
vt 0.524740 0.629889
vt 0.525225 0.625000
vt 0.587035 0.631063
vt 0.585952 0.641985
vt 0.580965 0.658318
vt 0.572867 0.673370
vt 0.428263 0.696268
vt 0.428263 0.553732
vt 0.415647 0.569005
vt 0.406272 0.586430
vt 0.400498 0.605337
vt 0.398549 0.625000
vt 0.400498 0.644663
vt 0.406272 0.663570
vt 0.415647 0.680995
vt 0.443637 0.708802
vt 0.461176 0.718116
vt 0.480208 0.723851
vt 0.500000 0.725788
vt 0.519792 0.723851
vt 0.538824 0.718116
vt 0.556363 0.708802
vt 0.571737 0.696268
vt 0.584353 0.680995
vt 0.593728 0.663570
vt 0.599502 0.644663
vt 0.601451 0.625000
vt 0.599502 0.605337
vt 0.593729 0.586430
vt 0.584353 0.569005
vt 0.571737 0.553732
vt 0.556363 0.541198
vt 0.538824 0.531884
vt 0.519792 0.526149
vt 0.500000 0.524212
vt 0.480208 0.526149
vt 0.461176 0.531884
vt 0.443637 0.541198
vt 0.438032 0.563437
vt 0.451312 0.552609
vt 0.466463 0.544564
vt 0.482903 0.539610
vt 0.500000 0.537937
vt 0.517097 0.539610
vt 0.533537 0.544564
vt 0.548688 0.552609
vt 0.561968 0.563437
vt 0.572867 0.576630
vt 0.580965 0.591682
vt 0.585952 0.608015
vt 0.587636 0.625000
vt 0.524740 0.620111
vt 0.523305 0.615410
vt 0.520974 0.611077
vt 0.517837 0.607280
vt 0.514014 0.604163
vt 0.509653 0.601848
vt 0.504921 0.600422
vt 0.500000 0.599940
vt 0.495079 0.600422
vt 0.490347 0.601848
vt 0.485986 0.604163
vt 0.482163 0.607280
vt 0.479026 0.611077
vt 0.476695 0.615410
vt 0.475260 0.620111
vt 0.474775 0.625000
vt 0.412364 0.625000
vt 0.414048 0.608015
vt 0.419035 0.591682
vt 0.427133 0.576630
vt 0.604491 0.012979
vt 0.395509 0.012979
vt 0.604491 0.237021
vt 0.610397 0.242914
vt 0.610397 0.742913
vt 0.389603 0.742914
vt 0.606944 0.518056
vt 0.622990 0.502010
vt 0.622990 0.747990
vt 0.606944 0.731944
vt 0.610397 0.007086
vt 0.377010 0.247990
vt 0.375000 0.250000
vt 0.375972 0.249028
vt 0.375000 0.000000
vt 0.377010 0.002010
vt 0.375000 0.002066
vt 0.625000 0.000000
vt 0.624028 0.000972
vt 0.625000 0.250000
vt 0.624028 0.249028
vt 0.622866 0.500000
vt 0.625000 0.493794
vt 0.625000 0.500000
vt 0.375000 0.500000
vt 0.377134 0.750000
vt 0.375000 0.756206
vt 0.625000 0.750000
vt 0.624028 0.749028
vt 0.625000 0.256206
vt 0.375000 0.256206
vt 0.375000 0.493794
vt 0.625000 0.756206
vt 0.393056 0.231944
vt 0.393056 0.018056
vt 0.375000 0.247934
vt 0.375000 0.002066
vt 0.389603 0.007086
vt 0.389603 0.242914
vt 0.610397 0.507086
vt 0.389603 0.507086
vt 0.395509 0.237021
vt 0.395509 0.512979
vt 0.604491 0.512979
vt 0.604491 0.737020
vt 0.395509 0.737020
vt 1.000000 0.586038
vt 0.968750 0.586038
vt 0.968750 0.913962
vt 1.000000 0.913962
vt 0.937500 0.586038
vt 0.937500 0.913962
vt 0.906250 0.586038
vt 0.906250 0.913962
vt 0.875000 0.586038
vt 0.875000 0.913962
vt 0.843750 0.586038
vt 0.843750 0.913962
vt 0.812500 0.586038
vt 0.812500 0.913962
vt 0.781250 0.586038
vt 0.781250 0.913962
vt 0.750000 0.586038
vt 0.750000 0.913962
vt 0.718750 0.586038
vt 0.718750 0.913962
vt 0.687500 0.586038
vt 0.687500 0.913962
vt 0.656250 0.586038
vt 0.656250 0.913962
vt 0.625000 0.586038
vt 0.625000 0.913962
vt 0.593750 0.586038
vt 0.593750 0.913962
vt 0.562500 0.586038
vt 0.562500 0.913962
vt 0.531250 0.586038
vt 0.531250 0.913962
vt 0.500000 0.586038
vt 0.500000 0.913962
vt 0.468750 0.586038
vt 0.468750 0.913962
vt 0.437500 0.586038
vt 0.437500 0.913962
vt 0.406250 0.586038
vt 0.406250 0.913962
vt 0.375000 0.586038
vt 0.375000 0.913962
vt 0.343750 0.586038
vt 0.343750 0.913962
vt 0.312500 0.586038
vt 0.312500 0.913962
vt 0.281250 0.586038
vt 0.281250 0.913962
vt 0.250000 0.586038
vt 0.250000 0.913962
vt 0.218750 0.586038
vt 0.218750 0.913962
vt 0.187500 0.586038
vt 0.187500 0.913962
vt 0.156250 0.586038
vt 0.156250 0.913962
vt 0.125000 0.586038
vt 0.125000 0.913962
vt 0.093750 0.586038
vt 0.093750 0.913962
vt 0.062500 0.586038
vt 0.062500 0.913962
vt 0.453335 0.290446
vt 0.031250 0.586038
vt 0.031250 0.913962
vt 0.000000 0.586038
vt 0.000000 0.913962
vt 0.308527 0.238358
vt 0.194869 0.227164
vt 0.191473 0.238358
vt 0.957318 0.250000
vt 0.453335 0.209554
vt 0.454757 0.223992
vt 0.949124 0.195671
vt 0.044103 0.235562
vt 0.896596 0.103404
vt 0.396596 0.103404
vt 0.550876 0.304329
vt 0.750000 0.457319
vt 0.329337 0.058463
vt 0.829337 0.441537
vt 0.329337 0.441537
vt 0.670663 0.441537
vt 0.396596 0.396596
vt 0.670663 0.058463
vt 0.209554 0.453335
vt 0.170663 0.058463
vt 0.261642 0.308527
vt 0.190326 0.250000
vt 0.190326 0.250000
vt 0.292196 0.207804
vt 0.783153 0.200383
vt 0.194869 0.272836
vt 0.283153 0.200383
vt 0.200383 0.283153
vt 0.707804 0.292196
vt 0.207804 0.292196
vt 0.207804 0.292196
vt 0.261642 0.191473
vt 0.250000 0.309674
vt 0.250000 0.309674
vt 0.716847 0.299617
vt 0.238358 0.308527
vt 0.216847 0.299617
vt 0.250000 0.190326
vt 0.283153 0.299617
vt 0.227164 0.305131
vt 0.292196 0.292196
vt 0.216847 0.200383
vt 0.216847 0.200383
vt 0.207804 0.207804
vt 0.207804 0.207804
vt 0.200383 0.216847
vt 0.309674 0.250000
vt 0.216847 0.299617
vt 0.207804 0.292196
vt 0.261642 0.191473
vt 0.292196 0.292196
vt 0.238358 0.308527
vt 0.305131 0.272836
vt 0.200383 0.283153
vt 0.292196 0.207804
vt 0.381000 0.774233
vt 0.375000 0.993794
vt 0.619000 0.774233
vt 0.625000 0.993794
vt 0.619000 0.475767
vt 0.619000 0.274233
vt 0.000000 0.000000
vt 0.755207 0.276176
vt 0.750000 0.276688
vt 0.760213 0.274657
vt 0.764827 0.272191
vt 0.768871 0.268871
vt 0.772190 0.264827
vt 0.774657 0.260213
vt 0.776175 0.255207
vt 0.776688 0.250000
vt 0.776176 0.244793
vt 0.774657 0.239787
vt 0.772190 0.235173
vt 0.760213 0.225343
vt 0.755206 0.223824
vt 0.750000 0.223312
vt 0.744793 0.223824
vt 0.739787 0.225343
vt 0.735173 0.227810
vt 0.731129 0.231128
vt 0.727809 0.235173
vt 0.725343 0.239787
vt 0.723825 0.244793
vt 0.723312 0.250000
vt 0.723824 0.255207
vt 0.725343 0.260213
vt 0.727809 0.264827
vt 0.731129 0.268872
vt 0.735172 0.272190
vt 0.739787 0.274657
vt 0.744793 0.276175
s 0
usemtl M_Noir_Bleuté
f 70/1/1 71/2/1 16/3/1 9/4/1
f 4/5/2 5/6/2 68/7/2 65/8/2
f 17/9/3 28/10/3 25/11/3 20/12/3
f 32/13/4 21/14/4 6/15/4 15/16/4
f 14/17/4 7/18/4 24/19/4 29/20/4
f 54/21/5 52/22/5 50/23/5 56/24/5
f 12/25/6 13/26/6 72/27/6 69/28/6
f 15/16/4 6/15/4 37/29/4 39/30/4 53/31/4 55/32/4
f 66/33/7 67/34/7 8/35/7 1/36/7
f 3/37/3 10/38/3 49/39/3 51/40/3 33/41/3 35/42/3
f 9/43/8 16/44/8 56/45/8 50/23/8
f 46/46/9 44/47/9 42/48/9 48/49/9
f 41/50/3 43/51/3 57/52/3 59/53/3 11/54/3 2/55/3
f 36/56/10 38/57/10 5/6/10 4/58/10
f 29/20/4 24/59/4 21/14/4 32/13/4
f 60/60/8 62/61/8 13/62/8 12/63/8
f 34/64/11 40/65/11 38/66/11 36/56/11
f 1/67/10 8/68/10 48/69/10 42/48/10
f 23/70/12 18/71/12 74/71/12 75/70/12
f 61/72/4 63/73/4 45/74/4 47/75/4 7/18/4 14/17/4
f 31/76/13 26/77/13 78/77/13 79/76/13
f 52/22/12 54/78/12 40/79/12 34/80/12
f 44/47/13 46/81/13 64/82/13 58/83/13
f 62/61/14 60/60/14 58/83/14 64/84/14
f 20/85/3 25/86/3 10/87/3 3/37/3
f 20/85/15 3/37/15 4/88/15 65/89/15
f 24/90/16 7/91/16 8/35/16 67/34/16
f 28/92/17 11/54/17 12/25/17 69/28/17
f 32/13/18 15/16/18 16/3/18 71/2/18
f 2/93/19 17/94/19 66/95/19 1/96/19
f 17/9/20 20/12/20 65/89/20 66/95/20
f 6/97/21 21/98/21 68/7/21 5/6/21
f 21/98/22 24/90/22 67/34/22 68/99/22
f 10/87/23 25/86/23 70/1/23 9/4/23
f 25/11/24 28/10/24 69/100/24 70/101/24
f 14/17/25 29/20/25 72/27/25 13/26/25
f 29/20/26 32/13/26 71/2/26 72/102/26
f 35/42/27 33/41/27 34/103/27 36/104/27
f 39/105/28 37/106/28 38/66/28 40/65/28
f 47/107/29 45/108/29 46/46/29 48/49/29
f 43/51/30 41/50/30 42/109/30 44/110/30
f 63/111/31 61/112/31 62/61/31 64/84/31
f 59/53/32 57/52/32 58/113/32 60/114/32
f 55/115/33 53/116/33 54/21/33 56/24/33
f 51/40/34 49/39/34 50/117/34 52/118/34
f 3/37/35 35/42/35 36/104/35 4/88/35
f 37/119/36 6/120/36 5/6/36 38/57/36
f 33/41/37 51/40/37 52/118/37 34/103/37
f 53/121/38 39/122/38 40/79/38 54/78/38
f 9/43/39 50/23/39 49/39/39 10/38/39
f 56/45/40 16/44/40 15/16/40 55/32/40
f 57/52/41 43/51/41 44/110/41 58/113/41
f 45/123/42 63/124/42 64/82/42 46/81/42
f 1/96/43 42/109/43 41/50/43 2/55/43
f 60/60/44 12/63/44 11/54/44 59/53/44
f 7/125/45 47/126/45 48/69/45 8/68/45
f 13/62/46 62/61/46 61/72/46 14/17/46
f 2/93/3 11/54/3 28/92/3 17/94/3
f 19/127/10 18/71/10 66/128/10 65/129/10
f 23/70/10 22/130/10 68/99/10 67/34/10
f 27/131/8 26/77/8 70/101/8 69/100/8
f 31/76/8 30/132/8 72/102/8 71/2/8
f 18/71/10 23/70/10 67/34/10 66/128/10
f 22/130/10 19/127/10 65/129/10 68/99/10
f 26/77/8 31/76/8 71/2/8 70/101/8
f 30/132/8 27/131/8 69/100/8 72/102/8
f 26/77/4 27/131/4 77/131/4 78/77/4
f 18/71/4 19/127/4 73/127/4 74/71/4
f 27/131/12 30/132/12 80/132/12 77/131/12
f 19/127/13 22/130/13 76/130/13 73/127/13
f 30/132/3 31/76/3 79/76/3 80/132/3
f 22/130/3 23/70/3 75/70/3 76/130/3
f 150/1/1 151/2/1 96/3/1 89/4/1
f 84/5/2 85/6/2 148/7/2 145/8/2
f 97/9/3 108/10/3 105/11/3 100/12/3
f 112/13/4 101/14/4 86/15/4 95/16/4
f 94/17/4 87/18/4 104/19/4 109/20/4
f 134/21/5 132/22/5 130/23/5 136/24/5
f 92/25/6 93/26/6 152/27/6 149/28/6
f 95/16/4 86/15/4 117/29/4 119/30/4 133/31/4 135/32/4
f 146/33/7 147/34/7 88/35/7 81/36/7
f 83/37/3 90/38/3 129/39/3 131/40/3 113/41/3 115/42/3
f 89/43/8 96/44/8 136/45/8 130/23/8
f 126/46/9 124/47/9 122/48/9 128/49/9
f 121/50/3 123/51/3 137/52/3 139/53/3 91/54/3 82/55/3
f 116/56/10 118/57/10 85/6/10 84/58/10
f 109/20/4 104/59/4 101/14/4 112/13/4
f 140/60/8 142/61/8 93/62/8 92/63/8
f 114/64/11 120/65/11 118/66/11 116/56/11
f 81/67/10 88/68/10 128/69/10 122/48/10
f 98/133/4 99/127/4 153/127/4 154/133/4
f 141/72/4 143/73/4 125/74/4 127/75/4 87/18/4 94/17/4
f 106/77/4 107/134/4 157/134/4 158/77/4
f 132/22/12 134/78/12 120/79/12 114/80/12
f 124/47/13 126/81/13 144/82/13 138/83/13
f 142/61/14 140/60/14 138/83/14 144/84/14
f 100/85/3 105/86/3 90/87/3 83/37/3
f 100/85/15 83/37/15 84/88/15 145/89/15
f 104/90/16 87/91/16 88/35/16 147/34/16
f 108/92/17 91/54/17 92/25/17 149/28/17
f 112/13/18 95/16/18 96/3/18 151/2/18
f 82/93/19 97/94/19 146/95/19 81/96/19
f 97/9/20 100/12/20 145/89/20 146/95/20
f 86/97/21 101/98/21 148/7/21 85/6/21
f 101/98/22 104/90/22 147/34/22 148/99/22
f 90/87/23 105/86/23 150/1/23 89/4/23
f 105/11/24 108/10/24 149/100/24 150/101/24
f 94/17/25 109/20/25 152/27/25 93/26/25
f 109/20/26 112/13/26 151/2/26 152/102/26
f 115/42/27 113/41/27 114/103/27 116/104/27
f 119/105/28 117/106/28 118/66/28 120/65/28
f 127/107/29 125/108/29 126/46/29 128/49/29
f 123/51/30 121/50/30 122/109/30 124/110/30
f 143/111/31 141/112/31 142/61/31 144/84/31
f 139/53/32 137/52/32 138/113/32 140/114/32
f 135/115/33 133/116/33 134/21/33 136/24/33
f 131/40/34 129/39/34 130/117/34 132/118/34
f 83/37/35 115/42/35 116/104/35 84/88/35
f 117/119/36 86/120/36 85/6/36 118/57/36
f 113/41/37 131/40/37 132/118/37 114/103/37
f 133/121/38 119/122/38 120/79/38 134/78/38
f 89/43/39 130/23/39 129/39/39 90/38/39
f 136/45/40 96/44/40 95/16/40 135/32/40
f 137/52/41 123/51/41 124/110/41 138/113/41
f 125/123/42 143/124/42 144/82/42 126/81/42
f 81/96/43 122/109/43 121/50/43 82/55/43
f 140/60/44 92/63/44 91/54/44 139/53/44
f 87/125/45 127/126/45 128/69/45 88/68/45
f 93/62/46 142/61/46 141/72/46 94/17/46
f 82/93/3 91/54/3 108/92/3 97/94/3
f 99/127/10 98/133/10 146/128/10 145/129/10
f 103/135/10 102/136/10 148/99/10 147/34/10
f 107/134/8 106/77/8 150/101/8 149/100/8
f 111/137/8 110/138/8 152/102/8 151/2/8
f 98/133/10 103/135/10 147/34/10 146/128/10
f 102/136/10 99/127/10 145/129/10 148/99/10
f 106/77/8 111/137/8 151/2/8 150/101/8
f 110/138/8 107/134/8 149/100/8 152/102/8
f 107/134/12 110/138/12 160/138/12 157/134/12
f 99/127/13 102/136/13 156/136/13 153/127/13
f 110/138/3 111/137/3 159/137/3 160/138/3
f 102/136/3 103/135/3 155/135/3 156/136/3
f 111/137/13 106/77/13 158/77/13 159/137/13
f 103/135/12 98/133/12 154/133/12 155/135/12
f 698/599/10 689/600/10 673/601/10 676/602/10 692/603/10 699/604/10
f 672/605/263 668/606/263 1309/606/263 1312/605/263
f 656/607/12 653/608/12 641/608/12 644/607/12
f 1306/609/4 1305/610/4 676/611/4 673/612/4 1304/613/4 1303/614/4 688/615/4 679/616/4
f 680/617/264 666/618/264 1315/618/264 1316/617/264
f 650/619/13 652/620/13 643/620/13 642/619/13
f 653/608/4 650/619/4 642/619/4 641/608/4
f 652/620/3 656/607/3 644/607/3 643/620/3
f 1317/621/4 1318/622/4 646/622/4 647/621/4
f 1302/623/3 1301/624/3 670/625/3 667/626/3 1307/627/3 1308/628/3 682/629/3 685/630/3
f 1319/631/13 1317/621/13 647/621/13 648/632/13
f 1318/622/12 1320/633/12 645/633/12 646/622/12
f 704/634/8 695/635/8 685/630/8 682/629/8 694/636/8 701/637/8
f 1320/633/3 1319/631/3 648/632/3 645/633/3
f 651/834/12 649/835/12 713/835/12 714/834/12
f 655/836/269 675/837/269 708/837/269 715/836/269
f 687/838/13 683/839/13 711/839/13 712/838/13
f 702/840/8 693/841/8 679/616/8 688/615/8 696/842/8 703/843/8
f 671/844/270 651/834/270 714/834/270 705/844/270
f 691/845/9 1307/846/9 667/847/9
f 1301/848/11 690/849/11 670/850/11
f 689/600/11 1304/851/11 673/852/11
f 1305/853/9 692/603/9 676/854/9
f 693/855/14 1306/856/14 679/857/14
f 1308/858/14 694/636/14 682/629/14
f 695/859/5 1302/860/5 685/578/5
f 1303/861/5 696/842/5 688/862/5
f 1301/848/11 1304/851/11 689/600/11 690/849/11
f 1305/863/9 1307/864/9 691/845/9 692/603/9
f 693/841/14 694/636/14 1308/865/14 1306/856/14
f 1303/866/5 1302/860/5 695/635/5 696/842/5
f 700/867/271 697/868/271 650/619/271 653/608/271
f 697/868/272 698/599/272 652/620/272 650/619/272
f 698/599/273 699/604/273 656/607/273 652/620/273
f 699/604/274 700/867/274 653/608/274 656/607/274
f 664/633/275 661/622/275 701/637/275 702/840/275
f 704/634/276 701/637/276 661/622/276 657/621/276
f 702/840/277 703/843/277 660/631/277 664/633/277
f 703/843/278 704/634/278 657/621/278 660/631/278
f 700/867/10 691/845/10 667/869/10 670/870/10 690/849/10 697/868/10
f 671/844/10 669/871/10 690/849/10 689/600/10
f 665/872/10 675/837/10 692/603/10 691/845/10
f 677/873/8 681/874/8 694/636/8 693/841/8
f 683/839/8 687/838/8 696/842/8 695/635/8
f 649/835/10 651/834/10 698/599/10 697/868/10
f 655/836/10 654/875/10 700/867/10 699/604/10
f 662/876/8 663/877/8 702/840/8 701/637/8
f 659/878/8 658/879/8 704/634/8 703/843/8
f 669/871/10 649/835/10 697/868/10 690/849/10
f 654/875/10 665/872/10 691/845/10 700/867/10
f 651/834/10 671/844/10 689/600/10 698/599/10
f 675/837/10 655/836/10 699/604/10 692/603/10
f 658/879/8 683/839/8 695/635/8 704/634/8
f 687/838/8 659/878/8 703/843/8 696/842/8
f 681/874/8 662/876/8 701/637/8 694/636/8
f 663/877/8 677/873/8 693/841/8 702/840/8
f 683/839/279 658/879/279 720/879/279 711/839/279
f 654/875/13 655/836/13 715/836/13 716/875/13
f 659/878/270 687/838/270 712/838/270 719/878/270
f 663/877/13 662/876/13 717/876/13 718/877/13
f 662/876/280 681/874/280 710/874/280 717/876/280
f 658/879/12 659/878/12 719/878/12 720/879/12
f 669/871/13 671/844/13 705/844/13 706/871/13
f 677/873/269 663/877/269 718/877/269 709/873/269
f 649/835/279 669/871/279 706/871/279 713/835/279
f 675/837/12 665/872/12 707/872/12 708/837/12
f 665/872/280 654/875/280 716/875/280 707/872/280
f 681/874/12 677/873/12 709/873/12 710/874/12
f 1187/880/149 1188/881/149 1237/882/149 1236/883/149
f 1188/881/152 1190/884/152 1239/885/152 1237/882/152
f 1190/884/154 1193/886/154 1242/887/154 1239/885/154
f 1193/886/158 1185/888/158 1296/889/158 1242/887/158
f 1185/888/160 1183/890/160 1297/891/160 1296/889/160
f 1183/890/162 1181/892/162 1295/893/162 1297/891/162
f 1181/892/164 1174/894/164 1290/895/164 1295/893/164
f 1174/894/136 1167/896/136 1282/897/136 1290/895/136
f 1167/896/138 1160/898/138 1286/899/138 1282/897/138
f 1160/898/140 1156/900/140 1268/901/140 1286/899/140
f 1156/900/142 1158/902/142 1264/903/142 1268/901/142
f 1158/902/145 1154/904/145 1266/905/145 1264/903/145
f 1111/906/144 1258/907/144 1266/905/144 1154/904/144
f 1107/908/148 1254/909/148 1258/907/148 1111/906/148
f 1106/910/151 1253/911/151 1254/909/151 1107/908/151
f 1105/912/135 1252/913/135 1253/911/135 1106/910/135
f 1109/914/198 1256/915/198 1252/913/198 1105/912/198
f 1110/916/156 1257/917/156 1256/915/156 1109/914/156
f 1116/918/157 1263/919/157 1257/917/157 1110/916/157
f 1119/920/150 1203/921/150 1263/919/150 1116/918/150
f 1118/922/153 1207/923/153 1203/921/153 1119/920/153
f 1121/924/155 1206/925/155 1207/923/155 1118/922/155
f 1139/926/159 1210/927/159 1206/925/159 1121/924/159
f 1136/928/161 1217/929/161 1210/927/161 1139/926/161
f 1146/930/163 1225/931/163 1217/929/163 1136/928/163
f 1148/932/165 1229/933/165 1225/931/165 1146/930/165
f 1151/934/137 1234/935/137 1229/933/137 1148/932/137
f 1149/936/139 1232/937/139 1234/935/139 1151/934/139
f 1149/936/141 1198/938/141 1247/939/141 1232/937/141
f 1198/938/143 1192/940/143 1241/941/143 1247/939/143
f 1291/942/164 800/311/164 798/308/164 1294/308/164
f 1192/940/146 1189/943/146 1238/944/146 1241/941/146
f 1189/943/147 1187/945/147 1236/946/147 1238/944/147
f 1204/350/150 826/350/150 824/347/150 1274/347/150
f 825/143/153 827/145/153 1120/145/153 1117/143/153
f 799/142/136 801/141/136 1168/950/136 1173/142/136
f 1208/353/153 828/353/153 826/350/153 1204/350/153
f 1283/314/136 802/314/136 800/311/136 1291/942/136
f 827/145/155 829/176/155 1122/176/155 1120/145/155
f 801/141/138 803/160/138 1161/160/138 1168/950/138
f 1205/356/155 830/356/155 828/353/155 1208/353/155
f 1285/951/138 804/317/138 802/314/138 1283/314/138 1281/952/138
f 829/176/159 831/178/159 1138/178/159 1122/176/159
f 803/160/140 805/162/140 1157/162/140 1162/953/140 1161/160/140
f 1209/359/159 832/359/159 830/356/159 1205/356/159
f 1269/320/140 806/320/140 804/317/140 1285/951/140
f 831/178/161 833/179/161 1135/179/161 1138/178/161
f 805/162/142 807/164/142 1159/164/142 1157/162/142
f 1215/954/161 1218/362/161 834/362/161 832/359/161 1209/359/161
f 1267/323/142 808/323/142 806/320/142 1269/320/142
f 833/179/163 835/181/163 1145/181/163 1135/179/163
f 807/164/145 809/166/145 1155/955/145 1159/164/145
f 1224/365/163 836/365/163 834/362/163 1218/362/163
f 1265/956/145 810/326/145 808/323/145 1267/323/145
f 835/181/165 837/182/165 1147/182/165 1143/957/165 1145/181/165
f 1155/955/144 809/166/144 811/168/144 1125/168/144
f 1230/368/165 838/368/165 836/365/165 1224/365/165
f 1272/329/144 812/329/144 810/326/144 1265/956/144
f 837/182/137 839/184/137 1152/184/137 1147/182/137
f 811/168/148 813/169/148 1112/169/148 1125/168/148
f 785/147/149 786/193/149 1195/193/149 1191/958/149
f 1235/371/137 840/371/137 838/368/137 1230/368/137
f 1259/959/148 814/332/148 812/329/148 1272/329/148
f 1244/292/149 787/292/149 788/293/149 1240/293/149
f 839/184/139 841/185/139 1150/185/139 1152/184/139
f 813/169/151 815/170/151 1113/170/151 1112/169/151
f 786/193/152 789/152/152 1194/960/152 1195/193/152
f 1233/374/139 842/374/139 840/371/139 1235/371/139
f 1260/335/151 816/335/151 814/332/151 1259/959/151
f 1243/961/152 790/296/152 787/292/152 1244/292/152
f 841/185/141 843/186/141 1200/186/141 1150/185/141
f 815/170/135 817/171/135 1108/171/135 1113/170/135
f 789/152/154 791/151/154 1199/151/154 1194/960/154
f 1249/377/141 844/377/141 842/374/141 1233/374/141
f 1255/338/135 818/338/135 816/335/135 1260/335/135
f 1248/299/154 792/299/154 790/296/154 1243/961/154
f 843/186/143 845/188/143 1197/962/143 1200/186/143
f 817/171/198 819/173/198 1114/173/198 1108/171/198
f 791/151/158 793/154/158 1184/154/158 1199/151/158
f 1246/380/143 846/380/143 844/377/143 1249/377/143
f 1261/341/198 820/341/198 818/338/198 1255/338/198
f 794/302/158 792/299/158 1248/299/158 1298/963/158
f 845/188/146 847/148/146 1196/148/146 1197/962/146
f 819/173/156 821/174/156 1115/964/156 1114/173/156
f 793/154/160 795/156/160 1186/156/160 1184/154/160
f 1245/965/146 848/383/146 846/380/146 1246/380/146
f 1262/966/156 822/344/156 820/341/156 1261/341/156
f 1299/305/160 796/305/160 794/302/160 1298/963/160
f 847/148/147 785/147/147 1191/958/147 1196/148/147
f 821/174/157 823/175/157 1127/175/157 1115/964/157
f 795/156/162 797/158/162 1180/158/162 1186/156/162
f 1240/293/147 788/293/147 848/383/147 1245/965/147
f 1274/347/157 824/347/157 822/344/157 1262/966/157
f 1294/308/162 798/308/162 796/305/162 1299/305/162
f 823/175/150 825/143/150 1117/143/150 1127/175/150
f 797/158/164 799/142/164 1173/142/164 1180/158/164
f 684/1002/12 668/606/12 1301/1003/12 1302/860/12
f 686/1004/12 684/1002/12 1302/860/12 1303/866/12
f 672/605/12 686/1004/12 1303/866/12 1304/1005/12
f 668/606/12 672/605/12 1304/1005/12 1301/1003/12
f 678/1006/13 674/1007/13 1305/863/13 1306/856/13
f 666/618/13 680/617/13 1308/865/13 1307/864/13
f 674/1007/13 666/618/13 1307/864/13 1305/863/13
f 680/617/13 678/1006/13 1306/856/13 1308/865/13
f 1310/1002/12 1311/1004/12 1312/605/12 1309/606/12
f 1315/618/13 1313/1007/13 1314/1006/13 1316/617/13
f 684/1002/281 686/1004/281 1311/1004/281 1310/1002/281
f 666/618/282 674/1007/282 1313/1007/282 1315/618/282
f 674/1007/283 678/1006/283 1314/1006/283 1313/1007/283
f 686/1004/284 672/605/284 1312/605/284 1311/1004/284
f 668/606/285 684/1002/285 1310/1002/285 1309/606/285
f 678/1006/286 680/617/286 1316/617/286 1314/1006/286
f 664/633/3 660/631/3 1319/631/3 1320/633/3
f 661/622/12 664/633/12 1320/633/12 1318/622/12
f 660/631/13 657/621/13 1317/621/13 1319/631/13
f 657/621/4 661/622/4 1318/622/4 1317/621/4
f 1319/1008/8 1317/1008/8 1318/1008/8 1320/1008/8
usemtl M_Cyan
f 73/127/10 76/130/10 75/70/10 74/71/10
f 77/131/8 80/132/8 79/76/8 78/77/8
f 153/127/10 156/136/10 155/135/10 154/133/10
f 157/134/8 160/138/8 159/137/8 158/77/8
f 1386/1010/10 1385/1009/10 1387/1011/10 1388/1012/10 1389/1013/10 1390/1014/10 1391/1015/10 1392/1016/10 1393/1017/10 1394/1018/10 1395/1019/10 1396/1020/10 1397/393/10 1398/394/10 1399/1021/10 1400/1022/10 1401/1023/10 1402/1024/10 1403/1025/10 1404/1026/10 1405/1027/10 1406/1028/10 1407/1029/10 1408/1030/10 1409/1031/10 1410/1032/10 1411/1033/10 1412/1034/10 1413/1035/10 1414/1036/10 1415/1037/10 1416/1038/10
s 1
usemtl M_Gris_Metal
f 1329/139/47 1330/140/4 241/141/4 239/142/47
f 1342/143/41 1343/144/48 267/145/48 265/143/41
f 1323/146/49 1321/147/12 225/147/12 287/148/49
f 1324/149/50 1325/150/51 231/151/51 229/152/50
f 1325/150/51 1326/153/38 233/154/38 231/151/51
f 1326/153/38 1327/155/52 235/156/52 233/154/38
f 1327/155/52 1328/157/53 237/158/53 235/156/52
f 1328/157/53 1329/139/47 239/142/47 237/158/53
f 1330/140/4 1331/159/54 243/160/54 241/141/4
f 1331/159/54 1332/161/55 245/162/55 243/160/54
f 1332/161/55 1333/163/56 247/164/56 245/162/55
f 1333/163/56 1334/165/42 249/166/42 247/164/56
f 1334/165/42 1335/167/57 251/168/57 249/166/42
f 1335/167/57 1336/169/58 253/169/58 251/168/57
f 1336/169/58 1337/170/59 255/170/59 253/169/58
f 1337/170/59 1338/171/13 257/171/13 255/170/59
f 1338/171/13 1339/172/60 259/173/60 257/171/13
f 1339/172/60 1340/174/61 261/174/61 259/173/60
f 1340/174/61 1341/175/62 263/175/62 261/174/61
f 1341/175/62 1342/143/41 265/143/41 263/175/62
f 1343/144/48 1344/176/63 269/176/63 267/145/48
f 1344/176/63 1345/177/64 271/178/64 269/176/63
f 1345/177/64 1346/179/3 273/179/3 271/178/64
f 1346/179/3 1347/180/65 275/181/65 273/179/3
f 1347/180/65 1348/182/66 277/182/66 275/181/65
f 1348/182/66 1349/183/67 279/184/67 277/182/66
f 1349/183/67 1350/185/37 281/185/37 279/184/67
f 1350/185/37 1351/186/68 283/186/68 281/185/37
f 1351/186/68 1352/187/69 285/188/69 283/186/68
f 1352/187/69 1323/146/49 287/148/49 285/188/69
s 0
f 483/189/10 482/190/10 545/191/10 548/192/10
s 1
f 1322/193/70 1324/149/50 229/152/50 226/193/70
s 0
f 523/194/10 521/195/10 586/196/10 588/197/10
f 497/198/10 495/199/10 560/200/10 562/201/10
f 525/202/10 523/194/10 588/197/10 590/203/10
f 499/204/10 497/205/10 562/201/10 564/206/10
f 527/207/10 525/202/10 590/203/10 592/208/10
f 501/209/10 499/210/10 564/211/10 566/212/10
f 529/213/10 527/207/10 592/214/10 594/215/10
f 503/216/10 501/217/10 566/212/10 568/218/10
f 531/219/10 529/213/10 594/215/10 596/220/10
f 505/221/10 503/216/10 568/222/10 570/223/10
f 533/224/10 531/225/10 596/226/10 598/227/10
f 507/228/10 505/221/10 570/223/10 572/229/10
f 535/230/10 533/224/10 598/227/10 600/231/10
f 509/232/10 507/228/10 572/229/10 574/233/10
f 482/234/10 543/235/10 608/236/10 545/237/10
f 537/238/10 535/230/10 600/231/10 602/239/10
f 511/240/10 509/241/10 574/242/10 576/243/10
f 485/244/10 483/245/10 548/246/10 550/247/10
f 539/248/10 537/238/10 602/249/10 604/250/10
f 513/251/10 511/252/10 576/253/10 578/254/10
f 487/255/10 485/256/10 550/247/10 552/257/10
f 541/258/10 539/248/10 604/250/10 606/259/10
f 515/260/10 513/261/10 578/262/10 580/263/10
f 489/264/10 487/265/10 552/257/10 554/266/10
f 543/267/10 541/258/10 606/259/10 608/268/10
f 517/269/10 515/270/10 580/271/10 582/272/10
f 491/273/10 489/274/10 554/266/10 556/275/10
f 519/276/10 517/277/10 582/278/10 584/279/10
f 493/280/10 491/281/10 556/275/10 558/282/10
f 521/195/10 519/276/10 584/283/10 586/284/10
f 495/285/10 493/280/10 558/286/10 560/287/10
s 1
f 546/458/199 547/459/200 548/460/167 545/461/166
f 547/459/200 549/462/201 550/463/168 548/464/167
f 549/462/201 551/465/202 552/466/169 550/467/168
f 551/468/202 553/469/203 554/470/170 552/471/169
f 553/469/203 555/472/204 556/473/171 554/474/170
f 555/472/204 557/475/205 558/476/172 556/477/171
f 557/475/205 559/478/206 560/479/173 558/480/172
f 559/481/206 561/482/207 562/483/174 560/484/173
f 561/482/207 563/485/208 564/486/175 562/487/174
f 563/485/208 565/488/209 566/489/176 564/490/175
f 565/488/209 567/491/210 568/492/177 566/493/176
f 567/494/210 569/495/211 570/496/178 568/497/177
f 569/495/211 571/498/212 572/499/179 570/500/178
f 571/498/212 573/501/213 574/502/180 572/503/179
f 573/501/213 575/504/214 576/505/181 574/506/180
f 575/507/214 577/508/215 578/509/182 576/510/181
f 577/508/215 579/511/216 580/512/183 578/513/182
f 579/511/216 581/514/217 582/515/184 580/516/183
f 581/514/217 583/517/218 584/518/185 582/519/184
f 583/517/218 585/520/219 586/521/186 584/522/185
f 585/520/219 587/523/220 588/524/187 586/525/186
f 587/523/220 589/526/221 590/527/188 588/528/187
f 589/526/221 591/529/222 592/530/189 590/531/188
f 591/529/222 593/532/223 594/533/190 592/534/189
f 593/532/223 595/535/224 596/536/191 594/537/190
f 595/535/224 597/538/225 598/539/192 596/540/191
f 597/538/225 599/541/226 600/542/193 598/543/192
f 599/541/226 601/544/227 602/545/194 600/546/193
f 601/544/227 603/547/228 604/548/195 602/549/194
f 603/547/228 605/550/229 606/551/196 604/552/195
f 605/550/229 607/553/230 608/554/197 606/555/196
f 607/553/230 546/556/199 545/557/166 608/558/197
f 482/190/182 483/189/183 484/193/231 481/147/232
f 483/245/183 485/244/184 486/152/233 484/193/231
f 485/256/184 487/255/185 488/559/234 486/152/233
f 487/265/185 489/264/186 490/154/235 488/151/234
f 489/274/186 491/273/187 492/560/236 490/154/235
f 491/281/187 493/280/188 494/158/237 492/156/236
f 493/280/188 495/285/189 496/139/238 494/158/237
f 495/199/189 497/198/190 498/140/239 496/142/238
f 497/205/190 499/204/191 500/160/240 498/141/239
f 499/210/191 501/209/192 502/162/241 500/160/240
f 501/217/192 503/216/193 504/561/242 502/162/241
f 503/216/193 505/221/194 506/562/243 504/164/242
f 505/221/194 507/228/195 508/168/244 506/166/243
f 507/228/195 509/232/196 510/169/245 508/168/244
f 509/241/196 511/240/197 512/170/246 510/169/245
f 511/252/197 513/251/166 514/171/247 512/170/246
f 513/261/166 515/260/167 516/172/248 514/171/247
f 515/270/167 517/269/168 518/174/249 516/173/248
f 517/277/168 519/276/169 520/175/250 518/174/249
f 519/276/169 521/195/170 522/143/251 520/175/250
f 521/195/170 523/194/171 524/144/252 522/143/251
f 523/194/171 525/202/172 526/176/253 524/145/252
f 525/202/172 527/207/173 528/178/254 526/176/253
f 527/207/173 529/213/174 530/563/255 528/178/254
f 529/213/174 531/219/175 532/180/256 530/179/255
f 531/225/175 533/224/176 534/182/257 532/181/256
f 533/224/176 535/230/177 536/183/258 534/182/257
f 535/230/177 537/238/178 538/185/259 536/184/258
f 537/238/178 539/248/179 540/564/260 538/185/259
f 539/248/179 541/258/180 542/565/261 540/186/260
f 541/258/180 543/267/181 544/148/262 542/188/261
f 543/235/181 482/234/182 481/147/232 544/148/262
s 0
f 609/566/8 611/567/8 640/568/8 639/569/8 638/570/8 637/571/8 636/572/8 635/573/8 634/574/8 633/575/8 632/576/8 631/577/8 630/578/8 629/579/8 628/580/8 627/581/8 626/582/8 625/583/8 624/584/8 623/585/8 622/586/8 621/587/8 620/588/8 619/589/8 618/590/8 617/591/8 616/592/8 615/593/8 614/594/8 613/595/8 612/596/8 610/597/8
s 1
f 1321/147/12 1322/193/70 226/193/70 225/147/12
f 546/458/199 609/598/13 610/597/60 547/459/200
f 547/459/200 610/597/60 612/596/61 549/462/201
f 605/550/229 640/568/58 611/567/59 607/553/230
f 603/547/228 639/569/57 640/568/58 605/550/229
f 601/544/227 638/570/42 639/569/57 603/547/228
f 599/541/226 637/571/56 638/570/42 601/544/227
f 597/538/225 636/572/55 637/571/56 599/541/226
f 595/535/224 635/573/54 636/572/55 597/538/225
f 593/532/223 634/574/4 635/573/54 595/535/224
f 591/529/222 633/575/47 634/574/4 593/532/223
f 589/526/221 632/576/53 633/575/47 591/529/222
f 587/523/220 631/577/52 632/576/53 589/526/221
f 585/520/219 630/578/38 631/577/52 587/523/220
f 583/517/218 629/579/51 630/578/38 585/520/219
f 581/514/217 628/580/50 629/579/51 583/517/218
f 579/511/216 627/581/70 628/580/50 581/514/217
f 577/508/215 626/582/12 627/581/70 579/511/216
f 575/507/214 625/583/49 626/582/12 577/508/215
f 573/501/213 624/584/69 625/583/49 575/504/214
f 571/498/212 623/585/68 624/584/69 573/501/213
f 569/495/211 622/586/37 623/585/68 571/498/212
f 567/494/210 621/587/67 622/586/37 569/495/211
f 565/488/209 620/588/66 621/587/67 567/491/210
f 563/485/208 619/589/65 620/588/66 565/488/209
f 561/482/207 618/590/3 619/589/65 563/485/208
f 559/481/206 617/591/64 618/590/3 561/482/207
f 557/475/205 616/592/63 617/591/64 559/478/206
f 555/472/204 615/593/48 616/592/63 557/475/205
f 553/469/203 614/594/41 615/593/48 555/472/204
f 551/468/202 613/595/62 614/594/41 553/469/203
f 549/462/201 612/596/61 613/595/62 551/465/202
f 607/553/230 611/567/59 609/566/13 546/556/199
f 481/147/232 484/193/231 1322/193/70 1321/147/12
f 484/193/231 486/152/233 1324/149/50 1322/193/70
f 542/188/261 544/148/262 1323/146/49 1352/187/69
f 540/186/260 542/565/261 1352/187/69 1351/186/68
f 538/185/259 540/564/260 1351/186/68 1350/185/37
f 536/184/258 538/185/259 1350/185/37 1349/183/67
f 534/182/257 536/183/258 1349/183/67 1348/182/66
f 532/181/256 534/182/257 1348/182/66 1347/180/65
f 530/179/255 532/180/256 1347/180/65 1346/179/3
f 528/178/254 530/563/255 1346/179/3 1345/177/64
f 526/176/253 528/178/254 1345/177/64 1344/176/63
f 524/145/252 526/176/253 1344/176/63 1343/144/48
f 520/175/250 522/143/251 1342/143/41 1341/175/62
f 518/174/249 520/175/250 1341/175/62 1340/174/61
f 516/173/248 518/174/249 1340/174/61 1339/172/60
f 514/171/247 516/172/248 1339/172/60 1338/171/13
f 512/170/246 514/171/247 1338/171/13 1337/170/59
f 510/169/245 512/170/246 1337/170/59 1336/169/58
f 508/168/244 510/169/245 1336/169/58 1335/167/57
f 506/166/243 508/168/244 1335/167/57 1334/165/42
f 504/164/242 506/562/243 1334/165/42 1333/163/56
f 502/162/241 504/561/242 1333/163/56 1332/161/55
f 500/160/240 502/162/241 1332/161/55 1331/159/54
f 498/141/239 500/160/240 1331/159/54 1330/140/4
f 494/158/237 496/139/238 1329/139/47 1328/157/53
f 492/156/236 494/158/237 1328/157/53 1327/155/52
f 490/154/235 492/560/236 1327/155/52 1326/153/38
f 488/151/234 490/154/235 1326/153/38 1325/150/51
f 486/152/233 488/559/234 1325/150/51 1324/149/50
f 544/148/262 481/147/232 1321/147/12 1323/146/49
f 522/143/251 524/144/252 1343/144/48 1342/143/41
f 496/142/238 498/140/239 1330/140/4 1329/139/47
s 0
usemtl M_Noir_Profond
f 162/288/71 161/289/71 225/147/71 226/193/71
f 164/290/72 163/291/72 227/292/72 228/293/72
f 165/294/73 162/288/73 226/193/73 229/152/73
f 163/291/74 166/295/74 230/296/74 227/292/74
f 167/297/75 165/294/75 229/152/75 231/151/75
f 166/295/76 168/298/76 232/299/76 230/296/76
f 169/300/77 167/297/77 231/151/77 233/154/77
f 168/298/78 170/301/78 234/302/78 232/299/78
f 171/303/79 169/300/79 233/154/79 235/156/79
f 170/301/80 172/304/80 236/305/80 234/302/80
f 173/306/81 171/303/81 235/156/81 237/158/81
f 172/304/82 174/307/82 238/308/82 236/305/82
f 175/309/83 173/306/83 237/158/83 239/142/83
f 174/307/84 176/310/84 240/311/84 238/308/84
f 177/312/85 175/309/85 239/142/85 241/141/85
f 176/310/86 178/313/86 242/314/86 240/311/86
f 179/315/87 177/312/87 241/141/87 243/160/87
f 178/313/88 180/316/88 244/317/88 242/314/88
f 181/318/89 179/315/89 243/160/89 245/162/89
f 180/316/90 182/319/90 246/320/90 244/317/90
f 183/321/91 181/318/91 245/162/91 247/164/91
f 182/319/92 184/322/92 248/323/92 246/320/92
f 185/324/93 183/321/93 247/164/93 249/166/93
f 184/322/94 186/325/94 250/326/94 248/323/94
f 187/327/95 185/324/95 249/166/95 251/168/95
f 186/325/96 188/328/96 252/329/96 250/326/96
f 189/330/97 187/327/97 251/168/97 253/169/97
f 188/328/98 190/331/98 254/332/98 252/329/98
f 191/333/99 189/330/99 253/169/99 255/170/99
f 190/331/100 192/334/100 256/335/100 254/332/100
f 193/336/101 191/333/101 255/170/101 257/171/101
f 192/334/102 194/337/102 258/338/102 256/335/102
f 195/339/103 193/336/103 257/171/103 259/173/103
f 194/337/104 196/340/104 260/341/104 258/338/104
f 197/342/105 195/339/105 259/173/105 261/174/105
f 196/340/106 198/343/106 262/344/106 260/341/106
f 199/345/107 197/342/107 261/174/107 263/175/107
f 198/343/108 200/346/108 264/347/108 262/344/108
f 201/348/109 199/345/109 263/175/109 265/143/109
f 200/346/110 202/349/110 266/350/110 264/347/110
f 203/351/111 201/348/111 265/143/111 267/145/111
f 202/349/112 204/352/112 268/353/112 266/350/112
f 205/354/113 203/351/113 267/145/113 269/176/113
f 204/352/114 206/355/114 270/356/114 268/353/114
f 207/357/115 205/354/115 269/176/115 271/178/115
f 206/355/116 208/358/116 272/359/116 270/356/116
f 209/360/117 207/357/117 271/178/117 273/179/117
f 208/358/118 210/361/118 274/362/118 272/359/118
f 211/363/119 209/360/119 273/179/119 275/181/119
f 210/361/120 212/364/120 276/365/120 274/362/120
f 213/366/121 211/363/121 275/181/121 277/182/121
f 212/364/122 214/367/122 278/368/122 276/365/122
f 215/369/123 213/366/123 277/182/123 279/184/123
f 214/367/124 216/370/124 280/371/124 278/368/124
f 217/372/125 215/369/125 279/184/125 281/185/125
f 216/370/126 218/373/126 282/374/126 280/371/126
f 219/375/127 217/372/127 281/185/127 283/186/127
f 218/373/128 220/376/128 284/377/128 282/374/128
f 221/378/129 219/375/129 283/186/129 285/188/129
f 220/376/130 222/379/130 286/380/130 284/377/130
f 223/381/131 221/378/131 285/188/131 287/148/131
f 222/379/132 224/382/132 288/383/132 286/380/132
f 161/289/133 223/381/133 287/148/133 225/147/133
f 224/382/134 164/290/134 228/293/134 288/383/134
f 357/381/135 353/289/135 290/289/135 351/381/135
f 402/384/136 404/360/136 337/360/136 335/385/136
f 376/386/137 378/387/137 311/321/137 309/318/137
f 404/360/138 406/363/138 339/388/138 337/360/138
f 378/387/139 380/389/139 313/324/139 311/321/139
f 406/363/140 408/390/140 341/366/140 339/363/140
f 380/389/141 382/391/141 315/327/141 313/324/141
f 408/390/142 410/369/142 343/369/142 341/366/142
f 382/391/143 384/392/143 317/330/143 315/327/143
f 314/393/144 316/394/144 1398/394/144 1397/393/144
f 410/369/145 412/372/145 345/372/145 343/369/145
f 384/392/146 386/395/146 319/333/146 317/392/146
f 412/372/144 414/375/144 347/375/144 345/372/144
f 386/395/147 388/396/147 321/396/147 319/333/147
f 414/375/148 416/397/148 349/378/148 347/375/148
f 388/396/149 390/398/149 323/339/149 321/336/149
f 362/297/150 364/399/150 297/300/150 295/297/150
f 416/397/151 357/381/151 351/381/151 349/378/151
f 390/398/152 392/400/152 325/342/152 323/401/152
f 364/399/153 366/303/153 299/402/153 297/300/153
f 392/400/154 394/403/154 327/345/154 325/342/154
f 366/303/155 368/404/155 301/405/155 299/303/155
f 356/288/156 360/406/156 293/294/156 291/288/156
f 360/406/157 362/297/157 295/297/157 293/406/157
f 394/403/158 396/348/158 329/348/158 327/345/158
f 368/404/159 370/309/159 303/309/159 301/306/159
f 396/348/160 398/351/160 331/351/160 329/407/160
f 370/309/161 372/408/161 305/312/161 303/309/161
f 398/351/162 400/409/162 333/409/162 331/410/162
f 372/408/163 374/315/163 307/315/163 305/312/163
f 400/409/164 402/384/164 335/385/164 333/409/164
f 374/315/165 376/386/165 309/386/165 307/315/165
s 1
f 290/411/166 291/288/167 1353/412/167 1354/413/166
f 291/288/167 293/294/168 1355/414/168 1353/412/167
f 293/406/168 295/297/169 1356/415/169 1355/414/168
f 295/297/169 297/300/170 1357/416/170 1356/415/169
f 297/300/170 299/402/171 1358/417/171 1357/416/170
f 299/303/171 301/405/172 1359/418/172 1358/417/171
f 301/306/172 303/309/173 1360/419/173 1359/418/172
f 303/309/173 305/312/174 1361/420/174 1360/419/173
f 305/312/174 307/315/175 1362/421/175 1361/420/174
f 307/315/175 309/386/176 1363/422/176 1362/421/175
f 309/318/176 311/321/177 1364/423/177 1363/422/176
f 311/321/177 313/324/178 1365/424/178 1364/423/177
f 313/324/178 315/327/179 1366/425/179 1365/424/178
f 315/327/179 317/330/180 1367/426/180 1366/425/179
f 317/392/180 319/333/181 1368/427/181 1367/426/180
f 319/333/181 321/396/182 1369/428/182 1368/427/181
f 321/336/182 323/339/183 1370/429/183 1369/428/182
f 323/401/183 325/342/184 1371/430/184 1370/429/183
f 325/342/184 327/345/185 1372/431/185 1371/430/184
f 327/345/185 329/348/186 1373/432/186 1372/431/185
f 329/407/186 331/351/187 1374/433/187 1373/432/186
f 331/410/187 333/409/188 1375/434/188 1374/433/187
f 333/409/188 335/385/189 1376/435/189 1375/434/188
f 335/385/189 337/360/190 1377/436/190 1376/435/189
f 337/360/190 339/388/191 1378/437/191 1377/436/190
f 339/363/191 341/366/192 1379/438/192 1378/437/191
f 341/366/192 343/369/193 1380/439/193 1379/438/192
f 343/369/193 345/372/194 1381/440/194 1380/439/193
f 345/372/194 347/375/195 1382/441/195 1381/440/194
f 347/375/195 349/378/196 1383/442/196 1382/441/195
f 349/378/196 351/381/197 1384/443/197 1383/442/196
f 351/381/197 290/289/166 1354/413/166 1384/443/197
s 0
f 353/289/198 356/288/198 291/288/198 290/411/198
f 161/289/198 162/288/198 355/444/198 354/289/198
f 179/315/165 181/318/165 375/445/165 373/446/165
f 406/363/8 404/360/8 468/360/8 470/363/8
f 205/354/164 207/357/164 401/447/164 399/448/164
f 402/384/8 400/409/8 464/409/8 466/384/8
f 177/312/163 179/315/163 373/446/163 371/408/163
f 203/351/162 205/354/162 399/448/162 397/351/162
f 403/360/10 405/363/10 469/363/10 467/360/10
f 175/309/161 177/312/161 371/408/161 369/309/161
f 399/448/10 401/447/10 465/447/10 463/448/10
f 201/348/160 203/351/160 397/351/160 395/449/160
f 173/306/159 175/309/159 369/309/159 367/450/159
f 380/389/8 378/387/8 442/387/8 444/389/8
f 199/345/158 201/348/158 395/449/158 393/451/158
f 376/386/8 374/315/8 438/315/8 440/386/8
f 165/294/157 167/297/157 361/452/157 359/294/157
f 162/288/156 165/294/156 359/294/156 355/444/156
f 377/453/10 379/454/10 443/454/10 441/453/10
f 171/303/155 173/306/155 367/450/155 365/455/155
f 373/446/10 375/445/10 439/445/10 437/446/10
f 197/342/154 199/345/154 393/451/154 391/400/154
f 169/300/153 171/303/153 365/455/153 363/300/153
f 408/390/8 406/363/8 470/363/8 472/390/8
f 195/339/152 197/342/152 391/400/152 389/398/152
f 356/288/8 353/289/8 417/289/8 420/288/8
f 221/378/151 223/381/151 358/381/151 415/397/151
f 167/297/150 169/300/150 363/300/150 361/452/150
f 405/363/10 407/390/10 471/390/10 469/363/10
f 193/336/149 195/339/149 389/398/149 387/336/149
f 354/289/10 355/444/10 419/444/10 418/289/10
f 219/375/148 221/378/148 415/397/148 413/375/148
f 191/333/147 193/336/147 387/336/147 385/456/147
f 382/391/8 380/389/8 444/389/8 446/391/8
f 217/372/144 219/375/144 413/375/144 411/457/144
f 189/330/146 191/333/146 385/456/146 383/330/146
f 379/454/10 381/327/10 445/327/10 443/454/10
f 215/369/145 217/372/145 411/457/145 409/369/145
f 187/327/143 189/330/143 383/330/143 381/327/143
f 410/369/8 408/390/8 472/390/8 474/369/8
f 213/366/142 215/369/142 409/369/142 407/390/142
f 185/324/141 187/327/141 381/327/141 379/454/141
f 407/390/10 409/369/10 473/369/10 471/390/10
f 211/363/140 213/366/140 407/390/140 405/363/140
f 183/321/139 185/324/139 379/454/139 377/453/139
f 384/392/8 382/391/8 446/391/8 448/392/8
f 209/360/138 211/363/138 405/363/138 403/360/138
f 181/318/137 183/321/137 377/453/137 375/445/137
f 381/327/10 383/330/10 447/330/10 445/327/10
f 207/357/136 209/360/136 403/360/136 401/447/136
f 223/381/135 161/289/135 354/289/135 358/381/135
f 412/372/8 410/369/8 474/369/8 476/372/8
f 409/369/10 411/457/10 475/457/10 473/369/10
f 386/395/8 384/392/8 448/392/8 450/395/8
f 383/330/10 385/456/10 449/456/10 447/330/10
f 414/375/8 412/372/8 476/372/8 478/375/8
f 411/457/10 413/375/10 477/375/10 475/457/10
f 388/396/8 386/395/8 450/395/8 452/396/8
f 385/456/10 387/336/10 451/336/10 449/456/10
f 416/397/8 414/375/8 478/375/8 480/397/8
f 413/375/10 415/397/10 479/397/10 477/375/10
f 390/398/8 388/396/8 452/396/8 454/398/8
f 387/336/10 389/398/10 453/398/10 451/336/10
f 364/399/8 362/297/8 426/297/8 428/399/8
f 361/452/10 363/300/10 427/300/10 425/452/10
f 418/289/198 419/444/198 420/288/198 417/289/198
f 437/446/165 439/445/165 440/386/165 438/315/165
f 463/448/164 465/447/164 466/384/164 464/409/164
f 435/408/163 437/446/163 438/315/163 436/408/163
f 461/351/162 463/448/162 464/409/162 462/351/162
f 433/309/161 435/408/161 436/408/161 434/309/161
f 459/449/160 461/351/160 462/351/160 460/348/160
f 431/450/159 433/309/159 434/309/159 432/404/159
f 457/451/158 459/449/158 460/348/158 458/403/158
f 423/294/157 425/452/157 426/297/157 424/406/157
f 419/444/156 423/294/156 424/406/156 420/288/156
f 429/455/155 431/450/155 432/404/155 430/303/155
f 455/400/154 457/451/154 458/403/154 456/400/154
f 427/300/153 429/455/153 430/303/153 428/399/153
f 453/398/152 455/400/152 456/400/152 454/398/152
f 479/397/151 422/381/151 421/381/151 480/397/151
f 425/452/150 427/300/150 428/399/150 426/297/150
f 451/336/149 453/398/149 454/398/149 452/396/149
f 477/375/148 479/397/148 480/397/148 478/375/148
f 449/456/147 451/336/147 452/396/147 450/395/147
f 475/457/144 477/375/144 478/375/144 476/372/144
f 447/330/146 449/456/146 450/395/146 448/392/146
f 473/369/145 475/457/145 476/372/145 474/369/145
f 445/327/143 447/330/143 448/392/143 446/391/143
f 471/390/142 473/369/142 474/369/142 472/390/142
f 443/454/141 445/327/141 446/391/141 444/389/141
f 469/363/140 471/390/140 472/390/140 470/363/140
f 441/453/139 443/454/139 444/389/139 442/387/139
f 467/360/138 469/363/138 470/363/138 468/360/138
f 439/445/137 441/453/137 442/387/137 440/386/137
f 465/447/136 467/360/136 468/360/136 466/384/136
f 422/381/135 418/289/135 417/289/135 421/381/135
f 371/408/10 373/446/10 437/446/10 435/408/10
f 375/445/10 377/453/10 441/453/10 439/445/10
f 374/315/8 372/408/8 436/408/8 438/315/8
f 378/387/8 376/386/8 440/386/8 442/387/8
f 397/351/10 399/448/10 463/448/10 461/351/10
f 401/447/10 403/360/10 467/360/10 465/447/10
f 400/409/8 398/351/8 462/351/8 464/409/8
f 404/360/8 402/384/8 466/384/8 468/360/8
f 369/309/10 371/408/10 435/408/10 433/309/10
f 358/381/10 354/289/10 418/289/10 422/381/10
f 372/408/8 370/309/8 434/309/8 436/408/8
f 353/289/8 357/381/8 421/381/8 417/289/8
f 395/449/10 397/351/10 461/351/10 459/449/10
f 398/351/8 396/348/8 460/348/8 462/351/8
f 367/450/10 369/309/10 433/309/10 431/450/10
f 370/309/8 368/404/8 432/404/8 434/309/8
f 393/451/10 395/449/10 459/449/10 457/451/10
f 396/348/8 394/403/8 458/403/8 460/348/8
f 359/294/10 361/452/10 425/452/10 423/294/10
f 362/297/8 360/406/8 424/406/8 426/297/8
f 355/444/10 359/294/10 423/294/10 419/444/10
f 360/406/8 356/288/8 420/288/8 424/406/8
f 365/455/10 367/450/10 431/450/10 429/455/10
f 368/404/8 366/303/8 430/303/8 432/404/8
f 391/400/10 393/451/10 457/451/10 455/400/10
f 394/403/8 392/400/8 456/400/8 458/403/8
f 363/300/10 365/455/10 429/455/10 427/300/10
f 366/303/8 364/399/8 428/399/8 430/303/8
f 389/398/10 391/400/10 455/400/10 453/398/10
f 392/400/8 390/398/8 454/398/8 456/400/8
f 415/397/10 358/381/10 422/381/10 479/397/10
f 357/381/8 416/397/8 480/397/8 421/381/8
f 1119/638/10 643/620/10 644/607/10 1149/639/10 1151/640/10 1148/641/10 1146/642/10 1136/643/10 1139/644/10 1121/645/10 1118/646/10
f 1149/639/10 644/607/10 641/608/10 642/619/10 643/620/10 1119/638/10 1116/647/10 1110/648/10 1109/649/10 1105/650/10 1106/651/10 1107/652/10 1111/653/10 1154/654/10 1158/655/10 1156/656/10 1160/657/10 1167/658/10 1174/659/10 1181/660/10 1183/661/10 1185/662/10 1193/663/10 1190/664/10 1188/665/10 1187/666/10 1189/667/10 1192/668/10 1198/669/10
f 1200/670/265 1197/671/265 1196/672/265 1191/673/265 1195/674/265 1194/675/265 1199/676/265 1184/677/265 1186/678/265 1180/679/265 1173/680/265 1168/681/265 1161/682/265 1162/683/265 1165/684/265 1169/685/265 1172/686/265 1171/687/265 1170/688/265 1177/689/265 1175/690/265 1201/691/265 1178/692/265 1182/693/265 1179/694/265 1202/695/265 1176/696/265 1141/697/265 1142/698/265 1140/699/265 1144/700/265 1143/701/265 1147/702/265 1152/703/265 1150/704/265
f 1125/705/266 1112/706/266 1113/707/266 1108/708/266 1114/709/266 1115/710/266 1127/711/266 1117/712/266 1120/713/266 1122/714/266 1138/715/266 1135/716/266 1145/717/266 1143/701/266 1144/700/266 1133/718/266 1132/719/266 1134/720/266 1131/721/266 1137/722/266 1130/723/266 1128/724/266 1126/725/266 1124/726/266 1123/727/266 1153/728/266 1129/729/266 1166/730/266 1163/731/266 1164/732/266 1165/684/266 1162/683/266 1157/733/266 1159/734/266 1155/735/266
f 1204/736/267 1274/737/267 1262/738/267 1261/739/267 1255/740/267 1260/741/267 1259/742/267 1272/743/267 1265/744/267 1267/745/267 1269/746/267 1285/747/267 1281/748/267 1279/749/267 1284/750/267 1278/751/267 1287/752/267 1276/753/267 1275/754/267 1273/755/267 1270/756/267 1271/757/267 1300/758/267 1277/759/267 1213/760/267 1211/761/267 1212/762/267 1214/763/267 1216/764/267 1215/765/267 1209/766/267 1205/767/267 1208/768/267
f 1266/769/8 647/621/8 646/622/8 1296/770/8 1297/771/8 1295/772/8 1290/773/8 1282/774/8 1286/775/8 1268/776/8 1264/777/8
f 646/622/8 645/633/8 648/632/8 647/621/8 1266/769/8 1258/778/8 1254/779/8 1253/780/8 1252/781/8 1256/782/8 1257/783/8 1263/784/8 1203/785/8 1207/786/8 1206/787/8 1210/788/8 1217/789/8 1225/790/8 1229/791/8 1234/792/8 1232/793/8 1247/794/8 1241/795/8 1238/796/8 1236/797/8 1237/798/8 1239/799/8 1242/800/8 1296/770/8
f 1298/801/268 1248/802/268 1243/803/268 1244/804/268 1240/805/268 1245/806/268 1246/807/268 1249/808/268 1233/809/268 1235/810/268 1230/811/268 1224/812/268 1218/813/268 1215/765/268 1216/764/268 1221/814/268 1220/815/268 1219/816/268 1226/817/268 1223/818/268 1251/819/268 1228/820/268 1231/821/268 1227/822/268 1250/823/268 1222/824/268 1289/825/268 1293/826/268 1288/827/268 1292/828/268 1280/829/268 1279/749/268 1281/748/268 1283/830/268 1291/831/268 1294/832/268 1299/833/268
f 1279/947/165 933/316/165 935/319/165 1284/319/165
f 1212/948/164 959/355/164 961/949/164 1214/949/164
f 722/288/104 786/193/104 785/147/104 721/289/104
f 724/290/103 788/293/103 787/292/103 723/291/103
f 725/294/106 789/152/106 786/193/106 722/288/106
f 723/291/105 787/292/105 790/296/105 726/295/105
f 727/297/108 791/151/108 789/152/108 725/294/108
f 726/295/107 790/296/107 792/299/107 728/298/107
f 729/300/110 793/154/110 791/151/110 727/297/110
f 728/298/109 792/299/109 794/302/109 730/301/109
f 731/303/112 795/156/112 793/154/112 729/300/112
f 730/301/111 794/302/111 796/305/111 732/304/111
f 733/306/114 797/158/114 795/156/114 731/303/114
f 732/304/113 796/305/113 798/308/113 734/307/113
f 735/309/116 799/142/116 797/158/116 733/306/116
f 734/307/115 798/308/115 800/311/115 736/310/115
f 737/312/118 801/141/118 799/142/118 735/309/118
f 736/310/117 800/311/117 802/314/117 738/313/117
f 739/315/120 803/160/120 801/141/120 737/312/120
f 738/313/119 802/314/119 804/317/119 740/316/119
f 741/318/122 805/162/122 803/160/122 739/315/122
f 740/316/121 804/317/121 806/320/121 742/319/121
f 743/321/124 807/164/124 805/162/124 741/318/124
f 742/319/123 806/320/123 808/323/123 744/322/123
f 745/324/126 809/166/126 807/164/126 743/321/126
f 744/322/125 808/323/125 810/326/125 746/325/125
f 747/327/128 811/168/128 809/166/128 745/324/128
f 746/325/127 810/326/127 812/329/127 748/328/127
f 749/330/130 813/169/130 811/168/130 747/327/130
f 748/328/129 812/329/129 814/332/129 750/331/129
f 751/333/132 815/170/132 813/169/132 749/330/132
f 750/331/131 814/332/131 816/335/131 752/334/131
f 753/336/134 817/171/134 815/170/134 751/333/134
f 752/334/133 816/335/133 818/338/133 754/337/133
f 755/339/72 819/173/72 817/171/72 753/336/72
f 754/337/71 818/338/71 820/341/71 756/340/71
f 757/342/74 821/174/74 819/173/74 755/339/74
f 756/340/73 820/341/73 822/344/73 758/343/73
f 759/345/76 823/175/76 821/174/76 757/342/76
f 758/343/75 822/344/75 824/347/75 760/346/75
f 761/348/78 825/143/78 823/175/78 759/345/78
f 760/346/77 824/347/77 826/350/77 762/349/77
f 763/351/80 827/145/80 825/143/80 761/348/80
f 762/349/79 826/350/79 828/353/79 764/352/79
f 765/354/82 829/176/82 827/145/82 763/351/82
f 764/352/81 828/353/81 830/356/81 766/355/81
f 767/357/84 831/178/84 829/176/84 765/354/84
f 766/355/83 830/356/83 832/359/83 768/358/83
f 769/360/86 833/179/86 831/178/86 767/357/86
f 768/358/85 832/359/85 834/362/85 770/361/85
f 771/363/88 835/181/88 833/179/88 769/360/88
f 770/361/87 834/362/87 836/365/87 772/364/87
f 773/366/90 837/182/90 835/181/90 771/363/90
f 772/364/89 836/365/89 838/368/89 774/367/89
f 775/369/92 839/184/92 837/182/92 773/366/92
f 774/367/91 838/368/91 840/371/91 776/370/91
f 777/372/94 841/185/94 839/184/94 775/369/94
f 776/370/93 840/371/93 842/374/93 778/373/93
f 779/375/96 843/186/96 841/185/96 777/372/96
f 778/373/95 842/374/95 844/377/95 780/376/95
f 781/378/98 845/188/98 843/186/98 779/375/98
f 780/376/97 844/377/97 846/380/97 782/379/97
f 783/381/100 847/148/100 845/188/100 781/378/100
f 782/379/99 846/380/99 848/383/99 784/382/99
f 721/289/102 785/147/102 847/148/102 783/381/102
f 784/382/101 848/383/101 788/293/101 724/290/101
f 1227/291/156 913/967/156 917/295/156 1250/295/156
f 849/289/135 853/381/135 1179/381/135 1182/411/135
f 900/360/136 898/384/136 1132/384/136 1133/360/136
f 874/387/137 872/386/137 1164/386/137 1163/321/137
f 1214/949/136 961/949/136 963/968/136 1216/969/136
f 1284/319/137 935/319/137 937/322/137 1278/322/137
f 902/363/138 900/360/138 1133/360/138 1144/388/138
f 876/389/139 874/387/139 1163/321/139 1166/389/139
f 1216/969/138 963/968/138 965/364/138 1221/364/138
f 1278/322/139 937/322/139 939/970/139 1287/970/139
f 904/390/140 902/363/140 1144/388/140 1140/366/140
f 878/391/141 876/389/141 1166/389/141 1129/971/141
f 1221/364/140 965/364/140 967/367/140 1220/972/140
f 1287/970/141 939/970/141 941/973/141 1276/328/141
f 906/369/142 904/390/142 1140/366/142 1142/369/142
f 880/392/143 878/391/143 1129/971/143 1153/392/143
f 1220/972/142 967/367/142 969/974/142 1219/974/142
f 1276/328/143 941/973/143 943/331/143 1275/331/143
f 908/372/145 906/369/145 1142/369/145 1141/975/145
f 882/395/146 880/392/146 1153/392/146 1123/395/146
f 1219/974/145 969/974/145 971/976/145 1226/977/145
f 1275/331/146 943/331/146 945/334/146 1273/978/146
f 1231/979/198 916/980/198 913/967/198 1227/291/198
f 910/375/144 908/372/144 1141/975/144 1176/981/144
f 884/396/147 882/395/147 1123/395/147 1124/396/147
f 1228/982/135 920/382/135 916/980/135 1231/979/135
f 1226/977/144 971/976/144 973/983/144 1223/376/144
f 1273/978/147 945/334/147 947/984/147 1270/984/147
f 1250/295/157 917/295/157 921/985/157 1222/298/157
f 912/397/148 910/375/148 1176/981/148 1202/378/148
f 886/398/149 884/396/149 1124/396/149 1126/398/149
f 860/399/150 858/297/150 1175/297/150 1177/399/150
f 1223/376/148 973/983/148 975/986/148 1251/986/148
f 1270/984/149 947/984/149 949/340/149 1271/340/149
f 1222/298/150 921/985/150 923/987/150 1289/987/150
f 853/381/151 912/397/151 1202/378/151 1179/381/151
f 888/400/152 886/398/152 1126/398/152 1128/342/152
f 862/303/153 860/399/153 1177/399/153 1170/402/153
f 1251/986/151 975/986/151 920/382/151 1228/982/151
f 1271/340/152 949/340/152 951/343/152 1300/343/152
f 1289/987/153 923/987/153 925/304/153 1293/304/153
f 890/403/154 888/400/154 1128/342/154 1130/345/154
f 864/404/155 862/303/155 1170/402/155 1171/306/155
f 856/406/156 852/288/156 1178/288/156 1201/406/156
f 1300/343/154 951/343/154 953/988/154 1277/989/154
f 1293/304/155 925/304/155 927/307/155 1288/307/155
f 858/297/157 856/406/157 1201/406/157 1175/297/157
f 892/348/158 890/403/158 1130/345/158 1137/407/158
f 866/309/159 864/404/159 1171/306/159 1172/309/159
f 1277/989/158 953/988/158 955/990/158 1213/991/158
f 1288/307/159 927/307/159 929/310/159 1292/310/159
f 894/351/160 892/348/160 1137/407/160 1131/351/160
f 868/408/161 866/309/161 1172/309/161 1169/408/161
f 1213/991/160 955/990/160 957/992/160 1211/992/160
f 1292/310/161 929/310/161 931/993/161 1280/313/161
f 896/409/162 894/351/162 1131/351/162 1134/409/162
f 870/315/163 868/408/163 1169/408/163 1165/315/163
f 1211/992/162 957/992/162 959/355/162 1212/948/162
f 1280/313/163 931/993/163 933/316/163 1279/947/163
f 898/384/164 896/409/164 1134/409/164 1132/384/164
f 872/386/165 870/315/165 1165/315/165 1164/386/165
f 852/288/198 849/289/198 1182/411/198 1178/288/198
f 721/289/149 850/289/149 851/444/149 722/288/149
f 974/994/10 1102/994/10 1100/995/10 972/995/10
f 739/315/140 869/446/140 871/445/140 741/318/140
f 902/363/10 1030/363/10 1028/360/10 900/360/10
f 765/354/159 895/448/159 897/447/159 767/357/159
f 898/384/10 1026/384/10 1024/409/10 896/409/10
f 737/312/138 867/408/138 869/446/138 739/315/138
f 945/334/8 1073/334/8 1075/984/8 947/984/8
f 763/351/155 893/351/155 895/448/155 765/354/155
f 899/360/8 1027/360/8 1029/363/8 901/363/8
f 735/309/136 865/309/136 867/408/136 737/312/136
f 895/448/8 1023/448/8 1025/447/8 897/447/8
f 761/348/153 891/449/153 893/351/153 763/351/153
f 948/984/10 1076/984/10 1074/996/10 946/996/10
f 733/306/164 863/450/164 865/309/164 735/309/164
f 876/389/10 1004/389/10 1002/387/10 874/387/10
f 759/345/150 889/451/150 891/449/150 761/348/150
f 872/386/10 1000/386/10 998/315/10 870/315/10
f 725/294/154 855/294/154 857/452/154 727/297/154
f 917/295/8 1045/295/8 1049/985/8 921/985/8
f 722/288/152 851/444/152 855/294/152 725/294/152
f 873/453/8 1001/453/8 1003/454/8 875/454/8
f 731/303/162 861/455/162 863/450/162 733/306/162
f 869/446/8 997/446/8 999/445/8 871/445/8
f 757/342/157 887/400/157 889/451/157 759/345/157
f 922/298/10 1050/298/10 1046/295/10 918/295/10
f 729/300/160 859/300/160 861/455/160 731/303/160
f 904/390/10 1032/390/10 1030/363/10 902/363/10
f 755/339/156 885/398/156 887/400/156 757/342/156
f 852/288/10 980/288/10 977/289/10 849/289/10
f 781/378/146 911/397/146 854/381/146 783/381/146
f 973/983/8 1101/983/8 1103/986/8 975/986/8
f 727/297/158 857/452/158 859/300/158 729/300/158
f 901/363/8 1029/363/8 1031/390/8 903/390/8
f 753/336/198 883/336/198 885/398/198 755/339/198
f 850/289/8 978/289/8 979/444/8 851/444/8
f 779/375/143 909/375/143 911/397/143 781/378/143
f 976/986/10 1104/986/10 1102/994/10 974/994/10
f 751/333/135 881/456/135 883/336/135 753/336/135
f 878/391/10 1006/391/10 1004/389/10 876/389/10
f 777/372/141 907/457/141 909/375/141 779/375/141
f 947/984/8 1075/984/8 1077/340/8 949/340/8
f 749/330/151 879/330/151 881/456/151 751/333/151
f 875/454/8 1003/454/8 1005/327/8 877/327/8
f 775/369/139 905/369/139 907/457/139 777/372/139
f 950/340/10 1078/340/10 1076/984/10 948/984/10
f 747/327/148 877/327/148 879/330/148 749/330/148
f 906/369/10 1034/369/10 1032/390/10 904/390/10
f 773/366/137 903/390/137 905/369/137 775/369/137
f 921/985/8 1049/985/8 1051/987/8 923/987/8
f 745/324/144 875/454/144 877/327/144 747/327/144
f 903/390/8 1031/390/8 1033/369/8 905/369/8
f 771/363/165 901/363/165 903/390/165 773/366/165
f 924/997/10 1052/997/10 1050/298/10 922/298/10
f 743/321/145 873/453/145 875/454/145 745/324/145
f 880/392/10 1008/392/10 1006/391/10 878/391/10
f 769/360/163 899/360/163 901/363/163 771/363/163
f 975/986/8 1103/986/8 1048/382/8 920/382/8
f 741/318/142 871/445/142 873/453/142 743/321/142
f 877/327/8 1005/327/8 1007/330/8 879/330/8
f 767/357/161 897/447/161 899/360/161 769/360/161
f 919/998/10 1047/998/10 1104/986/10 976/986/10
f 783/381/147 854/381/147 850/289/147 721/289/147
f 908/372/10 1036/372/10 1034/369/10 906/369/10
f 740/316/138 934/316/138 932/313/138 738/313/138
f 949/340/8 1077/340/8 1079/343/8 951/343/8
f 766/355/155 960/948/155 958/992/155 764/352/155
f 905/369/8 1033/369/8 1035/457/8 907/457/8
f 738/313/136 932/313/136 930/310/136 736/310/136
f 952/343/10 1080/343/10 1078/340/10 950/340/10
f 764/352/153 958/992/153 956/990/153 762/349/153
f 882/395/10 1010/395/10 1008/392/10 880/392/10
f 736/310/164 930/310/164 928/999/164 734/307/164
f 923/987/8 1051/987/8 1053/304/8 925/304/8
f 762/349/150 956/990/150 954/346/150 760/346/150
f 879/330/8 1007/330/8 1009/456/8 881/456/8
f 734/307/162 928/999/162 926/304/162 732/304/162
f 926/304/10 1054/304/10 1052/997/10 924/997/10
f 760/346/157 954/346/157 952/343/157 758/343/157
f 910/375/10 1038/375/10 1036/372/10 908/372/10
f 732/304/160 926/304/160 924/997/160 730/301/160
f 951/343/8 1079/343/8 1081/988/8 953/988/8
f 758/343/156 952/343/156 950/340/156 756/340/156
f 907/457/8 1035/457/8 1037/375/8 909/375/8
f 784/382/146 919/998/146 976/986/146 782/379/146
f 954/346/10 1082/346/10 1080/343/10 952/343/10
f 730/301/158 924/997/158 922/298/158 728/298/158
f 884/396/10 1012/396/10 1010/395/10 882/395/10
f 756/340/198 950/340/198 948/984/198 754/337/198
f 925/304/8 1053/304/8 1055/307/8 927/307/8
f 782/379/143 976/986/143 974/994/143 780/376/143
f 881/456/8 1009/456/8 1011/336/8 883/336/8
f 728/298/154 922/298/154 918/295/154 726/295/154
f 928/999/10 1056/999/10 1054/304/10 926/304/10
f 754/337/135 948/984/135 946/996/135 752/334/135
f 912/397/10 1040/397/10 1038/375/10 910/375/10
f 780/376/141 974/994/141 972/995/141 778/373/141
f 933/316/8 1061/316/8 1063/319/8 935/319/8
f 724/290/147 915/290/147 919/998/147 784/382/147
f 953/988/8 1081/988/8 1083/990/8 955/990/8
f 723/291/149 914/967/149 915/290/149 724/290/149
f 909/375/8 1037/375/8 1039/397/8 911/397/8
f 752/334/151 946/996/151 944/331/151 750/331/151
f 936/319/10 1064/319/10 1062/316/10 934/316/10
f 778/373/139 972/995/139 970/1000/139 776/370/139
f 956/990/10 1084/990/10 1082/346/10 954/346/10
f 750/331/148 944/331/148 942/328/148 748/328/148
f 886/398/10 1014/398/10 1012/396/10 884/396/10
f 776/370/137 970/1000/137 968/972/137 774/367/137
f 959/355/8 1087/355/8 1089/949/8 961/949/8
f 748/328/144 942/328/144 940/1001/144 746/325/144
f 927/307/8 1055/307/8 1057/310/8 929/310/8
f 774/367/165 968/972/165 966/364/165 772/364/165
f 883/336/8 1011/336/8 1013/398/8 885/398/8
f 746/325/145 940/1001/145 938/322/145 744/322/145
f 962/949/10 1090/949/10 1088/948/10 960/948/10
f 772/364/163 966/364/163 964/361/163 770/361/163
f 930/310/10 1058/310/10 1056/999/10 928/999/10
f 744/322/142 938/322/142 936/319/142 742/319/142
f 860/399/10 988/399/10 986/297/10 858/297/10
f 770/361/161 964/361/161 962/949/161 768/358/161
f 913/967/8 1041/967/8 1045/295/8 917/295/8
f 726/295/152 918/295/152 914/967/152 723/291/152
f 955/990/8 1083/990/8 1085/992/8 957/992/8
f 768/358/159 962/949/159 960/948/159 766/355/159
f 857/452/8 985/452/8 987/300/8 859/300/8
f 742/319/140 936/319/140 934/316/140 740/316/140
f 918/295/10 1046/295/10 1042/967/10 914/967/10
f 978/289/149 977/289/149 980/288/149 979/444/149
f 997/446/140 998/315/140 1000/386/140 999/445/140
f 1023/448/159 1024/409/159 1026/384/159 1025/447/159
f 995/408/138 996/408/138 998/315/138 997/446/138
f 1021/351/155 1022/351/155 1024/409/155 1023/448/155
f 993/309/136 994/309/136 996/408/136 995/408/136
f 1019/449/153 1020/348/153 1022/351/153 1021/351/153
f 991/450/164 992/404/164 994/309/164 993/309/164
f 1017/451/150 1018/403/150 1020/348/150 1019/449/150
f 983/294/154 984/406/154 986/297/154 985/452/154
f 979/444/152 980/288/152 984/406/152 983/294/152
f 989/455/162 990/303/162 992/404/162 991/450/162
f 1015/400/157 1016/400/157 1018/403/157 1017/451/157
f 987/300/160 988/399/160 990/303/160 989/455/160
f 1013/398/156 1014/398/156 1016/400/156 1015/400/156
f 1039/397/146 1040/397/146 981/381/146 982/381/146
f 985/452/158 986/297/158 988/399/158 987/300/158
f 1011/336/198 1012/396/198 1014/398/198 1013/398/198
f 1037/375/143 1038/375/143 1040/397/143 1039/397/143
f 1009/456/135 1010/395/135 1012/396/135 1011/336/135
f 1035/457/141 1036/372/141 1038/375/141 1037/375/141
f 1007/330/151 1008/392/151 1010/395/151 1009/456/151
f 1033/369/139 1034/369/139 1036/372/139 1035/457/139
f 1005/327/148 1006/391/148 1008/392/148 1007/330/148
f 1031/390/137 1032/390/137 1034/369/137 1033/369/137
f 1003/454/144 1004/389/144 1006/391/144 1005/327/144
f 1029/363/165 1030/363/165 1032/390/165 1031/390/165
f 1001/453/145 1002/387/145 1004/389/145 1003/454/145
f 1027/360/163 1028/360/163 1030/363/163 1029/363/163
f 999/445/142 1000/386/142 1002/387/142 1001/453/142
f 1025/447/161 1026/384/161 1028/360/161 1027/360/161
f 982/381/147 981/381/147 977/289/147 978/289/147
f 1062/316/138 1061/316/138 1059/993/138 1060/313/138
f 1088/948/155 1087/355/155 1085/992/155 1086/992/155
f 1060/313/136 1059/993/136 1057/310/136 1058/310/136
f 1086/992/153 1085/992/153 1083/990/153 1084/990/153
f 1058/310/164 1057/310/164 1055/307/164 1056/999/164
f 1084/990/150 1083/990/150 1081/988/150 1082/346/150
f 1056/999/162 1055/307/162 1053/304/162 1054/304/162
f 1082/346/157 1081/988/157 1079/343/157 1080/343/157
f 1054/304/160 1053/304/160 1051/987/160 1052/997/160
f 1080/343/156 1079/343/156 1077/340/156 1078/340/156
f 1047/998/146 1048/382/146 1103/986/146 1104/986/146
f 1052/997/158 1051/987/158 1049/985/158 1050/298/158
f 1078/340/198 1077/340/198 1075/984/198 1076/984/198
f 1104/986/143 1103/986/143 1101/983/143 1102/994/143
f 1050/298/154 1049/985/154 1045/295/154 1046/295/154
f 1076/984/135 1075/984/135 1073/334/135 1074/996/135
f 1102/994/141 1101/983/141 1099/976/141 1100/995/141
f 1043/290/147 1044/980/147 1048/382/147 1047/998/147
f 1042/967/149 1041/967/149 1044/980/149 1043/290/149
f 1074/996/151 1073/334/151 1071/331/151 1072/331/151
f 1100/995/139 1099/976/139 1097/974/139 1098/1000/139
f 1072/331/148 1071/331/148 1069/973/148 1070/328/148
f 1098/1000/137 1097/974/137 1095/367/137 1096/972/137
f 1070/328/144 1069/973/144 1067/970/144 1068/1001/144
f 1096/972/165 1095/367/165 1093/364/165 1094/364/165
f 1068/1001/145 1067/970/145 1065/322/145 1066/322/145
f 1094/364/163 1093/364/163 1091/968/163 1092/361/163
f 1066/322/142 1065/322/142 1063/319/142 1064/319/142
f 1092/361/161 1091/968/161 1089/949/161 1090/949/161
f 1046/295/152 1045/295/152 1041/967/152 1042/967/152
f 1090/949/159 1089/949/159 1087/355/159 1088/948/159
f 1064/319/140 1063/319/140 1061/316/140 1062/316/140
f 867/408/8 995/408/8 997/446/8 869/446/8
f 871/445/8 999/445/8 1001/453/8 873/453/8
f 971/976/8 1099/976/8 1101/983/8 973/983/8
f 870/315/10 998/315/10 996/408/10 868/408/10
f 874/387/10 1002/387/10 1000/386/10 872/386/10
f 915/290/10 1043/290/10 1047/998/10 919/998/10
f 893/351/8 1021/351/8 1023/448/8 895/448/8
f 897/447/8 1025/447/8 1027/360/8 899/360/8
f 920/382/8 1048/382/8 1044/980/8 916/980/8
f 896/409/10 1024/409/10 1022/351/10 894/351/10
f 900/360/10 1028/360/10 1026/384/10 898/384/10
f 914/967/10 1042/967/10 1043/290/10 915/290/10
f 865/309/8 993/309/8 995/408/8 867/408/8
f 854/381/8 982/381/8 978/289/8 850/289/8
f 916/980/8 1044/980/8 1041/967/8 913/967/8
f 868/408/10 996/408/10 994/309/10 866/309/10
f 849/289/10 977/289/10 981/381/10 853/381/10
f 946/996/10 1074/996/10 1072/331/10 944/331/10
f 891/449/8 1019/449/8 1021/351/8 893/351/8
f 943/331/8 1071/331/8 1073/334/8 945/334/8
f 894/351/10 1022/351/10 1020/348/10 892/348/10
f 972/995/10 1100/995/10 1098/1000/10 970/1000/10
f 863/450/8 991/450/8 993/309/8 865/309/8
f 969/974/8 1097/974/8 1099/976/8 971/976/8
f 866/309/10 994/309/10 992/404/10 864/404/10
f 944/331/10 1072/331/10 1070/328/10 942/328/10
f 889/451/8 1017/451/8 1019/449/8 891/449/8
f 941/973/8 1069/973/8 1071/331/8 943/331/8
f 892/348/10 1020/348/10 1018/403/10 890/403/10
f 970/1000/10 1098/1000/10 1096/972/10 968/972/10
f 855/294/8 983/294/8 985/452/8 857/452/8
f 967/367/8 1095/367/8 1097/974/8 969/974/8
f 858/297/10 986/297/10 984/406/10 856/406/10
f 942/328/10 1070/328/10 1068/1001/10 940/1001/10
f 851/444/8 979/444/8 983/294/8 855/294/8
f 939/970/8 1067/970/8 1069/973/8 941/973/8
f 856/406/10 984/406/10 980/288/10 852/288/10
f 968/972/10 1096/972/10 1094/364/10 966/364/10
f 861/455/8 989/455/8 991/450/8 863/450/8
f 965/364/8 1093/364/8 1095/367/8 967/367/8
f 864/404/10 992/404/10 990/303/10 862/303/10
f 940/1001/10 1068/1001/10 1066/322/10 938/322/10
f 887/400/8 1015/400/8 1017/451/8 889/451/8
f 937/322/8 1065/322/8 1067/970/8 939/970/8
f 890/403/10 1018/403/10 1016/400/10 888/400/10
f 934/316/10 1062/316/10 1060/313/10 932/313/10
f 966/364/10 1094/364/10 1092/361/10 964/361/10
f 859/300/8 987/300/8 989/455/8 861/455/8
f 931/993/8 1059/993/8 1061/316/8 933/316/8
f 963/968/8 1091/968/8 1093/364/8 965/364/8
f 862/303/10 990/303/10 988/399/10 860/399/10
f 960/948/10 1088/948/10 1086/992/10 958/992/10
f 938/322/10 1066/322/10 1064/319/10 936/319/10
f 885/398/8 1013/398/8 1015/400/8 887/400/8
f 957/992/8 1085/992/8 1087/355/8 959/355/8
f 935/319/8 1063/319/8 1065/322/8 937/322/8
f 888/400/10 1016/400/10 1014/398/10 886/398/10
f 932/313/10 1060/313/10 1058/310/10 930/310/10
f 964/361/10 1092/361/10 1090/949/10 962/949/10
f 911/397/8 1039/397/8 982/381/8 854/381/8
f 929/310/8 1057/310/8 1059/993/8 931/993/8
f 961/949/8 1089/949/8 1091/968/8 963/968/8
f 853/381/10 981/381/10 1040/397/10 912/397/10
f 958/992/10 1086/992/10 1084/990/10 956/990/10
f 292/1009/10 289/1010/10 1354/413/10 1353/412/10
f 294/1011/10 292/1009/10 1353/412/10 1355/414/10
f 296/1012/10 294/1011/10 1355/414/10 1356/415/10
f 298/1013/10 296/1012/10 1356/415/10 1357/416/10
f 300/1014/10 298/1013/10 1357/416/10 1358/417/10
f 302/1015/10 300/1014/10 1358/417/10 1359/418/10
f 304/1016/10 302/1015/10 1359/418/10 1360/419/10
f 306/1017/10 304/1016/10 1360/419/10 1361/420/10
f 308/1018/10 306/1017/10 1361/420/10 1362/421/10
f 310/1019/10 308/1018/10 1362/421/10 1363/422/10
f 312/1020/10 310/1019/10 1363/422/10 1364/423/10
f 314/393/10 312/1020/10 1364/423/10 1365/424/10
f 316/394/10 314/393/10 1365/424/10 1366/425/10
f 318/1021/10 316/394/10 1366/425/10 1367/426/10
f 320/1022/10 318/1021/10 1367/426/10 1368/427/10
f 322/1023/10 320/1022/10 1368/427/10 1369/428/10
f 324/1024/10 322/1023/10 1369/428/10 1370/429/10
f 326/1025/10 324/1024/10 1370/429/10 1371/430/10
f 328/1026/10 326/1025/10 1371/430/10 1372/431/10
f 330/1027/10 328/1026/10 1372/431/10 1373/432/10
f 332/1028/10 330/1027/10 1373/432/10 1374/433/10
f 334/1029/10 332/1028/10 1374/433/10 1375/434/10
f 336/1030/10 334/1029/10 1375/434/10 1376/435/10
f 338/1031/10 336/1030/10 1376/435/10 1377/436/10
f 340/1032/10 338/1031/10 1377/436/10 1378/437/10
f 342/1033/10 340/1032/10 1378/437/10 1379/438/10
f 344/1034/10 342/1033/10 1379/438/10 1380/439/10
f 346/1035/10 344/1034/10 1380/439/10 1381/440/10
f 348/1036/10 346/1035/10 1381/440/10 1382/441/10
f 350/1037/10 348/1036/10 1382/441/10 1383/442/10
f 352/1038/10 350/1037/10 1383/442/10 1384/443/10
f 289/1010/10 352/1038/10 1384/443/10 1354/413/10
f 342/1033/137 344/1034/137 1412/1034/137 1411/1033/137
f 316/394/148 318/1021/148 1399/1021/148 1398/394/148
f 289/1010/149 292/1009/149 1385/1009/149 1386/1010/149
f 344/1034/139 346/1035/139 1413/1035/139 1412/1034/139
f 318/1021/151 320/1022/151 1400/1022/151 1399/1021/151
f 292/1009/152 294/1011/152 1387/1011/152 1385/1009/152
f 346/1035/141 348/1036/141 1414/1036/141 1413/1035/141
f 320/1022/135 322/1023/135 1401/1023/135 1400/1022/135
f 294/1011/154 296/1012/154 1388/1012/154 1387/1011/154
f 348/1036/143 350/1037/143 1415/1037/143 1414/1036/143
f 322/1023/198 324/1024/198 1402/1024/198 1401/1023/198
f 296/1012/158 298/1013/158 1389/1013/158 1388/1012/158
f 350/1037/146 352/1038/146 1416/1038/146 1415/1037/146
f 324/1024/156 326/1025/156 1403/1025/156 1402/1024/156
f 298/1013/160 300/1014/160 1390/1014/160 1389/1013/160
f 352/1038/147 289/1010/147 1386/1010/147 1416/1038/147
f 326/1025/157 328/1026/157 1404/1026/157 1403/1025/157
f 300/1014/162 302/1015/162 1391/1015/162 1390/1014/162
f 328/1026/150 330/1027/150 1405/1027/150 1404/1026/150
f 302/1015/164 304/1016/164 1392/1016/164 1391/1015/164
f 330/1027/153 332/1028/153 1406/1028/153 1405/1027/153
f 304/1016/136 306/1017/136 1393/1017/136 1392/1016/136
f 332/1028/155 334/1029/155 1407/1029/155 1406/1028/155
f 306/1017/138 308/1018/138 1394/1018/138 1393/1017/138
f 334/1029/159 336/1030/159 1408/1030/159 1407/1029/159
f 308/1018/140 310/1019/140 1395/1019/140 1394/1018/140
f 336/1030/161 338/1031/161 1409/1031/161 1408/1030/161
f 310/1019/142 312/1020/142 1396/1020/142 1395/1019/142
f 338/1031/163 340/1032/163 1410/1032/163 1409/1031/163
f 312/1020/145 314/393/145 1397/393/145 1396/1020/145
f 340/1032/165 342/1033/165 1411/1033/165 1410/1032/165
usemtl M_Orange
f 720/879/8 719/878/8 712/838/8 711/839/8
f 716/875/10 715/836/10 708/837/10 707/872/10
f 714/834/10 713/835/10 706/871/10 705/844/10
f 718/877/8 717/876/8 710/874/8 709/873/8
o SM_Ventilateur_Helices
v 0.069226 0.431842 0.052707
v 0.040434 0.431842 0.052707
v 0.069227 0.422869 0.038397
v 0.040432 0.422869 0.038397
v 0.069217 0.422803 0.038220
v 0.040442 0.422803 0.038220
v 0.070238 0.429257 0.004903
v 0.039421 0.429257 0.004903
v 0.070238 0.429660 -0.008992
v 0.039421 0.429660 -0.008992
v 0.070238 0.432766 -0.022542
v 0.039421 0.432766 -0.022542
v 0.069217 0.434900 -0.056411
v 0.040442 0.434900 -0.056411
v 0.069227 0.435009 -0.056566
v 0.040432 0.435009 -0.056566
v 0.069226 0.447293 -0.068158
v 0.040434 0.447293 -0.068158
v 0.069227 0.461603 -0.077131
v 0.039421 0.468398 -0.063482
v 0.069217 0.461780 -0.077197
v 0.040442 0.461780 -0.077197
v 0.070238 0.495097 -0.070743
v 0.039421 0.495097 -0.070743
v 0.070238 0.508992 -0.070340
v 0.039421 0.508992 -0.070340
v 0.070238 0.522542 -0.067234
v 0.039421 0.522542 -0.067234
v 0.069217 0.556411 -0.065100
v 0.040442 0.556411 -0.065100
v 0.070238 0.546556 -0.053490
v 0.040432 0.556566 -0.064991
v 0.069226 0.568158 -0.052707
v 0.040434 0.568158 -0.052707
v 0.069227 0.577131 -0.038397
v 0.040432 0.577131 -0.038397
v 0.069217 0.577197 -0.038220
v 0.040442 0.577197 -0.038220
v 0.070238 0.570743 -0.004903
v 0.039421 0.570743 -0.004903
v 0.070238 0.570340 0.008992
v 0.039421 0.570340 0.008992
v 0.070238 0.567234 0.022542
v 0.039421 0.567234 0.022542
v 0.069217 0.565100 0.056411
v 0.040442 0.565100 0.056411
v 0.069227 0.564991 0.056566
v 0.040432 0.564991 0.056566
v 0.069226 0.552707 0.068158
v 0.040434 0.552707 0.068158
v 0.069227 0.538397 0.077131
v 0.040432 0.538397 0.077131
v 0.069217 0.538220 0.077197
v 0.040442 0.538220 0.077197
v 0.070238 0.504903 0.070743
v 0.039421 0.504903 0.070743
v 0.070238 0.491008 0.070340
v 0.039421 0.491008 0.070340
v 0.070238 0.477458 0.067234
v 0.039421 0.477458 0.067234
v 0.069217 0.443589 0.065100
v 0.040442 0.443589 0.065100
v 0.069227 0.443434 0.064991
v 0.039421 0.453444 0.053490
v 0.056454 0.278885 0.170242
v 0.037752 0.251719 0.126309
v 0.034519 0.238804 0.134090
v 0.054156 0.267335 0.180230
v 0.031519 0.245148 0.109744
v 0.028278 0.245869 0.110677
v 0.078140 0.280951 -0.170327
v 0.081381 0.281885 -0.171049
v 0.075149 0.292412 -0.185428
v 0.071907 0.291478 -0.184706
v 0.056454 0.329758 -0.221115
v 0.053205 0.328823 -0.220392
v 0.035865 0.366297 -0.261496
v 0.034519 0.365910 -0.261196
v 0.031519 0.390256 -0.254852
v 0.028278 0.389323 -0.254131
v 0.078140 0.670327 -0.219049
v 0.081381 0.671049 -0.218115
v 0.075140 0.695486 -0.219064
v 0.071907 0.684706 -0.208522
v 0.056454 0.721115 -0.170242
v 0.053205 0.720392 -0.171177
v 0.037752 0.748281 -0.126309
v 0.034511 0.747560 -0.127243
v 0.031519 0.754852 -0.109744
v 0.028278 0.754131 -0.110677
v 0.078140 0.719049 0.170327
v 0.081381 0.718115 0.171049
v 0.075149 0.707588 0.185428
v 0.073794 0.719452 0.195186
v 0.056454 0.670242 0.221115
v 0.053205 0.671177 0.220392
v 0.037752 0.626309 0.248281
v 0.034511 0.627243 0.247560
v 0.031519 0.609744 0.254852
v 0.028278 0.610677 0.254131
v 0.078140 0.329673 0.219049
v 0.081381 0.328951 0.218115
v 0.075149 0.314572 0.207588
v 0.073794 0.304814 0.219452
v 0.070238 0.443904 0.043380
v 0.070238 0.436518 0.031602
v 0.039421 0.436518 0.031602
v 0.039421 0.443904 0.043380
v 0.070238 0.431573 0.018610
v 0.039421 0.431573 0.018610
v 0.070238 0.438455 -0.035226
v 0.070238 0.446510 -0.046556
v 0.039421 0.446510 -0.046556
v 0.039421 0.438455 -0.035226
v 0.039421 0.481390 -0.068427
v 0.022696 0.397334 -0.273662
v 0.070238 0.456620 -0.056096
v 0.039421 0.456620 -0.056096
v 0.086963 0.668208 -0.239034
v 0.070238 0.535226 -0.061545
v 0.070238 0.468398 -0.063482
v 0.040432 0.461603 -0.077131
v 0.039421 0.535226 -0.061545
v 0.085617 0.667909 -0.239421
v 0.070238 0.481390 -0.068427
v 0.069227 0.556566 -0.064991
v 0.039421 0.546556 -0.053490
v 0.024042 0.397721 -0.273962
v 0.070238 0.556096 -0.043380
v 0.039421 0.556096 -0.043380
v 0.070238 0.563482 -0.031602
v 0.039421 0.563482 -0.031602
v 0.070238 0.568427 -0.018610
v 0.039421 0.568427 -0.018610
v 0.070238 0.561545 0.035226
v 0.070238 0.553490 0.046556
v 0.039421 0.553490 0.046556
v 0.039421 0.561545 0.035226
v 0.070238 0.543380 0.056096
v 0.039421 0.543380 0.056096
v 0.070238 0.531602 0.063482
v 0.039421 0.531602 0.063482
v 0.085617 0.739421 0.167909
v 0.070238 0.518610 0.068427
v 0.039421 0.518610 0.068427
v 0.070238 0.464774 0.061545
v 0.070238 0.453444 0.053490
v 0.040432 0.443434 0.064991
v 0.039421 0.464774 0.061545
v 0.055503 0.267035 0.179843
v 0.035865 0.238504 0.133703
v 0.034511 0.252440 0.127243
v 0.053205 0.279608 0.171177
v 0.024042 0.226038 0.102279
v 0.022696 0.226338 0.102666
v 0.086964 0.260966 -0.168209
v 0.075140 0.280936 -0.195486
v 0.073794 0.280548 -0.195186
v 0.085617 0.260579 -0.167909
v 0.055503 0.320157 -0.232965
v 0.054156 0.319770 -0.232665
v 0.037752 0.373691 -0.248281
v 0.034511 0.372757 -0.247560
v 0.075149 0.685428 -0.207588
v 0.073794 0.695186 -0.219452
v 0.055503 0.732965 -0.179843
v 0.054156 0.732665 -0.180230
v 0.035865 0.761496 -0.133703
v 0.034519 0.761196 -0.134090
v 0.024042 0.773962 -0.102279
v 0.022696 0.773662 -0.102666
v 0.086964 0.739034 0.168209
v 0.075140 0.719064 0.195486
v 0.071907 0.708522 0.184706
v 0.055503 0.679843 0.232965
v 0.054156 0.680230 0.232665
v 0.035865 0.633703 0.261496
v 0.034519 0.634090 0.261196
v 0.024042 0.602279 0.273962
v 0.022696 0.602666 0.273662
v 0.086964 0.331791 0.239034
v 0.075140 0.304514 0.219064
v 0.071907 0.315294 0.208522
v 0.085617 0.332091 0.239421
v 0.073378 0.684953 -0.208005
v 0.067351 0.556484 -0.064899
v 0.036281 0.373322 -0.247843
v 0.042308 0.461659 -0.077021
v 0.067351 0.461659 -0.077021
v 0.035997 0.373240 -0.247780
v 0.073662 0.314984 0.207923
v 0.042308 0.443516 0.064899
v 0.054967 0.279313 0.170594
v 0.042309 0.431940 0.052631
v 0.042308 0.422979 0.038341
v 0.036281 0.252157 0.126678
v 0.042308 0.564899 0.056484
v 0.073662 0.707923 0.185016
v 0.067352 0.564899 0.056484
v 0.073378 0.708005 0.184953
v 0.054692 0.670674 0.220625
v 0.067350 0.552631 0.068060
v 0.042308 0.556484 -0.064899
v 0.073662 0.685016 -0.207923
v 0.042309 0.552631 0.068060
v 0.054967 0.670595 0.220687
v 0.067352 0.422979 0.038341
v 0.035997 0.252220 0.126760
v 0.073378 0.291995 -0.184953
v 0.067352 0.435101 -0.056484
v 0.054692 0.720625 -0.170674
v 0.067350 0.568060 -0.052631
v 0.035997 0.626760 0.247780
v 0.067352 0.538341 0.077021
v 0.042308 0.435101 -0.056484
v 0.073662 0.292077 -0.185016
v 0.042309 0.568060 -0.052631
v 0.054967 0.720687 -0.170594
v 0.042308 0.538341 0.077021
v 0.036281 0.626678 0.247843
v 0.054692 0.329326 -0.220625
v 0.067350 0.447369 -0.068060
v 0.035997 0.747780 -0.126760
v 0.067351 0.577021 -0.038341
v 0.042309 0.447369 -0.068060
v 0.054967 0.329405 -0.220687
v 0.042308 0.577021 -0.038341
v 0.036281 0.747843 -0.126678
v 0.073378 0.315047 0.208005
v 0.067352 0.443516 0.064899
v 0.067350 0.431940 0.052631
v 0.054692 0.279375 0.170674
v 0.067341 0.422917 0.038174
v 0.042318 0.422917 0.038174
v 0.067341 0.434999 -0.056338
v 0.042318 0.434999 -0.056338
v 0.042318 0.461826 -0.077083
v 0.030052 0.389878 -0.254410
v 0.079607 0.670581 -0.218525
v 0.067341 0.556338 -0.065001
v 0.042318 0.556338 -0.065001
v 0.079891 0.670644 -0.218444
v 0.067341 0.461826 -0.077083
v 0.029768 0.389796 -0.254347
v 0.067341 0.577083 -0.038174
v 0.042318 0.577083 -0.038174
v 0.067341 0.565001 0.056338
v 0.042318 0.565001 0.056338
v 0.079891 0.718444 0.170644
v 0.067341 0.538174 0.077083
v 0.042318 0.538174 0.077083
v 0.067341 0.443662 0.065001
v 0.042318 0.443662 0.065001
v 0.029768 0.245653 0.110204
v 0.030052 0.245590 0.110122
v 0.079607 0.281475 -0.170581
v 0.079891 0.281556 -0.170644
v 0.029768 0.754347 -0.110204
v 0.030052 0.754410 -0.110122
v 0.079607 0.718525 0.170581
v 0.029768 0.610204 0.254347
v 0.030052 0.610122 0.254410
v 0.079607 0.329419 0.218525
v 0.079891 0.329356 0.218444
v 0.116207 0.489074 0.085464
v 0.087415 0.489074 0.085464
v 0.116208 0.472611 0.081690
v 0.087413 0.472611 0.081690
v 0.116198 0.472439 0.081613
v 0.087423 0.472439 0.081613
v 0.117219 0.453444 0.053490
v 0.086402 0.453444 0.053490
v 0.117219 0.443904 0.043380
v 0.086402 0.443904 0.043380
v 0.117219 0.436518 0.031602
v 0.086402 0.436518 0.031602
v 0.116198 0.414079 0.006144
v 0.087423 0.414079 0.006144
v 0.116208 0.414047 0.005958
v 0.087413 0.414047 0.005958
v 0.116207 0.414536 -0.010926
v 0.087415 0.414536 -0.010926
v 0.116208 0.418310 -0.027389
v 0.086402 0.432766 -0.022542
v 0.116198 0.418387 -0.027561
v 0.087423 0.418387 -0.027561
v 0.117219 0.446510 -0.046556
v 0.086402 0.446510 -0.046556
v 0.117219 0.456620 -0.056096
v 0.086402 0.456620 -0.056096
v 0.117219 0.468398 -0.063482
v 0.086402 0.468398 -0.063482
v 0.116198 0.493856 -0.085921
v 0.087423 0.493856 -0.085921
v 0.117219 0.495097 -0.070743
v 0.087413 0.494042 -0.085953
v 0.116207 0.510926 -0.085464
v 0.087415 0.510926 -0.085464
v 0.116208 0.527389 -0.081690
v 0.087413 0.527389 -0.081690
v 0.116198 0.527561 -0.081613
v 0.087423 0.527561 -0.081613
v 0.117219 0.546556 -0.053490
v 0.086402 0.546556 -0.053490
v 0.117219 0.556096 -0.043380
v 0.086402 0.556096 -0.043380
v 0.117219 0.563482 -0.031602
v 0.086402 0.563482 -0.031602
v 0.116198 0.585921 -0.006144
v 0.087423 0.585921 -0.006144
v 0.116208 0.585953 -0.005958
v 0.087413 0.585953 -0.005958
v 0.116207 0.585464 0.010926
v 0.087415 0.585464 0.010926
v 0.116208 0.581690 0.027389
v 0.087413 0.581690 0.027389
v 0.116198 0.581613 0.027561
v 0.087423 0.581613 0.027561
v 0.117219 0.553490 0.046556
v 0.086402 0.553490 0.046556
v 0.117219 0.543380 0.056096
v 0.086402 0.543380 0.056096
v 0.117219 0.531602 0.063482
v 0.086402 0.531602 0.063482
v 0.116198 0.506144 0.085921
v 0.087423 0.506144 0.085921
v 0.116208 0.505958 0.085953
v 0.086402 0.504903 0.070743
v 0.103435 0.464027 0.276731
v 0.084733 0.413753 0.264876
v 0.081500 0.410122 0.279510
v 0.101137 0.462923 0.291961
v 0.078500 0.397393 0.257809
v 0.075259 0.398563 0.257958
v 0.125121 0.224670 0.034452
v 0.128362 0.224820 0.033281
v 0.122129 0.222096 0.015670
v 0.118888 0.221946 0.016840
v 0.103435 0.223269 -0.035973
v 0.100186 0.223119 -0.034800
v 0.082846 0.220552 -0.090364
v 0.081500 0.220490 -0.089878
v 0.078500 0.242191 -0.102607
v 0.075259 0.242042 -0.101437
v 0.125121 0.465548 -0.275330
v 0.128362 0.466719 -0.275180
v 0.122121 0.483328 -0.293131
v 0.118888 0.483160 -0.278054
v 0.103435 0.535973 -0.276731
v 0.100186 0.534800 -0.276881
v 0.084733 0.586247 -0.264876
v 0.081492 0.585077 -0.265025
v 0.078500 0.602607 -0.257809
v 0.075259 0.601437 -0.257958
v 0.125121 0.775330 -0.034452
v 0.128362 0.775180 -0.033281
v 0.122130 0.777904 -0.015670
v 0.120775 0.793193 -0.017158
v 0.103435 0.776731 0.035973
v 0.100186 0.776881 0.034800
v 0.084733 0.764876 0.086247
v 0.081492 0.765025 0.085077
v 0.078500 0.757809 0.102607
v 0.075259 0.757958 0.101437
v 0.125121 0.534452 0.275330
v 0.128362 0.533281 0.275180
v 0.122130 0.515670 0.277904
v 0.120775 0.517158 0.293193
v 0.117219 0.491008 0.070340
v 0.117219 0.477458 0.067234
v 0.086402 0.477458 0.067234
v 0.086402 0.491008 0.070340
v 0.117219 0.464774 0.061545
v 0.086402 0.464774 0.061545
v 0.117219 0.431573 0.018610
v 0.117219 0.429257 0.004903
v 0.086402 0.429257 0.004903
v 0.086402 0.431573 0.018610
v 0.086402 0.438455 -0.035226
v 0.069677 0.233896 -0.120912
v 0.117219 0.429660 -0.008992
v 0.086402 0.429660 -0.008992
v 0.133944 0.449919 -0.287964
v 0.117219 0.481390 -0.068427
v 0.117219 0.432766 -0.022542
v 0.087413 0.418310 -0.027389
v 0.086402 0.481390 -0.068427
v 0.132598 0.449433 -0.288026
v 0.117219 0.438455 -0.035226
v 0.116208 0.494042 -0.085953
v 0.086402 0.495097 -0.070743
v 0.071023 0.233958 -0.121398
v 0.117219 0.508992 -0.070340
v 0.086402 0.508992 -0.070340
v 0.117219 0.522542 -0.067234
v 0.086402 0.522542 -0.067234
v 0.117219 0.535226 -0.061545
v 0.086402 0.535226 -0.061545
v 0.117219 0.568427 -0.018610
v 0.117219 0.570743 -0.004903
v 0.086402 0.570743 -0.004903
v 0.086402 0.568427 -0.018610
v 0.117219 0.570340 0.008992
v 0.086402 0.570340 0.008992
v 0.117219 0.567234 0.022542
v 0.086402 0.567234 0.022542
v 0.132598 0.788026 -0.050567
v 0.117219 0.561545 0.035226
v 0.086402 0.561545 0.035226
v 0.117219 0.518610 0.068427
v 0.117219 0.504903 0.070743
v 0.087413 0.505958 0.085953
v 0.086402 0.518610 0.068427
v 0.102484 0.462437 0.291899
v 0.082846 0.409636 0.279448
v 0.081492 0.414923 0.265025
v 0.100186 0.465200 0.276881
v 0.071023 0.378602 0.266042
v 0.069677 0.379088 0.266104
v 0.133944 0.212036 0.050081
v 0.122121 0.206869 0.016672
v 0.120775 0.206807 0.017158
v 0.132598 0.211974 0.050567
v 0.102484 0.208101 -0.037563
v 0.101137 0.208039 -0.037077
v 0.084733 0.235124 -0.086247
v 0.081492 0.234975 -0.085077
v 0.122129 0.484330 -0.277904
v 0.120775 0.482842 -0.293193
v 0.102484 0.537563 -0.291899
v 0.101137 0.537077 -0.291961
v 0.082846 0.590364 -0.279448
v 0.081500 0.589878 -0.279510
v 0.071023 0.621398 -0.266042
v 0.069677 0.620912 -0.266104
v 0.133944 0.787964 -0.050081
v 0.122121 0.793131 -0.016672
v 0.118888 0.778054 -0.016840
v 0.102484 0.791899 0.037563
v 0.101137 0.791961 0.037077
v 0.082846 0.779448 0.090364
v 0.081500 0.779510 0.089878
v 0.071023 0.766042 0.121398
v 0.069677 0.766104 0.120912
v 0.133945 0.550081 0.287964
v 0.122121 0.516672 0.293131
v 0.118888 0.516840 0.278054
v 0.132598 0.550567 0.288026
v 0.120359 0.483700 -0.277863
v 0.114332 0.494050 -0.085830
v 0.083262 0.235174 -0.085677
v 0.089289 0.418427 -0.027351
v 0.114332 0.418427 -0.027351
v 0.082978 0.235160 -0.085574
v 0.120643 0.516198 0.277850
v 0.089289 0.505950 0.085830
v 0.101948 0.464579 0.276678
v 0.089290 0.489090 0.085342
v 0.089289 0.472649 0.081573
v 0.083262 0.414323 0.264826
v 0.089289 0.585830 -0.005950
v 0.120643 0.777850 -0.016198
v 0.114332 0.585830 -0.005950
v 0.120359 0.777863 -0.016300
v 0.101673 0.776690 0.035321
v 0.114331 0.585342 0.010910
v 0.089289 0.494050 -0.085830
v 0.120643 0.483802 -0.277850
v 0.089290 0.585342 0.010910
v 0.101948 0.776678 0.035421
v 0.114332 0.472649 0.081573
v 0.082978 0.414426 0.264840
v 0.120359 0.222137 0.016300
v 0.114332 0.414170 0.005950
v 0.101673 0.535321 -0.276690
v 0.114331 0.510910 -0.085342
v 0.082978 0.764840 0.085574
v 0.114332 0.581573 0.027351
v 0.089289 0.414170 0.005950
v 0.120643 0.222150 0.016198
v 0.089290 0.510910 -0.085342
v 0.101948 0.535421 -0.276678
v 0.089289 0.581573 0.027351
v 0.083262 0.764826 0.085677
v 0.101673 0.223310 -0.035321
v 0.114331 0.414658 -0.010910
v 0.082978 0.585574 -0.264840
v 0.114332 0.527351 -0.081573
v 0.089290 0.414658 -0.010910
v 0.101948 0.223322 -0.035421
v 0.089289 0.527351 -0.081573
v 0.083262 0.585677 -0.264826
v 0.120359 0.516300 0.277863
v 0.114332 0.505950 0.085830
v 0.114331 0.489090 0.085342
v 0.101673 0.464679 0.276690
v 0.114322 0.472487 0.081499
v 0.089299 0.472487 0.081499
v 0.114322 0.414201 0.006126
v 0.089299 0.414201 0.006126
v 0.089299 0.418501 -0.027513
v 0.077033 0.242237 -0.102027
v 0.126588 0.466098 -0.275140
v 0.114322 0.493874 -0.085799
v 0.089299 0.493874 -0.085799
v 0.126872 0.466201 -0.275127
v 0.114322 0.418501 -0.027513
v 0.076749 0.242224 -0.101925
v 0.114322 0.527513 -0.081499
v 0.089299 0.527513 -0.081499
v 0.114322 0.585799 -0.006126
v 0.089299 0.585799 -0.006126
v 0.126872 0.775127 -0.033799
v 0.114322 0.581499 0.027513
v 0.089299 0.581499 0.027513
v 0.114322 0.506126 0.085799
v 0.089299 0.506126 0.085799
v 0.076749 0.398075 0.257776
v 0.077033 0.397973 0.257763
v 0.126588 0.224860 0.033902
v 0.126872 0.224873 0.033799
v 0.076749 0.601925 -0.257776
v 0.077033 0.602027 -0.257763
v 0.126588 0.775140 -0.033902
v 0.076749 0.757776 0.101925
v 0.077033 0.757763 0.102027
v 0.126588 0.533902 0.275140
v 0.126872 0.533799 0.275127
vn -0.0654 0.5760 -0.8148
vn -0.0277 0.8008 0.5982
vn -0.0000 -0.9860 0.1666
vn -0.0000 -0.9996 -0.0290
vn -0.0000 -0.9747 -0.2234
vn -0.0000 -0.9124 -0.4093
vn 0.0279 0.7157 -0.6979
vn 0.0147 -0.5970 0.8021
vn 0.0654 -0.3524 -0.9336
vn 0.0277 0.9256 -0.3776
vn -0.0000 -0.1666 -0.9860
vn -0.0000 0.0290 -0.9996
vn -0.0000 0.2234 -0.9747
vn -0.0000 0.4093 -0.9124
vn -0.1508 0.6257 -0.7654
vn -0.0147 0.9265 -0.3761
vn -0.0654 -0.3524 -0.9336
vn 0.1508 0.8982 -0.4130
vn -0.0000 0.9860 -0.1666
vn -0.0000 0.9996 0.0290
vn -0.0000 0.9747 0.2234
vn -0.0000 0.9124 0.4093
vn -0.0277 0.5982 -0.8008
vn 0.0147 -0.8021 -0.5970
vn -0.1636 0.8108 0.5619
vn -0.0279 0.8555 -0.5171
vn -0.0000 0.1666 0.9860
vn -0.0000 -0.0290 0.9996
vn -0.0000 -0.2234 0.9747
vn -0.0000 -0.4093 0.9124
vn -1.0000 -0.0000 -0.0000
vn 0.0277 -0.3776 -0.9256
vn 0.0652 -0.5301 -0.8454
vn 1.0000 -0.0000 -0.0000
vn -0.0335 -0.8436 0.5359
vn -0.0894 -0.9138 0.3961
vn 0.0894 -0.7848 -0.6133
vn 0.0335 -0.6817 -0.7309
vn -0.0335 -0.5359 -0.8436
vn -0.0894 -0.3961 -0.9138
vn 0.0894 0.6133 -0.7848
vn 0.0335 0.7309 -0.6817
vn -0.0335 0.8436 -0.5359
vn -0.0894 0.9138 -0.3961
vn 0.0894 0.7848 0.6133
vn 0.0335 0.6816 0.7309
vn -0.0335 0.5359 0.8436
vn -0.0894 0.3961 0.9138
vn 0.0894 -0.6133 0.7848
vn 0.0335 -0.7309 0.6816
vn 0.0948 0.8282 -0.5524
vn -0.0147 -0.3761 -0.9265
vn 0.1508 -0.4130 -0.8982
vn -0.0652 -0.5301 -0.8454
vn 0.0652 -0.7257 0.6849
vn -0.0279 -0.5171 -0.8555
vn -0.1676 0.7963 0.5812
vn -0.0652 -0.7257 0.6849
vn 0.0147 0.8021 0.5970
vn 0.0948 -0.5524 -0.8282
vn 0.0652 -0.6849 -0.7257
vn 0.0654 -0.5759 0.8149
vn -0.0948 -0.6625 -0.7430
vn -0.0147 -0.9265 0.3761
vn -0.0652 -0.6849 -0.7257
vn -0.0654 -0.5760 0.8149
vn 0.0279 -0.6979 -0.7157
vn 0.0147 0.5970 -0.8021
vn 0.1676 -0.9169 0.3622
vn 0.0654 0.3525 0.9335
vn -0.1508 -0.7654 -0.6257
vn 0.0654 -0.8149 -0.5759
vn -0.0654 0.3524 0.9336
vn -0.0147 0.3761 0.9265
vn 0.9978 -0.0563 0.0354
vn -0.9978 -0.0563 0.0354
vn 0.9977 -0.0631 0.0232
vn -0.9977 -0.0631 0.0232
vn 0.9977 -0.0552 -0.0383
vn -0.9977 -0.0552 -0.0383
vn -0.9736 -0.1760 0.1457
vn 0.9978 -0.0456 -0.0484
vn -0.9978 -0.0456 -0.0484
vn 0.9736 0.1337 0.1853
vn 0.9978 -0.0354 -0.0563
vn -0.9978 -0.0354 -0.0563
vn -0.9567 -0.0584 -0.2853
vn 0.9977 -0.0232 -0.0631
vn -0.9977 -0.0232 -0.0631
vn 0.9977 0.0383 -0.0552
vn -0.9977 0.0383 -0.0552
vn 0.9567 0.1283 -0.2614
vn 0.9978 0.0484 -0.0456
vn -0.9978 0.0484 -0.0456
vn 0.9978 0.0563 -0.0354
vn -0.9978 0.0563 -0.0354
vn 0.9977 0.0631 -0.0232
vn -0.9977 0.0631 -0.0232
vn 0.9977 0.0552 0.0383
vn -0.9977 0.0552 0.0383
vn 0.9978 0.0456 0.0484
vn -0.9978 0.0456 0.0484
vn 0.9978 0.0354 0.0563
vn -0.9978 0.0354 0.0563
vn -0.9567 0.2853 -0.0584
vn 0.9977 0.0232 0.0631
vn -0.9977 0.0232 0.0631
vn 0.9977 -0.0383 0.0552
vn -0.9977 -0.0383 0.0552
vn 0.9978 -0.0484 0.0456
vn -0.9978 -0.0484 0.0456
vn 0.9354 -0.2648 -0.2344
vn -0.9399 0.1527 0.3055
vn 0.9317 -0.2693 -0.2437
vn -0.9436 0.1482 0.2962
vn 0.9436 0.2179 -0.2494
vn -0.9317 -0.3220 0.1681
vn 0.9399 0.2247 -0.2573
vn -0.9354 -0.3153 0.1602
vn 0.9354 0.2344 -0.2648
vn -0.9399 -0.3055 0.1527
vn 0.9317 0.2437 -0.2693
vn -0.9436 -0.2962 0.1482
vn 0.9436 0.2494 0.2179
vn -0.9317 -0.1681 -0.3220
vn 0.9399 0.2573 0.2247
vn -0.9354 -0.1602 -0.3153
vn 0.9354 0.2648 0.2344
vn -0.9399 -0.1527 -0.3055
vn 0.9317 0.2693 0.2437
vn -0.9436 -0.1482 -0.2962
vn 0.9436 -0.2179 0.2494
vn -0.9317 0.3220 -0.1681
vn 0.9399 -0.2247 0.2573
vn -0.9354 0.3153 -0.1602
vn 0.9354 -0.2344 0.2648
vn -0.9399 0.3055 -0.1527
vn 0.9317 -0.2437 0.2693
vn -0.9436 0.2962 -0.1482
vn 0.9436 -0.2494 -0.2179
vn -0.9317 0.1681 0.3220
vn 0.9399 -0.2573 -0.2247
vn -0.9354 0.1602 0.3153
vn 0.9567 -0.2614 -0.1283
vn -0.9567 -0.2853 0.0584
vn 0.9736 0.1853 -0.1337
vn -0.9736 0.1457 0.1760
vn 0.9567 -0.1283 0.2614
vn -0.9567 0.0584 0.2853
vn 0.9736 -0.1337 -0.1853
vn -0.9736 0.1760 -0.1457
vn 0.9567 0.2614 0.1283
vn 0.9736 -0.1853 0.1337
vn -0.9736 -0.1457 -0.1760
vn 0.9647 0.1912 0.1813
vn 0.9433 0.2432 -0.2261
vn -0.9433 0.1785 0.2800
vn 0.9285 -0.2905 -0.2313
vn -0.9585 0.2676 -0.0983
vn -0.9285 -0.1507 -0.3393
vn 0.9647 -0.1813 0.1912
vn 0.9433 0.2261 0.2432
vn -0.9433 -0.2800 0.1785
vn 0.9285 0.2313 -0.2905
vn -0.9585 0.0983 0.2676
vn -0.9647 0.1274 0.2307
vn -0.9285 0.3393 -0.1507
vn 0.9585 -0.1625 0.2342
vn -0.9285 -0.3393 0.1507
vn -0.9585 -0.0983 -0.2676
vn -0.9647 0.2307 -0.1274
vn 0.9647 0.1813 -0.1912
vn 0.9585 0.2342 0.1625
vn 0.9285 -0.2313 0.2905
vn -0.9585 -0.2676 0.0983
vn -0.9647 -0.1274 -0.2307
vn -0.9433 0.2800 -0.1785
vn 0.9433 -0.2261 -0.2432
vn -0.9285 0.1507 0.3393
vn 0.9585 0.1625 -0.2342
vn 0.9285 0.2905 0.2313
vn -0.9647 -0.2307 0.1274
vn -0.9433 -0.1785 -0.2800
vn 0.9433 -0.2432 0.2261
vn 0.9585 -0.2342 -0.1625
vn 0.9647 -0.1912 -0.1813
vn -0.0948 0.7430 -0.6625
vn -0.1508 0.7654 0.6257
vn 0.0654 0.5759 -0.8149
vn 0.1636 0.3399 0.9261
vn 0.0279 0.6979 0.7157
vn 0.1636 -0.9261 0.3399
vn -0.1636 0.5619 -0.8108
vn -0.0948 0.6625 0.7430
vn -0.0652 0.7257 -0.6849
vn -0.1676 0.5812 -0.7963
vn 0.0948 0.5524 0.8281
vn 0.0652 0.7257 -0.6849
vn 0.1676 0.3622 0.9169
vn -0.0279 0.5171 0.8555
vn -0.0652 0.8454 -0.5301
vn 0.1636 0.9261 -0.3399
vn 0.1508 0.4130 0.8982
vn 0.0652 0.8454 -0.5301
vn -0.1636 -0.8108 -0.5619
vn 0.0277 0.3775 0.9256
vn -0.0654 0.9336 -0.3524
vn -0.1676 -0.7963 -0.5812
vn -0.0277 -0.5982 0.8008
vn 0.0654 0.9335 -0.3524
vn 0.1676 0.9169 -0.3622
vn -0.1508 -0.6257 0.7654
vn -0.0654 0.8149 0.5759
vn 0.1636 -0.3399 -0.9261
vn 0.0279 -0.7157 0.6979
vn 0.0654 0.8149 0.5759
vn -0.1676 -0.5812 0.7963
vn -0.0948 -0.7430 0.6625
vn -0.0652 0.6849 0.7257
vn -0.0652 -0.8454 0.5301
vn 0.1676 -0.3622 -0.9169
vn 0.0948 -0.8281 0.5524
vn 0.0652 0.6849 0.7257
vn 0.0653 -0.8454 0.5301
vn -0.0279 -0.8555 0.5171
vn -0.0652 0.5301 0.8454
vn -0.0654 -0.9336 0.3524
vn 0.1508 -0.8982 0.4130
vn 0.0652 0.5301 0.8454
vn 0.0654 -0.9335 0.3525
vn 0.0277 -0.9256 0.3776
vn -0.1636 -0.5619 0.8108
vn -0.0654 -0.8149 -0.5759
vn -0.0277 -0.8008 -0.5983
vn -0.0654 -0.1690 -0.9834
vn -0.0277 0.9893 -0.1432
vn -0.0000 -0.5794 0.8150
vn -0.0000 -0.7273 0.6863
vn -0.0000 -0.8472 0.5312
vn -0.0000 -0.9346 0.3558
vn 0.0279 0.0126 -0.9995
vn 0.0147 0.1450 0.9893
vn 0.0654 -0.9093 -0.4109
vn 0.0277 0.3875 -0.9214
vn -0.0000 -0.8150 -0.5794
vn -0.0000 -0.6863 -0.7273
vn -0.0000 -0.5312 -0.8472
vn -0.0000 -0.3558 -0.9346
vn -0.1508 -0.0988 -0.9836
vn -0.0147 0.3892 -0.9210
vn -0.0654 -0.9093 -0.4109
vn 0.1508 0.3431 -0.9271
vn -0.0000 0.5794 -0.8150
vn -0.0000 0.7273 -0.6863
vn -0.0000 0.8472 -0.5312
vn -0.0000 0.9346 -0.3558
vn -0.0277 -0.1432 -0.9893
vn 0.0147 -0.9893 0.1450
vn -0.1636 0.9707 -0.1760
vn -0.0279 0.2392 -0.9706
vn -0.0000 0.8150 0.5794
vn -0.0000 0.6863 0.7273
vn -0.0000 0.5312 0.8472
vn -0.0000 0.3558 0.9346
vn 0.0277 -0.9215 -0.3875
vn 0.0653 -0.9726 -0.2229
vn -0.0335 -0.2176 0.9755
vn -0.0894 -0.3661 0.9263
vn 0.0894 -0.9886 0.1213
vn 0.0336 -0.9988 -0.0348
vn -0.0335 -0.9755 -0.2176
vn -0.0894 -0.9263 -0.3661
vn 0.0894 -0.1213 -0.9886
vn 0.0335 0.0348 -0.9988
vn -0.0335 0.2176 -0.9755
vn -0.0894 0.3661 -0.9263
vn 0.0894 0.9886 -0.1213
vn 0.0335 0.9988 0.0348
vn -0.0335 0.9755 0.2176
vn -0.0894 0.9263 0.3661
vn 0.0894 0.1213 0.9886
vn 0.0335 -0.0348 0.9988
vn 0.0948 0.1950 -0.9762
vn -0.0147 -0.9210 -0.3892
vn 0.1508 -0.9271 -0.3431
vn -0.0653 -0.9726 -0.2229
vn 0.0652 -0.0289 0.9975
vn -0.0279 -0.9706 -0.2392
vn -0.1676 0.9741 -0.1521
vn -0.0652 -0.0289 0.9975
vn 0.0147 0.9893 -0.1450
vn 0.0948 -0.9762 -0.1950
vn 0.0652 -0.9975 -0.0289
vn 0.0654 0.1690 0.9834
vn -0.0948 -0.9939 -0.0569
vn -0.0147 -0.3892 0.9210
vn -0.0653 -0.9975 -0.0289
vn -0.0654 0.1690 0.9834
vn 0.0279 -0.9995 -0.0126
vn 0.0147 -0.1450 -0.9893
vn 0.1676 -0.3922 0.9045
vn 0.0654 0.9093 0.4109
vn -0.1508 -0.9836 0.0988
vn 0.0654 -0.9835 0.1689
vn -0.0654 0.9093 0.4109
vn -0.0147 0.9210 0.3892
vn 0.9978 -0.0148 0.0649
vn -0.9978 -0.0148 0.0649
vn 0.9977 -0.0282 0.0610
vn -0.9977 -0.0282 0.0610
vn 0.9977 -0.0661 0.0119
vn -0.9977 -0.0661 0.0119
vn -0.9736 -0.0214 0.2274
vn 0.9978 -0.0665 -0.0020
vn -0.9978 -0.0665 -0.0020
vn 0.9736 0.2255 0.0365
vn 0.9978 -0.0649 -0.0148
vn -0.9978 -0.0649 -0.0148
vn -0.9567 -0.2430 -0.1604
vn 0.9977 -0.0610 -0.0282
vn -0.9977 -0.0610 -0.0282
vn 0.9977 -0.0119 -0.0661
vn -0.9977 -0.0119 -0.0661
vn 0.9567 -0.0941 -0.2756
vn 0.9978 0.0020 -0.0665
vn -0.9978 0.0020 -0.0665
vn 0.9978 0.0148 -0.0649
vn -0.9978 0.0148 -0.0649
vn 0.9977 0.0282 -0.0610
vn -0.9977 0.0282 -0.0610
vn 0.9977 0.0661 -0.0119
vn -0.9977 0.0661 -0.0119
vn 0.9978 0.0665 0.0020
vn -0.9978 0.0665 0.0020
vn 0.9978 0.0649 0.0148
vn -0.9978 0.0649 0.0148
vn -0.9567 0.1604 -0.2430
vn 0.9977 0.0610 0.0282
vn -0.9977 0.0610 0.0282
vn 0.9977 0.0119 0.0661
vn -0.9977 0.0119 0.0661
vn 0.9978 -0.0020 0.0665
vn -0.9978 -0.0020 0.0665
vn 0.9354 -0.3530 0.0215
vn -0.9399 0.3240 0.1081
vn 0.9317 -0.3628 0.0181
vn -0.9436 0.3142 0.1047
vn 0.9436 -0.0223 -0.3305
vn -0.9317 -0.1088 0.3466
vn 0.9399 -0.0231 -0.3408
vn -0.9354 -0.1096 0.3362
vn 0.9354 -0.0215 -0.3530
vn -0.9399 -0.1081 0.3240
vn 0.9317 -0.0181 -0.3628
vn -0.9436 -0.1047 0.3142
vn 0.9436 0.3305 -0.0223
vn -0.9317 -0.3466 -0.1088
vn 0.9399 0.3408 -0.0231
vn -0.9354 -0.3362 -0.1096
vn 0.9354 0.3530 -0.0215
vn -0.9399 -0.3240 -0.1081
vn 0.9317 0.3628 -0.0181
vn -0.9436 -0.3142 -0.1047
vn 0.9436 0.0223 0.3305
vn -0.9317 0.1088 -0.3466
vn 0.9399 0.0231 0.3408
vn -0.9354 0.1096 -0.3362
vn 0.9354 0.0215 0.3530
vn -0.9399 0.1081 -0.3240
vn 0.9317 0.0181 0.3628
vn -0.9436 0.1047 -0.3142
vn 0.9436 -0.3305 0.0223
vn -0.9317 0.3466 0.1088
vn 0.9399 -0.3408 0.0231
vn -0.9354 0.3362 0.1096
vn 0.9567 -0.2756 0.0941
vn -0.9567 -0.1604 0.2430
vn 0.9736 0.0365 -0.2255
vn -0.9736 0.2274 0.0214
vn 0.9567 0.0941 0.2756
vn -0.9567 0.2430 0.1604
vn 0.9736 -0.2255 -0.0365
vn -0.9736 0.0214 -0.2274
vn 0.9567 0.2756 -0.0941
vn 0.9736 -0.0365 0.2255
vn -0.9736 -0.2274 -0.0214
vn 0.9647 0.2634 -0.0070
vn 0.9433 0.0121 -0.3319
vn -0.9433 0.3242 0.0718
vn 0.9285 -0.3689 0.0419
vn -0.9585 0.1197 -0.2587
vn -0.9285 -0.3465 -0.1334
vn 0.9647 0.0070 0.2634
vn 0.9433 0.3319 0.0121
vn -0.9433 -0.0718 0.3242
vn 0.9285 -0.0419 -0.3689
vn -0.9585 0.2587 0.1197
vn -0.9647 0.2532 0.0731
vn -0.9285 0.1334 -0.3465
vn 0.9585 0.0507 0.2805
vn -0.9285 -0.1334 0.3465
vn -0.9585 -0.2587 -0.1197
vn -0.9647 0.0731 -0.2532
vn 0.9647 -0.0070 -0.2634
vn 0.9585 0.2805 -0.0507
vn 0.9285 0.0419 0.3689
vn -0.9585 -0.1197 0.2587
vn -0.9647 -0.2532 -0.0731
vn -0.9433 0.0718 -0.3242
vn 0.9433 -0.3319 -0.0121
vn -0.9285 0.3465 0.1334
vn 0.9585 -0.0507 -0.2805
vn 0.9285 0.3689 -0.0419
vn -0.9647 -0.0731 0.2532
vn -0.9433 -0.3242 -0.0718
vn 0.9433 -0.0121 0.3319
vn 0.9585 -0.2805 0.0507
vn 0.9647 -0.2634 0.0070
vn -0.0948 0.0569 -0.9939
vn -0.1508 0.9836 -0.0988
vn 0.0654 -0.1690 -0.9834
vn 0.1636 0.8952 0.4145
vn 0.0278 0.9995 0.0126
vn 0.1636 -0.4145 0.8952
vn -0.1636 -0.1760 -0.9707
vn -0.0948 0.9939 0.0569
vn -0.0652 0.0289 -0.9975
vn -0.1676 -0.1521 -0.9741
vn 0.0948 0.9762 0.1950
vn 0.0652 0.0289 -0.9975
vn 0.1676 0.9045 0.3922
vn -0.0279 0.9706 0.2392
vn -0.0652 0.2229 -0.9726
vn 0.1636 0.4145 -0.8952
vn 0.1508 0.9271 0.3431
vn 0.0652 0.2229 -0.9726
vn -0.1636 -0.9707 0.1760
vn 0.0277 0.9215 0.3875
vn -0.0654 0.4110 -0.9093
vn -0.1676 -0.9741 0.1521
vn -0.0277 0.1432 0.9893
vn 0.0654 0.4110 -0.9093
vn 0.1676 0.3922 -0.9045
vn -0.1508 0.0988 0.9836
vn -0.0654 0.9835 -0.1690
vn 0.1636 -0.8952 -0.4145
vn 0.0279 -0.0126 0.9995
vn 0.0654 0.9835 -0.1690
vn -0.1676 0.1521 0.9741
vn -0.0948 -0.0569 0.9939
vn -0.0653 0.9975 0.0289
vn -0.0652 -0.2229 0.9726
vn 0.1676 -0.9045 -0.3922
vn 0.0948 -0.1950 0.9762
vn 0.0652 0.9975 0.0289
vn 0.0652 -0.2230 0.9726
vn -0.0279 -0.2392 0.9706
vn -0.0652 0.9726 0.2229
vn -0.0654 -0.4110 0.9093
vn 0.1508 -0.3431 0.9271
vn 0.0652 0.9726 0.2229
vn 0.0654 -0.4108 0.9094
vn 0.0277 -0.3875 0.9214
vn -0.1636 0.1760 0.9707
vn -0.0654 -0.9835 0.1689
vn -0.0277 -0.9893 0.1432
vt 0.796822 0.014612
vt 0.797361 0.014775
vt 0.977799 0.321842
vt 0.985368 0.297030
vt 0.937500 0.500000
vt 0.937500 1.000000
vt 0.906250 1.000000
vt 0.906250 0.500000
vt 0.875000 1.000000
vt 0.875000 0.500000
vt 0.843750 1.000000
vt 0.843750 0.500000
vt 0.812500 1.000000
vt 0.812500 0.500000
vt 0.702970 0.485368
vt 0.750000 0.490000
vt 0.485388 0.203178
vt 0.485225 0.202639
vt 0.321842 0.477799
vt 0.297130 0.485295
vt 0.687500 0.500000
vt 0.687500 1.000000
vt 0.656250 1.000000
vt 0.656250 0.500000
vt 0.625000 1.000000
vt 0.625000 0.500000
vt 0.593750 1.000000
vt 0.593750 0.500000
vt 0.562500 1.000000
vt 0.562500 0.500000
vt 0.202970 0.485368
vt 0.178158 0.477799
vt 0.985225 0.202639
vt 0.985389 0.203178
vt 0.797130 0.485295
vt 0.821842 0.477799
vt 0.437500 0.500000
vt 0.437500 1.000000
vt 0.406250 1.000000
vt 0.406250 0.500000
vt 0.375000 1.000000
vt 0.375000 0.500000
vt 0.343750 1.000000
vt 0.343750 0.500000
vt 0.312500 1.000000
vt 0.312500 0.500000
vt 0.678158 0.477799
vt 0.321842 0.022201
vt 0.297361 0.014775
vt 0.250000 0.490000
vt 0.187500 0.500000
vt 0.187500 1.000000
vt 0.156250 1.000000
vt 0.156250 0.500000
vt 0.125000 1.000000
vt 0.125000 0.500000
vt 0.093750 1.000000
vt 0.093750 0.500000
vt 0.062500 1.000000
vt 0.062500 0.500000
vt 0.296822 0.485388
vt 0.203178 0.485388
vt 0.158156 0.471731
vt 0.116663 0.449553
vt 0.080294 0.419706
vt 0.050447 0.383337
vt 0.028269 0.341844
vt 0.014612 0.296822
vt 0.010000 0.250000
vt 0.014612 0.203178
vt 0.028269 0.158156
vt 0.050447 0.116663
vt 0.080294 0.080294
vt 0.116663 0.050447
vt 0.158156 0.028269
vt 0.203178 0.014612
vt 0.250000 0.010000
vt 0.296822 0.014612
vt 0.341844 0.028269
vt 0.383337 0.050447
vt 0.419706 0.080294
vt 0.449553 0.116663
vt 0.471731 0.158156
vt 0.490000 0.250000
vt 0.485388 0.296822
vt 0.471731 0.341844
vt 0.449553 0.383337
vt 0.419706 0.419706
vt 0.383337 0.449553
vt 0.341844 0.471731
vt 0.022201 0.321842
vt 0.014705 0.297130
vt 0.796822 0.485388
vt 0.841844 0.471731
vt 0.883337 0.449553
vt 0.919706 0.419706
vt 0.949553 0.383337
vt 0.971731 0.341844
vt 0.985388 0.296822
vt 0.990000 0.250000
vt 0.985388 0.203178
vt 0.971731 0.158156
vt 0.949553 0.116663
vt 0.919706 0.080294
vt 0.883337 0.050447
vt 0.841844 0.028269
vt 0.750000 0.010000
vt 0.703178 0.014612
vt 0.658156 0.028269
vt 0.616663 0.050447
vt 0.580294 0.080294
vt 0.550447 0.116663
vt 0.528269 0.158156
vt 0.514612 0.203178
vt 0.510000 0.250000
vt 0.514612 0.296822
vt 0.528269 0.341844
vt 0.550447 0.383337
vt 0.580294 0.419706
vt 0.616663 0.449553
vt 0.658156 0.471731
vt 0.703178 0.485388
vt 1.000000 0.500000
vt 1.000000 1.000000
vt 0.968750 1.000000
vt 0.968750 0.500000
vt 0.781250 1.000000
vt 0.781250 0.500000
vt 0.750000 1.000000
vt 0.750000 0.500000
vt 0.718750 1.000000
vt 0.718750 0.500000
vt 0.531250 1.000000
vt 0.531250 0.500000
vt 0.500000 1.000000
vt 0.500000 0.500000
vt 0.468750 1.000000
vt 0.468750 0.500000
vt 0.281250 1.000000
vt 0.281250 0.500000
vt 0.250000 1.000000
vt 0.250000 0.500000
vt 0.218750 1.000000
vt 0.218750 0.500000
vt 0.031250 1.000000
vt 0.031250 0.500000
vt 0.000000 1.000000
vt 0.000000 0.500000
vt 0.514705 0.297130
vt 0.522201 0.321842
vt 0.250000 0.490000
vt 0.821842 0.022201
vt 0.202639 0.485225
vt 0.014632 0.202970
vt 0.702639 0.485225
vt 0.514632 0.202970
vt 0.477799 0.178158
vt 0.014775 0.297361
vt 0.022201 0.178158
vt 0.485225 0.297361
vt 0.514775 0.297361
vt 0.797361 0.485225
vt 0.297361 0.485225
vt 0.985225 0.297361
vt 0.977799 0.178158
vt 0.702639 0.014775
vt 0.202639 0.014775
vt 0.514775 0.202639
vt 0.014775 0.202639
vt 0.477799 0.321842
vt 0.485368 0.297030
vt 0.985295 0.202870
vt 0.485295 0.202870
vt 0.797030 0.014632
vt 0.297030 0.014632
vt 0.702870 0.014705
vt 0.202870 0.014705
vt 0.678158 0.022201
vt 0.178158 0.022201
vt 0.522201 0.178158
s 0
usemtl M_Orange
f 1542/1039/287 1445/1040/287 1656/1040/287 1602/1039/287
f 1488/1041/288 1489/1042/288 1625/1042/288 1672/1041/288
f 1525/1043/289 1526/1044/289 1424/1045/289 1423/1046/289
f 1423/1046/290 1424/1045/290 1426/1047/290 1425/1048/290
f 1425/1048/291 1426/1047/291 1428/1049/291 1427/1050/291
f 1427/1050/292 1428/1049/292 1530/1051/292 1527/1052/292
f 1519/1053/293 1481/1054/293 1648/1054/293 1645/1053/293
f 1527/1052/294 1530/1051/294 1575/1051/294 1572/1052/294
f 1538/1055/295 1438/1056/295 1653/1056/295 1604/1055/295
f 1486/1057/296 1568/1058/296 1612/1058/296 1671/1057/296
f 1541/1059/297 1531/1060/297 1440/1061/297 1439/1062/297
f 1439/1062/298 1440/1061/298 1442/1063/298 1441/1064/298
f 1441/1064/299 1442/1063/299 1444/1065/299 1443/1066/299
f 1443/1066/300 1444/1065/300 1539/1067/300 1536/1068/300
f 1599/1069/301 1517/1070/301 1680/1070/301 1607/1069/301
f 1531/1060/302 1541/1059/302 1544/1059/302 1532/1060/302
f 1437/1071/303 1435/1072/303 1605/1072/303 1659/1071/303
f 1482/1073/304 1485/1074/304 1670/1074/304 1624/1073/304
f 1549/1075/305 1550/1076/305 1456/1077/305 1455/1078/305
f 1455/1078/306 1456/1077/306 1458/1079/306 1457/1080/306
f 1457/1080/307 1458/1079/307 1460/1081/307 1459/1082/307
f 1459/1082/308 1460/1081/308 1554/1083/308 1551/1084/308
f 1518/1085/309 1519/1053/309 1645/1053/309 1679/1085/309
f 1536/1068/310 1539/1067/310 1540/1067/310 1535/1068/310
f 1497/1086/311 1446/1087/311 1657/1087/311 1658/1086/311
f 1568/1058/312 1569/1088/312 1609/1088/312 1612/1058/312
f 1560/1089/313 1561/1090/313 1472/1091/313 1471/1092/313
f 1471/1092/314 1472/1091/314 1474/1093/314 1473/1094/314
f 1473/1094/315 1474/1093/315 1476/1095/315 1475/1096/315
f 1475/1096/316 1476/1095/316 1565/1097/316 1562/1098/316
f 1523/1099/317 1524/1088/317 1480/1100/317 1565/1101/317 1476/1102/317 1474/1103/317 1472/1104/317 1561/1105/317 1558/1106/317 1556/1107/317 1553/1108/317 1554/1109/317 1460/1110/317 1458/1111/317 1456/1112/317 1550/1113/317 1548/1114/317 1546/1115/317 1543/1116/317 1539/1117/317 1444/1118/317 1442/1119/317 1440/1120/317 1531/1121/317 1436/1055/317 1534/1122/317 1529/1123/317 1530/1124/317 1428/1125/317 1426/1126/317 1424/1127/317 1526/1128/317
f 1516/1129/318 1514/1130/318 1636/1130/318 1678/1129/318
f 1434/1122/319 1538/1055/319 1604/1055/319 1641/1122/319
f 1521/1054/320 1522/1131/320 1525/1132/320 1423/1133/320 1425/1134/320 1427/1135/320 1527/1136/320 1528/1137/320 1533/1138/320 1537/1139/320 1541/1140/320 1439/1141/320 1441/1142/320 1443/1143/320 1536/1144/320 1447/1039/320 1545/1145/320 1547/1146/320 1549/1147/320 1455/1148/320 1457/1149/320 1459/1150/320 1551/1151/320 1552/1152/320 1555/1153/320 1557/1154/320 1560/1155/320 1471/1156/320 1473/1157/320 1475/1158/320 1562/1159/320 1563/1160/320
f 1566/1161/321 1484/1162/321 1483/1163/321 1567/1164/321
f 1567/1164/322 1483/1163/322 1571/1044/322 1570/1043/322
f 1572/1052/323 1575/1051/323 1574/1165/323 1573/1166/323
f 1573/1166/324 1574/1165/324 1577/1167/324 1576/1168/324
f 1576/1168/325 1577/1167/325 1494/1169/325 1493/1170/325
f 1493/1170/326 1494/1169/326 1532/1060/326 1544/1059/326
f 1535/1068/327 1540/1067/327 1581/1171/327 1499/1172/327
f 1499/1172/328 1581/1171/328 1583/1173/328 1582/1174/328
f 1582/1174/329 1583/1173/329 1585/1175/329 1584/1176/329
f 1584/1176/330 1585/1175/330 1587/1076/330 1586/1075/330
f 1588/1084/331 1559/1083/331 1510/1177/331 1589/1178/331
f 1589/1178/332 1510/1177/332 1592/1179/332 1591/1180/332
f 1591/1180/333 1592/1179/333 1594/1181/333 1593/1182/333
f 1593/1182/334 1594/1181/334 1596/1090/334 1595/1089/334
f 1597/1098/335 1600/1097/335 1520/1183/335 1598/1184/335
f 1598/1184/336 1520/1183/336 1484/1185/336 1566/1186/336
f 1481/1054/337 1482/1073/337 1624/1073/337 1648/1054/337
f 1526/1044/338 1525/1043/338 1570/1043/338 1571/1044/338
f 1513/1187/339 1515/1188/339 1677/1188/339 1629/1187/339
f 1435/1072/340 1433/1138/340 1638/1138/340 1605/1072/340
f 1564/1100/341 1418/1189/341 1610/1189/341 1608/1100/341
f 1514/1130/342 1512/1107/342 1622/1107/342 1636/1130/342
f 1445/1040/343 1498/1190/343 1655/1190/343 1656/1040/343
f 1417/1054/344 1479/1160/344 1646/1160/344 1647/1054/344
f 1562/1098/345 1565/1097/345 1600/1097/345 1597/1098/345
f 1511/1153/346 1513/1187/346 1629/1187/346 1617/1153/346
f 1432/1123/347 1434/1122/347 1641/1122/347 1631/1123/347
f 1478/1191/348 1564/1100/348 1608/1100/348 1669/1191/348
f 1512/1107/349 1590/1192/349 1614/1192/349 1622/1107/349
f 1561/1090/350 1560/1089/350 1595/1089/350 1596/1090/350
f 1433/1138/351 1431/1137/351 1626/1137/351 1638/1138/351
f 1479/1160/352 1477/1193/352 1668/1193/352 1646/1160/352
f 1509/1194/353 1511/1153/353 1617/1153/353 1616/1194/353
f 1551/1084/354 1554/1083/354 1559/1083/354 1588/1084/354
f 1438/1056/355 1496/1195/355 1654/1195/355 1653/1056/355
f 1468/1106/356 1470/1196/356 1667/1196/356 1635/1106/356
f 1590/1192/357 1507/1197/357 1665/1197/357 1614/1192/357
f 1430/1198/358 1432/1123/358 1631/1123/358 1652/1198/358
f 1469/1199/359 1467/1154/359 1630/1154/359 1666/1199/359
f 1550/1076/360 1549/1075/360 1586/1075/360 1587/1076/360
f 1417/1054/361 1419/1131/361 1522/1131/361 1521/1054/361
f 1420/1099/362 1418/1189/362 1524/1088/362 1523/1099/362
f 1419/1131/363 1421/1200/363 1525/1132/363 1522/1131/363
f 1422/1201/364 1420/1099/364 1523/1099/364 1526/1128/364
f 1429/1202/365 1431/1137/365 1528/1137/365 1527/1136/365
f 1432/1123/366 1430/1198/366 1530/1124/366 1529/1123/366
f 1496/1195/367 1438/1056/367 1531/1121/367 1532/1121/367
f 1431/1137/368 1433/1138/368 1533/1138/368 1528/1137/368
f 1434/1122/369 1432/1123/369 1529/1123/369 1534/1122/369
f 1498/1190/370 1445/1040/370 1536/1144/370 1535/1144/370
f 1433/1138/371 1435/1072/371 1537/1139/371 1533/1138/371
f 1538/1055/372 1434/1122/372 1534/1122/372 1436/1055/372
f 1446/1087/373 1497/1086/373 1540/1117/373 1539/1117/373
f 1435/1072/374 1437/1071/374 1541/1140/374 1537/1139/374
f 1438/1056/375 1538/1055/375 1436/1055/375 1531/1121/375
f 1445/1040/376 1542/1039/376 1447/1039/376 1536/1144/376
f 1448/1116/377 1446/1087/377 1539/1117/377 1543/1116/377
f 1437/1071/378 1495/1203/378 1544/1140/378 1541/1140/378
f 1542/1039/379 1449/1145/379 1545/1145/379 1447/1039/379
f 1450/1115/380 1448/1116/380 1543/1116/380 1546/1115/380
f 1449/1145/381 1451/1146/381 1547/1146/381 1545/1145/381
f 1452/1114/382 1450/1115/382 1546/1115/382 1548/1114/382
f 1451/1146/383 1453/1204/383 1549/1147/383 1547/1146/383
f 1454/1205/384 1452/1114/384 1548/1114/384 1550/1113/384
f 1461/1206/385 1463/1152/385 1552/1152/385 1551/1151/385
f 1464/1108/386 1462/1207/386 1554/1109/386 1553/1108/386
f 1463/1152/387 1465/1153/387 1555/1153/387 1552/1152/387
f 1466/1107/388 1464/1108/388 1553/1108/388 1556/1107/388
f 1465/1153/389 1467/1154/389 1557/1154/389 1555/1153/389
f 1468/1106/390 1466/1107/390 1556/1107/390 1558/1106/390
f 1462/1207/391 1507/1197/391 1559/1109/391 1554/1109/391
f 1467/1154/392 1469/1199/392 1560/1155/392 1557/1154/392
f 1470/1196/393 1468/1106/393 1558/1106/393 1561/1105/393
f 1477/1193/394 1479/1160/394 1563/1160/394 1562/1159/394
f 1564/1100/395 1478/1191/395 1565/1101/395 1480/1100/395
f 1479/1160/396 1417/1054/396 1521/1054/396 1563/1160/396
f 1418/1189/397 1564/1100/397 1480/1100/397 1524/1088/397
f 1482/1073/398 1481/1054/398 1566/1054/398 1567/1131/398
f 1569/1088/399 1568/1058/399 1483/1099/399 1484/1088/399
f 1485/1074/400 1482/1073/400 1567/1131/400 1570/1132/400
f 1568/1058/401 1486/1057/401 1571/1128/401 1483/1099/401
f 1489/1042/402 1488/1041/402 1572/1136/402 1573/1137/402
f 1487/1208/403 1490/1209/403 1574/1123/403 1575/1124/403
f 1491/1138/404 1489/1042/404 1573/1137/404 1576/1138/404
f 1490/1209/405 1492/1122/405 1577/1122/405 1574/1123/405
f 1578/1210/406 1491/1138/406 1576/1138/406 1493/1139/406
f 1492/1122/407 1579/1211/407 1494/1055/407 1577/1122/407
f 1495/1203/408 1578/1210/408 1493/1139/408 1544/1140/408
f 1579/1211/409 1496/1195/409 1532/1121/409 1494/1055/409
f 1580/1212/410 1498/1190/410 1535/1144/410 1499/1039/410
f 1497/1086/411 1500/1213/411 1581/1116/411 1540/1117/411
f 1501/1145/412 1580/1212/412 1499/1039/412 1582/1145/412
f 1500/1213/413 1502/1115/413 1583/1115/413 1581/1116/413
f 1503/1214/414 1501/1145/414 1582/1145/414 1584/1146/414
f 1502/1115/415 1504/1215/415 1585/1114/415 1583/1115/415
f 1505/1216/416 1503/1214/416 1584/1146/416 1586/1147/416
f 1504/1215/417 1506/1217/417 1587/1113/417 1585/1114/417
f 1509/1194/418 1508/1218/418 1588/1151/418 1589/1152/418
f 1507/1197/419 1590/1192/419 1510/1108/419 1559/1109/419
f 1511/1153/420 1509/1194/420 1589/1152/420 1591/1153/420
f 1590/1192/421 1512/1107/421 1592/1107/421 1510/1108/421
f 1513/1187/422 1511/1153/422 1591/1153/422 1593/1154/422
f 1512/1107/423 1514/1130/423 1594/1106/423 1592/1107/423
f 1515/1188/424 1513/1187/424 1593/1154/424 1595/1155/424
f 1514/1130/425 1516/1129/425 1596/1105/425 1594/1106/425
f 1519/1053/426 1518/1085/426 1597/1159/426 1598/1160/426
f 1517/1070/427 1599/1069/427 1520/1100/427 1600/1101/427
f 1481/1054/428 1519/1053/428 1598/1160/428 1566/1054/428
f 1599/1069/429 1569/1088/429 1484/1088/429 1520/1100/429
f 1421/1200/430 1485/1074/430 1570/1132/430 1525/1132/430
f 1430/1198/431 1487/1208/431 1575/1124/431 1530/1124/431
f 1488/1041/432 1429/1202/432 1527/1136/432 1572/1136/432
f 1486/1057/433 1422/1201/433 1526/1128/433 1571/1128/433
f 1469/1199/434 1515/1188/434 1595/1155/434 1560/1155/434
f 1478/1191/435 1517/1070/435 1600/1101/435 1565/1101/435
f 1518/1085/436 1477/1193/436 1562/1159/436 1597/1159/436
f 1516/1129/437 1470/1196/437 1561/1105/437 1596/1105/437
f 1453/1204/438 1505/1216/438 1586/1147/438 1549/1147/438
f 1508/1218/439 1461/1206/439 1551/1151/439 1588/1151/439
f 1506/1217/440 1454/1205/440 1550/1113/440 1587/1113/440
f 1569/1088/473 1599/1069/473 1607/1069/473 1609/1088/473
f 1490/1209/474 1487/1208/474 1673/1208/474 1632/1209/474
f 1446/1087/475 1448/1116/475 1619/1116/475 1657/1087/475
f 1485/1074/476 1421/1200/476 1649/1200/476 1670/1074/476
f 1489/1042/477 1491/1138/477 1637/1138/477 1625/1042/477
f 1495/1203/478 1437/1071/478 1659/1071/478 1660/1203/478
f 1487/1208/479 1430/1198/479 1652/1198/479 1673/1208/479
f 1492/1122/480 1490/1209/480 1632/1209/480 1642/1122/480
f 1449/1145/481 1542/1039/481 1602/1039/481 1628/1145/481
f 1429/1202/482 1488/1041/482 1672/1041/482 1651/1202/482
f 1491/1138/483 1578/1210/483 1606/1210/483 1637/1138/483
f 1448/1116/484 1450/1115/484 1633/1115/484 1619/1116/484
f 1422/1201/485 1486/1057/485 1671/1057/485 1650/1201/485
f 1579/1211/486 1492/1122/486 1642/1122/486 1603/1211/486
f 1451/1146/487 1449/1145/487 1628/1145/487 1640/1146/487
f 1515/1188/488 1469/1199/488 1666/1199/488 1677/1188/488
f 1578/1210/489 1495/1203/489 1660/1203/489 1606/1210/489
f 1450/1115/490 1452/1114/490 1643/1114/490 1633/1115/490
f 1517/1070/491 1478/1191/491 1669/1191/491 1680/1070/491
f 1496/1195/492 1579/1211/492 1603/1211/492 1654/1195/492
f 1453/1204/493 1451/1146/493 1640/1146/493 1661/1204/493
f 1477/1193/494 1518/1085/494 1679/1085/494 1668/1193/494
f 1498/1190/495 1580/1212/495 1601/1212/495 1655/1190/495
f 1452/1114/496 1454/1205/496 1662/1205/496 1643/1114/496
f 1470/1196/497 1516/1129/497 1678/1129/497 1667/1196/497
f 1500/1213/498 1497/1086/498 1658/1086/498 1620/1213/498
f 1463/1152/499 1461/1206/499 1663/1206/499 1615/1152/499
f 1505/1216/500 1453/1204/500 1661/1204/500 1674/1216/500
f 1580/1212/501 1501/1145/501 1627/1145/501 1601/1212/501
f 1462/1207/502 1464/1108/502 1613/1108/502 1664/1207/502
f 1461/1206/503 1508/1218/503 1676/1218/503 1663/1206/503
f 1502/1115/504 1500/1213/504 1620/1213/504 1634/1115/504
f 1465/1153/505 1463/1152/505 1615/1152/505 1618/1153/505
f 1419/1131/506 1417/1054/506 1647/1054/506 1623/1131/506
f 1454/1205/507 1506/1217/507 1675/1217/507 1662/1205/507
f 1501/1145/508 1503/1214/508 1639/1214/508 1627/1145/508
f 1464/1108/509 1466/1107/509 1621/1107/509 1613/1108/509
f 1418/1189/510 1420/1099/510 1611/1099/510 1610/1189/510
f 1504/1215/511 1502/1115/511 1634/1115/511 1644/1215/511
f 1467/1154/512 1465/1153/512 1618/1153/512 1630/1154/512
f 1421/1200/513 1419/1131/513 1623/1131/513 1649/1200/513
f 1503/1214/514 1505/1216/514 1674/1216/514 1639/1214/514
f 1466/1107/515 1468/1106/515 1635/1106/515 1621/1107/515
f 1420/1099/516 1422/1201/516 1650/1201/516 1611/1099/516
f 1506/1217/517 1504/1215/517 1644/1215/517 1675/1217/517
f 1507/1197/518 1462/1207/518 1664/1207/518 1665/1197/518
f 1431/1137/519 1429/1202/519 1651/1202/519 1626/1137/519
f 1508/1218/520 1509/1194/520 1616/1194/520 1676/1218/520
f 1806/1039/521 1709/1040/521 1920/1040/521 1866/1039/521
f 1752/1041/522 1753/1042/522 1889/1042/522 1936/1041/522
f 1789/1043/523 1790/1044/523 1688/1045/523 1687/1046/523
f 1687/1046/524 1688/1045/524 1690/1047/524 1689/1048/524
f 1689/1048/525 1690/1047/525 1692/1049/525 1691/1050/525
f 1691/1050/526 1692/1049/526 1794/1051/526 1791/1052/526
f 1783/1053/527 1745/1054/527 1912/1054/527 1909/1053/527
f 1791/1052/528 1794/1051/528 1839/1051/528 1836/1052/528
f 1802/1055/529 1702/1056/529 1917/1056/529 1868/1055/529
f 1750/1057/530 1832/1058/530 1876/1058/530 1935/1057/530
f 1805/1059/531 1795/1060/531 1704/1061/531 1703/1062/531
f 1703/1062/532 1704/1061/532 1706/1063/532 1705/1064/532
f 1705/1064/533 1706/1063/533 1708/1065/533 1707/1066/533
f 1707/1066/534 1708/1065/534 1803/1067/534 1800/1068/534
f 1863/1069/535 1781/1070/535 1944/1070/535 1871/1069/535
f 1795/1060/536 1805/1059/536 1808/1059/536 1796/1060/536
f 1701/1071/537 1699/1072/537 1869/1072/537 1923/1071/537
f 1746/1073/538 1749/1074/538 1934/1074/538 1888/1073/538
f 1813/1075/539 1814/1076/539 1720/1077/539 1719/1078/539
f 1719/1078/540 1720/1077/540 1722/1079/540 1721/1080/540
f 1721/1080/541 1722/1079/541 1724/1081/541 1723/1082/541
f 1723/1082/542 1724/1081/542 1818/1083/542 1815/1084/542
f 1782/1085/543 1783/1053/543 1909/1053/543 1943/1085/543
f 1800/1068/544 1803/1067/544 1804/1067/544 1799/1068/544
f 1761/1086/545 1710/1087/545 1921/1087/545 1922/1086/545
f 1832/1058/546 1833/1088/546 1873/1088/546 1876/1058/546
f 1824/1089/547 1825/1090/547 1736/1091/547 1735/1092/547
f 1735/1092/548 1736/1091/548 1738/1093/548 1737/1094/548
f 1737/1094/549 1738/1093/549 1740/1095/549 1739/1096/549
f 1739/1096/550 1740/1095/550 1829/1097/550 1826/1098/550
f 1787/1099/317 1788/1088/317 1744/1100/317 1829/1101/317 1740/1102/317 1738/1103/317 1736/1104/317 1825/1105/317 1822/1106/317 1820/1107/317 1817/1108/317 1818/1109/317 1724/1110/317 1722/1111/317 1720/1112/317 1814/1113/317 1812/1114/317 1810/1115/317 1807/1116/317 1803/1117/317 1708/1118/317 1706/1119/317 1704/1120/317 1795/1121/317 1700/1055/317 1798/1122/317 1793/1123/317 1794/1124/317 1692/1125/317 1690/1126/317 1688/1127/317 1790/1128/317
f 1780/1129/551 1778/1130/551 1900/1130/551 1942/1129/551
f 1698/1122/552 1802/1055/552 1868/1055/552 1905/1122/552
f 1785/1054/320 1786/1131/320 1789/1132/320 1687/1133/320 1689/1134/320 1691/1135/320 1791/1136/320 1792/1137/320 1797/1138/320 1801/1139/320 1805/1140/320 1703/1141/320 1705/1142/320 1707/1143/320 1800/1144/320 1711/1039/320 1809/1145/320 1811/1146/320 1813/1147/320 1719/1148/320 1721/1149/320 1723/1150/320 1815/1151/320 1816/1152/320 1819/1153/320 1821/1154/320 1824/1155/320 1735/1156/320 1737/1157/320 1739/1158/320 1826/1159/320 1827/1160/320
f 1830/1161/553 1748/1162/553 1747/1163/553 1831/1164/553
f 1831/1164/554 1747/1163/554 1835/1044/554 1834/1043/554
f 1836/1052/555 1839/1051/555 1838/1165/555 1837/1166/555
f 1837/1166/556 1838/1165/556 1841/1167/556 1840/1168/556
f 1840/1168/557 1841/1167/557 1758/1169/557 1757/1170/557
f 1757/1170/558 1758/1169/558 1796/1060/558 1808/1059/558
f 1799/1068/559 1804/1067/559 1845/1171/559 1763/1172/559
f 1763/1172/560 1845/1171/560 1847/1173/560 1846/1174/560
f 1846/1174/561 1847/1173/561 1849/1175/561 1848/1176/561
f 1848/1176/562 1849/1175/562 1851/1076/562 1850/1075/562
f 1852/1084/563 1823/1083/563 1774/1177/563 1853/1178/563
f 1853/1178/564 1774/1177/564 1856/1179/564 1855/1180/564
f 1855/1180/565 1856/1179/565 1858/1181/565 1857/1182/565
f 1857/1182/566 1858/1181/566 1860/1090/566 1859/1089/566
f 1861/1098/567 1864/1097/567 1784/1183/567 1862/1184/567
f 1862/1184/568 1784/1183/568 1748/1185/568 1830/1186/568
f 1745/1054/569 1746/1073/569 1888/1073/569 1912/1054/569
f 1790/1044/570 1789/1043/570 1834/1043/570 1835/1044/570
f 1777/1187/571 1779/1188/571 1941/1188/571 1893/1187/571
f 1699/1072/572 1697/1138/572 1902/1138/572 1869/1072/572
f 1828/1100/573 1682/1189/573 1874/1189/573 1872/1100/573
f 1778/1130/574 1776/1107/574 1886/1107/574 1900/1130/574
f 1709/1040/575 1762/1190/575 1919/1190/575 1920/1040/575
f 1681/1054/576 1743/1160/576 1910/1160/576 1911/1054/576
f 1826/1098/577 1829/1097/577 1864/1097/577 1861/1098/577
f 1775/1153/578 1777/1187/578 1893/1187/578 1881/1153/578
f 1696/1123/579 1698/1122/579 1905/1122/579 1895/1123/579
f 1742/1191/580 1828/1100/580 1872/1100/580 1933/1191/580
f 1776/1107/581 1854/1192/581 1878/1192/581 1886/1107/581
f 1825/1090/582 1824/1089/582 1859/1089/582 1860/1090/582
f 1697/1138/583 1695/1137/583 1890/1137/583 1902/1138/583
f 1743/1160/584 1741/1193/584 1932/1193/584 1910/1160/584
f 1773/1194/585 1775/1153/585 1881/1153/585 1880/1194/585
f 1815/1084/586 1818/1083/586 1823/1083/586 1852/1084/586
f 1702/1056/587 1760/1195/587 1918/1195/587 1917/1056/587
f 1732/1106/588 1734/1196/588 1931/1196/588 1899/1106/588
f 1854/1192/589 1771/1197/589 1929/1197/589 1878/1192/589
f 1694/1198/590 1696/1123/590 1895/1123/590 1916/1198/590
f 1733/1199/591 1731/1154/591 1894/1154/591 1930/1199/591
f 1814/1076/592 1813/1075/592 1850/1075/592 1851/1076/592
f 1681/1054/593 1683/1131/593 1786/1131/593 1785/1054/593
f 1684/1099/594 1682/1189/594 1788/1088/594 1787/1099/594
f 1683/1131/595 1685/1200/595 1789/1132/595 1786/1131/595
f 1686/1201/596 1684/1099/596 1787/1099/596 1790/1128/596
f 1693/1202/597 1695/1137/597 1792/1137/597 1791/1136/597
f 1696/1123/598 1694/1198/598 1794/1124/598 1793/1123/598
f 1760/1195/599 1702/1056/599 1795/1121/599 1796/1121/599
f 1695/1137/600 1697/1138/600 1797/1138/600 1792/1137/600
f 1698/1122/601 1696/1123/601 1793/1123/601 1798/1122/601
f 1762/1190/602 1709/1040/602 1800/1144/602 1799/1144/602
f 1697/1138/603 1699/1072/603 1801/1139/603 1797/1138/603
f 1802/1055/604 1698/1122/604 1798/1122/604 1700/1055/604
f 1710/1087/605 1761/1086/605 1804/1117/605 1803/1117/605
f 1699/1072/606 1701/1071/606 1805/1140/606 1801/1139/606
f 1702/1056/607 1802/1055/607 1700/1055/607 1795/1121/607
f 1709/1040/608 1806/1039/608 1711/1039/608 1800/1144/608
f 1712/1116/609 1710/1087/609 1803/1117/609 1807/1116/609
f 1701/1071/610 1759/1203/610 1808/1140/610 1805/1140/610
f 1806/1039/611 1713/1145/611 1809/1145/611 1711/1039/611
f 1714/1115/612 1712/1116/612 1807/1116/612 1810/1115/612
f 1713/1145/613 1715/1146/613 1811/1146/613 1809/1145/613
f 1716/1114/614 1714/1115/614 1810/1115/614 1812/1114/614
f 1715/1146/615 1717/1204/615 1813/1147/615 1811/1146/615
f 1718/1205/616 1716/1114/616 1812/1114/616 1814/1113/616
f 1725/1206/617 1727/1152/617 1816/1152/617 1815/1151/617
f 1728/1108/618 1726/1207/618 1818/1109/618 1817/1108/618
f 1727/1152/619 1729/1153/619 1819/1153/619 1816/1152/619
f 1730/1107/620 1728/1108/620 1817/1108/620 1820/1107/620
f 1729/1153/621 1731/1154/621 1821/1154/621 1819/1153/621
f 1732/1106/622 1730/1107/622 1820/1107/622 1822/1106/622
f 1726/1207/623 1771/1197/623 1823/1109/623 1818/1109/623
f 1731/1154/624 1733/1199/624 1824/1155/624 1821/1154/624
f 1734/1196/625 1732/1106/625 1822/1106/625 1825/1105/625
f 1741/1193/626 1743/1160/626 1827/1160/626 1826/1159/626
f 1828/1100/627 1742/1191/627 1829/1101/627 1744/1100/627
f 1743/1160/628 1681/1054/628 1785/1054/628 1827/1160/628
f 1682/1189/629 1828/1100/629 1744/1100/629 1788/1088/629
f 1746/1073/630 1745/1054/630 1830/1054/630 1831/1131/630
f 1833/1088/631 1832/1058/631 1747/1099/631 1748/1088/631
f 1749/1074/632 1746/1073/632 1831/1131/632 1834/1132/632
f 1832/1058/633 1750/1057/633 1835/1128/633 1747/1099/633
f 1753/1042/634 1752/1041/634 1836/1136/634 1837/1137/634
f 1751/1208/635 1754/1209/635 1838/1123/635 1839/1124/635
f 1755/1138/636 1753/1042/636 1837/1137/636 1840/1138/636
f 1754/1209/637 1756/1122/637 1841/1122/637 1838/1123/637
f 1842/1210/638 1755/1138/638 1840/1138/638 1757/1139/638
f 1756/1122/639 1843/1211/639 1758/1055/639 1841/1122/639
f 1759/1203/640 1842/1210/640 1757/1139/640 1808/1140/640
f 1843/1211/641 1760/1195/641 1796/1121/641 1758/1055/641
f 1844/1212/642 1762/1190/642 1799/1144/642 1763/1039/642
f 1761/1086/643 1764/1213/643 1845/1116/643 1804/1117/643
f 1765/1145/644 1844/1212/644 1763/1039/644 1846/1145/644
f 1764/1213/645 1766/1115/645 1847/1115/645 1845/1116/645
f 1767/1214/646 1765/1145/646 1846/1145/646 1848/1146/646
f 1766/1115/647 1768/1215/647 1849/1114/647 1847/1115/647
f 1769/1216/648 1767/1214/648 1848/1146/648 1850/1147/648
f 1768/1215/649 1770/1217/649 1851/1113/649 1849/1114/649
f 1773/1194/650 1772/1218/650 1852/1151/650 1853/1152/650
f 1771/1197/651 1854/1192/651 1774/1108/651 1823/1109/651
f 1775/1153/652 1773/1194/652 1853/1152/652 1855/1153/652
f 1854/1192/653 1776/1107/653 1856/1107/653 1774/1108/653
f 1777/1187/654 1775/1153/654 1855/1153/654 1857/1154/654
f 1776/1107/655 1778/1130/655 1858/1106/655 1856/1107/655
f 1779/1188/656 1777/1187/656 1857/1154/656 1859/1155/656
f 1778/1130/657 1780/1129/657 1860/1105/657 1858/1106/657
f 1783/1053/658 1782/1085/658 1861/1159/658 1862/1160/658
f 1781/1070/659 1863/1069/659 1784/1100/659 1864/1101/659
f 1745/1054/660 1783/1053/660 1862/1160/660 1830/1054/660
f 1863/1069/661 1833/1088/661 1748/1088/661 1784/1100/661
f 1685/1200/662 1749/1074/662 1834/1132/662 1789/1132/662
f 1694/1198/663 1751/1208/663 1839/1124/663 1794/1124/663
f 1752/1041/664 1693/1202/664 1791/1136/664 1836/1136/664
f 1750/1057/665 1686/1201/665 1790/1128/665 1835/1128/665
f 1733/1199/666 1779/1188/666 1859/1155/666 1824/1155/666
f 1742/1191/667 1781/1070/667 1864/1101/667 1829/1101/667
f 1782/1085/668 1741/1193/668 1826/1159/668 1861/1159/668
f 1780/1129/669 1734/1196/669 1825/1105/669 1860/1105/669
f 1717/1204/670 1769/1216/670 1850/1147/670 1813/1147/670
f 1772/1218/671 1725/1206/671 1815/1151/671 1852/1151/671
f 1770/1217/672 1718/1205/672 1814/1113/672 1851/1113/672
f 1833/1088/705 1863/1069/705 1871/1069/705 1873/1088/705
f 1754/1209/706 1751/1208/706 1937/1208/706 1896/1209/706
f 1710/1087/707 1712/1116/707 1883/1116/707 1921/1087/707
f 1749/1074/708 1685/1200/708 1913/1200/708 1934/1074/708
f 1753/1042/709 1755/1138/709 1901/1138/709 1889/1042/709
f 1759/1203/710 1701/1071/710 1923/1071/710 1924/1203/710
f 1751/1208/711 1694/1198/711 1916/1198/711 1937/1208/711
f 1756/1122/712 1754/1209/712 1896/1209/712 1906/1122/712
f 1713/1145/713 1806/1039/713 1866/1039/713 1892/1145/713
f 1693/1202/714 1752/1041/714 1936/1041/714 1915/1202/714
f 1755/1138/715 1842/1210/715 1870/1210/715 1901/1138/715
f 1712/1116/716 1714/1115/716 1897/1115/716 1883/1116/716
f 1686/1201/717 1750/1057/717 1935/1057/717 1914/1201/717
f 1843/1211/718 1756/1122/718 1906/1122/718 1867/1211/718
f 1715/1146/719 1713/1145/719 1892/1145/719 1904/1146/719
f 1779/1188/720 1733/1199/720 1930/1199/720 1941/1188/720
f 1842/1210/721 1759/1203/721 1924/1203/721 1870/1210/721
f 1714/1115/722 1716/1114/722 1907/1114/722 1897/1115/722
f 1781/1070/723 1742/1191/723 1933/1191/723 1944/1070/723
f 1760/1195/724 1843/1211/724 1867/1211/724 1918/1195/724
f 1717/1204/725 1715/1146/725 1904/1146/725 1925/1204/725
f 1741/1193/726 1782/1085/726 1943/1085/726 1932/1193/726
f 1762/1190/727 1844/1212/727 1865/1212/727 1919/1190/727
f 1716/1114/728 1718/1205/728 1926/1205/728 1907/1114/728
f 1734/1196/729 1780/1129/729 1942/1129/729 1931/1196/729
f 1764/1213/730 1761/1086/730 1922/1086/730 1884/1213/730
f 1727/1152/731 1725/1206/731 1927/1206/731 1879/1152/731
f 1769/1216/732 1717/1204/732 1925/1204/732 1938/1216/732
f 1844/1212/733 1765/1145/733 1891/1145/733 1865/1212/733
f 1726/1207/734 1728/1108/734 1877/1108/734 1928/1207/734
f 1725/1206/735 1772/1218/735 1940/1218/735 1927/1206/735
f 1766/1115/736 1764/1213/736 1884/1213/736 1898/1115/736
f 1729/1153/737 1727/1152/737 1879/1152/737 1882/1153/737
f 1683/1131/738 1681/1054/738 1911/1054/738 1887/1131/738
f 1718/1205/739 1770/1217/739 1939/1217/739 1926/1205/739
f 1765/1145/740 1767/1214/740 1903/1214/740 1891/1145/740
f 1728/1108/741 1730/1107/741 1885/1107/741 1877/1108/741
f 1682/1189/742 1684/1099/742 1875/1099/742 1874/1189/742
f 1768/1215/743 1766/1115/743 1898/1115/743 1908/1215/743
f 1731/1154/744 1729/1153/744 1882/1153/744 1894/1154/744
f 1685/1200/745 1683/1131/745 1887/1131/745 1913/1200/745
f 1767/1214/746 1769/1216/746 1938/1216/746 1903/1214/746
f 1730/1107/747 1732/1106/747 1899/1106/747 1885/1107/747
f 1684/1099/748 1686/1201/748 1914/1201/748 1875/1099/748
f 1770/1217/749 1768/1215/749 1908/1215/749 1939/1217/749
f 1771/1197/750 1726/1207/750 1928/1207/750 1929/1197/750
f 1695/1137/751 1693/1202/751 1915/1202/751 1890/1137/751
f 1772/1218/752 1773/1194/752 1880/1194/752 1940/1218/752
usemtl M_Noir_Bleuté
f 1628/1145/441 1602/1039/441 1601/1212/441 1627/1145/441
f 1626/1137/442 1651/1202/442 1672/1041/442 1625/1042/442
f 1611/1099/443 1650/1201/443 1671/1057/443 1612/1058/443
f 1649/1200/444 1623/1131/444 1624/1073/444 1670/1074/444
f 1613/1108/445 1621/1107/445 1622/1107/445 1614/1192/445
f 1657/1087/446 1619/1116/446 1620/1213/446 1658/1086/446
f 1618/1153/447 1615/1152/447 1616/1194/447 1617/1153/447
f 1602/1039/448 1656/1040/448 1655/1190/448 1601/1212/448
f 1604/1055/449 1653/1056/449 1654/1195/449 1603/1211/449
f 1659/1071/450 1605/1072/450 1606/1210/450 1660/1203/450
f 1608/1100/451 1610/1189/451 1609/1088/451 1607/1069/451
f 1610/1189/452 1611/1099/452 1612/1058/452 1609/1088/452
f 1664/1207/453 1613/1108/453 1614/1192/453 1665/1197/453
f 1630/1154/454 1618/1153/454 1617/1153/454 1629/1187/454
f 1652/1198/455 1631/1123/455 1632/1209/455 1673/1208/455
f 1619/1116/456 1633/1115/456 1634/1115/456 1620/1213/456
f 1621/1107/457 1635/1106/457 1636/1130/457 1622/1107/457
f 1638/1138/458 1626/1137/458 1625/1042/458 1637/1138/458
f 1640/1146/459 1628/1145/459 1627/1145/459 1639/1214/459
f 1666/1199/460 1630/1154/460 1629/1187/460 1677/1188/460
f 1631/1123/461 1641/1122/461 1642/1122/461 1632/1209/461
f 1633/1115/462 1643/1114/462 1644/1215/462 1634/1115/462
f 1635/1106/463 1667/1196/463 1678/1129/463 1636/1130/463
f 1646/1160/464 1668/1193/464 1679/1085/464 1645/1053/464
f 1669/1191/465 1608/1100/465 1607/1069/465 1680/1070/465
f 1605/1072/466 1638/1138/466 1637/1138/466 1606/1210/466
f 1661/1204/467 1640/1146/467 1639/1214/467 1674/1216/467
f 1641/1122/468 1604/1055/468 1603/1211/468 1642/1122/468
f 1643/1114/469 1662/1205/469 1675/1217/469 1644/1215/469
f 1615/1152/470 1663/1206/470 1676/1218/470 1616/1194/470
f 1623/1131/471 1647/1054/471 1648/1054/471 1624/1073/471
f 1647/1054/472 1646/1160/472 1645/1053/472 1648/1054/472
f 1892/1145/673 1866/1039/673 1865/1212/673 1891/1145/673
f 1890/1137/674 1915/1202/674 1936/1041/674 1889/1042/674
f 1875/1099/675 1914/1201/675 1935/1057/675 1876/1058/675
f 1913/1200/676 1887/1131/676 1888/1073/676 1934/1074/676
f 1877/1108/677 1885/1107/677 1886/1107/677 1878/1192/677
f 1921/1087/678 1883/1116/678 1884/1213/678 1922/1086/678
f 1882/1153/679 1879/1152/679 1880/1194/679 1881/1153/679
f 1866/1039/680 1920/1040/680 1919/1190/680 1865/1212/680
f 1868/1055/681 1917/1056/681 1918/1195/681 1867/1211/681
f 1923/1071/682 1869/1072/682 1870/1210/682 1924/1203/682
f 1872/1100/683 1874/1189/683 1873/1088/683 1871/1069/683
f 1874/1189/684 1875/1099/684 1876/1058/684 1873/1088/684
f 1928/1207/685 1877/1108/685 1878/1192/685 1929/1197/685
f 1894/1154/686 1882/1153/686 1881/1153/686 1893/1187/686
f 1916/1198/687 1895/1123/687 1896/1209/687 1937/1208/687
f 1883/1116/688 1897/1115/688 1898/1115/688 1884/1213/688
f 1885/1107/689 1899/1106/689 1900/1130/689 1886/1107/689
f 1902/1138/690 1890/1137/690 1889/1042/690 1901/1138/690
f 1904/1146/691 1892/1145/691 1891/1145/691 1903/1214/691
f 1930/1199/692 1894/1154/692 1893/1187/692 1941/1188/692
f 1895/1123/693 1905/1122/693 1906/1122/693 1896/1209/693
f 1897/1115/694 1907/1114/694 1908/1215/694 1898/1115/694
f 1899/1106/695 1931/1196/695 1942/1129/695 1900/1130/695
f 1910/1160/696 1932/1193/696 1943/1085/696 1909/1053/696
f 1933/1191/697 1872/1100/697 1871/1069/697 1944/1070/697
f 1869/1072/698 1902/1138/698 1901/1138/698 1870/1210/698
f 1925/1204/699 1904/1146/699 1903/1214/699 1938/1216/699
f 1905/1122/700 1868/1055/700 1867/1211/700 1906/1122/700
f 1907/1114/701 1926/1205/701 1939/1217/701 1908/1215/701
f 1879/1152/702 1927/1206/702 1940/1218/702 1880/1194/702
f 1887/1131/703 1911/1054/703 1912/1054/703 1888/1073/703
f 1911/1054/704 1910/1160/704 1909/1053/704 1912/1054/704
