# Blender 4.2.3 LTS
# www.blender.org
mtllib SM_Power_Junction.mtl
o SM_Power_Junction_Box_Base
v 0.008213 0.400000 -0.188995
v -0.000000 0.391787 -0.188995
v -0.000000 0.391787 0.188995
v 0.008213 0.400000 0.188995
v 0.091787 0.400000 0.188995
v 0.100000 0.376284 0.188995
v 0.100000 0.376284 -0.188995
v 0.091787 0.400000 -0.188995
v 0.008213 -0.400000 0.188995
v -0.000000 -0.390728 0.188995
v -0.000000 -0.390728 -0.188995
v 0.008213 -0.400000 -0.188995
v 0.091787 -0.400000 -0.188995
v 0.100000 -0.375227 -0.196081
v 0.100000 -0.375227 0.196081
v 0.091787 -0.400000 0.188995
v -0.000000 0.391787 -0.182383
v 0.008213 0.400000 -0.182695
v 0.008213 0.400000 0.182695
v -0.000000 0.391787 0.182383
v 0.100000 0.376284 0.182383
v 0.091787 0.400000 0.182695
v 0.091787 0.400000 -0.182695
v 0.100000 0.376284 -0.182383
v -0.000000 -0.350538 0.154206
v 0.008213 -0.359481 0.153866
v 0.008213 -0.359481 -0.153866
v -0.000000 -0.350538 -0.154206
v 0.100000 -0.335035 -0.161291
v 0.091787 -0.359481 -0.153866
v 0.091787 -0.359481 0.153866
v 0.100000 -0.335035 0.161291
v -0.000000 0.335410 0.391787
v 0.025979 0.321046 0.400000
v -0.000000 0.391787 0.335410
v 0.008213 0.400000 0.338812
v 0.100000 0.376284 0.328989
v 0.091787 0.400000 0.338812
v 0.100000 0.328989 0.376284
v 0.074020 0.321046 0.400000
v -0.000000 0.391787 -0.335410
v 0.008213 0.400000 -0.338812
v -0.000000 0.335410 -0.391787
v 0.025979 0.321046 -0.400000
v 0.100000 0.328989 -0.376284
v 0.074020 0.321046 -0.400000
v 0.100000 0.376284 -0.328989
v 0.091787 0.400000 -0.338812
v -0.000000 -0.390769 0.336428
v 0.008213 -0.400000 0.338812
v -0.000000 -0.335410 0.391787
v 0.025979 -0.321046 0.400000
v 0.100000 -0.328989 0.376284
v 0.074020 -0.321046 0.400000
v 0.100000 -0.375264 0.330009
v 0.091787 -0.400000 0.338812
v -0.000000 -0.335410 -0.391787
v 0.025979 -0.321046 -0.400000
v -0.000000 -0.390769 -0.336428
v 0.008213 -0.400000 -0.338812
v 0.100000 -0.375264 -0.330009
v 0.091787 -0.400000 -0.338812
v 0.100000 -0.328989 -0.376284
v 0.074020 -0.321046 -0.400000
v 0.100000 0.391787 -0.182383
v 0.100000 0.391787 -0.188995
v 0.100000 -0.350538 0.154206
v 0.100000 -0.390728 0.188995
v 0.100000 0.391787 0.188995
v 0.100000 0.391787 0.182383
v 0.100000 -0.390728 -0.188995
v 0.100000 -0.350538 -0.154206
v 0.100000 0.335410 0.391787
v 0.100000 0.391787 0.335410
v 0.100000 0.391787 -0.335410
v 0.100000 0.335410 -0.391787
v 0.100000 -0.335410 -0.391787
v 0.100000 -0.390769 -0.336428
v 0.100000 -0.390769 0.336428
v 0.100000 -0.335410 0.391787
v 0.093499 -0.334033 0.161748
v 0.093499 0.376284 0.182383
v 0.093499 0.376284 0.188995
v 0.093499 -0.375227 0.196081
v 0.093499 -0.375227 -0.196081
v 0.093499 0.376284 -0.188995
v 0.093499 0.376284 -0.182383
v 0.093499 -0.334033 -0.161748
v 0.093499 0.328574 0.375283
v 0.093499 0.375283 0.328574
v 0.093499 0.375283 -0.328574
v 0.093499 0.328574 -0.375283
v 0.093499 -0.328574 -0.375283
v 0.093499 -0.374263 -0.329594
v 0.093499 -0.374263 0.329594
v 0.093499 -0.328574 0.375283
v 0.093499 0.375283 -0.182383
v 0.093499 0.375283 -0.188995
v 0.093499 -0.335035 0.161291
v 0.093499 -0.374226 0.196539
v 0.093499 0.375283 0.188995
v 0.093499 0.375283 0.182383
v 0.093499 -0.374226 -0.196539
v 0.093499 -0.335035 -0.161291
v 0.093499 0.328989 0.376284
v 0.093499 0.376284 0.328989
v 0.093499 0.376284 -0.328989
v 0.093499 0.328989 -0.376284
v 0.093499 -0.328989 -0.376284
v 0.093499 -0.375264 -0.330009
v 0.093499 -0.375264 0.330009
v 0.093499 -0.328989 0.376284
v 0.096468 -0.320913 0.167744
v 0.096468 0.375283 0.182383
v 0.096468 0.375283 0.188995
v 0.096468 -0.361108 0.202536
v 0.096468 -0.374226 -0.196539
v 0.096468 0.375283 -0.188995
v 0.096468 0.375283 -0.182383
v 0.096468 -0.334033 -0.161748
v 0.096468 0.323140 0.362163
v 0.096468 0.362163 0.323140
v 0.096468 0.362163 -0.323140
v 0.096468 0.323140 -0.362163
v 0.096468 -0.323140 -0.362163
v 0.096468 -0.361141 -0.324161
v 0.096468 -0.361141 0.324161
v 0.096468 -0.323140 0.362163
v 0.096468 0.362163 -0.182383
v 0.096468 0.362163 -0.188995
v 0.096468 -0.334033 0.161748
v 0.096468 -0.374226 0.196539
v 0.096468 0.362163 0.188995
v 0.096468 0.362163 0.182383
v 0.096468 -0.361108 -0.202536
v 0.096468 -0.320913 -0.167744
v 0.096468 0.328574 0.375283
v 0.096468 0.375283 0.328574
v 0.096468 0.375283 -0.328574
v 0.096468 0.328574 -0.375283
v 0.096468 -0.328574 -0.375283
v 0.096468 -0.374263 -0.329594
v 0.096468 -0.374263 0.329594
v 0.096468 -0.328574 0.375283
v 0.092031 -0.320913 0.167744
v 0.092031 0.362163 0.182383
v 0.092031 0.362163 0.188995
v 0.092031 -0.361108 0.202536
v 0.092031 -0.361108 -0.202536
v 0.092031 0.360607 -0.188995
v 0.092031 0.360607 -0.182383
v 0.092031 -0.320913 -0.167744
v 0.092031 0.322495 0.360607
v 0.092031 0.360607 0.322495
v 0.092031 0.360607 -0.322495
v 0.092031 0.322495 -0.360607
v 0.092031 -0.322495 -0.360607
v 0.092031 -0.359586 -0.323517
v 0.092031 -0.359586 0.323517
v 0.092031 -0.322495 0.360607
v 0.092031 0.362163 -0.182383
v 0.092031 0.362163 -0.188995
v 0.092031 -0.319358 0.168455
v 0.092031 -0.359553 0.203247
v 0.092031 0.360607 0.188995
v 0.092031 0.360607 0.182383
v 0.092031 -0.359553 -0.203247
v 0.092031 -0.319358 -0.168455
v 0.092031 0.323140 0.362163
v 0.092031 0.362163 0.323140
v 0.092031 0.362163 -0.323140
v 0.092031 0.323140 -0.362163
v 0.092031 -0.323140 -0.362163
v 0.092031 -0.361141 -0.324161
v 0.092031 -0.361141 0.324161
v 0.092031 -0.323140 0.362163
v 0.099930 -0.319358 0.168455
v 0.099930 0.360607 0.182383
v 0.099930 0.360607 0.188995
v 0.099930 -0.359553 0.203247
v 0.099930 -0.359553 -0.203247
v 0.099930 0.360607 -0.188995
v 0.099930 0.360607 -0.182383
v 0.099930 -0.319358 -0.168455
v 0.099930 0.322495 0.360607
v 0.099930 0.360607 0.322495
v 0.099930 0.360607 -0.322495
v 0.099930 0.322495 -0.360607
v 0.099930 -0.322495 -0.360607
v 0.099930 -0.359586 -0.323517
v 0.099930 -0.359586 0.323517
v 0.099930 -0.322495 0.360607
v 0.099930 -0.319358 0.168455
v 0.099930 0.360607 0.182383
v 0.099930 0.360607 0.188995
v 0.099930 -0.359553 0.203247
v 0.099930 -0.359553 -0.203247
v 0.099930 0.360607 -0.188995
v 0.099930 0.360607 -0.182383
v 0.099930 -0.319358 -0.168455
v 0.099930 0.322495 0.360607
v 0.099930 0.360607 0.322495
v 0.099930 0.360607 -0.322495
v 0.099930 0.322495 -0.360607
v 0.099930 -0.322495 -0.360607
v 0.099930 -0.359586 -0.323517
v 0.099930 -0.359586 0.323517
v 0.099930 -0.322495 0.360607
v 0.099930 0.344350 -0.182383
v 0.099930 0.344350 -0.188995
v 0.099930 -0.303101 0.175884
v 0.099930 -0.343297 0.210678
v 0.099930 0.344350 0.188995
v 0.099930 0.344350 0.182383
v 0.099930 -0.343297 -0.210678
v 0.099930 -0.303101 -0.175884
v 0.099930 0.315761 0.344350
v 0.099930 0.344350 0.315761
v 0.099930 0.344350 -0.315761
v 0.099930 0.315761 -0.344350
v 0.099930 -0.315761 -0.344350
v 0.099930 -0.343327 -0.316785
v 0.099930 -0.343327 0.316785
v 0.099930 -0.315761 0.344350
v 0.190505 0.344350 -0.182383
v 0.173779 -0.257407 -0.196766
v 0.190505 -0.343297 -0.210678
v 0.190505 0.344350 -0.188995
v 0.190505 0.344350 0.188995
v 0.190505 -0.343297 0.210678
v 0.173779 -0.257407 0.196766
v 0.190505 0.344350 0.182383
v 0.190505 0.296834 0.298657
v 0.190505 0.298657 0.296834
v 0.190505 0.298657 -0.296834
v 0.190505 0.296834 -0.298657
v 0.190505 -0.296834 -0.298657
v 0.190505 -0.297628 -0.297863
v 0.190505 -0.297628 0.297863
v 0.190505 -0.296834 0.298657
v 0.190505 0.298657 -0.182383
v 0.190505 0.298657 -0.188995
v 0.173779 -0.303101 0.175884
v 0.190505 -0.297610 0.231565
v 0.190505 0.298657 0.188995
v 0.190505 0.298657 0.182383
v 0.190505 -0.297610 -0.231565
v 0.173779 -0.303101 -0.175884
v 0.190505 0.315761 0.344350
v 0.190505 0.344350 0.315761
v 0.190505 0.344350 -0.315761
v 0.190505 0.315761 -0.344350
v 0.190505 -0.315761 -0.344350
v 0.190505 -0.343327 -0.316785
v 0.190505 -0.343327 0.316785
v 0.190505 -0.315761 0.344350
v 0.171159 0.271502 -0.155921
v 0.171159 -0.098940 -0.168900
v 0.171159 -0.297610 -0.231565
v 0.171159 0.298657 -0.188995
v 0.171159 0.298657 0.188995
v 0.171159 -0.297610 0.231565
v 0.171159 -0.098940 0.168900
v 0.171159 0.271502 0.155921
v 0.171159 0.296834 0.298657
v 0.171159 0.298657 0.296834
v 0.171159 0.298657 -0.296834
v 0.171159 0.296834 -0.298657
v 0.171159 -0.296834 -0.298657
v 0.171159 -0.297628 -0.297863
v 0.171159 -0.297628 0.297863
v 0.171159 -0.296834 0.298657
v 0.171159 0.298657 -0.182383
v 0.171159 -0.257407 -0.196766
v 0.171159 -0.257407 0.196766
v 0.171159 0.298657 0.182383
v 0.185683 0.271502 -0.155921
v 0.198228 0.250939 -0.136067
v 0.198228 -0.078378 -0.147604
v 0.185683 -0.098940 -0.168900
v 0.185683 -0.098940 0.168900
v 0.198228 -0.078378 0.147604
v 0.198228 0.250939 0.136067
v 0.185683 0.271502 0.155921
v 0.198228 0.258956 -0.143808
v 0.198228 -0.086395 -0.155907
v 0.198228 -0.086395 0.155907
v 0.198228 0.258956 0.143808
v 0.193119 0.245881 -0.131183
v 0.193119 -0.073320 -0.142366
v 0.193119 -0.073320 0.142366
v 0.193119 0.245881 0.131183
v 0.193119 0.250939 -0.136067
v 0.193119 -0.078378 -0.147604
v 0.193119 -0.078378 0.147604
v 0.193119 0.250939 0.136067
v 0.196766 0.245881 -0.131183
v 0.196766 -0.073320 -0.142366
v 0.196766 -0.073320 0.142366
v 0.196766 0.245881 0.131183
v 0.099930 -0.100000 0.344350
v 0.099930 -0.100000 0.360607
v 0.190505 -0.100000 0.344350
v 0.190505 -0.100000 0.298657
v 0.171159 -0.100000 0.298657
v 0.099930 -0.100000 -0.344350
v 0.099930 -0.100000 -0.360607
v 0.190505 -0.100000 -0.344350
v 0.190505 -0.100000 -0.298657
v 0.171159 -0.100000 -0.298657
v 0.099930 -0.207881 0.344350
v 0.099930 -0.211248 0.360607
v 0.190505 -0.207881 0.344350
v 0.190505 -0.198417 0.298657
v 0.171159 -0.198417 0.298657
v 0.099930 -0.207881 -0.344350
v 0.099930 -0.211248 -0.360607
v 0.190505 -0.207881 -0.344350
v 0.190505 -0.198417 -0.298657
v 0.171159 -0.198417 -0.298657
v 0.099930 0.344350 0.160921
v 0.099930 0.344350 -0.160921
v 0.099930 -0.303101 -0.155187
v 0.099930 -0.303101 0.155187
v 0.099930 0.360607 0.160921
v 0.099930 0.360607 -0.160921
v 0.099930 -0.319358 -0.148631
v 0.099930 -0.319358 0.148631
v 0.190505 0.344350 0.160921
v 0.190505 0.344350 -0.160921
v 0.173779 -0.303101 -0.155187
v 0.173779 -0.303101 0.155187
v 0.190505 0.298657 0.160921
v 0.190505 0.298657 -0.160921
v 0.173779 -0.257407 -0.173611
v 0.173779 -0.257407 0.173611
v 0.171159 0.298657 0.160921
v 0.171159 0.298657 -0.160921
v 0.171159 -0.231254 -0.143087
v 0.171159 -0.231254 0.143087
v 0.171159 0.271502 0.137573
v 0.171159 0.271502 -0.137573
v 0.171159 -0.125093 -0.126616
v 0.171159 -0.125093 0.126616
v 0.198228 0.258956 0.126885
v 0.198228 0.258956 -0.126885
v 0.185683 0.271502 -0.137573
v 0.185683 0.271502 0.137573
v 0.198228 -0.086395 -0.137561
v 0.198228 -0.086395 0.137561
v 0.185683 -0.098940 0.149024
v 0.185683 -0.098940 -0.149024
v 0.198228 0.250939 0.120055
v 0.198228 0.250939 -0.120055
v 0.198228 -0.078378 -0.130234
v 0.198228 -0.078378 0.130234
v 0.193119 0.250939 0.120055
v 0.193119 0.250939 -0.120055
v 0.193119 -0.078378 -0.130234
v 0.193119 -0.078378 0.130234
v 0.193119 0.245881 0.115746
v 0.193119 0.245881 -0.115746
v 0.193119 -0.073320 -0.125613
v 0.193119 -0.073320 0.125613
v 0.196766 0.245881 0.115746
v 0.196766 0.245881 -0.115746
v 0.196766 -0.073320 -0.125613
v 0.196766 -0.073320 0.125613
v 0.099930 0.344350 0.074959
v 0.099930 0.344350 -0.074959
v 0.099930 -0.303101 -0.072288
v 0.099930 -0.303101 0.072288
v 0.099930 0.360607 0.074959
v 0.099930 0.360607 -0.074959
v 0.099930 -0.319358 -0.069235
v 0.099930 -0.319358 0.069235
v 0.190505 0.344350 0.074959
v 0.190505 0.344350 -0.074959
v 0.173779 -0.303101 -0.072288
v 0.173779 -0.303101 0.072288
v 0.190505 0.298657 0.074959
v 0.190505 0.298657 -0.074959
v 0.173779 -0.257407 -0.080871
v 0.173779 -0.257407 0.080871
v 0.171159 0.298657 0.074959
v 0.171159 0.298657 -0.074959
v 0.171159 -0.231254 -0.080871
v 0.171159 -0.231254 0.080871
v 0.171159 0.271502 0.064084
v 0.171159 0.271502 -0.064084
v 0.171159 -0.125093 -0.069418
v 0.171159 -0.125093 0.069418
v 0.198228 0.258956 0.059105
v 0.198228 0.258956 -0.059105
v 0.185683 0.271502 -0.064084
v 0.185683 0.271502 0.064084
v 0.198228 -0.086395 -0.064078
v 0.198228 -0.086395 0.064078
v 0.185683 -0.098940 0.069418
v 0.185683 -0.098940 -0.069418
v 0.198228 0.250939 0.055923
v 0.198228 0.250939 -0.055923
v 0.198228 -0.078378 -0.060665
v 0.198228 -0.078378 0.060665
v 0.193119 0.250939 0.055923
v 0.193119 0.250939 -0.055923
v 0.193119 -0.078378 -0.060665
v 0.193119 -0.078378 0.060665
v 0.193119 0.245881 0.053916
v 0.193119 0.245881 -0.053916
v 0.193119 -0.073320 -0.058512
v 0.193119 -0.073320 0.058512
v 0.196766 0.245881 0.053916
v 0.196766 0.245881 -0.053916
v 0.196766 -0.073320 -0.058512
v 0.196766 -0.073320 0.058512
v 0.099930 -0.207881 0.358928
v 0.099930 -0.100000 0.358928
v 0.200074 -0.207881 0.355348
v 0.200814 -0.100000 0.354658
v 0.205083 -0.198417 0.298657
v 0.205083 -0.100000 0.298657
v 0.205083 -0.100000 -0.298657
v 0.200814 -0.100000 -0.354658
v 0.099930 -0.100000 -0.358928
v 0.099930 -0.207881 -0.358928
v 0.200074 -0.207881 -0.355348
v 0.205083 -0.198417 -0.298657
v 0.099930 -0.317679 0.072288
v 0.099930 -0.317679 0.155187
v 0.183421 -0.314035 0.072288
v 0.185141 -0.312234 0.155187
v 0.188357 -0.257407 0.080871
v 0.188357 -0.257407 0.173611
v 0.188357 -0.257407 -0.173611
v 0.185141 -0.312234 -0.155187
v 0.099930 -0.317679 -0.155187
v 0.099930 -0.317679 -0.072288
v 0.183421 -0.314035 -0.072288
v 0.188357 -0.257407 -0.080871
v 0.008213 -0.338812 0.400000
v 0.008213 0.338812 0.400000
v 0.091787 0.338812 0.400000
v 0.091787 -0.338812 0.400000
v 0.008213 0.338812 -0.400000
v 0.008213 -0.338812 -0.400000
v 0.091787 -0.338812 -0.400000
v 0.091787 0.338812 -0.400000
v 0.039467 -0.307558 0.397615
v 0.039467 0.307558 0.397615
v 0.060532 0.307558 0.397615
v 0.060532 -0.307558 0.397615
v 0.039467 0.307558 -0.397615
v 0.039467 -0.307558 -0.397615
v 0.060532 -0.307558 -0.397615
v 0.060532 0.307558 -0.397615
v 0.025979 -0.321046 0.397615
v 0.025979 0.321046 0.397615
v 0.074020 0.321046 0.397615
v 0.074020 -0.321046 0.397615
v 0.025979 0.321046 -0.397615
v 0.025979 -0.321046 -0.397615
v 0.074020 -0.321046 -0.397615
v 0.074020 0.321046 -0.397615
v 0.039467 -0.307558 0.397615
v 0.039467 0.307558 0.397615
v 0.060532 0.307558 0.397615
v 0.060532 -0.307558 0.397615
v 0.039467 0.307558 -0.397615
v 0.039467 -0.307558 -0.397615
v 0.060532 -0.307558 -0.397615
v 0.060532 0.307558 -0.397615
v 0.171159 -0.257407 0.080871
v 0.171159 -0.257407 0.173611
v 0.171159 -0.098940 0.069418
v 0.171159 -0.098940 0.149024
v 0.171159 -0.098940 -0.149024
v 0.171159 -0.257407 -0.173611
v 0.171159 -0.257407 -0.080871
v 0.171159 -0.098940 -0.069418
v 0.166442 -0.142152 -0.069418
v 0.166442 -0.231254 -0.080871
v 0.166442 -0.125093 0.069418
v 0.166442 -0.231254 0.080871
v 0.166442 -0.214196 0.123178
v 0.166442 -0.142152 0.112000
v 0.166442 -0.142152 -0.112000
v 0.166442 -0.214196 -0.123178
v 0.166442 -0.214196 0.080871
v 0.166442 -0.231254 0.143087
v 0.166442 -0.142152 0.069418
v 0.166442 -0.125093 0.126616
v 0.166442 -0.125093 -0.126616
v 0.166442 -0.231254 -0.143087
v 0.166442 -0.214196 -0.080871
v 0.166442 -0.125093 -0.069418
v 0.162981 -0.142152 -0.069418
v 0.162981 -0.214196 -0.080871
v 0.162981 -0.142152 0.069418
v 0.162981 -0.214196 0.080871
v 0.162981 -0.214196 0.123178
v 0.162981 -0.142152 0.112000
v 0.162981 -0.142152 -0.112000
v 0.162981 -0.214196 -0.123178
v 0.129425 -0.325331 0.093179
v 0.120014 -0.325086 0.102058
v 0.116304 -0.324743 0.114451
v 0.119291 -0.324394 0.127038
v 0.128173 -0.324134 0.136446
v 0.140571 -0.324031 0.140154
v 0.153162 -0.324114 0.137169
v 0.162574 -0.324360 0.128290
v 0.166283 -0.324703 0.115897
v 0.163297 -0.325051 0.103310
v 0.154415 -0.325311 0.093902
v 0.142017 -0.325414 0.090194
v 0.052703 -0.555048 0.092026
v 0.052737 -0.545897 0.101176
v 0.052749 -0.542548 0.113676
v 0.052737 -0.545897 0.126176
v 0.052703 -0.555048 0.135327
v 0.052657 -0.567548 0.138676
v 0.052611 -0.580047 0.135327
v 0.052577 -0.589198 0.126176
v 0.052565 -0.592547 0.113676
v 0.052577 -0.589198 0.101176
v 0.052611 -0.580048 0.092026
v 0.052657 -0.567548 0.088676
v 0.052703 -0.555048 0.092026
v 0.052737 -0.545897 0.101176
v 0.052749 -0.542548 0.113676
v 0.052737 -0.545897 0.126176
v 0.052703 -0.555048 0.135327
v 0.052657 -0.567548 0.138676
v 0.052611 -0.580047 0.135327
v 0.052577 -0.589198 0.126176
v 0.052565 -0.592547 0.113676
v 0.052577 -0.589198 0.101176
v 0.052611 -0.580048 0.092026
v 0.052657 -0.567548 0.088676
v 0.076315 -0.553200 0.092119
v 0.074547 -0.544215 0.101262
v 0.073822 -0.540933 0.113759
v 0.074335 -0.544234 0.126261
v 0.075949 -0.553234 0.135419
v 0.078231 -0.565521 0.138778
v 0.080570 -0.577803 0.135439
v 0.082339 -0.586789 0.126296
v 0.083063 -0.590071 0.113799
v 0.082550 -0.586770 0.101297
v 0.080936 -0.577770 0.092139
v 0.078654 -0.565482 0.088780
v 0.094128 -0.547878 0.092357
v 0.090159 -0.539592 0.101470
v 0.088549 -0.536591 0.113955
v 0.089729 -0.539681 0.126466
v 0.093383 -0.548032 0.135651
v 0.098531 -0.559409 0.139049
v 0.103794 -0.570761 0.135750
v 0.107763 -0.579048 0.126636
v 0.109373 -0.582048 0.114152
v 0.108193 -0.578959 0.101640
v 0.104539 -0.570607 0.092455
v 0.099391 -0.559231 0.089057
v 0.107122 -0.539634 0.092683
v 0.100900 -0.532799 0.101741
v 0.098400 -0.530372 0.114204
v 0.100291 -0.533004 0.126733
v 0.106067 -0.539988 0.135970
v 0.114179 -0.549454 0.139441
v 0.122455 -0.558866 0.136215
v 0.128677 -0.565700 0.127157
v 0.131177 -0.568127 0.114694
v 0.129286 -0.565496 0.102165
v 0.123510 -0.558511 0.092928
v 0.115398 -0.549045 0.089457
v 0.116639 -0.528449 0.093066
v 0.108712 -0.523574 0.102059
v 0.105552 -0.521906 0.114496
v 0.108005 -0.523891 0.127047
v 0.115415 -0.528998 0.136346
v 0.125795 -0.535858 0.139904
v 0.136365 -0.542633 0.136766
v 0.144292 -0.547508 0.127774
v 0.147452 -0.549176 0.115336
v 0.144999 -0.547191 0.102786
v 0.137589 -0.542084 0.093486
v 0.127209 -0.535224 0.089928
v 0.123572 -0.513841 0.093484
v 0.114709 -0.510843 0.102424
v 0.111196 -0.509881 0.114841
v 0.113975 -0.511213 0.127410
v 0.122302 -0.514482 0.136762
v 0.133944 -0.518812 0.140390
v 0.145783 -0.523043 0.137324
v 0.154647 -0.526042 0.128384
v 0.158159 -0.527004 0.115966
v 0.155380 -0.525672 0.103398
v 0.147054 -0.522402 0.094046
v 0.135411 -0.518072 0.090417
v 0.128246 -0.495571 0.093898
v 0.118992 -0.493994 0.102806
v 0.115339 -0.493544 0.115212
v 0.118265 -0.494343 0.127793
v 0.126986 -0.496175 0.137177
v 0.139165 -0.498551 0.140849
v 0.151540 -0.500833 0.137826
v 0.160793 -0.502410 0.128918
v 0.164446 -0.502859 0.116512
v 0.161521 -0.502061 0.103931
v 0.152800 -0.500228 0.094548
v 0.140620 -0.497853 0.090875
v 0.130890 -0.473826 0.094254
v 0.121510 -0.473183 0.103147
v 0.117815 -0.473045 0.115548
v 0.120794 -0.473450 0.128135
v 0.129649 -0.474288 0.137535
v 0.142007 -0.475336 0.141229
v 0.154557 -0.476312 0.138227
v 0.163936 -0.476955 0.129334
v 0.167632 -0.477093 0.116933
v 0.164653 -0.476688 0.104346
v 0.155798 -0.475850 0.094946
v 0.143440 -0.474802 0.091252
v 0.131868 -0.448968 0.094493
v 0.122462 -0.448870 0.103381
v 0.118760 -0.448885 0.115781
v 0.121752 -0.449009 0.128371
v 0.130638 -0.449209 0.137776
v 0.143036 -0.449432 0.141478
v 0.155625 -0.449617 0.138484
v 0.165030 -0.449715 0.129597
v 0.168733 -0.449700 0.117197
v 0.165741 -0.449576 0.104607
v 0.156855 -0.449376 0.095201
v 0.144457 -0.449153 0.091499
v 0.131660 -0.421366 0.094560
v 0.122255 -0.421521 0.103447
v 0.118552 -0.421569 0.115847
v 0.121545 -0.421497 0.128437
v 0.130430 -0.421324 0.137844
v 0.142828 -0.421097 0.141547
v 0.155416 -0.420875 0.138553
v 0.164821 -0.420720 0.129666
v 0.168524 -0.420672 0.117266
v 0.165532 -0.420744 0.104676
v 0.156646 -0.420917 0.095270
v 0.144249 -0.421145 0.091567
v 0.130805 -0.391355 0.094399
v 0.121400 -0.391541 0.103286
v 0.117696 -0.391529 0.115685
v 0.120685 -0.391323 0.128275
v 0.129567 -0.390977 0.137681
v 0.141961 -0.390584 0.141383
v 0.154546 -0.390250 0.138389
v 0.163951 -0.390064 0.129502
v 0.167655 -0.390076 0.117102
v 0.164666 -0.390282 0.104513
v 0.155784 -0.390628 0.095107
v 0.143391 -0.391021 0.091405
v 0.129867 -0.359241 0.093956
v 0.120459 -0.359276 0.102841
v 0.116751 -0.359127 0.115239
v 0.119738 -0.358834 0.127827
v 0.128619 -0.358474 0.137232
v 0.141015 -0.358144 0.140935
v 0.153603 -0.357933 0.137943
v 0.163012 -0.357897 0.129058
v 0.166719 -0.358046 0.116661
v 0.163732 -0.358340 0.104072
v 0.154851 -0.358700 0.094667
v 0.142456 -0.359030 0.090964
v 0.129425 -0.325331 0.093179
v 0.120014 -0.325086 0.102058
v 0.116304 -0.324743 0.114451
v 0.119291 -0.324394 0.127038
v 0.128173 -0.324134 0.136446
v 0.140571 -0.324031 0.140154
v 0.153162 -0.324114 0.137169
v 0.162574 -0.324360 0.128290
v 0.166283 -0.324703 0.115897
v 0.163297 -0.325051 0.103310
v 0.154415 -0.325311 0.093902
v 0.142017 -0.325414 0.090194
v 0.129425 -0.325331 -0.093179
v 0.120014 -0.325086 -0.102058
v 0.116304 -0.324743 -0.114451
v 0.119291 -0.324394 -0.127038
v 0.128173 -0.324134 -0.136446
v 0.140571 -0.324031 -0.140154
v 0.153162 -0.324114 -0.137169
v 0.162574 -0.324360 -0.128290
v 0.166283 -0.324703 -0.115897
v 0.163297 -0.325051 -0.103310
v 0.154415 -0.325311 -0.093902
v 0.142017 -0.325414 -0.090194
v 0.052703 -0.555048 -0.092026
v 0.052737 -0.545897 -0.101176
v 0.052749 -0.542548 -0.113676
v 0.052737 -0.545897 -0.126176
v 0.052703 -0.555048 -0.135327
v 0.052657 -0.567548 -0.138676
v 0.052611 -0.580047 -0.135327
v 0.052577 -0.589198 -0.126176
v 0.052565 -0.592547 -0.113676
v 0.052577 -0.589198 -0.101176
v 0.052611 -0.580048 -0.092026
v 0.052657 -0.567548 -0.088676
v 0.052703 -0.555048 -0.092026
v 0.052737 -0.545897 -0.101176
v 0.052749 -0.542548 -0.113676
v 0.052737 -0.545897 -0.126176
v 0.052703 -0.555048 -0.135327
v 0.052657 -0.567548 -0.138676
v 0.052611 -0.580047 -0.135327
v 0.052577 -0.589198 -0.126176
v 0.052565 -0.592547 -0.113676
v 0.052577 -0.589198 -0.101176
v 0.052611 -0.580048 -0.092026
v 0.052657 -0.567548 -0.088676
v 0.076315 -0.553200 -0.092119
v 0.074547 -0.544215 -0.101262
v 0.073822 -0.540933 -0.113759
v 0.074335 -0.544234 -0.126261
v 0.075949 -0.553234 -0.135419
v 0.078231 -0.565521 -0.138778
v 0.080570 -0.577803 -0.135439
v 0.082339 -0.586789 -0.126296
v 0.083063 -0.590071 -0.113799
v 0.082550 -0.586770 -0.101297
v 0.080936 -0.577770 -0.092139
v 0.078654 -0.565482 -0.088780
v 0.094128 -0.547878 -0.092357
v 0.090159 -0.539592 -0.101470
v 0.088549 -0.536591 -0.113955
v 0.089729 -0.539681 -0.126466
v 0.093383 -0.548032 -0.135651
v 0.098531 -0.559409 -0.139049
v 0.103794 -0.570761 -0.135750
v 0.107763 -0.579048 -0.126636
v 0.109373 -0.582048 -0.114152
v 0.108193 -0.578959 -0.101640
v 0.104539 -0.570607 -0.092455
v 0.099391 -0.559231 -0.089057
v 0.107122 -0.539634 -0.092683
v 0.100900 -0.532799 -0.101741
v 0.098400 -0.530372 -0.114204
v 0.100291 -0.533004 -0.126733
v 0.106067 -0.539988 -0.135970
v 0.114179 -0.549454 -0.139441
v 0.122455 -0.558866 -0.136215
v 0.128677 -0.565700 -0.127157
v 0.131177 -0.568127 -0.114694
v 0.129286 -0.565496 -0.102165
v 0.123510 -0.558511 -0.092928
v 0.115398 -0.549045 -0.089457
v 0.116639 -0.528449 -0.093066
v 0.108712 -0.523574 -0.102059
v 0.105552 -0.521906 -0.114496
v 0.108005 -0.523891 -0.127047
v 0.115415 -0.528998 -0.136346
v 0.125795 -0.535858 -0.139904
v 0.136365 -0.542633 -0.136766
v 0.144292 -0.547508 -0.127774
v 0.147452 -0.549176 -0.115336
v 0.144999 -0.547191 -0.102786
v 0.137589 -0.542084 -0.093486
v 0.127209 -0.535224 -0.089928
v 0.123572 -0.513841 -0.093484
v 0.114709 -0.510843 -0.102424
v 0.111196 -0.509881 -0.114841
v 0.113975 -0.511213 -0.127410
v 0.122302 -0.514482 -0.136762
v 0.133944 -0.518812 -0.140390
v 0.145783 -0.523043 -0.137324
v 0.154647 -0.526042 -0.128384
v 0.158159 -0.527004 -0.115966
v 0.155380 -0.525672 -0.103398
v 0.147054 -0.522402 -0.094046
v 0.135411 -0.518072 -0.090417
v 0.128246 -0.495571 -0.093898
v 0.118992 -0.493994 -0.102806
v 0.115339 -0.493544 -0.115212
v 0.118265 -0.494343 -0.127793
v 0.126986 -0.496175 -0.137177
v 0.139165 -0.498551 -0.140849
v 0.151540 -0.500833 -0.137826
v 0.160793 -0.502410 -0.128918
v 0.164446 -0.502859 -0.116512
v 0.161521 -0.502061 -0.103931
v 0.152800 -0.500228 -0.094548
v 0.140620 -0.497853 -0.090875
v 0.130890 -0.473826 -0.094254
v 0.121510 -0.473183 -0.103147
v 0.117815 -0.473045 -0.115548
v 0.120794 -0.473450 -0.128135
v 0.129649 -0.474288 -0.137535
v 0.142007 -0.475336 -0.141229
v 0.154557 -0.476312 -0.138227
v 0.163936 -0.476955 -0.129334
v 0.167632 -0.477093 -0.116933
v 0.164653 -0.476688 -0.104346
v 0.155798 -0.475850 -0.094946
v 0.143440 -0.474802 -0.091252
v 0.131868 -0.448968 -0.094493
v 0.122462 -0.448870 -0.103381
v 0.118760 -0.448885 -0.115781
v 0.121752 -0.449009 -0.128371
v 0.130638 -0.449209 -0.137776
v 0.143036 -0.449432 -0.141478
v 0.155625 -0.449617 -0.138484
v 0.165030 -0.449715 -0.129597
v 0.168733 -0.449700 -0.117197
v 0.165741 -0.449576 -0.104607
v 0.156855 -0.449376 -0.095201
v 0.144457 -0.449153 -0.091499
v 0.131660 -0.421366 -0.094560
v 0.122255 -0.421521 -0.103447
v 0.118552 -0.421569 -0.115847
v 0.121545 -0.421497 -0.128437
v 0.130430 -0.421324 -0.137844
v 0.142828 -0.421097 -0.141547
v 0.155416 -0.420875 -0.138553
v 0.164821 -0.420720 -0.129666
v 0.168524 -0.420672 -0.117266
v 0.165532 -0.420744 -0.104676
v 0.156646 -0.420917 -0.095270
v 0.144249 -0.421145 -0.091567
v 0.130805 -0.391355 -0.094399
v 0.121400 -0.391541 -0.103286
v 0.117696 -0.391529 -0.115685
v 0.120685 -0.391323 -0.128275
v 0.129567 -0.390977 -0.137681
v 0.141961 -0.390584 -0.141383
v 0.154546 -0.390250 -0.138389
v 0.163951 -0.390064 -0.129502
v 0.167655 -0.390076 -0.117102
v 0.164666 -0.390282 -0.104513
v 0.155784 -0.390628 -0.095107
v 0.143391 -0.391021 -0.091405
v 0.129867 -0.359241 -0.093956
v 0.120459 -0.359276 -0.102841
v 0.116751 -0.359127 -0.115239
v 0.119738 -0.358834 -0.127827
v 0.128619 -0.358474 -0.137232
v 0.141015 -0.358144 -0.140935
v 0.153603 -0.357933 -0.137943
v 0.163012 -0.357897 -0.129058
v 0.166719 -0.358046 -0.116661
v 0.163732 -0.358340 -0.104072
v 0.154851 -0.358700 -0.094667
v 0.142456 -0.359030 -0.090964
v 0.129425 -0.325331 -0.093179
v 0.120014 -0.325086 -0.102058
v 0.116304 -0.324743 -0.114451
v 0.119291 -0.324394 -0.127038
v 0.128173 -0.324134 -0.136446
v 0.140571 -0.324031 -0.140154
v 0.153162 -0.324114 -0.137169
v 0.162574 -0.324360 -0.128290
v 0.166283 -0.324703 -0.115897
v 0.163297 -0.325051 -0.103310
v 0.154415 -0.325311 -0.093902
v 0.142017 -0.325414 -0.090194
v 0.171727 -0.140402 0.368938
v 0.174869 -0.152956 0.368939
v 0.171313 -0.165399 0.368940
v 0.162012 -0.174397 0.368941
v 0.149459 -0.177539 0.368941
v 0.137016 -0.173983 0.368941
v 0.128018 -0.164683 0.368940
v 0.124876 -0.152129 0.368939
v 0.128431 -0.139686 0.368938
v 0.137732 -0.130688 0.368938
v 0.150286 -0.127546 0.368938
v 0.162729 -0.131102 0.368938
v 0.039361 -0.589140 0.194940
v 0.041843 -0.579947 0.186176
v 0.042751 -0.567432 0.183013
v 0.041843 -0.554948 0.186297
v 0.039361 -0.545839 0.195148
v 0.035970 -0.542548 0.207196
v 0.032580 -0.545955 0.219211
v 0.030098 -0.555148 0.227974
v 0.029190 -0.567663 0.231138
v 0.030098 -0.580148 0.227854
v 0.032580 -0.589256 0.219003
v 0.035970 -0.592547 0.206955
v 0.039361 -0.589140 0.194940
v 0.041843 -0.579947 0.186176
v 0.042751 -0.567432 0.183013
v 0.041843 -0.554948 0.186297
v 0.039361 -0.545839 0.195148
v 0.035970 -0.542548 0.207196
v 0.032580 -0.545955 0.219211
v 0.030098 -0.555148 0.227974
v 0.029190 -0.567663 0.231138
v 0.030098 -0.580148 0.227854
v 0.032580 -0.589256 0.219003
v 0.035970 -0.592547 0.206955
v 0.090077 -0.579170 0.219010
v 0.092314 -0.570023 0.210134
v 0.090370 -0.558038 0.205655
v 0.084766 -0.546428 0.206775
v 0.077004 -0.538302 0.213192
v 0.069163 -0.535838 0.223189
v 0.063345 -0.539697 0.234085
v 0.061108 -0.548844 0.242961
v 0.063052 -0.560829 0.247439
v 0.068656 -0.572440 0.246320
v 0.076418 -0.580566 0.239902
v 0.084259 -0.583029 0.229906
v 0.127158 -0.552831 0.254417
v 0.129148 -0.543847 0.245318
v 0.125483 -0.532999 0.239288
v 0.117145 -0.523194 0.237943
v 0.106368 -0.517059 0.241644
v 0.096040 -0.516239 0.249398
v 0.088928 -0.520952 0.259128
v 0.086938 -0.529936 0.268228
v 0.090604 -0.540784 0.274258
v 0.098942 -0.550588 0.275602
v 0.109719 -0.556723 0.271902
v 0.120046 -0.557544 0.264148
v 0.152670 -0.515340 0.295607
v 0.154463 -0.506626 0.286208
v 0.149992 -0.496890 0.278951
v 0.140455 -0.488738 0.275780
v 0.128407 -0.484355 0.277544
v 0.117077 -0.484916 0.283771
v 0.109500 -0.490270 0.292793
v 0.107707 -0.498983 0.302191
v 0.112178 -0.508720 0.309449
v 0.121715 -0.516872 0.312620
v 0.133763 -0.521255 0.310856
v 0.145093 -0.520694 0.304629
v 0.169561 -0.469993 0.339182
v 0.171207 -0.461653 0.329425
v 0.166355 -0.452887 0.321235
v 0.156305 -0.446042 0.316808
v 0.143749 -0.442953 0.317329
v 0.132051 -0.444448 0.322659
v 0.124347 -0.450126 0.331369
v 0.122701 -0.458466 0.341127
v 0.127553 -0.467233 0.349316
v 0.137604 -0.474077 0.353744
v 0.150160 -0.477166 0.353223
v 0.161857 -0.475671 0.347893
v 0.179818 -0.419393 0.382109
v 0.181355 -0.411572 0.371914
v 0.176303 -0.403743 0.362934
v 0.166017 -0.398002 0.357574
v 0.153254 -0.395889 0.357272
v 0.141432 -0.397970 0.362108
v 0.133720 -0.403686 0.370786
v 0.132184 -0.411507 0.380981
v 0.137235 -0.419337 0.389962
v 0.147521 -0.425077 0.395321
v 0.160284 -0.427190 0.395623
v 0.172106 -0.425110 0.390787
v 0.184886 -0.366103 0.421187
v 0.186345 -0.359053 0.410434
v 0.181186 -0.352292 0.400679
v 0.170792 -0.347632 0.394538
v 0.157948 -0.346320 0.393655
v 0.146095 -0.348709 0.398268
v 0.138410 -0.354158 0.407140
v 0.136951 -0.361208 0.417893
v 0.142110 -0.367969 0.427648
v 0.152504 -0.372629 0.433789
v 0.165348 -0.373941 0.434672
v 0.177200 -0.371552 0.430059
v 0.185994 -0.312663 0.453070
v 0.187423 -0.306877 0.441583
v 0.182230 -0.301583 0.430978
v 0.171806 -0.298200 0.424095
v 0.158945 -0.297636 0.422779
v 0.147092 -0.300040 0.427382
v 0.139423 -0.304770 0.436672
v 0.137994 -0.310557 0.448158
v 0.143187 -0.315850 0.458764
v 0.153610 -0.319233 0.465647
v 0.166472 -0.319797 0.466963
v 0.178325 -0.317393 0.462359
v 0.184267 -0.261427 0.474253
v 0.185771 -0.257959 0.461877
v 0.180657 -0.255087 0.450341
v 0.170293 -0.253581 0.442738
v 0.157459 -0.253843 0.441105
v 0.145591 -0.255804 0.445879
v 0.137871 -0.258938 0.455780
v 0.136367 -0.262406 0.468157
v 0.141482 -0.265278 0.479692
v 0.151845 -0.266784 0.487295
v 0.164679 -0.266522 0.488929
v 0.176547 -0.264561 0.484155
v 0.180734 -0.214419 0.480654
v 0.182569 -0.215455 0.467886
v 0.177780 -0.217015 0.455965
v 0.167651 -0.218682 0.448086
v 0.154894 -0.220009 0.446360
v 0.142929 -0.220641 0.451250
v 0.134961 -0.220407 0.461444
v 0.133126 -0.219372 0.474212
v 0.137915 -0.217811 0.486133
v 0.148045 -0.216144 0.494012
v 0.160801 -0.214817 0.495738
v 0.172766 -0.214186 0.490849
v 0.176498 -0.174955 0.466939
v 0.178998 -0.182440 0.456682
v 0.174843 -0.190154 0.447159
v 0.165147 -0.196030 0.440919
v 0.152508 -0.198493 0.439635
v 0.140312 -0.196883 0.443652
v 0.131827 -0.191632 0.451892
v 0.129327 -0.184147 0.462148
v 0.133481 -0.176433 0.471672
v 0.143177 -0.170558 0.477912
v 0.155817 -0.168095 0.479195
v 0.168013 -0.169704 0.475179
v 0.173071 -0.149189 0.429867
v 0.176091 -0.160859 0.425162
v 0.172423 -0.172490 0.420832
v 0.163050 -0.180963 0.418037
v 0.150483 -0.184010 0.417527
v 0.138090 -0.180813 0.419439
v 0.129191 -0.172229 0.423259
v 0.126171 -0.160558 0.427964
v 0.129839 -0.148927 0.432294
v 0.139212 -0.140454 0.435088
v 0.151779 -0.137407 0.435598
v 0.164172 -0.140605 0.433687
v 0.171727 -0.140402 0.368938
v 0.174869 -0.152956 0.368939
v 0.171313 -0.165399 0.368940
v 0.162012 -0.174397 0.368941
v 0.149459 -0.177539 0.368941
v 0.137016 -0.173983 0.368941
v 0.128018 -0.164683 0.368940
v 0.124876 -0.152129 0.368939
v 0.128431 -0.139686 0.368938
v 0.137732 -0.130688 0.368938
v 0.150286 -0.127546 0.368938
v 0.162729 -0.131102 0.368938
v 0.171727 -0.140402 -0.368938
v 0.174869 -0.152956 -0.368939
v 0.171313 -0.165399 -0.368940
v 0.162012 -0.174397 -0.368941
v 0.149459 -0.177539 -0.368941
v 0.137016 -0.173983 -0.368941
v 0.128018 -0.164683 -0.368940
v 0.124876 -0.152129 -0.368939
v 0.128431 -0.139686 -0.368938
v 0.137732 -0.130688 -0.368938
v 0.150286 -0.127546 -0.368938
v 0.162729 -0.131102 -0.368938
v 0.039361 -0.589140 -0.194940
v 0.041843 -0.579947 -0.186176
v 0.042751 -0.567432 -0.183013
v 0.041843 -0.554948 -0.186297
v 0.039361 -0.545839 -0.195148
v 0.035970 -0.542548 -0.207196
v 0.032580 -0.545955 -0.219211
v 0.030098 -0.555148 -0.227974
v 0.029190 -0.567663 -0.231138
v 0.030098 -0.580148 -0.227854
v 0.032580 -0.589256 -0.219003
v 0.035970 -0.592547 -0.206955
v 0.039361 -0.589140 -0.194940
v 0.041843 -0.579947 -0.186176
v 0.042751 -0.567432 -0.183013
v 0.041843 -0.554948 -0.186297
v 0.039361 -0.545839 -0.195148
v 0.035970 -0.542548 -0.207196
v 0.032580 -0.545955 -0.219211
v 0.030098 -0.555148 -0.227974
v 0.029190 -0.567663 -0.231138
v 0.030098 -0.580148 -0.227854
v 0.032580 -0.589256 -0.219003
v 0.035970 -0.592547 -0.206955
v 0.090077 -0.579170 -0.219010
v 0.092314 -0.570023 -0.210134
v 0.090370 -0.558038 -0.205655
v 0.084766 -0.546428 -0.206775
v 0.077004 -0.538302 -0.213192
v 0.069163 -0.535838 -0.223189
v 0.063345 -0.539697 -0.234085
v 0.061108 -0.548844 -0.242961
v 0.063052 -0.560829 -0.247439
v 0.068656 -0.572440 -0.246320
v 0.076418 -0.580566 -0.239902
v 0.084259 -0.583029 -0.229906
v 0.127158 -0.552831 -0.254417
v 0.129148 -0.543847 -0.245318
v 0.125483 -0.532999 -0.239288
v 0.117145 -0.523194 -0.237943
v 0.106368 -0.517059 -0.241644
v 0.096040 -0.516239 -0.249398
v 0.088928 -0.520952 -0.259128
v 0.086938 -0.529936 -0.268228
v 0.090604 -0.540784 -0.274258
v 0.098942 -0.550588 -0.275602
v 0.109719 -0.556723 -0.271902
v 0.120046 -0.557544 -0.264148
v 0.152670 -0.515340 -0.295607
v 0.154463 -0.506626 -0.286208
v 0.149992 -0.496890 -0.278951
v 0.140455 -0.488738 -0.275780
v 0.128407 -0.484355 -0.277544
v 0.117077 -0.484916 -0.283771
v 0.109500 -0.490270 -0.292793
v 0.107707 -0.498983 -0.302191
v 0.112178 -0.508720 -0.309449
v 0.121715 -0.516872 -0.312620
v 0.133763 -0.521255 -0.310856
v 0.145093 -0.520694 -0.304629
v 0.169561 -0.469993 -0.339182
v 0.171207 -0.461653 -0.329425
v 0.166355 -0.452887 -0.321235
v 0.156305 -0.446042 -0.316808
v 0.143749 -0.442953 -0.317329
v 0.132051 -0.444448 -0.322659
v 0.124347 -0.450126 -0.331369
v 0.122701 -0.458466 -0.341127
v 0.127553 -0.467233 -0.349316
v 0.137604 -0.474077 -0.353744
v 0.150160 -0.477166 -0.353223
v 0.161857 -0.475671 -0.347893
v 0.179818 -0.419393 -0.382109
v 0.181355 -0.411572 -0.371914
v 0.176303 -0.403743 -0.362934
v 0.166017 -0.398002 -0.357574
v 0.153254 -0.395889 -0.357272
v 0.141432 -0.397970 -0.362108
v 0.133720 -0.403686 -0.370786
v 0.132184 -0.411507 -0.380981
v 0.137235 -0.419337 -0.389962
v 0.147521 -0.425077 -0.395321
v 0.160284 -0.427190 -0.395623
v 0.172106 -0.425110 -0.390787
v 0.184886 -0.366103 -0.421187
v 0.186345 -0.359053 -0.410434
v 0.181186 -0.352292 -0.400679
v 0.170792 -0.347632 -0.394538
v 0.157948 -0.346320 -0.393655
v 0.146095 -0.348709 -0.398268
v 0.138410 -0.354158 -0.407140
v 0.136951 -0.361208 -0.417893
v 0.142110 -0.367969 -0.427648
v 0.152504 -0.372629 -0.433789
v 0.165348 -0.373941 -0.434672
v 0.177200 -0.371552 -0.430059
v 0.185994 -0.312663 -0.453070
v 0.187423 -0.306877 -0.441583
v 0.182230 -0.301583 -0.430978
v 0.171806 -0.298200 -0.424095
v 0.158945 -0.297636 -0.422779
v 0.147092 -0.300040 -0.427382
v 0.139423 -0.304770 -0.436672
v 0.137994 -0.310557 -0.448158
v 0.143187 -0.315850 -0.458764
v 0.153610 -0.319233 -0.465647
v 0.166472 -0.319797 -0.466963
v 0.178325 -0.317393 -0.462359
v 0.184267 -0.261427 -0.474253
v 0.185771 -0.257959 -0.461877
v 0.180657 -0.255087 -0.450341
v 0.170293 -0.253581 -0.442738
v 0.157459 -0.253843 -0.441105
v 0.145591 -0.255804 -0.445879
v 0.137871 -0.258938 -0.455780
v 0.136367 -0.262406 -0.468157
v 0.141482 -0.265278 -0.479692
v 0.151845 -0.266784 -0.487295
v 0.164679 -0.266522 -0.488929
v 0.176547 -0.264561 -0.484155
v 0.180734 -0.214419 -0.480654
v 0.182569 -0.215455 -0.467886
v 0.177780 -0.217015 -0.455965
v 0.167651 -0.218682 -0.448086
v 0.154894 -0.220009 -0.446360
v 0.142929 -0.220641 -0.451250
v 0.134961 -0.220407 -0.461444
v 0.133126 -0.219372 -0.474212
v 0.137915 -0.217811 -0.486133
v 0.148045 -0.216144 -0.494012
v 0.160801 -0.214817 -0.495738
v 0.172766 -0.214186 -0.490849
v 0.176498 -0.174955 -0.466939
v 0.178998 -0.182440 -0.456682
v 0.174843 -0.190154 -0.447159
v 0.165147 -0.196030 -0.440919
v 0.152508 -0.198493 -0.439635
v 0.140312 -0.196883 -0.443652
v 0.131827 -0.191632 -0.451892
v 0.129327 -0.184147 -0.462148
v 0.133481 -0.176433 -0.471672
v 0.143177 -0.170558 -0.477912
v 0.155817 -0.168095 -0.479195
v 0.168013 -0.169704 -0.475179
v 0.173071 -0.149189 -0.429867
v 0.176091 -0.160859 -0.425162
v 0.172423 -0.172490 -0.420832
v 0.163050 -0.180963 -0.418037
v 0.150483 -0.184010 -0.417527
v 0.138090 -0.180813 -0.419439
v 0.129191 -0.172229 -0.423259
v 0.126171 -0.160558 -0.427964
v 0.129839 -0.148927 -0.432294
v 0.139212 -0.140454 -0.435088
v 0.151779 -0.137407 -0.435598
v 0.164172 -0.140605 -0.433687
v 0.171727 -0.140402 -0.368938
v 0.174869 -0.152956 -0.368939
v 0.171313 -0.165399 -0.368940
v 0.162012 -0.174397 -0.368941
v 0.149459 -0.177539 -0.368941
v 0.137016 -0.173983 -0.368941
v 0.128018 -0.164683 -0.368940
v 0.124876 -0.152129 -0.368939
v 0.128431 -0.139686 -0.368938
v 0.137732 -0.130688 -0.368938
v 0.150286 -0.127546 -0.368938
v 0.162729 -0.131102 -0.368938
v 0.034348 -0.566655 0.166742
v 0.034057 -0.573567 0.167357
v 0.033195 -0.580214 0.169180
v 0.031795 -0.586339 0.172140
v 0.029911 -0.591708 0.176123
v 0.027615 -0.596114 0.180976
v 0.024996 -0.599388 0.186513
v 0.022154 -0.601404 0.192521
v 0.019199 -0.602085 0.198769
v 0.016243 -0.601404 0.205017
v 0.013401 -0.599388 0.211025
v 0.010782 -0.596114 0.216562
v 0.008486 -0.591708 0.221416
v 0.006602 -0.586339 0.225399
v 0.005202 -0.580214 0.228358
v 0.004340 -0.573567 0.230181
v 0.004049 -0.566655 0.230796
v 0.004340 -0.559743 0.230181
v 0.005202 -0.553097 0.228358
v 0.006602 -0.546972 0.225399
v 0.008486 -0.541603 0.221416
v 0.010782 -0.537197 0.216562
v 0.013401 -0.533923 0.211025
v 0.016243 -0.531907 0.205017
v 0.019199 -0.531226 0.198769
v 0.022154 -0.531907 0.192521
v 0.024996 -0.533923 0.186513
v 0.027615 -0.537197 0.180976
v 0.029911 -0.541603 0.176123
v 0.031795 -0.546972 0.172140
v 0.033195 -0.553097 0.169180
v 0.034057 -0.559743 0.167357
v 0.053007 -0.566655 0.185757
v 0.054686 -0.566655 0.176363
v 0.052792 -0.571770 0.186212
v 0.054395 -0.573567 0.176978
v 0.052154 -0.576689 0.187561
v 0.053533 -0.580214 0.178800
v 0.051118 -0.581222 0.189751
v 0.052133 -0.586339 0.181760
v 0.049723 -0.585195 0.192699
v 0.050249 -0.591708 0.185743
v 0.048024 -0.588456 0.196290
v 0.047953 -0.596114 0.190596
v 0.046086 -0.590879 0.200388
v 0.045334 -0.599388 0.196133
v 0.043983 -0.592371 0.204834
v 0.042492 -0.601404 0.202141
v 0.041796 -0.592875 0.209458
v 0.039537 -0.602085 0.208390
v 0.039608 -0.592371 0.214082
v 0.036581 -0.601404 0.214638
v 0.037505 -0.590879 0.218528
v 0.033739 -0.599388 0.220646
v 0.035567 -0.588456 0.222626
v 0.031120 -0.596114 0.226183
v 0.033868 -0.585195 0.226218
v 0.028824 -0.591708 0.231036
v 0.032474 -0.581222 0.229165
v 0.026940 -0.586339 0.235019
v 0.031438 -0.576689 0.231355
v 0.025540 -0.580214 0.237979
v 0.030799 -0.571770 0.232704
v 0.024678 -0.573567 0.239801
v 0.030584 -0.566655 0.233159
v 0.024387 -0.566655 0.240417
v 0.030799 -0.561540 0.232704
v 0.024678 -0.559743 0.239801
v 0.031438 -0.556622 0.231355
v 0.025540 -0.553097 0.237979
v 0.032474 -0.552089 0.229165
v 0.026940 -0.546972 0.235019
v 0.033868 -0.548116 0.226218
v 0.028824 -0.541603 0.231036
v 0.035567 -0.544855 0.222626
v 0.031120 -0.537197 0.226183
v 0.037505 -0.542432 0.218528
v 0.033739 -0.533923 0.220646
v 0.039608 -0.540940 0.214082
v 0.036581 -0.531907 0.214638
v 0.041796 -0.540436 0.209458
v 0.039537 -0.531226 0.208390
v 0.043983 -0.540940 0.204834
v 0.042492 -0.531907 0.202141
v 0.046086 -0.542432 0.200388
v 0.045334 -0.533923 0.196133
v 0.048024 -0.544855 0.196290
v 0.047953 -0.537197 0.190596
v 0.049723 -0.548116 0.192699
v 0.050249 -0.541603 0.185743
v 0.051118 -0.552089 0.189751
v 0.052133 -0.546972 0.181760
v 0.052154 -0.556622 0.187561
v 0.053533 -0.553097 0.178800
v 0.052792 -0.561540 0.186212
v 0.054395 -0.559743 0.176978
v 0.055067 -0.566655 0.181402
v 0.054812 -0.572710 0.181941
v 0.054057 -0.578533 0.183537
v 0.052830 -0.583899 0.186130
v 0.051180 -0.588602 0.189619
v 0.049169 -0.592462 0.193871
v 0.046874 -0.595330 0.198721
v 0.044385 -0.597096 0.203985
v 0.041796 -0.597692 0.209458
v 0.039206 -0.597096 0.214932
v 0.036717 -0.595330 0.220195
v 0.034422 -0.592462 0.225045
v 0.032411 -0.588602 0.229297
v 0.030761 -0.583899 0.232786
v 0.029534 -0.578533 0.235379
v 0.028779 -0.572710 0.236975
v 0.028524 -0.566655 0.237515
v 0.028779 -0.560600 0.236975
v 0.029534 -0.554778 0.235379
v 0.030761 -0.549412 0.232786
v 0.032411 -0.544709 0.229297
v 0.034422 -0.540849 0.225045
v 0.036717 -0.537981 0.220195
v 0.039206 -0.536215 0.214932
v 0.041796 -0.535618 0.209458
v 0.044385 -0.536215 0.203985
v 0.046874 -0.537981 0.198721
v 0.049169 -0.540849 0.193871
v 0.051180 -0.544709 0.189619
v 0.052830 -0.549412 0.186130
v 0.054057 -0.554778 0.183537
v 0.054812 -0.560600 0.181941
v 0.046737 -0.566655 0.182791
v 0.046521 -0.571771 0.183246
v 0.045883 -0.576689 0.184595
v 0.044847 -0.581222 0.186785
v 0.043453 -0.585195 0.189733
v 0.041754 -0.588456 0.193324
v 0.039816 -0.590879 0.197422
v 0.037712 -0.592371 0.201868
v 0.035525 -0.592875 0.206492
v 0.033338 -0.592371 0.211116
v 0.031235 -0.590879 0.215562
v 0.029296 -0.588456 0.219660
v 0.027597 -0.585195 0.223251
v 0.026203 -0.581222 0.226199
v 0.025167 -0.576689 0.228389
v 0.024529 -0.571771 0.229738
v 0.024314 -0.566655 0.230193
v 0.024529 -0.561540 0.229738
v 0.025167 -0.556622 0.228389
v 0.026203 -0.552089 0.226199
v 0.027597 -0.548116 0.223251
v 0.029296 -0.544855 0.219660
v 0.031235 -0.542432 0.215562
v 0.033338 -0.540940 0.211116
v 0.035525 -0.540436 0.206492
v 0.037712 -0.540940 0.201868
v 0.039816 -0.542432 0.197422
v 0.041754 -0.544855 0.193324
v 0.043453 -0.548116 0.189733
v 0.044847 -0.552089 0.186785
v 0.045883 -0.556622 0.184595
v 0.046521 -0.561540 0.183246
v 0.034348 -0.566655 -0.166742
v 0.034057 -0.573567 -0.167357
v 0.033195 -0.580214 -0.169180
v 0.031795 -0.586339 -0.172140
v 0.029911 -0.591708 -0.176123
v 0.027615 -0.596114 -0.180976
v 0.024996 -0.599388 -0.186513
v 0.022154 -0.601404 -0.192521
v 0.019199 -0.602085 -0.198769
v 0.016243 -0.601404 -0.205017
v 0.013401 -0.599388 -0.211025
v 0.010782 -0.596114 -0.216562
v 0.008486 -0.591708 -0.221416
v 0.006602 -0.586339 -0.225399
v 0.005202 -0.580214 -0.228358
v 0.004340 -0.573567 -0.230181
v 0.004049 -0.566655 -0.230796
v 0.004340 -0.559743 -0.230181
v 0.005202 -0.553097 -0.228358
v 0.006602 -0.546972 -0.225399
v 0.008486 -0.541603 -0.221416
v 0.010782 -0.537197 -0.216562
v 0.013401 -0.533923 -0.211025
v 0.016243 -0.531907 -0.205017
v 0.019199 -0.531226 -0.198769
v 0.022154 -0.531907 -0.192521
v 0.024996 -0.533923 -0.186513
v 0.027615 -0.537197 -0.180976
v 0.029911 -0.541603 -0.176123
v 0.031795 -0.546972 -0.172140
v 0.033195 -0.553097 -0.169180
v 0.034057 -0.559743 -0.167357
v 0.053007 -0.566655 -0.185757
v 0.054686 -0.566655 -0.176363
v 0.052792 -0.571770 -0.186212
v 0.054395 -0.573567 -0.176978
v 0.052154 -0.576689 -0.187561
v 0.053533 -0.580214 -0.178800
v 0.051118 -0.581222 -0.189751
v 0.052133 -0.586339 -0.181760
v 0.049723 -0.585195 -0.192699
v 0.050249 -0.591708 -0.185743
v 0.048024 -0.588456 -0.196290
v 0.047953 -0.596114 -0.190596
v 0.046086 -0.590879 -0.200388
v 0.045334 -0.599388 -0.196133
v 0.043983 -0.592371 -0.204834
v 0.042492 -0.601404 -0.202141
v 0.041796 -0.592875 -0.209458
v 0.039537 -0.602085 -0.208390
v 0.039608 -0.592371 -0.214082
v 0.036581 -0.601404 -0.214638
v 0.037505 -0.590879 -0.218528
v 0.033739 -0.599388 -0.220646
v 0.035567 -0.588456 -0.222626
v 0.031120 -0.596114 -0.226183
v 0.033868 -0.585195 -0.226218
v 0.028824 -0.591708 -0.231036
v 0.032474 -0.581222 -0.229165
v 0.026940 -0.586339 -0.235019
v 0.031438 -0.576689 -0.231355
v 0.025540 -0.580214 -0.237979
v 0.030799 -0.571770 -0.232704
v 0.024678 -0.573567 -0.239801
v 0.030584 -0.566655 -0.233159
v 0.024387 -0.566655 -0.240417
v 0.030799 -0.561540 -0.232704
v 0.024678 -0.559743 -0.239801
v 0.031438 -0.556622 -0.231355
v 0.025540 -0.553097 -0.237979
v 0.032474 -0.552089 -0.229165
v 0.026940 -0.546972 -0.235019
v 0.033868 -0.548116 -0.226218
v 0.028824 -0.541603 -0.231036
v 0.035567 -0.544855 -0.222626
v 0.031120 -0.537197 -0.226183
v 0.037505 -0.542432 -0.218528
v 0.033739 -0.533923 -0.220646
v 0.039608 -0.540940 -0.214082
v 0.036581 -0.531907 -0.214638
v 0.041796 -0.540436 -0.209458
v 0.039537 -0.531226 -0.208390
v 0.043983 -0.540940 -0.204834
v 0.042492 -0.531907 -0.202141
v 0.046086 -0.542432 -0.200388
v 0.045334 -0.533923 -0.196133
v 0.048024 -0.544855 -0.196290
v 0.047953 -0.537197 -0.190596
v 0.049723 -0.548116 -0.192699
v 0.050249 -0.541603 -0.185743
v 0.051118 -0.552089 -0.189751
v 0.052133 -0.546972 -0.181760
v 0.052154 -0.556622 -0.187561
v 0.053533 -0.553097 -0.178800
v 0.052792 -0.561540 -0.186212
v 0.054395 -0.559743 -0.176978
v 0.055067 -0.566655 -0.181402
v 0.054812 -0.572710 -0.181941
v 0.054057 -0.578533 -0.183537
v 0.052830 -0.583899 -0.186130
v 0.051180 -0.588602 -0.189619
v 0.049169 -0.592462 -0.193871
v 0.046874 -0.595330 -0.198721
v 0.044385 -0.597096 -0.203985
v 0.041796 -0.597692 -0.209458
v 0.039206 -0.597096 -0.214932
v 0.036717 -0.595330 -0.220195
v 0.034422 -0.592462 -0.225045
v 0.032411 -0.588602 -0.229297
v 0.030761 -0.583899 -0.232786
v 0.029534 -0.578533 -0.235379
v 0.028779 -0.572710 -0.236975
v 0.028524 -0.566655 -0.237515
v 0.028779 -0.560600 -0.236975
v 0.029534 -0.554778 -0.235379
v 0.030761 -0.549412 -0.232786
v 0.032411 -0.544709 -0.229297
v 0.034422 -0.540849 -0.225045
v 0.036717 -0.537981 -0.220195
v 0.039206 -0.536215 -0.214932
v 0.041796 -0.535618 -0.209458
v 0.044385 -0.536215 -0.203985
v 0.046874 -0.537981 -0.198721
v 0.049169 -0.540849 -0.193871
v 0.051180 -0.544709 -0.189619
v 0.052830 -0.549412 -0.186130
v 0.054057 -0.554778 -0.183537
v 0.054812 -0.560600 -0.181941
v 0.046737 -0.566655 -0.182791
v 0.046521 -0.571771 -0.183246
v 0.045883 -0.576689 -0.184595
v 0.044847 -0.581222 -0.186785
v 0.043453 -0.585195 -0.189733
v 0.041754 -0.588456 -0.193324
v 0.039816 -0.590879 -0.197422
v 0.037712 -0.592371 -0.201868
v 0.035525 -0.592875 -0.206492
v 0.033338 -0.592371 -0.211116
v 0.031235 -0.590879 -0.215562
v 0.029296 -0.588456 -0.219660
v 0.027597 -0.585195 -0.223251
v 0.026203 -0.581222 -0.226199
v 0.025167 -0.576689 -0.228389
v 0.024529 -0.571771 -0.229738
v 0.024314 -0.566655 -0.230193
v 0.024529 -0.561540 -0.229738
v 0.025167 -0.556622 -0.228389
v 0.026203 -0.552089 -0.226199
v 0.027597 -0.548116 -0.223251
v 0.029296 -0.544855 -0.219660
v 0.031235 -0.542432 -0.215562
v 0.033338 -0.540940 -0.211116
v 0.035525 -0.540436 -0.206492
v 0.037712 -0.540940 -0.201868
v 0.039816 -0.542432 -0.197422
v 0.041754 -0.544855 -0.193324
v 0.043453 -0.548116 -0.189733
v 0.044847 -0.552089 -0.186785
v 0.045883 -0.556622 -0.184595
v 0.046521 -0.561540 -0.183246
v 0.149838 -0.188418 0.349532
v 0.142926 -0.187737 0.349532
v 0.136280 -0.185721 0.349532
v 0.130154 -0.182447 0.349532
v 0.124785 -0.178041 0.349532
v 0.120379 -0.172672 0.349532
v 0.117105 -0.166547 0.349532
v 0.115089 -0.159901 0.349532
v 0.114408 -0.152989 0.349532
v 0.115089 -0.146077 0.349532
v 0.117105 -0.139430 0.349532
v 0.120379 -0.133305 0.349532
v 0.124785 -0.127936 0.349532
v 0.130154 -0.123530 0.349532
v 0.136280 -0.120256 0.349532
v 0.142926 -0.118240 0.349532
v 0.149838 -0.117559 0.349532
v 0.156750 -0.118240 0.349532
v 0.163396 -0.120256 0.349532
v 0.169521 -0.123530 0.349532
v 0.174890 -0.127936 0.349532
v 0.179296 -0.133305 0.349532
v 0.182570 -0.139430 0.349532
v 0.184586 -0.146077 0.349532
v 0.185267 -0.152989 0.349532
v 0.184586 -0.159901 0.349532
v 0.182570 -0.166547 0.349532
v 0.179296 -0.172672 0.349532
v 0.174890 -0.178041 0.349532
v 0.169521 -0.182447 0.349532
v 0.163396 -0.185721 0.349532
v 0.156750 -0.187737 0.349532
v 0.149838 -0.179208 0.374530
v 0.149838 -0.188418 0.372031
v 0.144723 -0.178704 0.374530
v 0.142926 -0.187737 0.372031
v 0.139804 -0.177212 0.374530
v 0.136280 -0.185721 0.372031
v 0.135271 -0.174789 0.374530
v 0.130154 -0.182447 0.372031
v 0.131298 -0.171529 0.374530
v 0.124785 -0.178041 0.372031
v 0.128037 -0.167555 0.374530
v 0.120379 -0.172672 0.372031
v 0.125614 -0.163022 0.374530
v 0.117105 -0.166547 0.372031
v 0.124122 -0.158104 0.374530
v 0.115089 -0.159901 0.372031
v 0.123618 -0.152989 0.374530
v 0.114408 -0.152989 0.372031
v 0.124122 -0.147874 0.374530
v 0.115089 -0.146077 0.372031
v 0.125614 -0.142955 0.374530
v 0.117105 -0.139430 0.372031
v 0.128037 -0.138422 0.374530
v 0.120379 -0.133305 0.372031
v 0.131298 -0.134449 0.374530
v 0.124785 -0.127936 0.372031
v 0.135271 -0.131188 0.374530
v 0.130154 -0.123530 0.372031
v 0.139804 -0.128765 0.374530
v 0.136280 -0.120256 0.372031
v 0.144723 -0.127273 0.374530
v 0.142926 -0.118240 0.372031
v 0.149838 -0.126769 0.374530
v 0.149838 -0.117559 0.372031
v 0.154953 -0.127273 0.374530
v 0.156750 -0.118240 0.372031
v 0.159871 -0.128765 0.374530
v 0.163396 -0.120256 0.372031
v 0.164404 -0.131188 0.374530
v 0.169521 -0.123530 0.372031
v 0.168378 -0.134449 0.374530
v 0.174890 -0.127936 0.372031
v 0.171638 -0.138422 0.374530
v 0.179296 -0.133305 0.372031
v 0.174061 -0.142955 0.374530
v 0.182570 -0.139430 0.372031
v 0.175553 -0.147874 0.374530
v 0.184586 -0.146077 0.372031
v 0.176057 -0.152989 0.374530
v 0.185267 -0.152989 0.372031
v 0.175553 -0.158104 0.374530
v 0.184586 -0.159901 0.372031
v 0.174061 -0.163022 0.374530
v 0.182570 -0.166547 0.372031
v 0.171638 -0.167555 0.374530
v 0.179296 -0.172672 0.372031
v 0.168378 -0.171529 0.374530
v 0.174890 -0.178041 0.372031
v 0.164404 -0.174789 0.374530
v 0.169521 -0.182447 0.372031
v 0.159871 -0.177212 0.374530
v 0.163396 -0.185721 0.372031
v 0.154953 -0.178704 0.374530
v 0.156750 -0.187737 0.372031
v 0.149838 -0.184026 0.374530
v 0.143783 -0.183429 0.374530
v 0.137960 -0.181663 0.374530
v 0.132595 -0.178795 0.374530
v 0.127891 -0.174935 0.374530
v 0.124031 -0.170232 0.374530
v 0.121163 -0.164866 0.374530
v 0.119397 -0.159044 0.374530
v 0.118801 -0.152989 0.374530
v 0.119397 -0.146934 0.374530
v 0.121163 -0.141111 0.374530
v 0.124031 -0.135745 0.374530
v 0.127891 -0.131042 0.374530
v 0.132595 -0.127182 0.374530
v 0.137960 -0.124314 0.374530
v 0.143783 -0.122548 0.374530
v 0.149838 -0.121952 0.374530
v 0.155893 -0.122548 0.374530
v 0.161715 -0.124314 0.374530
v 0.167081 -0.127182 0.374530
v 0.171784 -0.131042 0.374530
v 0.175644 -0.135745 0.374530
v 0.178512 -0.141111 0.374530
v 0.180278 -0.146934 0.374530
v 0.180875 -0.152989 0.374530
v 0.180278 -0.159044 0.374530
v 0.178512 -0.164866 0.374530
v 0.175644 -0.170232 0.374530
v 0.171784 -0.174935 0.374530
v 0.167081 -0.178795 0.374530
v 0.161715 -0.181663 0.374530
v 0.155893 -0.183429 0.374530
v 0.149838 -0.179208 0.367593
v 0.144723 -0.178704 0.367593
v 0.139804 -0.177212 0.367593
v 0.135271 -0.174789 0.367593
v 0.131298 -0.171529 0.367593
v 0.128037 -0.167555 0.367593
v 0.125614 -0.163022 0.367593
v 0.124122 -0.158104 0.367593
v 0.123618 -0.152989 0.367593
v 0.124122 -0.147874 0.367593
v 0.125614 -0.142955 0.367593
v 0.128037 -0.138422 0.367593
v 0.131298 -0.134449 0.367593
v 0.135271 -0.131188 0.367593
v 0.139804 -0.128765 0.367593
v 0.144723 -0.127273 0.367593
v 0.149838 -0.126769 0.367593
v 0.154953 -0.127273 0.367593
v 0.159871 -0.128765 0.367593
v 0.164404 -0.131188 0.367593
v 0.168378 -0.134449 0.367593
v 0.171638 -0.138422 0.367593
v 0.174061 -0.142955 0.367593
v 0.175553 -0.147874 0.367593
v 0.176057 -0.152989 0.367593
v 0.175553 -0.158104 0.367593
v 0.174061 -0.163022 0.367593
v 0.171638 -0.167555 0.367593
v 0.168378 -0.171529 0.367593
v 0.164404 -0.174789 0.367593
v 0.159871 -0.177212 0.367593
v 0.154953 -0.178704 0.367593
v 0.149838 -0.188418 -0.349532
v 0.142926 -0.187737 -0.349532
v 0.136280 -0.185721 -0.349532
v 0.130154 -0.182447 -0.349532
v 0.124785 -0.178041 -0.349532
v 0.120379 -0.172672 -0.349532
v 0.117105 -0.166547 -0.349532
v 0.115089 -0.159901 -0.349532
v 0.114408 -0.152989 -0.349532
v 0.115089 -0.146077 -0.349532
v 0.117105 -0.139430 -0.349532
v 0.120379 -0.133305 -0.349532
v 0.124785 -0.127936 -0.349532
v 0.130154 -0.123530 -0.349532
v 0.136280 -0.120256 -0.349532
v 0.142926 -0.118240 -0.349532
v 0.149838 -0.117559 -0.349532
v 0.156750 -0.118240 -0.349532
v 0.163396 -0.120256 -0.349532
v 0.169521 -0.123530 -0.349532
v 0.174890 -0.127936 -0.349532
v 0.179296 -0.133305 -0.349532
v 0.182570 -0.139430 -0.349532
v 0.184586 -0.146077 -0.349532
v 0.185267 -0.152989 -0.349532
v 0.184586 -0.159901 -0.349532
v 0.182570 -0.166547 -0.349532
v 0.179296 -0.172672 -0.349532
v 0.174890 -0.178041 -0.349532
v 0.169521 -0.182447 -0.349532
v 0.163396 -0.185721 -0.349532
v 0.156750 -0.187737 -0.349532
v 0.149838 -0.179208 -0.374530
v 0.149838 -0.188418 -0.372031
v 0.144723 -0.178704 -0.374530
v 0.142926 -0.187737 -0.372031
v 0.139804 -0.177212 -0.374530
v 0.136280 -0.185721 -0.372031
v 0.135271 -0.174789 -0.374530
v 0.130154 -0.182447 -0.372031
v 0.131298 -0.171529 -0.374530
v 0.124785 -0.178041 -0.372031
v 0.128037 -0.167555 -0.374530
v 0.120379 -0.172672 -0.372031
v 0.125614 -0.163022 -0.374530
v 0.117105 -0.166547 -0.372031
v 0.124122 -0.158104 -0.374530
v 0.115089 -0.159901 -0.372031
v 0.123618 -0.152989 -0.374530
v 0.114408 -0.152989 -0.372031
v 0.124122 -0.147874 -0.374530
v 0.115089 -0.146077 -0.372031
v 0.125614 -0.142955 -0.374530
v 0.117105 -0.139430 -0.372031
v 0.128037 -0.138422 -0.374530
v 0.120379 -0.133305 -0.372031
v 0.131298 -0.134449 -0.374530
v 0.124785 -0.127936 -0.372031
v 0.135271 -0.131188 -0.374530
v 0.130154 -0.123530 -0.372031
v 0.139804 -0.128765 -0.374530
v 0.136280 -0.120256 -0.372031
v 0.144723 -0.127273 -0.374530
v 0.142926 -0.118240 -0.372031
v 0.149838 -0.126769 -0.374530
v 0.149838 -0.117559 -0.372031
v 0.154953 -0.127273 -0.374530
v 0.156750 -0.118240 -0.372031
v 0.159871 -0.128765 -0.374530
v 0.163396 -0.120256 -0.372031
v 0.164404 -0.131188 -0.374530
v 0.169521 -0.123530 -0.372031
v 0.168378 -0.134449 -0.374530
v 0.174890 -0.127936 -0.372031
v 0.171638 -0.138422 -0.374530
v 0.179296 -0.133305 -0.372031
v 0.174061 -0.142955 -0.374530
v 0.182570 -0.139430 -0.372031
v 0.175553 -0.147874 -0.374530
v 0.184586 -0.146077 -0.372031
v 0.176057 -0.152989 -0.374530
v 0.185267 -0.152989 -0.372031
v 0.175553 -0.158104 -0.374530
v 0.184586 -0.159901 -0.372031
v 0.174061 -0.163022 -0.374530
v 0.182570 -0.166547 -0.372031
v 0.171638 -0.167555 -0.374530
v 0.179296 -0.172672 -0.372031
v 0.168378 -0.171529 -0.374530
v 0.174890 -0.178041 -0.372031
v 0.164404 -0.174789 -0.374530
v 0.169521 -0.182447 -0.372031
v 0.159871 -0.177212 -0.374530
v 0.163396 -0.185721 -0.372031
v 0.154953 -0.178704 -0.374530
v 0.156750 -0.187737 -0.372031
v 0.149838 -0.184026 -0.374530
v 0.143783 -0.183429 -0.374530
v 0.137960 -0.181663 -0.374530
v 0.132595 -0.178795 -0.374530
v 0.127891 -0.174935 -0.374530
v 0.124031 -0.170232 -0.374530
v 0.121163 -0.164866 -0.374530
v 0.119397 -0.159044 -0.374530
v 0.118801 -0.152989 -0.374530
v 0.119397 -0.146934 -0.374530
v 0.121163 -0.141111 -0.374530
v 0.124031 -0.135745 -0.374530
v 0.127891 -0.131042 -0.374530
v 0.132595 -0.127182 -0.374530
v 0.137960 -0.124314 -0.374530
v 0.143783 -0.122548 -0.374530
v 0.149838 -0.121952 -0.374530
v 0.155893 -0.122548 -0.374530
v 0.161715 -0.124314 -0.374530
v 0.167081 -0.127182 -0.374530
v 0.171784 -0.131042 -0.374530
v 0.175644 -0.135745 -0.374530
v 0.178512 -0.141111 -0.374530
v 0.180278 -0.146934 -0.374530
v 0.180875 -0.152989 -0.374530
v 0.180278 -0.159044 -0.374530
v 0.178512 -0.164866 -0.374530
v 0.175644 -0.170232 -0.374530
v 0.171784 -0.174935 -0.374530
v 0.167081 -0.178795 -0.374530
v 0.161715 -0.181663 -0.374530
v 0.155893 -0.183429 -0.374530
v 0.149838 -0.179208 -0.367593
v 0.144723 -0.178704 -0.367593
v 0.139804 -0.177212 -0.367593
v 0.135271 -0.174789 -0.367593
v 0.131298 -0.171529 -0.367593
v 0.128037 -0.167555 -0.367593
v 0.125614 -0.163022 -0.367593
v 0.124122 -0.158104 -0.367593
v 0.123618 -0.152989 -0.367593
v 0.124122 -0.147874 -0.367593
v 0.125614 -0.142955 -0.367593
v 0.128037 -0.138422 -0.367593
v 0.131298 -0.134449 -0.367593
v 0.135271 -0.131188 -0.367593
v 0.139804 -0.128765 -0.367593
v 0.144723 -0.127273 -0.367593
v 0.149838 -0.126769 -0.367593
v 0.154953 -0.127273 -0.367593
v 0.159871 -0.128765 -0.367593
v 0.164404 -0.131188 -0.367593
v 0.168378 -0.134449 -0.367593
v 0.171638 -0.138422 -0.367593
v 0.174061 -0.142955 -0.367593
v 0.175553 -0.147874 -0.367593
v 0.176057 -0.152989 -0.367593
v 0.175553 -0.158104 -0.367593
v 0.174061 -0.163022 -0.367593
v 0.171638 -0.167555 -0.367593
v 0.168378 -0.171529 -0.367593
v 0.164404 -0.174789 -0.367593
v 0.159871 -0.177212 -0.367593
v 0.154953 -0.178704 -0.367593
v 0.142608 -0.309502 0.078441
v 0.135696 -0.309502 0.079122
v 0.129050 -0.309502 0.081138
v 0.122925 -0.309502 0.084412
v 0.117556 -0.309502 0.088818
v 0.113150 -0.309502 0.094187
v 0.109876 -0.309502 0.100312
v 0.107860 -0.309502 0.106959
v 0.107179 -0.309502 0.113871
v 0.107860 -0.309502 0.120783
v 0.109876 -0.309502 0.127429
v 0.113150 -0.309502 0.133554
v 0.117556 -0.309502 0.138923
v 0.122925 -0.309502 0.143329
v 0.129050 -0.309502 0.146603
v 0.135696 -0.309502 0.148619
v 0.142608 -0.309502 0.149300
v 0.149520 -0.309502 0.148619
v 0.156167 -0.309502 0.146603
v 0.162292 -0.309502 0.143329
v 0.167661 -0.309502 0.138923
v 0.172067 -0.309502 0.133554
v 0.175341 -0.309502 0.127429
v 0.177357 -0.309502 0.120783
v 0.178038 -0.309502 0.113871
v 0.177357 -0.309502 0.106959
v 0.175341 -0.309502 0.100312
v 0.172067 -0.309502 0.094187
v 0.167661 -0.309502 0.088818
v 0.162292 -0.309502 0.084412
v 0.156167 -0.309502 0.081138
v 0.149520 -0.309502 0.079122
v 0.142608 -0.334499 0.087651
v 0.142608 -0.332000 0.078441
v 0.137493 -0.334499 0.088155
v 0.135696 -0.332000 0.079122
v 0.132575 -0.334499 0.089647
v 0.129050 -0.332000 0.081138
v 0.128042 -0.334499 0.092070
v 0.122925 -0.332000 0.084412
v 0.124069 -0.334499 0.095331
v 0.117556 -0.332000 0.088818
v 0.120808 -0.334499 0.099304
v 0.113150 -0.332000 0.094187
v 0.118385 -0.334499 0.103837
v 0.109876 -0.332000 0.100312
v 0.116893 -0.334499 0.108756
v 0.107860 -0.332000 0.106959
v 0.116389 -0.334499 0.113871
v 0.107179 -0.332000 0.113871
v 0.116893 -0.334499 0.118986
v 0.107860 -0.332000 0.120783
v 0.118385 -0.334499 0.123904
v 0.109876 -0.332000 0.127429
v 0.120808 -0.334499 0.128437
v 0.113150 -0.332000 0.133554
v 0.124069 -0.334499 0.132411
v 0.117556 -0.332000 0.138923
v 0.128042 -0.334499 0.135671
v 0.122925 -0.332000 0.143329
v 0.132575 -0.334499 0.138094
v 0.129050 -0.332000 0.146603
v 0.137493 -0.334499 0.139586
v 0.135696 -0.332000 0.148619
v 0.142608 -0.334499 0.140090
v 0.142608 -0.332000 0.149300
v 0.147724 -0.334499 0.139586
v 0.149520 -0.332000 0.148619
v 0.152642 -0.334499 0.138094
v 0.156167 -0.332000 0.146603
v 0.157175 -0.334499 0.135671
v 0.162292 -0.332000 0.143329
v 0.161148 -0.334499 0.132411
v 0.167661 -0.332000 0.138923
v 0.164409 -0.334499 0.128437
v 0.172067 -0.332000 0.133554
v 0.166832 -0.334499 0.123904
v 0.175341 -0.332000 0.127429
v 0.168324 -0.334499 0.118986
v 0.177357 -0.332000 0.120783
v 0.168828 -0.334499 0.113871
v 0.178038 -0.332000 0.113871
v 0.168324 -0.334499 0.108756
v 0.177357 -0.332000 0.106959
v 0.166832 -0.334499 0.103837
v 0.175341 -0.332000 0.100312
v 0.164409 -0.334499 0.099304
v 0.172067 -0.332000 0.094187
v 0.161148 -0.334499 0.095331
v 0.167661 -0.332000 0.088818
v 0.157175 -0.334499 0.092070
v 0.162292 -0.332000 0.084412
v 0.152642 -0.334499 0.089647
v 0.156167 -0.332000 0.081138
v 0.147724 -0.334499 0.088155
v 0.149520 -0.332000 0.079122
v 0.142608 -0.334499 0.082834
v 0.136553 -0.334499 0.083430
v 0.130731 -0.334499 0.085196
v 0.125365 -0.334499 0.088064
v 0.120662 -0.334499 0.091924
v 0.116802 -0.334499 0.096627
v 0.113934 -0.334499 0.101993
v 0.112168 -0.334499 0.107816
v 0.111571 -0.334499 0.113871
v 0.112168 -0.334499 0.119926
v 0.113934 -0.334499 0.125748
v 0.116802 -0.334499 0.131114
v 0.120662 -0.334499 0.135817
v 0.125365 -0.334499 0.139677
v 0.130731 -0.334499 0.142545
v 0.136553 -0.334499 0.144311
v 0.142608 -0.334499 0.144908
v 0.148663 -0.334499 0.144311
v 0.154486 -0.334499 0.142545
v 0.159852 -0.334499 0.139677
v 0.164555 -0.334499 0.135817
v 0.168415 -0.334499 0.131114
v 0.171283 -0.334499 0.125748
v 0.173049 -0.334499 0.119926
v 0.173645 -0.334499 0.113871
v 0.173049 -0.334499 0.107816
v 0.171283 -0.334499 0.101993
v 0.168415 -0.334499 0.096627
v 0.164555 -0.334499 0.091924
v 0.159852 -0.334499 0.088064
v 0.154486 -0.334499 0.085196
v 0.148663 -0.334499 0.083430
v 0.142608 -0.327563 0.087651
v 0.137493 -0.327563 0.088155
v 0.132575 -0.327563 0.089647
v 0.128042 -0.327563 0.092070
v 0.124069 -0.327563 0.095331
v 0.120808 -0.327563 0.099304
v 0.118385 -0.327563 0.103837
v 0.116893 -0.327563 0.108756
v 0.116389 -0.327563 0.113871
v 0.116893 -0.327563 0.118986
v 0.118385 -0.327563 0.123904
v 0.120808 -0.327563 0.128437
v 0.124069 -0.327563 0.132411
v 0.128042 -0.327563 0.135671
v 0.132575 -0.327563 0.138094
v 0.137493 -0.327563 0.139586
v 0.142608 -0.327563 0.140090
v 0.147724 -0.327563 0.139586
v 0.152642 -0.327563 0.138094
v 0.157175 -0.327563 0.135671
v 0.161148 -0.327563 0.132411
v 0.164409 -0.327563 0.128437
v 0.166832 -0.327563 0.123904
v 0.168324 -0.327563 0.118986
v 0.168828 -0.327563 0.113871
v 0.168324 -0.327563 0.108756
v 0.166832 -0.327563 0.103837
v 0.164409 -0.327563 0.099304
v 0.161148 -0.327563 0.095331
v 0.157175 -0.327563 0.092070
v 0.152642 -0.327563 0.089647
v 0.147724 -0.327563 0.088155
v 0.142608 -0.309502 -0.078441
v 0.135696 -0.309502 -0.079122
v 0.129050 -0.309502 -0.081138
v 0.122925 -0.309502 -0.084412
v 0.117556 -0.309502 -0.088818
v 0.113150 -0.309502 -0.094187
v 0.109876 -0.309502 -0.100312
v 0.107860 -0.309502 -0.106959
v 0.107179 -0.309502 -0.113871
v 0.107860 -0.309502 -0.120783
v 0.109876 -0.309502 -0.127429
v 0.113150 -0.309502 -0.133554
v 0.117556 -0.309502 -0.138923
v 0.122925 -0.309502 -0.143329
v 0.129050 -0.309502 -0.146603
v 0.135696 -0.309502 -0.148619
v 0.142608 -0.309502 -0.149300
v 0.149520 -0.309502 -0.148619
v 0.156167 -0.309502 -0.146603
v 0.162292 -0.309502 -0.143329
v 0.167661 -0.309502 -0.138923
v 0.172067 -0.309502 -0.133554
v 0.175341 -0.309502 -0.127429
v 0.177357 -0.309502 -0.120783
v 0.178038 -0.309502 -0.113871
v 0.177357 -0.309502 -0.106959
v 0.175341 -0.309502 -0.100312
v 0.172067 -0.309502 -0.094187
v 0.167661 -0.309502 -0.088818
v 0.162292 -0.309502 -0.084412
v 0.156167 -0.309502 -0.081138
v 0.149520 -0.309502 -0.079122
v 0.142608 -0.334499 -0.087651
v 0.142608 -0.332000 -0.078441
v 0.137493 -0.334499 -0.088155
v 0.135696 -0.332000 -0.079122
v 0.132575 -0.334499 -0.089647
v 0.129050 -0.332000 -0.081138
v 0.128042 -0.334499 -0.092070
v 0.122925 -0.332000 -0.084412
v 0.124069 -0.334499 -0.095331
v 0.117556 -0.332000 -0.088818
v 0.120808 -0.334499 -0.099304
v 0.113150 -0.332000 -0.094187
v 0.118385 -0.334499 -0.103837
v 0.109876 -0.332000 -0.100312
v 0.116893 -0.334499 -0.108756
v 0.107860 -0.332000 -0.106959
v 0.116389 -0.334499 -0.113871
v 0.107179 -0.332000 -0.113871
v 0.116893 -0.334499 -0.118986
v 0.107860 -0.332000 -0.120783
v 0.118385 -0.334499 -0.123904
v 0.109876 -0.332000 -0.127429
v 0.120808 -0.334499 -0.128437
v 0.113150 -0.332000 -0.133554
v 0.124069 -0.334499 -0.132411
v 0.117556 -0.332000 -0.138923
v 0.128042 -0.334499 -0.135671
v 0.122925 -0.332000 -0.143329
v 0.132575 -0.334499 -0.138094
v 0.129050 -0.332000 -0.146603
v 0.137493 -0.334499 -0.139586
v 0.135696 -0.332000 -0.148619
v 0.142608 -0.334499 -0.140090
v 0.142608 -0.332000 -0.149300
v 0.147724 -0.334499 -0.139586
v 0.149520 -0.332000 -0.148619
v 0.152642 -0.334499 -0.138094
v 0.156167 -0.332000 -0.146603
v 0.157175 -0.334499 -0.135671
v 0.162292 -0.332000 -0.143329
v 0.161148 -0.334499 -0.132411
v 0.167661 -0.332000 -0.138923
v 0.164409 -0.334499 -0.128437
v 0.172067 -0.332000 -0.133554
v 0.166832 -0.334499 -0.123904
v 0.175341 -0.332000 -0.127429
v 0.168324 -0.334499 -0.118986
v 0.177357 -0.332000 -0.120783
v 0.168828 -0.334499 -0.113871
v 0.178038 -0.332000 -0.113871
v 0.168324 -0.334499 -0.108756
v 0.177357 -0.332000 -0.106959
v 0.166832 -0.334499 -0.103837
v 0.175341 -0.332000 -0.100312
v 0.164409 -0.334499 -0.099304
v 0.172067 -0.332000 -0.094187
v 0.161148 -0.334499 -0.095331
v 0.167661 -0.332000 -0.088818
v 0.157175 -0.334499 -0.092070
v 0.162292 -0.332000 -0.084412
v 0.152642 -0.334499 -0.089647
v 0.156167 -0.332000 -0.081138
v 0.147724 -0.334499 -0.088155
v 0.149520 -0.332000 -0.079122
v 0.142608 -0.334499 -0.082834
v 0.136553 -0.334499 -0.083430
v 0.130731 -0.334499 -0.085196
v 0.125365 -0.334499 -0.088064
v 0.120662 -0.334499 -0.091924
v 0.116802 -0.334499 -0.096627
v 0.113934 -0.334499 -0.101993
v 0.112168 -0.334499 -0.107816
v 0.111571 -0.334499 -0.113871
v 0.112168 -0.334499 -0.119926
v 0.113934 -0.334499 -0.125748
v 0.116802 -0.334499 -0.131114
v 0.120662 -0.334499 -0.135817
v 0.125365 -0.334499 -0.139677
v 0.130731 -0.334499 -0.142545
v 0.136553 -0.334499 -0.144311
v 0.142608 -0.334499 -0.144908
v 0.148663 -0.334499 -0.144311
v 0.154486 -0.334499 -0.142545
v 0.159852 -0.334499 -0.139677
v 0.164555 -0.334499 -0.135817
v 0.168415 -0.334499 -0.131114
v 0.171283 -0.334499 -0.125748
v 0.173049 -0.334499 -0.119926
v 0.173645 -0.334499 -0.113871
v 0.173049 -0.334499 -0.107816
v 0.171283 -0.334499 -0.101993
v 0.168415 -0.334499 -0.096627
v 0.164555 -0.334499 -0.091924
v 0.159852 -0.334499 -0.088064
v 0.154486 -0.334499 -0.085196
v 0.148663 -0.334499 -0.083430
v 0.142608 -0.327563 -0.087651
v 0.137493 -0.327563 -0.088155
v 0.132575 -0.327563 -0.089647
v 0.128042 -0.327563 -0.092070
v 0.124069 -0.327563 -0.095331
v 0.120808 -0.327563 -0.099304
v 0.118385 -0.327563 -0.103837
v 0.116893 -0.327563 -0.108756
v 0.116389 -0.327563 -0.113871
v 0.116893 -0.327563 -0.118986
v 0.118385 -0.327563 -0.123904
v 0.120808 -0.327563 -0.128437
v 0.124069 -0.327563 -0.132411
v 0.128042 -0.327563 -0.135671
v 0.132575 -0.327563 -0.138094
v 0.137493 -0.327563 -0.139586
v 0.142608 -0.327563 -0.140090
v 0.147724 -0.327563 -0.139586
v 0.152642 -0.327563 -0.138094
v 0.157175 -0.327563 -0.135671
v 0.161148 -0.327563 -0.132411
v 0.164409 -0.327563 -0.128437
v 0.166832 -0.327563 -0.123904
v 0.168324 -0.327563 -0.118986
v 0.168828 -0.327563 -0.113871
v 0.168324 -0.327563 -0.108756
v 0.166832 -0.327563 -0.103837
v 0.164409 -0.327563 -0.099304
v 0.161148 -0.327563 -0.095331
v 0.157175 -0.327563 -0.092070
v 0.152642 -0.327563 -0.089647
v 0.147724 -0.327563 -0.088155
v 0.040403 -0.566655 0.078441
v 0.040403 -0.573567 0.079122
v 0.040403 -0.580214 0.081138
v 0.040403 -0.586339 0.084412
v 0.040403 -0.591708 0.088818
v 0.040403 -0.596114 0.094187
v 0.040403 -0.599388 0.100312
v 0.040403 -0.601404 0.106959
v 0.040403 -0.602085 0.113871
v 0.040403 -0.601404 0.120783
v 0.040403 -0.599388 0.127429
v 0.040403 -0.596114 0.133554
v 0.040403 -0.591708 0.138923
v 0.040403 -0.586339 0.143329
v 0.040403 -0.580214 0.146603
v 0.040403 -0.573567 0.148619
v 0.040403 -0.566655 0.149300
v 0.040403 -0.559743 0.148619
v 0.040403 -0.553097 0.146603
v 0.040403 -0.546972 0.143329
v 0.040403 -0.541603 0.138923
v 0.040403 -0.537197 0.133554
v 0.040403 -0.533923 0.127429
v 0.040403 -0.531907 0.120783
v 0.040403 -0.531226 0.113871
v 0.040403 -0.531907 0.106959
v 0.040403 -0.533923 0.100312
v 0.040403 -0.537197 0.094187
v 0.040403 -0.541603 0.088818
v 0.040403 -0.546972 0.084412
v 0.040403 -0.553097 0.081138
v 0.040403 -0.559743 0.079122
v 0.065401 -0.566655 0.087651
v 0.062901 -0.566655 0.078441
v 0.065401 -0.571770 0.088155
v 0.062901 -0.573567 0.079122
v 0.065401 -0.576689 0.089647
v 0.062901 -0.580214 0.081138
v 0.065401 -0.581222 0.092070
v 0.062901 -0.586339 0.084412
v 0.065401 -0.585195 0.095331
v 0.062901 -0.591708 0.088818
v 0.065401 -0.588456 0.099304
v 0.062901 -0.596114 0.094187
v 0.065401 -0.590879 0.103837
v 0.062901 -0.599388 0.100312
v 0.065401 -0.592371 0.108756
v 0.062901 -0.601404 0.106959
v 0.065401 -0.592875 0.113871
v 0.062901 -0.602085 0.113871
v 0.065401 -0.592371 0.118986
v 0.062901 -0.601404 0.120783
v 0.065401 -0.590879 0.123904
v 0.062901 -0.599388 0.127429
v 0.065401 -0.588456 0.128437
v 0.062901 -0.596114 0.133554
v 0.065401 -0.585195 0.132411
v 0.062901 -0.591708 0.138923
v 0.065401 -0.581222 0.135671
v 0.062901 -0.586339 0.143329
v 0.065401 -0.576689 0.138094
v 0.062901 -0.580214 0.146603
v 0.065401 -0.571770 0.139586
v 0.062901 -0.573567 0.148619
v 0.065401 -0.566655 0.140090
v 0.062901 -0.566655 0.149300
v 0.065401 -0.561540 0.139586
v 0.062901 -0.559743 0.148619
v 0.065401 -0.556622 0.138094
v 0.062901 -0.553097 0.146603
v 0.065401 -0.552089 0.135671
v 0.062901 -0.546972 0.143329
v 0.065401 -0.548116 0.132411
v 0.062901 -0.541603 0.138923
v 0.065401 -0.544855 0.128437
v 0.062901 -0.537197 0.133554
v 0.065401 -0.542432 0.123904
v 0.062901 -0.533923 0.127429
v 0.065401 -0.540940 0.118986
v 0.062901 -0.531907 0.120783
v 0.065401 -0.540436 0.113871
v 0.062901 -0.531226 0.113871
v 0.065401 -0.540940 0.108756
v 0.062901 -0.531907 0.106959
v 0.065401 -0.542432 0.103837
v 0.062901 -0.533923 0.100312
v 0.065401 -0.544855 0.099304
v 0.062901 -0.537197 0.094187
v 0.065401 -0.548116 0.095331
v 0.062901 -0.541603 0.088818
v 0.065401 -0.552089 0.092070
v 0.062901 -0.546972 0.084412
v 0.065401 -0.556622 0.089647
v 0.062901 -0.553097 0.081138
v 0.065401 -0.561540 0.088155
v 0.062901 -0.559743 0.079122
v 0.065401 -0.566655 0.082834
v 0.065401 -0.572710 0.083430
v 0.065401 -0.578533 0.085196
v 0.065401 -0.583899 0.088064
v 0.065401 -0.588602 0.091924
v 0.065401 -0.592462 0.096627
v 0.065401 -0.595330 0.101993
v 0.065401 -0.597096 0.107816
v 0.065401 -0.597692 0.113871
v 0.065401 -0.597096 0.119926
v 0.065401 -0.595330 0.125748
v 0.065401 -0.592462 0.131114
v 0.065401 -0.588602 0.135817
v 0.065401 -0.583899 0.139677
v 0.065401 -0.578533 0.142545
v 0.065401 -0.572710 0.144311
v 0.065401 -0.566655 0.144908
v 0.065401 -0.560600 0.144311
v 0.065401 -0.554778 0.142545
v 0.065401 -0.549412 0.139677
v 0.065401 -0.544709 0.135817
v 0.065401 -0.540849 0.131114
v 0.065401 -0.537981 0.125748
v 0.065401 -0.536215 0.119926
v 0.065401 -0.535618 0.113871
v 0.065401 -0.536215 0.107816
v 0.065401 -0.537981 0.101993
v 0.065401 -0.540849 0.096627
v 0.065401 -0.544709 0.091924
v 0.065401 -0.549412 0.088064
v 0.065401 -0.554778 0.085196
v 0.065401 -0.560600 0.083430
v 0.058464 -0.566655 0.087651
v 0.058464 -0.571771 0.088155
v 0.058464 -0.576689 0.089647
v 0.058464 -0.581222 0.092070
v 0.058464 -0.585195 0.095331
v 0.058464 -0.588456 0.099304
v 0.058464 -0.590879 0.103837
v 0.058464 -0.592371 0.108756
v 0.058464 -0.592875 0.113871
v 0.058464 -0.592371 0.118986
v 0.058464 -0.590879 0.123904
v 0.058464 -0.588456 0.128437
v 0.058464 -0.585195 0.132411
v 0.058464 -0.581222 0.135671
v 0.058464 -0.576689 0.138094
v 0.058464 -0.571771 0.139586
v 0.058464 -0.566655 0.140090
v 0.058464 -0.561540 0.139586
v 0.058464 -0.556622 0.138094
v 0.058464 -0.552089 0.135671
v 0.058464 -0.548116 0.132411
v 0.058464 -0.544855 0.128437
v 0.058464 -0.542432 0.123904
v 0.058464 -0.540940 0.118986
v 0.058464 -0.540436 0.113871
v 0.058464 -0.540940 0.108756
v 0.058464 -0.542432 0.103837
v 0.058464 -0.544855 0.099304
v 0.058464 -0.548116 0.095331
v 0.058464 -0.552089 0.092070
v 0.058464 -0.556622 0.089647
v 0.058464 -0.561540 0.088155
v 0.040403 -0.566655 -0.078441
v 0.040403 -0.573567 -0.079122
v 0.040403 -0.580214 -0.081138
v 0.040403 -0.586339 -0.084412
v 0.040403 -0.591708 -0.088818
v 0.040403 -0.596114 -0.094187
v 0.040403 -0.599388 -0.100312
v 0.040403 -0.601404 -0.106959
v 0.040403 -0.602085 -0.113871
v 0.040403 -0.601404 -0.120783
v 0.040403 -0.599388 -0.127429
v 0.040403 -0.596114 -0.133554
v 0.040403 -0.591708 -0.138923
v 0.040403 -0.586339 -0.143329
v 0.040403 -0.580214 -0.146603
v 0.040403 -0.573567 -0.148619
v 0.040403 -0.566655 -0.149300
v 0.040403 -0.559743 -0.148619
v 0.040403 -0.553097 -0.146603
v 0.040403 -0.546972 -0.143329
v 0.040403 -0.541603 -0.138923
v 0.040403 -0.537197 -0.133554
v 0.040403 -0.533923 -0.127429
v 0.040403 -0.531907 -0.120783
v 0.040403 -0.531226 -0.113871
v 0.040403 -0.531907 -0.106959
v 0.040403 -0.533923 -0.100312
v 0.040403 -0.537197 -0.094187
v 0.040403 -0.541603 -0.088818
v 0.040403 -0.546972 -0.084412
v 0.040403 -0.553097 -0.081138
v 0.040403 -0.559743 -0.079122
v 0.065401 -0.566655 -0.087651
v 0.062901 -0.566655 -0.078441
v 0.065401 -0.571770 -0.088155
v 0.062901 -0.573567 -0.079122
v 0.065401 -0.576689 -0.089647
v 0.062901 -0.580214 -0.081138
v 0.065401 -0.581222 -0.092070
v 0.062901 -0.586339 -0.084412
v 0.065401 -0.585195 -0.095331
v 0.062901 -0.591708 -0.088818
v 0.065401 -0.588456 -0.099304
v 0.062901 -0.596114 -0.094187
v 0.065401 -0.590879 -0.103837
v 0.062901 -0.599388 -0.100312
v 0.065401 -0.592371 -0.108756
v 0.062901 -0.601404 -0.106959
v 0.065401 -0.592875 -0.113871
v 0.062901 -0.602085 -0.113871
v 0.065401 -0.592371 -0.118986
v 0.062901 -0.601404 -0.120783
v 0.065401 -0.590879 -0.123904
v 0.062901 -0.599388 -0.127429
v 0.065401 -0.588456 -0.128437
v 0.062901 -0.596114 -0.133554
v 0.065401 -0.585195 -0.132411
v 0.062901 -0.591708 -0.138923
v 0.065401 -0.581222 -0.135671
v 0.062901 -0.586339 -0.143329
v 0.065401 -0.576689 -0.138094
v 0.062901 -0.580214 -0.146603
v 0.065401 -0.571770 -0.139586
v 0.062901 -0.573567 -0.148619
v 0.065401 -0.566655 -0.140090
v 0.062901 -0.566655 -0.149300
v 0.065401 -0.561540 -0.139586
v 0.062901 -0.559743 -0.148619
v 0.065401 -0.556622 -0.138094
v 0.062901 -0.553097 -0.146603
v 0.065401 -0.552089 -0.135671
v 0.062901 -0.546972 -0.143329
v 0.065401 -0.548116 -0.132411
v 0.062901 -0.541603 -0.138923
v 0.065401 -0.544855 -0.128437
v 0.062901 -0.537197 -0.133554
v 0.065401 -0.542432 -0.123904
v 0.062901 -0.533923 -0.127429
v 0.065401 -0.540940 -0.118986
v 0.062901 -0.531907 -0.120783
v 0.065401 -0.540436 -0.113871
v 0.062901 -0.531226 -0.113871
v 0.065401 -0.540940 -0.108756
v 0.062901 -0.531907 -0.106959
v 0.065401 -0.542432 -0.103837
v 0.062901 -0.533923 -0.100312
v 0.065401 -0.544855 -0.099304
v 0.062901 -0.537197 -0.094187
v 0.065401 -0.548116 -0.095331
v 0.062901 -0.541603 -0.088818
v 0.065401 -0.552089 -0.092070
v 0.062901 -0.546972 -0.084412
v 0.065401 -0.556622 -0.089647
v 0.062901 -0.553097 -0.081138
v 0.065401 -0.561540 -0.088155
v 0.062901 -0.559743 -0.079122
v 0.065401 -0.566655 -0.082834
v 0.065401 -0.572710 -0.083430
v 0.065401 -0.578533 -0.085196
v 0.065401 -0.583899 -0.088064
v 0.065401 -0.588602 -0.091924
v 0.065401 -0.592462 -0.096627
v 0.065401 -0.595330 -0.101993
v 0.065401 -0.597096 -0.107816
v 0.065401 -0.597692 -0.113871
v 0.065401 -0.597096 -0.119926
v 0.065401 -0.595330 -0.125748
v 0.065401 -0.592462 -0.131114
v 0.065401 -0.588602 -0.135817
v 0.065401 -0.583899 -0.139677
v 0.065401 -0.578533 -0.142545
v 0.065401 -0.572710 -0.144311
v 0.065401 -0.566655 -0.144908
v 0.065401 -0.560600 -0.144311
v 0.065401 -0.554778 -0.142545
v 0.065401 -0.549412 -0.139677
v 0.065401 -0.544709 -0.135817
v 0.065401 -0.540849 -0.131114
v 0.065401 -0.537981 -0.125748
v 0.065401 -0.536215 -0.119926
v 0.065401 -0.535618 -0.113871
v 0.065401 -0.536215 -0.107816
v 0.065401 -0.537981 -0.101993
v 0.065401 -0.540849 -0.096627
v 0.065401 -0.544709 -0.091924
v 0.065401 -0.549412 -0.088064
v 0.065401 -0.554778 -0.085196
v 0.065401 -0.560600 -0.083430
v 0.058464 -0.566655 -0.087651
v 0.058464 -0.571771 -0.088155
v 0.058464 -0.576689 -0.089647
v 0.058464 -0.581222 -0.092070
v 0.058464 -0.585195 -0.095331
v 0.058464 -0.588456 -0.099304
v 0.058464 -0.590879 -0.103837
v 0.058464 -0.592371 -0.108756
v 0.058464 -0.592875 -0.113871
v 0.058464 -0.592371 -0.118986
v 0.058464 -0.590879 -0.123904
v 0.058464 -0.588456 -0.128437
v 0.058464 -0.585195 -0.132411
v 0.058464 -0.581222 -0.135671
v 0.058464 -0.576689 -0.138094
v 0.058464 -0.571771 -0.139586
v 0.058464 -0.566655 -0.140090
v 0.058464 -0.561540 -0.139586
v 0.058464 -0.556622 -0.138094
v 0.058464 -0.552089 -0.135671
v 0.058464 -0.548116 -0.132411
v 0.058464 -0.544855 -0.128437
v 0.058464 -0.542432 -0.123904
v 0.058464 -0.540940 -0.118986
v 0.058464 -0.540436 -0.113871
v 0.058464 -0.540940 -0.108756
v 0.058464 -0.542432 -0.103837
v 0.058464 -0.544855 -0.099304
v 0.058464 -0.548116 -0.095331
v 0.058464 -0.552089 -0.092070
v 0.058464 -0.556622 -0.089647
v 0.058464 -0.561540 -0.088155
v -0.000911 -0.523655 0.083881
v -0.000911 -0.538199 0.069337
v -0.000911 -0.596334 0.069337
v -0.000911 -0.610878 0.083881
v -0.000911 -0.526668 0.251356
v -0.000911 -0.523655 0.244354
v 0.041250 -0.523655 0.155879
v 0.044262 -0.526668 0.156560
v -0.000911 -0.610878 0.244354
v -0.000911 -0.607866 0.251356
v 0.041250 -0.610878 0.155879
v 0.044262 -0.607866 0.156560
v 0.044262 -0.539447 0.072349
v 0.041250 -0.538199 0.069337
v 0.044262 -0.526668 0.085129
v 0.041250 -0.523655 0.083881
v 0.044262 -0.607866 0.085129
v 0.041250 -0.610878 0.083881
v 0.044262 -0.595086 0.072349
v 0.041250 -0.596334 0.069337
v -0.000911 -0.523655 -0.083881
v -0.000911 -0.538199 -0.069337
v -0.000911 -0.596334 -0.069337
v -0.000911 -0.610878 -0.083881
v -0.000911 -0.526668 -0.251356
v -0.000911 -0.523655 -0.244354
v 0.041250 -0.523655 -0.155879
v 0.044262 -0.526668 -0.156560
v -0.000911 -0.610878 -0.244354
v -0.000911 -0.607866 -0.251356
v 0.041250 -0.610878 -0.155879
v 0.044262 -0.607866 -0.156560
v 0.044262 -0.539447 -0.072349
v 0.041250 -0.538199 -0.069337
v 0.044262 -0.526668 -0.085129
v 0.041250 -0.523655 -0.083881
v 0.044262 -0.607866 -0.085129
v 0.041250 -0.610878 -0.083881
v 0.044262 -0.595086 -0.072349
v 0.041250 -0.596334 -0.069337
v 0.190766 0.074501 0.062503
v 0.197787 0.074501 0.062503
v 0.190766 0.131074 -0.006416
v 0.197787 0.131074 -0.006416
v 0.190766 0.072620 0.009941
v 0.197787 0.072620 0.009941
v 0.190766 0.128033 -0.073214
v 0.197787 0.128033 -0.073214
v 0.190766 0.191486 -0.025269
v 0.190766 0.191486 0.008747
v 0.190766 0.191486 0.026248
v 0.197787 0.191486 0.026248
v 0.197787 0.191486 0.008747
v 0.197787 0.191486 -0.025269
v 0.190766 -0.034707 0.042763
v 0.190766 -0.034707 0.041932
v 0.190766 -0.034707 0.040105
v 0.197787 -0.034707 0.040105
v 0.197787 -0.034707 0.041932
v 0.197787 -0.034707 0.042763
v 0.190766 0.128609 -0.073214
v 0.190766 0.129186 -0.073214
v 0.190766 0.130498 -0.006416
v 0.197787 0.130498 -0.006416
v 0.197787 0.129186 -0.073214
v 0.197787 0.128609 -0.073214
v 0.190766 0.073925 0.062503
v 0.190766 0.073349 0.062503
v 0.190766 0.073196 0.009941
v 0.197787 0.073196 0.009941
v 0.197787 0.073349 0.062503
v 0.197787 0.073925 0.062503
v 0.197787 0.142539 0.007916
v 0.197787 0.129921 -0.006391
v 0.197787 0.044644 0.006920
v 0.197787 0.142539 0.008747
v 0.197787 0.093591 0.008747
v 0.197787 0.044644 0.008747
v 0.197787 0.142539 0.026248
v 0.197787 0.073773 0.009924
v 0.197787 0.044644 0.008764
v 0.190766 0.044644 0.006920
v 0.190766 0.129921 -0.006391
v 0.190766 0.142539 0.007916
v 0.190766 0.044644 0.008747
v 0.190766 0.093591 0.008747
v 0.190766 0.142539 0.008747
v 0.190766 0.044644 0.008764
v 0.190766 0.073773 0.009924
v 0.190766 0.142539 0.026248
vn -0.0000 -0.6551 -0.7556
vn -0.0000 1.0000 -0.0000
vn -1.0000 -0.0000 -0.0000
vn -0.0000 -0.7071 0.7071
vn -0.0000 -1.0000 -0.0000
vn -0.0000 -0.6551 0.7556
vn -0.0000 -0.7071 -0.7071
vn -0.0000 0.7071 -0.7071
vn -0.0000 -0.0000 1.0000
vn -0.0000 0.7071 0.7071
vn -0.7071 0.7071 -0.0000
vn 0.7071 0.7071 -0.0000
vn -0.5957 -0.5259 0.6071
vn 0.5957 -0.5259 -0.6071
vn -0.5957 -0.5259 -0.6071
vn -0.7365 -0.6764 -0.0000
vn 0.5957 -0.5259 0.6071
vn 0.7365 -0.6764 -0.0000
vn -0.7071 0.5000 0.5000
vn 0.7071 0.5000 0.5000
vn 0.7071 0.5000 -0.5000
vn -0.7071 0.5000 -0.5000
vn 0.7071 -0.5000 -0.5000
vn -0.7071 -0.5000 -0.5000
vn 0.7071 -0.5000 0.5000
vn -0.7071 -0.5000 0.5000
vn -0.7071 -0.0000 0.7071
vn 0.7071 -0.0000 0.7071
vn -0.7478 -0.6639 -0.0001
vn 0.7478 -0.6639 -0.0001
vn -0.7071 -0.0000 -0.7071
vn 0.7071 -0.0000 -0.7071
vn -0.7478 -0.6639 0.0001
vn 0.7478 -0.6639 0.0001
vn 1.0000 -0.0000 -0.0000
vn -0.0000 -0.6545 -0.7561
vn -0.0000 1.0000 -0.0003
vn -0.0000 0.6545 0.7561
vn -0.0000 -0.0000 -1.0000
vn -0.0000 0.6545 -0.7561
vn -0.0000 1.0000 0.0003
vn -0.0000 -0.6545 0.7561
vn -0.0000 -1.0000 -0.0003
vn -0.0000 -1.0000 0.0003
vn 0.9451 0.1359 -0.2973
vn 0.9451 0.1359 0.2973
vn -0.0000 0.0350 0.9994
vn 0.7071 0.0248 -0.7067
vn 0.7071 0.0248 0.7067
vn 0.7071 -0.7071 -0.0000
vn -0.0000 0.0350 -0.9994
vn -0.0000 -0.0350 0.9994
vn -0.0000 -0.0350 -0.9994
vn -0.0000 -0.1533 0.9882
vn 0.0808 -0.9808 -0.1774
vn 0.9966 -0.0033 0.0818
vn 0.0390 0.0031 -0.9992
vn 0.0390 0.0031 0.9992
vn 0.9966 -0.0033 -0.0818
vn 0.9975 -0.0708 -0.0090
vn 0.0538 -0.9985 -0.0103
vn 0.0538 -0.9985 0.0103
vn 0.9975 -0.0708 0.0090
vn 0.0808 -0.9808 0.1774
vn 0.0729 0.1616 0.9842
vn -0.1191 -0.3384 -0.9334
vn 0.0729 0.1616 -0.9842
vn -0.1191 -0.3384 0.9334
vn -0.0000 -0.1533 -0.9882
vn -0.0000 0.9996 -0.0277
vn -1.0000 0.0037 -0.0000
vn -0.0348 0.4897 -0.8712
vn -0.0817 0.4790 -0.8740
vn 0.0119 -0.0164 -0.9998
vn 0.0052 -0.0137 -0.9999
vn -0.0645 0.8609 -0.5047
vn -0.1522 0.8474 -0.5087
vn -0.0766 0.9971 -0.0006
vn -0.1809 0.9835 -0.0015
vn -0.0684 0.8612 0.5036
vn -0.1606 0.8473 0.5062
vn -0.0416 0.4902 0.8706
vn -0.0964 0.4783 0.8729
vn -0.0028 -0.0136 0.9999
vn -0.0050 -0.0180 0.9998
vn 0.0376 -0.5106 0.8590
vn 0.0885 -0.5051 0.8585
vn 0.0682 -0.8679 0.4920
vn 0.1587 -0.8557 0.4926
vn 0.0808 -0.9967 -0.0007
vn 0.1872 -0.9823 0.0001
vn 0.0722 -0.8671 -0.4929
vn 0.1669 -0.8543 -0.4922
vn 0.0445 -0.5099 -0.8591
vn 0.1029 -0.5031 -0.8581
vn -0.1849 0.4419 -0.8778
vn 0.0267 -0.0168 -0.9995
vn -0.3464 0.7846 -0.5141
vn -0.4125 0.9110 -0.0047
vn -0.3642 0.7817 0.5063
vn -0.2152 0.4362 0.8737
vn -0.0076 -0.0240 0.9997
vn 0.2013 -0.4724 0.8581
vn 0.3563 -0.7934 0.4935
vn 0.4186 -0.9082 0.0032
vn 0.3729 -0.7894 -0.4877
vn 0.2304 -0.4657 -0.8544
vn -0.2936 0.3698 -0.8815
vn 0.0403 -0.0103 -0.9991
vn -0.5510 0.6524 -0.5204
vn -0.6563 0.7545 -0.0105
vn -0.5765 0.6443 0.5025
vn -0.3368 0.3557 0.8718
vn -0.0083 -0.0267 0.9996
vn 0.3185 -0.3980 0.8603
vn 0.5594 -0.6626 0.4980
vn 0.6552 -0.7554 0.0092
vn 0.5829 -0.6543 -0.4819
vn 0.3597 -0.3837 -0.8505
vn -0.3808 0.2736 -0.8832
vn 0.0461 0.0007 -0.9989
vn -0.7086 0.4723 -0.5242
vn -0.8412 0.5405 -0.0173
vn -0.7379 0.4592 0.4946
vn -0.4308 0.2514 0.8667
vn -0.0104 -0.0246 0.9996
vn 0.4074 -0.2930 0.8649
vn 0.7150 -0.4834 0.5051
vn 0.8364 -0.5479 0.0164
vn 0.7424 -0.4709 -0.4765
vn 0.4555 -0.2713 -0.8479
vn -0.4332 0.1789 -0.8834
vn 0.0442 0.0091 -0.9990
vn -0.7961 0.2994 -0.5260
vn -0.9410 0.3377 -0.0226
vn -0.8259 0.2842 0.4870
vn -0.4845 0.1530 0.8613
vn -0.0145 -0.0205 0.9997
vn 0.4553 -0.1890 0.8701
vn 0.8019 -0.3074 0.5123
vn 0.9382 -0.3453 0.0224
vn 0.8307 -0.2930 -0.4734
vn 0.5056 -0.1637 -0.8471
vn -0.4581 0.1032 -0.8829
vn 0.0396 0.0118 -0.9991
vn -0.8337 0.1661 -0.5266
vn -0.9826 0.1839 -0.0258
vn -0.8629 0.1520 0.4819
vn -0.5086 0.0788 0.8574
vn -0.0186 -0.0161 0.9997
vn 0.4738 -0.1072 0.8741
vn 0.8385 -0.1701 0.5177
vn 0.9818 -0.1880 0.0261
vn 0.8674 -0.1564 -0.4723
vn 0.5241 -0.0833 -0.8476
vn -0.4684 0.0491 -0.8821
vn 0.0354 0.0100 -0.9993
vn -0.8470 0.0746 -0.5263
vn -0.9964 0.0800 -0.0274
vn -0.8755 0.0639 0.4789
vn -0.5179 0.0305 0.8549
vn -0.0219 -0.0113 0.9997
vn 0.4784 -0.0503 0.8767
vn 0.8501 -0.0762 0.5211
vn 0.9963 -0.0818 0.0280
vn 0.8789 -0.0656 -0.4725
vn 0.5281 -0.0320 -0.8486
vn -0.4724 0.0128 -0.8813
vn 0.0323 0.0055 -0.9995
vn -0.8506 0.0166 -0.5256
vn -0.9995 0.0159 -0.0278
vn -0.8787 0.0110 0.4773
vn -0.5213 0.0032 0.8534
vn -0.0245 -0.0056 0.9997
vn 0.4779 -0.0131 0.8783
vn 0.8522 -0.0172 0.5230
vn 0.9994 -0.0166 0.0288
vn 0.8809 -0.0116 -0.4732
vn 0.5274 -0.0035 -0.8496
vn -0.4741 -0.0098 -0.8804
vn 0.0302 -0.0009 -0.9995
vn -0.8511 -0.0161 -0.5247
vn -0.9995 -0.0181 -0.0278
vn -0.8791 -0.0151 0.4764
vn -0.5228 -0.0081 0.8524
vn -0.0267 0.0010 0.9996
vn 0.4762 0.0098 0.8793
vn 0.8515 0.0159 0.5241
vn 0.9994 0.0178 0.0290
vn 0.8804 0.0150 -0.4740
vn 0.5259 0.0081 -0.8505
vn -0.4751 -0.0221 -0.8797
vn 0.0287 -0.0087 -0.9996
vn -0.8513 -0.0296 -0.5238
vn -0.9992 -0.0291 -0.0276
vn -0.8793 -0.0208 0.4758
vn -0.5240 -0.0069 0.8517
vn -0.0285 0.0088 0.9996
vn 0.4746 0.0221 0.8799
vn 0.8507 0.0295 0.5248
vn 0.9992 0.0291 0.0290
vn 0.8799 0.0208 -0.4747
vn 0.5247 0.0070 -0.8512
vn -0.4761 -0.0262 -0.8790
vn 0.0275 -0.0177 -0.9995
vn -0.8518 -0.0276 -0.5232
vn -0.9994 -0.0216 -0.0277
vn -0.8799 -0.0098 0.4751
vn -0.5253 0.0045 0.8509
vn -0.0301 0.0177 0.9994
vn 0.4734 0.0261 0.8805
vn 0.8504 0.0276 0.5255
vn 0.9993 0.0217 0.0292
vn 0.8799 0.0099 -0.4751
vn 0.5240 -0.0045 -0.8517
vn -0.4767 -0.0263 -0.8787
vn 0.0268 -0.0225 -0.9994
vn -0.8521 -0.0231 -0.5229
vn -0.9995 -0.0136 -0.0277
vn -0.8802 -0.0006 0.4746
vn -0.5260 0.0126 0.8504
vn -0.0310 0.0225 0.9993
vn 0.4727 0.0263 0.8808
vn 0.8502 0.0232 0.5259
vn 0.9995 0.0137 0.0294
vn 0.8799 0.0006 -0.4752
vn 0.5236 -0.0127 -0.8519
vn -0.0000 0.9996 0.0277
vn -0.0348 0.4897 0.8712
vn 0.0052 -0.0137 0.9999
vn 0.0119 -0.0164 0.9998
vn -0.0817 0.4790 0.8740
vn -0.0645 0.8609 0.5047
vn -0.1522 0.8474 0.5087
vn -0.0766 0.9971 0.0006
vn -0.1809 0.9835 0.0015
vn -0.0684 0.8612 -0.5036
vn -0.1606 0.8473 -0.5062
vn -0.0416 0.4902 -0.8706
vn -0.0964 0.4783 -0.8729
vn -0.0028 -0.0136 -0.9999
vn -0.0050 -0.0180 -0.9998
vn 0.0376 -0.5106 -0.8590
vn 0.0885 -0.5051 -0.8585
vn 0.0682 -0.8679 -0.4920
vn 0.1587 -0.8557 -0.4926
vn 0.0808 -0.9967 0.0007
vn 0.1872 -0.9823 -0.0001
vn 0.0722 -0.8671 0.4929
vn 0.1669 -0.8543 0.4922
vn 0.0445 -0.5099 0.8591
vn 0.1029 -0.5031 0.8581
vn 0.0267 -0.0168 0.9995
vn -0.1849 0.4419 0.8778
vn -0.3464 0.7846 0.5141
vn -0.4125 0.9110 0.0047
vn -0.3642 0.7817 -0.5063
vn -0.2152 0.4362 -0.8737
vn -0.0076 -0.0240 -0.9997
vn 0.2013 -0.4724 -0.8581
vn 0.3563 -0.7934 -0.4935
vn 0.4186 -0.9082 -0.0032
vn 0.3729 -0.7894 0.4877
vn 0.2304 -0.4657 0.8544
vn 0.0403 -0.0103 0.9991
vn -0.2936 0.3698 0.8815
vn -0.5510 0.6524 0.5204
vn -0.6563 0.7545 0.0105
vn -0.5765 0.6443 -0.5025
vn -0.3368 0.3557 -0.8718
vn -0.0083 -0.0267 -0.9996
vn 0.3185 -0.3980 -0.8603
vn 0.5594 -0.6626 -0.4980
vn 0.6552 -0.7554 -0.0092
vn 0.5829 -0.6543 0.4819
vn 0.3597 -0.3837 0.8505
vn 0.0461 0.0007 0.9989
vn -0.3808 0.2736 0.8832
vn -0.7086 0.4723 0.5242
vn -0.8412 0.5405 0.0173
vn -0.7379 0.4592 -0.4946
vn -0.4308 0.2514 -0.8667
vn -0.0104 -0.0246 -0.9996
vn 0.4074 -0.2930 -0.8649
vn 0.7150 -0.4834 -0.5051
vn 0.8364 -0.5479 -0.0164
vn 0.7424 -0.4709 0.4765
vn 0.4555 -0.2713 0.8479
vn 0.0442 0.0091 0.9990
vn -0.4332 0.1789 0.8834
vn -0.7961 0.2994 0.5260
vn -0.9410 0.3377 0.0226
vn -0.8259 0.2842 -0.4870
vn -0.4845 0.1530 -0.8613
vn -0.0145 -0.0205 -0.9997
vn 0.4553 -0.1890 -0.8701
vn 0.8019 -0.3074 -0.5123
vn 0.9382 -0.3453 -0.0224
vn 0.8307 -0.2930 0.4734
vn 0.5056 -0.1637 0.8471
vn 0.0396 0.0118 0.9991
vn -0.4581 0.1032 0.8829
vn -0.8337 0.1661 0.5266
vn -0.9826 0.1839 0.0258
vn -0.8629 0.1520 -0.4819
vn -0.5086 0.0788 -0.8574
vn -0.0186 -0.0161 -0.9997
vn 0.4738 -0.1072 -0.8741
vn 0.8385 -0.1701 -0.5177
vn 0.9818 -0.1880 -0.0261
vn 0.8674 -0.1564 0.4723
vn 0.5241 -0.0833 0.8476
vn 0.0354 0.0100 0.9993
vn -0.4684 0.0491 0.8821
vn -0.8470 0.0746 0.5263
vn -0.9964 0.0800 0.0274
vn -0.8755 0.0639 -0.4789
vn -0.5179 0.0305 -0.8549
vn -0.0219 -0.0113 -0.9997
vn 0.4784 -0.0503 -0.8767
vn 0.8501 -0.0762 -0.5211
vn 0.9963 -0.0818 -0.0280
vn 0.8789 -0.0656 0.4725
vn 0.5281 -0.0320 0.8486
vn 0.0323 0.0055 0.9995
vn -0.4724 0.0128 0.8813
vn -0.8506 0.0166 0.5256
vn -0.9995 0.0159 0.0278
vn -0.8787 0.0110 -0.4773
vn -0.5213 0.0032 -0.8534
vn -0.0245 -0.0056 -0.9997
vn 0.4779 -0.0131 -0.8783
vn 0.8522 -0.0172 -0.5230
vn 0.9994 -0.0166 -0.0288
vn 0.8809 -0.0116 0.4732
vn 0.5274 -0.0035 0.8496
vn 0.0302 -0.0009 0.9995
vn -0.4741 -0.0098 0.8804
vn -0.8511 -0.0161 0.5247
vn -0.9995 -0.0181 0.0278
vn -0.8791 -0.0151 -0.4764
vn -0.5228 -0.0081 -0.8524
vn -0.0267 0.0010 -0.9996
vn 0.4762 0.0098 -0.8793
vn 0.8515 0.0159 -0.5241
vn 0.9994 0.0178 -0.0290
vn 0.8804 0.0150 0.4740
vn 0.5259 0.0081 0.8505
vn 0.0287 -0.0087 0.9996
vn -0.4751 -0.0221 0.8797
vn -0.8513 -0.0296 0.5238
vn -0.9992 -0.0291 0.0276
vn -0.8793 -0.0208 -0.4758
vn -0.5240 -0.0069 -0.8517
vn -0.0285 0.0088 -0.9996
vn 0.4746 0.0221 -0.8799
vn 0.8507 0.0295 -0.5248
vn 0.9992 0.0291 -0.0290
vn 0.8799 0.0208 0.4747
vn 0.5247 0.0070 0.8512
vn 0.0275 -0.0177 0.9995
vn -0.4761 -0.0262 0.8790
vn -0.8518 -0.0276 0.5232
vn -0.9994 -0.0216 0.0277
vn -0.8799 -0.0098 -0.4751
vn -0.5253 0.0045 -0.8509
vn -0.0301 0.0177 -0.9994
vn 0.4734 0.0261 -0.8805
vn 0.8504 0.0276 -0.5255
vn 0.9993 0.0217 -0.0292
vn 0.8799 0.0099 0.4751
vn 0.5240 -0.0045 0.8517
vn 0.0268 -0.0225 0.9994
vn -0.4767 -0.0263 0.8787
vn -0.8521 -0.0231 0.5229
vn -0.9995 -0.0136 0.0277
vn -0.8802 -0.0006 -0.4746
vn -0.5260 0.0126 -0.8504
vn -0.0310 0.0225 -0.9993
vn 0.4727 0.0263 -0.8808
vn 0.8502 0.0232 -0.5259
vn 0.9995 0.0137 -0.0294
vn 0.8799 0.0006 0.4752
vn 0.5236 -0.0127 0.8519
vn -0.0000 -0.0001 -1.0000
vn -0.9625 0.0013 -0.2712
vn 0.3609 -0.8357 -0.4140
vn 0.5336 -0.7874 -0.3087
vn 0.3116 -0.9433 0.1147
vn 0.1835 -0.9828 0.0215
vn 0.4506 -0.4913 -0.7454
vn 0.6208 -0.4334 -0.6533
vn 0.4328 -0.0217 -0.9012
vn 0.5514 0.0316 -0.8337
vn 0.3021 0.4700 -0.8293
vn 0.3392 0.4930 -0.8012
vn 0.0827 0.8460 -0.5267
vn 0.0327 0.8301 -0.5566
vn -0.1636 0.9838 -0.0732
vn -0.2904 0.9440 -0.1565
vn -0.3627 0.8435 0.3963
vn -0.5368 0.7914 0.2923
vn -0.4593 0.4701 0.7537
vn -0.6288 0.4114 0.6599
vn -0.4272 -0.0376 0.9034
vn -0.5398 -0.0829 0.8377
vn -0.2741 -0.5388 0.7966
vn -0.3036 -0.5476 0.7797
vn -0.0474 -0.8834 0.4661
vn 0.0078 -0.8588 0.5122
vn 0.7640 -0.6375 -0.0992
vn 0.4890 -0.8250 0.2832
vn 0.8428 -0.2869 -0.4553
vn 0.7051 0.1392 -0.6953
vn 0.3812 0.5326 -0.7556
vn -0.0494 0.7869 -0.6150
vn -0.4720 0.8268 -0.3061
vn -0.7661 0.6365 0.0889
vn -0.8461 0.2694 0.4600
vn -0.6904 -0.1710 0.7030
vn -0.3471 -0.5621 0.7507
vn 0.0847 -0.7995 0.5947
vn 0.8632 -0.5018 0.0547
vn 0.5662 -0.7142 0.4116
vn 0.9354 -0.1588 -0.3161
vn 0.7630 0.2271 -0.6052
vn 0.3874 0.5551 -0.7360
vn -0.0952 0.7358 -0.6704
vn -0.5549 0.7167 -0.4224
vn -0.8638 0.5006 -0.0578
vn -0.9349 0.1471 0.3229
vn -0.7498 -0.2455 0.6144
vn -0.3624 -0.5699 0.7375
vn 0.1192 -0.7401 0.6618
vn 0.9038 -0.3983 0.1568
vn 0.5993 -0.6235 0.5022
vn 0.9708 -0.0683 -0.2299
vn 0.7816 0.2808 -0.5570
vn 0.3833 0.5566 -0.7371
vn -0.1203 0.6837 -0.7198
vn -0.5931 0.6254 -0.5071
vn -0.9048 0.3963 -0.1557
vn -0.9694 0.0593 0.2381
vn -0.7705 -0.2928 0.5662
vn -0.3649 -0.5647 0.7403
vn 0.1362 -0.6848 0.7159
vn 0.9208 -0.3159 0.2286
vn 0.6146 -0.5424 0.5728
vn 0.9843 -0.0056 -0.1764
vn 0.7865 0.3072 -0.5357
vn 0.3773 0.5390 -0.7531
vn -0.1353 0.6261 -0.7679
vn -0.6124 0.5432 -0.5744
vn -0.9231 0.3124 -0.2243
vn -0.9825 -0.0030 0.1863
vn -0.7762 -0.3165 0.5454
vn -0.3625 -0.5439 0.7568
vn 0.1459 -0.6259 0.7661
vn 0.9275 -0.2416 0.2853
vn 0.6212 -0.4570 0.6366
vn 0.9891 0.0384 -0.1424
vn 0.7871 0.3094 -0.5336
vn 0.3725 0.4984 -0.7828
vn -0.1444 0.5529 -0.8206
vn -0.6229 0.4568 -0.6351
vn -0.9315 0.2362 -0.2767
vn -0.9866 -0.0478 0.1561
vn -0.7758 -0.3176 0.5452
vn -0.3589 -0.5014 0.7872
vn 0.1516 -0.5520 0.8200
vn 0.9278 -0.1617 0.3363
vn 0.6211 -0.3475 0.7025
vn 0.9904 0.0682 -0.1206
vn 0.7879 0.2818 -0.5475
vn 0.3711 0.4205 -0.8279
vn -0.1483 0.4448 -0.8832
vn -0.6277 0.3470 -0.6968
vn -0.9348 0.1542 -0.3200
vn -0.9866 -0.0791 0.1426
vn -0.7732 -0.2891 0.5645
vn -0.3561 -0.4209 0.8343
vn 0.1526 -0.4418 0.8840
vn 0.9207 -0.0532 0.3866
vn 0.6101 -0.1736 0.7731
vn 0.9908 0.0840 -0.1058
vn 0.7936 0.2030 -0.5736
vn 0.3774 0.2695 -0.8860
vn -0.1439 0.2611 -0.9545
vn -0.6258 0.1783 -0.7593
vn -0.9341 0.0466 -0.3540
vn -0.9848 -0.0938 0.1464
vn -0.7712 -0.2048 0.6028
vn -0.3582 -0.2601 0.8967
vn 0.1444 -0.2485 0.9578
vn 0.9015 0.1245 0.4145
vn 0.5796 0.1359 0.8035
vn 0.9926 0.0828 -0.0891
vn 0.8153 0.0250 -0.5785
vn 0.4062 -0.0341 -0.9131
vn -0.1213 -0.0860 -0.9889
vn -0.6140 -0.1191 -0.7803
vn -0.9288 -0.1158 -0.3521
vn -0.9837 -0.0726 0.1646
vn -0.7786 -0.0061 0.6275
vn -0.3780 0.0616 0.9238
vn 0.1148 0.1130 0.9869
vn 0.8741 0.3543 0.3322
vn 0.5339 0.5498 0.6424
vn 0.9956 0.0666 -0.0664
vn 0.8549 -0.2450 -0.4572
vn 0.4660 -0.4978 -0.7315
vn -0.0746 -0.6072 -0.7910
vn -0.5881 -0.5315 -0.6096
vn -0.9161 -0.3052 -0.2601
vn -0.9889 -0.0033 0.1483
vn -0.8074 0.2940 0.5116
vn -0.4251 0.5152 0.7442
vn 0.0620 0.6080 0.7915
vn 0.8602 0.4882 0.1473
vn 0.5021 0.8125 0.2963
vn 0.9987 0.0294 -0.0415
vn 0.8670 -0.4485 -0.2172
vn 0.4888 -0.8081 -0.3287
vn -0.0307 -0.9371 -0.3478
vn -0.5403 -0.7963 -0.2720
vn -0.8935 -0.4331 -0.1187
vn -0.9967 0.0403 0.0704
vn -0.8358 0.4931 0.2414
vn -0.4642 0.8139 0.3494
vn 0.0212 0.9292 0.3691
vn 0.8606 0.5064 0.0544
vn 0.4951 0.8611 0.1153
vn 0.9998 0.0059 -0.0204
vn 0.8615 -0.5003 -0.0867
vn 0.4860 -0.8647 -0.1264
vn -0.0189 -0.9910 -0.1322
vn -0.5204 -0.8476 -0.1038
vn -0.8823 -0.4685 -0.0457
vn -0.9988 0.0405 0.0282
vn -0.8426 0.5299 0.0961
vn -0.4720 0.8706 0.1388
vn 0.0115 0.9893 0.1457
vn -0.0000 -0.0001 1.0000
vn -0.9625 0.0013 0.2712
vn 0.3609 -0.8357 0.4140
vn 0.1835 -0.9828 -0.0215
vn 0.3116 -0.9433 -0.1147
vn 0.5336 -0.7874 0.3087
vn 0.4506 -0.4913 0.7454
vn 0.6208 -0.4334 0.6533
vn 0.4328 -0.0217 0.9012
vn 0.5514 0.0316 0.8337
vn 0.3021 0.4700 0.8293
vn 0.3392 0.4930 0.8012
vn 0.0827 0.8460 0.5267
vn 0.0327 0.8301 0.5566
vn -0.1636 0.9838 0.0732
vn -0.2904 0.9440 0.1565
vn -0.3627 0.8435 -0.3963
vn -0.5368 0.7914 -0.2923
vn -0.4593 0.4701 -0.7537
vn -0.6288 0.4114 -0.6599
vn -0.4272 -0.0376 -0.9034
vn -0.5398 -0.0829 -0.8377
vn -0.2741 -0.5388 -0.7966
vn -0.3036 -0.5476 -0.7797
vn -0.0474 -0.8834 -0.4661
vn 0.0078 -0.8588 -0.5122
vn 0.4890 -0.8250 -0.2832
vn 0.7640 -0.6375 0.0992
vn 0.8428 -0.2869 0.4553
vn 0.7051 0.1392 0.6953
vn 0.3812 0.5326 0.7556
vn -0.0494 0.7869 0.6150
vn -0.4720 0.8268 0.3061
vn -0.7661 0.6365 -0.0889
vn -0.8461 0.2694 -0.4600
vn -0.6904 -0.1710 -0.7030
vn -0.3471 -0.5621 -0.7507
vn 0.0847 -0.7995 -0.5947
vn 0.5662 -0.7142 -0.4116
vn 0.8632 -0.5018 -0.0547
vn 0.9354 -0.1588 0.3161
vn 0.7630 0.2271 0.6052
vn 0.3874 0.5551 0.7360
vn -0.0952 0.7358 0.6704
vn -0.5549 0.7167 0.4224
vn -0.8638 0.5006 0.0578
vn -0.9349 0.1471 -0.3229
vn -0.7498 -0.2455 -0.6144
vn -0.3624 -0.5699 -0.7375
vn 0.1192 -0.7401 -0.6618
vn 0.5993 -0.6235 -0.5022
vn 0.9038 -0.3983 -0.1568
vn 0.9708 -0.0683 0.2299
vn 0.7816 0.2808 0.5570
vn 0.3833 0.5566 0.7371
vn -0.1203 0.6837 0.7198
vn -0.5931 0.6254 0.5071
vn -0.9048 0.3963 0.1557
vn -0.9694 0.0593 -0.2381
vn -0.7705 -0.2928 -0.5662
vn -0.3649 -0.5647 -0.7403
vn 0.1362 -0.6848 -0.7159
vn 0.6146 -0.5424 -0.5728
vn 0.9208 -0.3159 -0.2286
vn 0.9843 -0.0056 0.1764
vn 0.7865 0.3072 0.5357
vn 0.3773 0.5390 0.7531
vn -0.1353 0.6261 0.7679
vn -0.6124 0.5432 0.5744
vn -0.9231 0.3124 0.2243
vn -0.9825 -0.0030 -0.1863
vn -0.7762 -0.3165 -0.5454
vn -0.3625 -0.5439 -0.7568
vn 0.1459 -0.6259 -0.7661
vn 0.6212 -0.4570 -0.6366
vn 0.9275 -0.2416 -0.2853
vn 0.9891 0.0384 0.1424
vn 0.7871 0.3094 0.5336
vn 0.3725 0.4984 0.7828
vn -0.1444 0.5529 0.8206
vn -0.6229 0.4568 0.6351
vn -0.9315 0.2362 0.2767
vn -0.9866 -0.0478 -0.1561
vn -0.7758 -0.3176 -0.5452
vn -0.3589 -0.5014 -0.7872
vn 0.1516 -0.5520 -0.8200
vn 0.6211 -0.3475 -0.7025
vn 0.9278 -0.1617 -0.3363
vn 0.9904 0.0682 0.1206
vn 0.7879 0.2818 0.5475
vn 0.3711 0.4205 0.8279
vn -0.1483 0.4448 0.8832
vn -0.6277 0.3470 0.6968
vn -0.9348 0.1542 0.3200
vn -0.9866 -0.0791 -0.1426
vn -0.7732 -0.2891 -0.5645
vn -0.3561 -0.4209 -0.8343
vn 0.1526 -0.4418 -0.8840
vn 0.6101 -0.1736 -0.7731
vn 0.9207 -0.0532 -0.3866
vn 0.9908 0.0840 0.1058
vn 0.7936 0.2030 0.5736
vn 0.3774 0.2695 0.8860
vn -0.1439 0.2611 0.9545
vn -0.6258 0.1783 0.7593
vn -0.9341 0.0466 0.3540
vn -0.9848 -0.0938 -0.1464
vn -0.7712 -0.2048 -0.6028
vn -0.3582 -0.2601 -0.8967
vn 0.1444 -0.2485 -0.9578
vn 0.5796 0.1359 -0.8035
vn 0.9015 0.1245 -0.4145
vn 0.9926 0.0828 0.0891
vn 0.8153 0.0250 0.5785
vn 0.4062 -0.0341 0.9131
vn -0.1213 -0.0860 0.9889
vn -0.6140 -0.1191 0.7803
vn -0.9288 -0.1158 0.3521
vn -0.9837 -0.0726 -0.1646
vn -0.7786 -0.0061 -0.6275
vn -0.3780 0.0616 -0.9238
vn 0.1148 0.1130 -0.9869
vn 0.5339 0.5498 -0.6424
vn 0.8741 0.3543 -0.3322
vn 0.9956 0.0666 0.0664
vn 0.8549 -0.2450 0.4572
vn 0.4660 -0.4978 0.7315
vn -0.0746 -0.6072 0.7910
vn -0.5881 -0.5315 0.6096
vn -0.9161 -0.3052 0.2601
vn -0.9889 -0.0033 -0.1483
vn -0.8074 0.2940 -0.5116
vn -0.4251 0.5152 -0.7442
vn 0.0620 0.6080 -0.7915
vn 0.5021 0.8125 -0.2963
vn 0.8602 0.4882 -0.1473
vn 0.9987 0.0294 0.0415
vn 0.8670 -0.4485 0.2172
vn 0.4888 -0.8081 0.3287
vn -0.0307 -0.9371 0.3478
vn -0.5403 -0.7963 0.2720
vn -0.8935 -0.4331 0.1187
vn -0.9967 0.0403 -0.0704
vn -0.8358 0.4931 -0.2414
vn -0.4642 0.8139 -0.3494
vn 0.0212 0.9292 -0.3691
vn 0.4951 0.8611 -0.1153
vn 0.8606 0.5064 -0.0544
vn 0.9998 0.0059 0.0204
vn 0.8615 -0.5003 0.0867
vn 0.4860 -0.8647 0.1264
vn -0.0189 -0.9910 0.1322
vn -0.5204 -0.8476 0.1038
vn -0.8823 -0.4685 0.0457
vn -0.9988 0.0405 -0.0282
vn -0.8426 0.5299 -0.0961
vn -0.4720 0.8706 -0.1388
vn 0.0115 0.9893 -0.1457
vn 0.4255 0.0980 -0.8996
vn 0.3771 -0.4714 -0.7972
vn 0.3305 -0.6344 -0.6988
vn 0.2713 -0.7730 -0.5735
vn 0.2016 -0.8819 -0.4261
vn 0.1241 -0.9569 -0.2624
vn 0.0419 -0.9952 -0.0886
vn -0.0419 -0.9952 0.0886
vn -0.1241 -0.9569 0.2624
vn -0.2016 -0.8819 0.4261
vn -0.2713 -0.7730 0.5735
vn -0.3305 -0.6344 0.6988
vn -0.3771 -0.4714 0.7972
vn -0.4092 -0.2903 0.8650
vn -0.4255 -0.0980 0.8996
vn -0.4255 0.0980 0.8996
vn -0.4092 0.2903 0.8650
vn -0.3771 0.4714 0.7972
vn -0.3305 0.6344 0.6988
vn -0.2713 0.7730 0.5735
vn -0.2016 0.8819 0.4261
vn -0.1241 0.9569 0.2624
vn -0.0419 0.9952 0.0886
vn 0.0419 0.9952 -0.0886
vn 0.1241 0.9569 -0.2624
vn 0.2016 0.8819 -0.4261
vn 0.2713 0.7730 -0.5735
vn 0.3305 0.6344 -0.6988
vn 0.3771 0.4714 -0.7972
vn 0.4092 0.2903 -0.8650
vn 0.4255 -0.0980 -0.8996
vn 0.4092 -0.2903 -0.8650
vn -0.9040 -0.0000 -0.4276
vn 0.9960 -0.0486 -0.0753
vn 0.9879 -0.1441 -0.0581
vn 0.9719 -0.2340 -0.0245
vn 0.9488 -0.3149 0.0244
vn 0.9194 -0.3837 0.0866
vn 0.8848 -0.4377 0.1597
vn 0.8464 -0.4749 0.2410
vn 0.8056 -0.4939 0.3272
vn 0.7640 -0.4939 0.4152
vn 0.7232 -0.4749 0.5015
vn 0.6847 -0.4377 0.5827
vn 0.6501 -0.3837 0.6558
vn 0.6207 -0.3149 0.7180
vn 0.5976 -0.2340 0.7669
vn 0.5817 -0.1441 0.8005
vn 0.5736 -0.0486 0.8177
vn 0.5736 0.0486 0.8177
vn 0.5817 0.1441 0.8006
vn 0.5976 0.2340 0.7669
vn 0.6207 0.3149 0.7180
vn 0.6501 0.3837 0.6558
vn 0.6847 0.4377 0.5827
vn 0.7232 0.4749 0.5015
vn 0.7640 0.4939 0.4152
vn 0.8056 0.4939 0.3273
vn 0.8464 0.4749 0.2410
vn 0.8848 0.4377 0.1597
vn 0.9194 0.3837 0.0866
vn 0.9488 0.3149 0.0244
vn 0.9719 0.2340 -0.0244
vn 0.9879 0.1441 -0.0581
vn 0.9960 0.0486 -0.0753
vn 0.9040 -0.0000 0.4276
vn 0.4255 0.0980 0.8996
vn 0.3771 -0.4714 0.7972
vn 0.3305 -0.6344 0.6988
vn 0.2713 -0.7730 0.5735
vn 0.2016 -0.8819 0.4261
vn 0.1241 -0.9569 0.2624
vn 0.0419 -0.9952 0.0886
vn -0.0419 -0.9952 -0.0886
vn -0.1241 -0.9569 -0.2624
vn -0.2016 -0.8819 -0.4261
vn -0.2713 -0.7730 -0.5735
vn -0.3305 -0.6344 -0.6988
vn -0.3771 -0.4714 -0.7972
vn -0.4092 -0.2903 -0.8650
vn -0.4255 -0.0980 -0.8996
vn -0.4255 0.0980 -0.8996
vn -0.4092 0.2903 -0.8650
vn -0.3771 0.4714 -0.7972
vn -0.3305 0.6344 -0.6988
vn -0.2713 0.7730 -0.5735
vn -0.2016 0.8819 -0.4261
vn -0.1241 0.9569 -0.2624
vn -0.0419 0.9952 -0.0886
vn 0.0419 0.9952 0.0886
vn 0.1241 0.9569 0.2624
vn 0.2016 0.8819 0.4261
vn 0.2713 0.7730 0.5735
vn 0.3305 0.6344 0.6988
vn 0.3771 0.4714 0.7972
vn 0.4092 0.2903 0.8650
vn 0.4255 -0.0980 0.8996
vn 0.4092 -0.2903 0.8650
vn -0.9040 -0.0000 0.4276
vn 0.9960 -0.0486 0.0753
vn 0.9879 -0.1441 0.0581
vn 0.9719 -0.2340 0.0245
vn 0.9488 -0.3149 -0.0244
vn 0.9194 -0.3837 -0.0866
vn 0.8848 -0.4377 -0.1597
vn 0.8464 -0.4749 -0.2410
vn 0.8056 -0.4939 -0.3272
vn 0.7640 -0.4939 -0.4152
vn 0.7232 -0.4749 -0.5015
vn 0.6847 -0.4377 -0.5827
vn 0.6501 -0.3837 -0.6558
vn 0.6207 -0.3149 -0.7180
vn 0.5976 -0.2340 -0.7669
vn 0.5817 -0.1441 -0.8006
vn 0.5736 -0.0486 -0.8177
vn 0.5736 0.0486 -0.8177
vn 0.5817 0.1441 -0.8006
vn 0.5976 0.2340 -0.7669
vn 0.6207 0.3149 -0.7180
vn 0.6501 0.3837 -0.6558
vn 0.6847 0.4377 -0.5827
vn 0.7232 0.4749 -0.5015
vn 0.7640 0.4939 -0.4152
vn 0.8056 0.4939 -0.3273
vn 0.8464 0.4749 -0.2410
vn 0.8848 0.4377 -0.1597
vn 0.9194 0.3837 -0.0866
vn 0.9488 0.3149 -0.0244
vn 0.9719 0.2340 0.0244
vn 0.9879 0.1441 0.0581
vn 0.9960 0.0486 0.0753
vn 0.9040 -0.0000 -0.4276
vn 0.0980 -0.9952 -0.0000
vn -0.4714 -0.8819 -0.0000
vn -0.6344 -0.7730 -0.0000
vn -0.7730 -0.6344 -0.0000
vn -0.8819 -0.4714 -0.0000
vn -0.9569 -0.2903 -0.0000
vn -0.9952 -0.0980 -0.0000
vn -0.9952 0.0980 -0.0000
vn -0.9569 0.2903 -0.0000
vn -0.8819 0.4714 -0.0000
vn -0.7730 0.6344 -0.0000
vn -0.6344 0.7730 -0.0000
vn -0.4714 0.8819 -0.0000
vn -0.2903 0.9569 -0.0000
vn -0.0980 0.9952 -0.0000
vn 0.0980 0.9952 -0.0000
vn 0.2903 0.9569 -0.0000
vn 0.4714 0.8819 -0.0000
vn 0.6344 0.7730 -0.0000
vn 0.7730 0.6344 -0.0000
vn 0.8819 0.4714 -0.0000
vn 0.9569 0.2903 -0.0000
vn 0.9952 0.0980 -0.0000
vn 0.9952 -0.0980 -0.0000
vn 0.9569 -0.2903 -0.0000
vn 0.8819 -0.4714 -0.0000
vn 0.7730 -0.6344 -0.0000
vn 0.6344 -0.7730 -0.0000
vn 0.4714 -0.8819 -0.0000
vn 0.2903 -0.9569 -0.0000
vn -0.0980 -0.9952 -0.0000
vn -0.2903 -0.9569 -0.0000
vn -0.0486 -0.4939 0.8681
vn -0.1441 -0.4749 0.8681
vn -0.2340 -0.4377 0.8681
vn -0.3149 -0.3837 0.8681
vn -0.3837 -0.3149 0.8681
vn -0.4377 -0.2340 0.8681
vn -0.4749 -0.1441 0.8681
vn -0.4939 -0.0487 0.8681
vn -0.4939 0.0486 0.8681
vn -0.4749 0.1441 0.8681
vn -0.4377 0.2340 0.8681
vn -0.3837 0.3149 0.8681
vn -0.3149 0.3837 0.8681
vn -0.2340 0.4377 0.8681
vn -0.1441 0.4749 0.8681
vn -0.0486 0.4939 0.8681
vn 0.0486 0.4939 0.8681
vn 0.1441 0.4749 0.8681
vn 0.2340 0.4377 0.8681
vn 0.3149 0.3837 0.8681
vn 0.3837 0.3149 0.8681
vn 0.4377 0.2340 0.8681
vn 0.4749 0.1441 0.8681
vn 0.4939 0.0486 0.8681
vn 0.4939 -0.0486 0.8681
vn 0.4749 -0.1441 0.8681
vn 0.4377 -0.2340 0.8681
vn 0.3837 -0.3149 0.8681
vn 0.3149 -0.3837 0.8681
vn 0.2340 -0.4377 0.8681
vn 0.1441 -0.4749 0.8681
vn 0.0486 -0.4939 0.8681
vn -0.0486 -0.4939 -0.8681
vn -0.1441 -0.4749 -0.8681
vn -0.2340 -0.4377 -0.8681
vn -0.3149 -0.3837 -0.8681
vn -0.3837 -0.3149 -0.8681
vn -0.4377 -0.2340 -0.8681
vn -0.4749 -0.1441 -0.8681
vn -0.4939 -0.0487 -0.8681
vn -0.4939 0.0486 -0.8681
vn -0.4749 0.1441 -0.8681
vn -0.4377 0.2340 -0.8681
vn -0.3837 0.3149 -0.8681
vn -0.3149 0.3837 -0.8681
vn -0.2340 0.4377 -0.8681
vn -0.1441 0.4749 -0.8681
vn -0.0486 0.4939 -0.8681
vn 0.0486 0.4939 -0.8681
vn 0.1441 0.4749 -0.8681
vn 0.2340 0.4377 -0.8681
vn 0.3149 0.3837 -0.8681
vn 0.3837 0.3149 -0.8681
vn 0.4377 0.2340 -0.8681
vn 0.4749 0.1441 -0.8681
vn 0.4939 0.0486 -0.8681
vn 0.4939 -0.0486 -0.8681
vn 0.4749 -0.1441 -0.8681
vn 0.4377 -0.2340 -0.8681
vn 0.3837 -0.3149 -0.8681
vn 0.3149 -0.3837 -0.8681
vn 0.2340 -0.4377 -0.8681
vn 0.1441 -0.4749 -0.8681
vn 0.0486 -0.4939 -0.8681
vn 0.0980 -0.0000 -0.9952
vn -0.4714 -0.0000 -0.8819
vn -0.6344 -0.0000 -0.7730
vn -0.7730 -0.0000 -0.6344
vn -0.8819 -0.0000 -0.4714
vn -0.9569 -0.0000 -0.2903
vn -0.9952 -0.0000 -0.0980
vn -0.9952 -0.0000 0.0980
vn -0.9569 -0.0000 0.2903
vn -0.8819 -0.0000 0.4714
vn -0.7730 -0.0000 0.6344
vn -0.6344 -0.0000 0.7730
vn -0.4714 -0.0000 0.8819
vn -0.2903 -0.0000 0.9569
vn -0.0980 -0.0000 0.9952
vn 0.0980 -0.0000 0.9952
vn 0.2903 -0.0000 0.9569
vn 0.4714 -0.0000 0.8819
vn 0.6344 -0.0000 0.7730
vn 0.7730 -0.0000 0.6344
vn 0.8819 -0.0000 0.4714
vn 0.9569 -0.0000 0.2903
vn 0.9952 -0.0000 0.0980
vn 0.9952 -0.0000 -0.0980
vn 0.9569 -0.0000 -0.2903
vn 0.8819 -0.0000 -0.4714
vn 0.7730 -0.0000 -0.6344
vn 0.6344 -0.0000 -0.7730
vn 0.4714 -0.0000 -0.8819
vn 0.2903 -0.0000 -0.9569
vn -0.0980 -0.0000 -0.9952
vn -0.2903 -0.0000 -0.9569
vn -0.0486 -0.8681 -0.4939
vn -0.1441 -0.8681 -0.4749
vn -0.2340 -0.8681 -0.4377
vn -0.3149 -0.8681 -0.3837
vn -0.3837 -0.8681 -0.3149
vn -0.4377 -0.8681 -0.2340
vn -0.4749 -0.8681 -0.1441
vn -0.4939 -0.8681 -0.0486
vn -0.4939 -0.8681 0.0486
vn -0.4749 -0.8681 0.1441
vn -0.4377 -0.8681 0.2340
vn -0.3837 -0.8681 0.3149
vn -0.3149 -0.8681 0.3837
vn -0.2340 -0.8681 0.4377
vn -0.1441 -0.8681 0.4749
vn -0.0486 -0.8681 0.4939
vn 0.0486 -0.8681 0.4939
vn 0.1441 -0.8681 0.4749
vn 0.2340 -0.8681 0.4377
vn 0.3149 -0.8681 0.3837
vn 0.3836 -0.8681 0.3149
vn 0.4377 -0.8681 0.2340
vn 0.4749 -0.8681 0.1441
vn 0.4939 -0.8681 0.0486
vn 0.4939 -0.8681 -0.0486
vn 0.4749 -0.8681 -0.1441
vn 0.4377 -0.8681 -0.2340
vn 0.3837 -0.8681 -0.3149
vn 0.3149 -0.8681 -0.3837
vn 0.2340 -0.8681 -0.4377
vn 0.1441 -0.8681 -0.4749
vn 0.0486 -0.8681 -0.4939
vn 0.3837 -0.8681 0.3149
vn -0.0000 0.0980 -0.9952
vn -0.0000 -0.4714 -0.8819
vn -0.0000 -0.6344 -0.7730
vn -0.0000 -0.7730 -0.6344
vn -0.0000 -0.8819 -0.4714
vn -0.0000 -0.9569 -0.2903
vn -0.0000 -0.9952 -0.0980
vn -0.0000 -0.9952 0.0980
vn -0.0000 -0.9569 0.2903
vn -0.0000 -0.8819 0.4714
vn -0.0000 -0.7730 0.6344
vn -0.0000 -0.6344 0.7730
vn -0.0000 -0.4714 0.8819
vn -0.0000 -0.2903 0.9569
vn -0.0000 -0.0980 0.9952
vn -0.0000 0.0980 0.9952
vn -0.0000 0.2903 0.9569
vn -0.0000 0.4714 0.8819
vn -0.0000 0.6344 0.7730
vn -0.0000 0.7730 0.6344
vn -0.0000 0.8819 0.4714
vn -0.0000 0.9569 0.2903
vn -0.0000 0.9952 0.0980
vn -0.0000 0.9952 -0.0980
vn -0.0000 0.9569 -0.2903
vn -0.0000 0.8819 -0.4714
vn -0.0000 0.7730 -0.6344
vn -0.0000 0.6344 -0.7730
vn -0.0000 0.4714 -0.8819
vn -0.0000 0.2903 -0.9569
vn -0.0000 -0.0980 -0.9952
vn -0.0000 -0.2903 -0.9569
vn 0.8681 -0.0486 -0.4939
vn 0.8681 -0.1441 -0.4749
vn 0.8681 -0.2340 -0.4377
vn 0.8681 -0.3149 -0.3837
vn 0.8681 -0.3837 -0.3149
vn 0.8681 -0.4377 -0.2340
vn 0.8681 -0.4749 -0.1441
vn 0.8681 -0.4939 -0.0486
vn 0.8681 -0.4939 0.0486
vn 0.8681 -0.4749 0.1441
vn 0.8681 -0.4377 0.2340
vn 0.8681 -0.3837 0.3149
vn 0.8681 -0.3149 0.3837
vn 0.8681 -0.2340 0.4377
vn 0.8681 -0.1441 0.4749
vn 0.8681 -0.0486 0.4939
vn 0.8681 0.0486 0.4939
vn 0.8681 0.1441 0.4749
vn 0.8681 0.2340 0.4377
vn 0.8681 0.3149 0.3837
vn 0.8681 0.3837 0.3149
vn 0.8681 0.4377 0.2340
vn 0.8681 0.4749 0.1441
vn 0.8681 0.4939 0.0486
vn 0.8681 0.4939 -0.0486
vn 0.8681 0.4749 -0.1441
vn 0.8681 0.4377 -0.2340
vn 0.8681 0.3837 -0.3149
vn 0.8681 0.3149 -0.3837
vn 0.8681 0.2340 -0.4377
vn 0.8681 0.1441 -0.4749
vn 0.8681 0.0486 -0.4939
vn 0.8681 -0.4939 -0.0487
vn 0.9027 -0.0000 0.4302
vn 0.6383 0.7071 0.3042
vn 0.6383 -0.7071 0.3042
vn 0.9027 -0.0000 -0.4302
vn 0.6383 0.7071 -0.3042
vn 0.6383 -0.7071 -0.3042
vn -0.0000 -0.2979 -0.9546
vn -0.0000 0.2924 0.9563
vn -0.0000 -0.5714 -0.8206
vn -0.0000 0.2960 0.9552
vn -0.0000 -1.0000 0.0029
vn -0.0000 0.9998 -0.0196
vt 0.395532 0.638889
vt 0.604468 0.638889
vt 0.604468 0.666667
vt 0.395532 0.666667
vt 0.395532 0.083333
vt 0.604468 0.083333
vt 0.604468 0.111111
vt 0.395532 0.111111
vt 0.127703 0.611111
vt 0.372056 0.611111
vt 0.372056 0.638889
vt 0.127703 0.638889
vt 0.852809 0.509366
vt 0.867589 0.528045
vt 0.867589 0.583333
vt 0.604468 0.769121
vt 0.395532 0.769121
vt 0.395532 0.725835
vt 0.604468 0.725835
vt 0.395532 0.583333
vt 0.604468 0.583333
vt 0.604468 0.611111
vt 0.395532 0.611111
vt 0.867589 0.721955
vt 0.852809 0.740634
vt 0.395532 0.138889
vt 0.604468 0.138889
vt 0.604468 0.166667
vt 0.395532 0.166667
vt 0.127567 0.666667
vt 0.372103 0.666667
vt 0.372115 0.724893
vt 0.354816 0.746756
vt 0.145184 0.746756
vt 0.127567 0.724491
vt 0.604468 0.666667
vt 0.604468 0.269121
vt 0.395532 0.269121
vt 0.395532 0.225835
vt 0.604468 0.225835
vt 0.127567 0.525509
vt 0.145184 0.503244
vt 0.354816 0.503244
vt 0.372115 0.525107
vt 0.372103 0.583333
vt 0.127567 0.583333
vt 0.395532 0.024165
vt 0.604468 0.024165
vt 0.647191 0.509366
vt 0.395532 0.524165
vt 0.604468 0.524165
vt 0.395532 0.583333
vt 0.395532 0.000000
vt 0.604468 0.000000
vt 0.604468 0.024165
vt 0.604468 0.166667
vt 0.633047 0.639452
vt 0.633047 0.610548
vt 0.560052 0.274673
vt 0.560052 0.475327
vt 0.439948 0.774673
vt 0.560052 0.774673
vt 0.604468 0.524165
vt 0.395532 0.480879
vt 0.604468 0.480879
vt 0.127703 0.638889
vt 0.372056 0.638889
vt 0.125000 0.666667
vt 0.125000 0.638889
vt 0.625000 0.138889
vt 0.625000 0.166667
vt 0.372056 0.611111
vt 0.627944 0.638889
vt 0.627897 0.666667
vt 0.127567 0.583333
vt 0.127703 0.611111
vt 0.125000 0.611111
vt 0.125000 0.583333
vt 0.625000 0.083333
vt 0.625000 0.111111
vt 0.625000 0.111135
vt 0.625000 0.138865
vt 0.627897 0.583333
vt 0.627944 0.611111
vt 0.144121 0.750000
vt 0.125000 0.725835
vt 0.625000 0.000950
vt 0.625000 0.023215
vt 0.625000 0.227537
vt 0.625000 0.267419
vt 0.125000 0.524165
vt 0.144121 0.500000
vt 0.625000 0.482581
vt 0.625000 0.521743
vt 0.355879 0.500000
vt 0.375000 0.524165
vt 0.625000 0.728257
vt 0.625000 0.767419
vt 0.375000 0.725835
vt 0.355879 0.750000
vt 0.625000 0.025509
vt 0.625000 0.770184
vt 0.625000 0.979816
vt 0.604468 0.980879
vt 0.627885 0.724893
vt 0.625000 0.270184
vt 0.625000 0.479816
vt 0.625000 0.224491
vt 0.627885 0.525107
vt 0.867193 0.611065
vt 0.872433 0.583333
vt 0.872297 0.611111
vt 0.632742 0.669465
vt 0.867589 0.666667
vt 0.867193 0.638935
vt 0.872297 0.638889
vt 0.872433 0.666667
vt 0.872297 0.611111
vt 0.872297 0.638889
vt 0.632742 0.580535
vt 0.872433 0.724491
vt 0.854816 0.746756
vt 0.854816 0.503244
vt 0.872433 0.525509
vt 0.632730 0.527642
vt 0.645184 0.503244
vt 0.632730 0.722358
vt 0.647191 0.740634
vt 0.645184 0.746756
vt 0.872433 0.583333
vt 0.866864 0.611062
vt 0.866864 0.638938
vt 0.867276 0.666667
vt 0.867276 0.721791
vt 0.647321 0.740238
vt 0.633043 0.722194
vt 0.633054 0.669646
vt 0.633377 0.639488
vt 0.867276 0.583333
vt 0.633054 0.580354
vt 0.633377 0.610512
vt 0.852679 0.740238
vt 0.867276 0.528209
vt 0.852679 0.509762
vt 0.647321 0.509762
vt 0.633043 0.527806
vt 0.637143 0.529951
vt 0.649019 0.514943
vt 0.637154 0.577985
vt 0.863176 0.583333
vt 0.862545 0.611022
vt 0.850981 0.514943
vt 0.863176 0.530355
vt 0.637695 0.639962
vt 0.637154 0.672015
vt 0.863176 0.666667
vt 0.862545 0.638978
vt 0.637695 0.610038
vt 0.850981 0.735057
vt 0.863176 0.719645
vt 0.637143 0.720048
vt 0.649019 0.735057
vt 0.637629 0.530206
vt 0.649220 0.515558
vt 0.637640 0.577705
vt 0.862690 0.583333
vt 0.862033 0.611017
vt 0.850780 0.515558
vt 0.862690 0.530609
vt 0.638207 0.640018
vt 0.637640 0.672295
vt 0.862690 0.666667
vt 0.862033 0.638983
vt 0.638207 0.609982
vt 0.850780 0.734442
vt 0.862690 0.719391
vt 0.637629 0.719794
vt 0.649220 0.734442
vt 0.848675 0.521978
vt 0.857609 0.533269
vt 0.857609 0.583333
vt 0.857609 0.716731
vt 0.848675 0.728022
vt 0.750000 0.521978
vt 0.643559 0.619799
vt 0.643559 0.609397
vt 0.856682 0.610966
vt 0.643559 0.640603
vt 0.642720 0.675230
vt 0.857609 0.666667
vt 0.856682 0.639034
vt 0.856682 0.620322
vt 0.862033 0.620339
vt 0.642720 0.574770
vt 0.643559 0.630201
vt 0.638207 0.630006
vt 0.651325 0.521978
vt 0.642710 0.532864
vt 0.642710 0.717135
vt 0.651325 0.728022
vt 0.750000 0.728022
vt 0.750000 0.734442
vt 0.700662 0.521978
vt 0.699610 0.515558
vt 0.703620 0.709976
vt 0.657239 0.709976
vt 0.703620 0.709976
vt 0.841641 0.629727
vt 0.841641 0.639182
vt 0.841641 0.629727
vt 0.843330 0.666667
vt 0.843330 0.709256
vt 0.656991 0.709662
vt 0.856682 0.629678
vt 0.700662 0.728022
vt 0.841641 0.610818
vt 0.843330 0.583333
vt 0.658600 0.642233
vt 0.656997 0.683479
vt 0.841641 0.620273
vt 0.656997 0.566521
vt 0.658600 0.607767
vt 0.658600 0.630744
vt 0.643559 0.630201
vt 0.842761 0.709976
vt 0.843330 0.540744
vt 0.842761 0.540024
vt 0.657239 0.540024
vt 0.656991 0.540337
vt 0.750000 0.709976
vt 0.703620 0.540024
vt 0.703620 0.540024
vt 0.750000 0.540024
vt 0.667538 0.620085
vt 0.667538 0.610256
vt 0.667538 0.620085
vt 0.750000 0.709976
vt 0.658600 0.619256
vt 0.750000 0.540024
vt 0.832702 0.612826
vt 0.667538 0.639744
vt 0.832702 0.637174
vt 0.832702 0.620942
vt 0.667538 0.629915
vt 0.832702 0.629058
vt 0.832702 0.629058
vt 0.823534 0.628558
vt 0.823534 0.635673
vt 0.823534 0.628558
vt 0.832702 0.637174
vt 0.827109 0.613740
vt 0.673132 0.611420
vt 0.673132 0.638580
vt 0.827109 0.636260
vt 0.827109 0.621247
vt 0.832702 0.620942
vt 0.673132 0.629526
vt 0.667538 0.639744
vt 0.667538 0.629915
vt 0.823534 0.614327
vt 0.676706 0.612162
vt 0.676706 0.637838
vt 0.823534 0.621442
vt 0.676706 0.629279
vt 0.821279 0.628434
vt 0.821279 0.635302
vt 0.676706 0.620721
vt 0.676706 0.620721
vt 0.821279 0.614698
vt 0.678961 0.612629
vt 0.678961 0.637371
vt 0.821279 0.621566
vt 0.678961 0.629124
vt 0.676706 0.629279
vt 0.678961 0.629124
vt 0.678961 0.620876
vt 0.678961 0.620876
vt 0.699610 0.734442
vt 0.750000 0.515558
vt 0.678961 0.623625
vt 0.678961 0.623625
vt 0.678961 0.626374
vt 0.821279 0.626145
vt 0.678961 0.626375
vt 0.676706 0.626427
vt 0.821279 0.623855
vt 0.823534 0.623814
vt 0.676706 0.623573
vt 0.676706 0.623574
vt 0.821279 0.626145
vt 0.673132 0.620473
vt 0.676706 0.626426
vt 0.673132 0.626509
vt 0.827109 0.628753
vt 0.823534 0.623814
vt 0.827109 0.623749
vt 0.667538 0.626638
vt 0.832702 0.623647
vt 0.823534 0.626186
vt 0.823534 0.626186
vt 0.832702 0.626353
vt 0.832702 0.626353
vt 0.660075 0.620485
vt 0.666063 0.621038
vt 0.832702 0.623647
vt 0.841641 0.623424
vt 0.658600 0.623085
vt 0.658600 0.623085
vt 0.667538 0.623362
vt 0.667538 0.623362
vt 0.841641 0.623424
vt 0.856682 0.623441
vt 0.856682 0.626559
vt 0.841640 0.626576
vt 0.841641 0.626576
vt 0.638207 0.619994
vt 0.643559 0.626733
vt 0.638207 0.626668
vt 0.862033 0.629661
vt 0.862033 0.623446
vt 0.643559 0.623266
vt 0.643559 0.623266
vt 0.643559 0.626734
vt 0.862033 0.626554
vt 0.638207 0.623331
vt 0.658600 0.626915
vt 0.667538 0.626638
vt 0.658600 0.626915
vt 0.660075 0.623086
vt 0.666063 0.623361
vt 0.827108 0.626251
vt 0.673132 0.623491
vt 0.821279 0.623855
vt 0.439948 0.975327
vt 0.395532 0.980879
vt 0.560052 0.975327
vt 0.439948 0.274673
vt 0.439948 0.475327
vt 0.526331 0.778888
vt 0.526331 0.971112
vt 0.526331 0.278888
vt 0.526331 0.471112
vt 0.473669 0.778888
vt 0.473669 0.971112
vt 0.473669 0.278888
vt 0.473669 0.471112
vt 0.660075 0.626914
vt 0.660075 0.629515
vt 0.666063 0.628961
vt 0.666063 0.626639
vt 0.665101 0.621655
vt 0.665101 0.623360
vt 0.665101 0.626640
vt 0.665101 0.628345
vt 0.661037 0.628708
vt 0.661037 0.626913
vt 0.661037 0.621292
vt 0.661037 0.623087
vt 0.272727 0.000000
vt 0.090909 0.000000
vt 0.181818 0.000000
vt 0.363636 0.000000
vt 0.000000 0.000000
vt 0.454545 0.000000
vt 1.000000 0.000000
vt 0.545455 0.000000
vt 0.909091 0.000000
vt 0.636364 0.000000
vt 0.818182 0.000000
vt 0.727273 0.000000
vt 0.000000 1.000000
vt 0.083333 1.000000
vt 0.083333 0.916667
vt 0.000000 0.916667
vt 0.000000 0.083333
vt 0.083333 0.083333
vt 0.083333 0.000000
vt 0.000000 0.166667
vt 0.083333 0.166667
vt 0.000000 0.250000
vt 0.083333 0.250000
vt 0.000000 0.333333
vt 0.083333 0.333333
vt 0.000000 0.416667
vt 0.083333 0.416667
vt 0.000000 0.500000
vt 0.083333 0.500000
vt 0.000000 0.583333
vt 0.083333 0.583333
vt 0.000000 0.666667
vt 0.083333 0.666667
vt 0.000000 0.750000
vt 0.083333 0.750000
vt 0.000000 0.833333
vt 0.083333 0.833333
vt 0.166667 1.000000
vt 0.166667 0.916667
vt 0.166667 0.083333
vt 0.166667 0.000000
vt 0.166667 0.166667
vt 0.166667 0.250000
vt 0.166667 0.333333
vt 0.166667 0.416667
vt 0.166667 0.500000
vt 0.166667 0.583333
vt 0.166667 0.666667
vt 0.166667 0.750000
vt 0.166667 0.833333
vt 0.250000 1.000000
vt 0.250000 0.916667
vt 0.250000 0.083333
vt 0.250000 0.000000
vt 0.250000 0.166667
vt 0.250000 0.250000
vt 0.250000 0.333333
vt 0.250000 0.416667
vt 0.250000 0.500000
vt 0.250000 0.583333
vt 0.250000 0.666667
vt 0.250000 0.750000
vt 0.250000 0.833333
vt 0.333333 1.000000
vt 0.333333 0.916667
vt 0.333333 0.083333
vt 0.333333 0.000000
vt 0.333333 0.166667
vt 0.333333 0.250000
vt 0.333333 0.333333
vt 0.333333 0.416667
vt 0.333333 0.500000
vt 0.333333 0.583333
vt 0.333333 0.666667
vt 0.333333 0.750000
vt 0.333333 0.833333
vt 0.416667 1.000000
vt 0.416667 0.916667
vt 0.416667 0.083333
vt 0.416667 0.000000
vt 0.416667 0.166667
vt 0.416667 0.250000
vt 0.416667 0.333333
vt 0.416667 0.416667
vt 0.416667 0.500000
vt 0.416667 0.583333
vt 0.416667 0.666667
vt 0.416667 0.750000
vt 0.416667 0.833333
vt 0.500000 1.000000
vt 0.500000 0.916667
vt 0.500000 0.083333
vt 0.500000 0.000000
vt 0.500000 0.166667
vt 0.500000 0.250000
vt 0.500000 0.333333
vt 0.500000 0.416667
vt 0.500000 0.500000
vt 0.500000 0.583333
vt 0.500000 0.666667
vt 0.500000 0.750000
vt 0.500000 0.833333
vt 0.583333 1.000000
vt 0.583333 0.916667
vt 0.583333 0.083333
vt 0.583333 0.000000
vt 0.583333 0.166667
vt 0.583333 0.250000
vt 0.583333 0.333333
vt 0.583333 0.416667
vt 0.583333 0.500000
vt 0.583333 0.583333
vt 0.583333 0.666667
vt 0.583333 0.750000
vt 0.583333 0.833333
vt 0.666667 1.000000
vt 0.666667 0.916667
vt 0.666667 0.083333
vt 0.666667 0.000000
vt 0.666667 0.166667
vt 0.666667 0.250000
vt 0.666667 0.333333
vt 0.666667 0.416667
vt 0.666667 0.500000
vt 0.666667 0.583333
vt 0.666667 0.666667
vt 0.666667 0.750000
vt 0.666667 0.833333
vt 0.750000 1.000000
vt 0.750000 0.916667
vt 0.750000 0.083333
vt 0.750000 0.000000
vt 0.750000 0.166667
vt 0.750000 0.250000
vt 0.750000 0.333333
vt 0.750000 0.416667
vt 0.750000 0.500000
vt 0.750000 0.583333
vt 0.750000 0.666667
vt 0.750000 0.750000
vt 0.750000 0.833333
vt 0.833333 1.000000
vt 0.833333 0.916667
vt 0.833333 0.083333
vt 0.833333 0.000000
vt 0.833333 0.166667
vt 0.833333 0.250000
vt 0.833333 0.333333
vt 0.833333 0.416667
vt 0.833333 0.500000
vt 0.833333 0.583333
vt 0.833333 0.666667
vt 0.833333 0.750000
vt 0.833333 0.833333
vt 0.916667 1.000000
vt 0.916667 0.916667
vt 0.916667 0.083333
vt 0.916667 0.000000
vt 0.916667 0.166667
vt 0.916667 0.250000
vt 0.916667 0.333333
vt 0.916667 0.416667
vt 0.916667 0.500000
vt 0.916667 0.583333
vt 0.916667 0.666667
vt 0.916667 0.750000
vt 0.916667 0.833333
vt 1.000000 1.000000
vt 1.000000 0.916667
vt 1.000000 0.083333
vt 1.000000 0.166667
vt 1.000000 0.250000
vt 1.000000 0.333333
vt 1.000000 0.416667
vt 1.000000 0.500000
vt 1.000000 0.583333
vt 1.000000 0.666667
vt 1.000000 0.750000
vt 1.000000 0.833333
vt 0.031250 0.500000
vt 0.031250 0.950014
vt 0.000000 0.950014
vt 0.937500 0.500000
vt 0.937500 0.950014
vt 0.906250 0.950014
vt 0.906250 0.500000
vt 0.875000 0.950014
vt 0.875000 0.500000
vt 0.843750 0.950014
vt 0.843750 0.500000
vt 0.812500 0.950014
vt 0.812500 0.500000
vt 0.781250 0.950014
vt 0.781250 0.500000
vt 0.750000 0.950014
vt 0.718750 0.950014
vt 0.718750 0.500000
vt 0.687500 0.950014
vt 0.687500 0.500000
vt 0.656250 0.950014
vt 0.656250 0.500000
vt 0.625000 0.950014
vt 0.625000 0.500000
vt 0.593750 0.950014
vt 0.593750 0.500000
vt 0.562500 0.950014
vt 0.562500 0.500000
vt 0.531250 0.950014
vt 0.531250 0.500000
vt 0.500000 0.950014
vt 0.468750 0.950014
vt 0.468750 0.500000
vt 0.437500 0.950014
vt 0.437500 0.500000
vt 0.406250 0.950014
vt 0.406250 0.500000
vt 0.375000 0.950014
vt 0.375000 0.500000
vt 0.343750 0.950014
vt 0.343750 0.500000
vt 0.312500 0.950014
vt 0.312500 0.500000
vt 0.281250 0.950014
vt 0.281250 0.500000
vt 0.250000 0.950014
vt 0.218750 0.950014
vt 0.218750 0.500000
vt 0.187500 0.950014
vt 0.187500 0.500000
vt 0.156250 0.950014
vt 0.156250 0.500000
vt 0.125000 0.950014
vt 0.125000 0.500000
vt 0.093750 0.950014
vt 0.093750 0.500000
vt 0.062500 0.950014
vt 0.062500 0.500000
vt 1.000000 0.950014
vt 0.968750 0.950014
vt 0.968750 0.500000
vt 0.750000 0.490000
vt 0.796822 0.485388
vt 0.841844 0.471731
vt 0.883337 0.449553
vt 0.919706 0.419706
vt 0.949553 0.383337
vt 0.971731 0.341844
vt 0.985388 0.296822
vt 0.990000 0.250000
vt 0.985388 0.203178
vt 0.971731 0.158156
vt 0.949553 0.116663
vt 0.919706 0.080294
vt 0.883337 0.050447
vt 0.841844 0.028269
vt 0.796822 0.014612
vt 0.750000 0.010000
vt 0.703178 0.014612
vt 0.658156 0.028269
vt 0.616663 0.050447
vt 0.580294 0.080294
vt 0.550447 0.116663
vt 0.528269 0.158156
vt 0.514612 0.203178
vt 0.510000 0.250000
vt 0.514612 0.296822
vt 0.528269 0.341844
vt 0.550447 0.383337
vt 0.580294 0.419706
vt 0.616663 0.449553
vt 0.658156 0.471731
vt 0.703178 0.485388
vt 0.998063 1.000000
vt 0.970687 1.000000
vt 0.966813 1.000000
vt 0.939437 1.000000
vt 0.935563 1.000000
vt 0.908187 1.000000
vt 0.904313 1.000000
vt 0.876937 1.000000
vt 0.873063 1.000000
vt 0.845687 1.000000
vt 0.841813 1.000000
vt 0.814437 1.000000
vt 0.810563 1.000000
vt 0.783187 1.000000
vt 0.779313 1.000000
vt 0.751937 1.000000
vt 0.748063 1.000000
vt 0.720687 1.000000
vt 0.716813 1.000000
vt 0.689437 1.000000
vt 0.685563 1.000000
vt 0.658187 1.000000
vt 0.654313 1.000000
vt 0.626937 1.000000
vt 0.623063 1.000000
vt 0.595687 1.000000
vt 0.591813 1.000000
vt 0.564437 1.000000
vt 0.560563 1.000000
vt 0.533187 1.000000
vt 0.529313 1.000000
vt 0.501937 1.000000
vt 0.498063 1.000000
vt 0.470687 1.000000
vt 0.466813 1.000000
vt 0.439437 1.000000
vt 0.435563 1.000000
vt 0.408187 1.000000
vt 0.404313 1.000000
vt 0.376937 1.000000
vt 0.373063 1.000000
vt 0.345687 1.000000
vt 0.341813 1.000000
vt 0.314437 1.000000
vt 0.310563 1.000000
vt 0.283187 1.000000
vt 0.279313 1.000000
vt 0.251937 1.000000
vt 0.248063 1.000000
vt 0.220687 1.000000
vt 0.216813 1.000000
vt 0.189437 1.000000
vt 0.185563 1.000000
vt 0.158187 1.000000
vt 0.154313 1.000000
vt 0.126937 1.000000
vt 0.123063 1.000000
vt 0.095687 1.000000
vt 0.091813 1.000000
vt 0.064437 1.000000
vt 0.060563 1.000000
vt 0.033187 1.000000
vt 0.029313 1.000000
vt 0.001937 1.000000
vt 0.397678 0.151325
vt 0.414091 0.182032
vt 0.250000 0.427610
vt 0.284650 0.424198
vt 0.291017 0.456206
vt 0.250000 0.460246
vt 0.317968 0.414091
vt 0.330458 0.444241
vt 0.348675 0.397677
vt 0.366806 0.424813
vt 0.375589 0.375589
vt 0.398666 0.398666
vt 0.397678 0.348675
vt 0.424813 0.366806
vt 0.414091 0.317968
vt 0.444242 0.330457
vt 0.424197 0.284650
vt 0.456205 0.291017
vt 0.427610 0.250000
vt 0.460246 0.250000
vt 0.424197 0.215350
vt 0.456205 0.208983
vt 0.444242 0.169543
vt 0.424813 0.133194
vt 0.375589 0.124411
vt 0.398666 0.101334
vt 0.348675 0.102322
vt 0.366806 0.075187
vt 0.317968 0.085910
vt 0.330457 0.055759
vt 0.284650 0.075802
vt 0.291017 0.043794
vt 0.250000 0.072390
vt 0.250000 0.039755
vt 0.215350 0.075802
vt 0.208983 0.043794
vt 0.182032 0.085910
vt 0.169542 0.055759
vt 0.151325 0.102322
vt 0.133194 0.075187
vt 0.124411 0.124411
vt 0.101334 0.101334
vt 0.102322 0.151325
vt 0.075187 0.133194
vt 0.085909 0.182032
vt 0.055758 0.169543
vt 0.075803 0.215350
vt 0.043794 0.208983
vt 0.072390 0.250000
vt 0.039755 0.250000
vt 0.075803 0.284650
vt 0.043794 0.291017
vt 0.085909 0.317968
vt 0.055758 0.330457
vt 0.102322 0.348675
vt 0.075187 0.366806
vt 0.124411 0.375589
vt 0.101334 0.398666
vt 0.151325 0.397678
vt 0.133194 0.424813
vt 0.182032 0.414090
vt 0.169542 0.444241
vt 0.215350 0.424198
vt 0.208983 0.456206
vt 0.608329 0.540239
vt 0.375000 0.519976
vt 0.375000 0.458313
vt 0.608329 0.458313
vt 0.608329 0.737768
vt 0.375000 0.740382
vt 0.125000 0.519976
vt 0.166687 0.500000
vt 0.333313 0.500000
vt 0.366366 0.750000
vt 0.133634 0.750000
vt 0.125000 0.740382
vt 0.375000 0.758634
vt 0.625000 0.758634
vt 0.625000 0.991366
vt 0.375000 0.991366
vt 0.608329 0.291687
vt 0.375000 0.291687
vt 0.375000 0.230024
vt 0.608329 0.209761
vt 0.633634 0.545263
vt 0.670263 0.508634
vt 0.829737 0.508634
vt 0.866366 0.545263
vt 0.866366 0.750000
vt 0.633634 0.750000
vt 0.375000 0.000000
vt 0.625000 0.000000
vt 0.608329 0.012232
vt 0.375000 0.009618
vt 0.625000 0.213371
vt 0.625000 0.286629
vt 0.625000 0.463371
vt 0.625000 0.536629
vt 0.625000 0.204737
vt 0.625000 0.295263
vt 0.625000 0.454737
vt 0.375000 0.187500
vt 0.625000 0.187500
vt 0.625000 0.250000
vt 0.375000 0.250000
vt 0.375000 0.437500
vt 0.625000 0.437500
vt 0.375000 0.687500
vt 0.625000 0.687500
vt 0.625000 0.750000
vt 0.375000 0.750000
vt 0.375000 0.937500
vt 0.625000 0.937500
vt 0.625000 1.000000
vt 0.375000 1.000000
vt 0.312500 0.687500
vt 0.312500 0.750000
vt 0.812500 0.687500
vt 0.875000 0.687500
vt 0.875000 0.750000
vt 0.812500 0.750000
vt 0.875000 0.562500
vt 0.812500 0.562500
vt 0.875000 0.625000
vt 0.812500 0.625000
vt 0.375000 0.562500
vt 0.312500 0.562500
vt 0.375000 0.625000
vt 0.312500 0.625000
vt 0.625000 0.562500
vt 0.625000 0.625000
vt 0.625000 0.062500
vt 0.375000 0.062500
vt 0.625000 0.125000
vt 0.375000 0.125000
vt 0.125000 0.625000
vt 0.187500 0.625000
vt 0.187500 0.687500
vt 0.125000 0.687500
vt 0.250000 0.625000
vt 0.250000 0.687500
vt 0.125000 0.562500
vt 0.187500 0.562500
vt 0.250000 0.562500
vt 0.250000 0.500000
vt 0.687500 0.625000
vt 0.687500 0.687500
vt 0.750000 0.625000
vt 0.750000 0.687500
vt 0.687500 0.562500
vt 0.750000 0.562500
vt 0.687500 0.750000
vt 0.187500 0.750000
vt 0.125000 0.750000
vt 0.625000 0.812500
vt 0.375000 0.812500
vt 0.625000 0.875000
vt 0.375000 0.875000
vt 0.625000 0.312500
vt 0.375000 0.312500
vt 0.625000 0.375000
vt 0.375000 0.375000
s 0
usemtl M_Noir_Bleuté
f 26/1/1 31/2/1 16/3/1 9/4/1
f 4/5/2 5/6/2 22/7/2 19/8/2
f 17/9/3 28/10/3 25/11/3 20/12/3
f 45/13/4 47/14/4 107/14/4 108/13/4
f 47/14/5 7/15/5 86/15/5 107/14/5
f 444/16/4 441/17/4 50/18/4 56/19/4
f 12/20/6 13/21/6 30/22/6 27/23/6
f 37/24/7 39/25/7 105/25/7 106/24/7
f 18/26/2 23/27/2 8/28/2 1/29/2
f 3/30/3 10/31/3 49/32/3 51/33/3 33/34/3 35/35/3
f 9/4/5 16/36/5 56/19/5 50/18/5
f 448/37/8 445/38/8 42/39/8 48/40/8
f 41/41/3 43/42/3 57/43/3 59/44/3 11/45/3 2/46/3
f 36/47/2 38/48/2 5/6/2 4/5/2
f 63/49/9 45/13/9 108/13/9 109/49/9
f 60/50/5 62/51/5 13/21/5 12/52/5
f 442/53/10 443/54/10 38/55/10 36/47/10
f 1/29/2 8/56/2 48/40/2 42/39/2
f 19/8/2 22/7/2 23/27/2 18/26/2
f 32/57/2 29/58/2 104/58/2 99/57/2
f 27/23/5 30/22/5 31/2/5 26/1/5
f 46/59/3 64/60/3 463/60/3 464/59/3
f 52/61/2 54/62/2 460/62/2 457/61/2
f 62/63/7 60/50/7 446/64/7 447/65/7
f 20/66/3 25/67/3 10/31/3 3/30/3
f 20/66/11 3/30/11 4/68/11 19/69/11
f 65/70/12 66/71/12 8/28/12 23/27/12
f 28/72/13 11/45/13 12/20/13 27/23/13
f 67/73/14 68/74/14 16/3/14 31/2/14
f 2/75/11 17/76/11 18/77/11 1/78/11
f 17/9/11 20/12/11 19/69/11 18/77/11
f 69/79/12 70/80/12 22/7/12 5/6/12
f 70/81/12 65/82/12 23/27/12 22/7/12
f 10/31/15 25/67/15 26/1/15 9/4/15
f 25/11/16 28/10/16 27/23/16 26/1/16
f 71/83/17 72/84/17 30/22/17 13/21/17
f 72/84/18 67/73/18 31/2/18 30/22/18
f 35/35/19 33/34/19 442/85/19 36/86/19
f 73/87/20 74/88/20 38/55/20 443/54/20
f 75/89/21 76/90/21 448/37/21 48/40/21
f 43/42/22 41/41/22 42/91/22 445/92/22
f 77/93/23 78/94/23 62/63/23 447/65/23
f 59/44/24 57/43/24 446/95/24 60/96/24
f 79/97/25 80/98/25 444/16/25 56/19/25
f 51/33/26 49/32/26 50/99/26 441/100/26
f 3/30/11 35/35/11 36/86/11 4/68/11
f 74/101/12 69/79/12 5/6/12 38/48/12
f 33/34/27 51/33/27 441/100/27 442/85/27
f 80/102/28 73/103/28 443/104/28 444/16/28
f 9/4/29 50/18/29 49/32/29 10/31/29
f 56/19/30 16/36/30 68/74/30 79/105/30
f 57/43/31 43/42/31 445/92/31 446/95/31
f 76/106/32 77/107/32 447/65/32 448/37/32
f 1/78/11 42/91/11 41/41/11 2/46/11
f 60/50/33 12/52/33 11/45/33 59/44/33
f 66/71/12 75/108/12 48/40/12 8/56/12
f 13/21/34 62/51/34 78/109/34 71/83/34
f 2/75/3 11/45/3 28/72/3 17/76/3
f 24/110/35 7/15/35 66/111/35 65/112/35
f 32/57/35 15/113/35 68/74/35 67/73/35
f 6/114/35 21/115/35 70/116/35 69/117/35
f 21/115/35 24/110/35 65/118/35 70/119/35
f 14/120/35 29/58/35 72/84/35 71/83/35
f 29/58/35 32/57/35 67/73/35 72/84/35
f 39/25/35 37/24/35 74/121/35 73/122/35
f 47/14/35 45/13/35 76/123/35 75/124/35
f 63/49/35 61/125/35 78/109/35 77/126/35
f 55/127/35 53/128/35 80/129/35 79/105/35
f 37/24/35 6/114/35 69/117/35 74/121/35
f 53/128/35 39/25/35 73/122/35 80/129/35
f 15/113/35 55/127/35 79/105/35 68/74/35
f 45/13/35 63/49/35 77/126/35 76/123/35
f 7/15/35 47/14/35 75/124/35 66/130/35
f 61/125/35 14/120/35 71/83/35 78/109/35
f 7/15/5 24/110/5 87/110/5 86/15/5
f 14/120/37 61/125/37 110/125/37 85/120/37
f 61/125/10 63/49/10 109/49/10 110/125/10
f 15/113/38 32/57/38 99/57/38 84/113/38
f 53/128/8 55/127/8 111/127/8 112/128/8
f 21/115/5 6/114/5 83/114/5 82/115/5
f 6/114/5 37/24/5 106/24/5 83/114/5
f 24/110/5 21/115/5 82/115/5 87/110/5
f 39/25/39 53/128/39 112/128/39 105/25/39
f 29/58/40 14/120/40 85/120/40 104/58/40
f 55/127/41 15/113/41 84/113/41 111/127/41
f 220/179/8 219/180/8 251/180/8 252/179/8
f 219/180/2 210/181/2 228/181/2 251/180/2
f 218/182/10 217/183/10 249/183/10 250/182/10
f 306/184/39 220/179/39 252/179/39 308/184/39
f 323/185/5 216/186/5 248/186/5 331/185/5
f 209/187/35 210/181/35 198/166/35 199/167/35
f 211/188/35 212/189/35 196/171/35 193/170/35
f 213/190/35 214/191/35 194/173/35 195/172/35
f 322/192/35 209/187/35 199/167/35 326/193/35
f 215/194/35 216/186/35 200/174/35 197/165/35
f 324/195/35 211/188/35 193/170/35 328/196/35
f 217/183/35 218/182/35 202/176/35 201/175/35
f 219/180/35 220/179/35 204/168/35 203/169/35
f 221/197/35 222/198/35 206/163/35 205/164/35
f 223/199/35 224/200/35 208/178/35 207/177/35
f 218/182/35 213/190/35 195/172/35 202/176/35
f 301/201/35 217/183/35 201/175/35 302/202/35
f 212/189/35 223/199/35 207/177/35 196/171/35
f 316/203/35 221/197/35 205/164/35 317/204/35
f 210/181/35 219/180/35 203/169/35 198/166/35
f 222/198/35 215/194/35 197/165/35 206/163/35
f 314/205/39 240/206/39 272/206/39 315/207/39
f 333/208/5 246/209/5 276/209/5 337/210/5
f 245/211/5 234/212/5 266/212/5 261/211/5
f 246/209/5 245/211/5 261/211/5 276/209/5
f 240/206/8 239/213/8 271/213/8 272/206/8
f 210/181/2 209/187/2 225/187/2 228/181/2
f 215/194/44 222/198/44 254/198/44 227/194/44
f 222/198/7 221/197/7 253/197/7 254/198/7
f 212/189/36 211/188/36 243/188/36 230/189/36
f 224/200/4 223/199/4 255/199/4 256/200/4
f 214/191/2 213/190/2 229/190/2 232/191/2
f 213/190/2 218/182/2 250/182/2 229/190/2
f 321/214/2 214/191/2 232/191/2 329/214/2
f 311/215/9 224/200/9 256/200/9 313/215/9
f 216/186/42 215/194/42 227/194/42 248/186/42
f 223/199/43 212/189/43 230/189/43 255/199/43
f 241/216/35 242/217/35 228/181/35 225/187/35
f 231/218/45 244/219/45 230/189/45 243/188/45
f 245/211/35 246/209/35 232/191/35 229/190/35
f 334/220/35 241/216/35 225/187/35 330/192/35
f 247/221/46 226/222/46 248/186/46 227/194/46
f 336/223/35 231/218/35 243/188/35 332/224/35
f 233/225/35 234/212/35 250/182/35 249/183/35
f 235/226/35 236/227/35 252/179/35 251/180/35
f 237/228/35 238/229/35 254/198/35 253/197/35
f 239/213/35 240/206/35 256/200/35 255/199/35
f 234/212/35 245/211/35 229/190/35 250/182/35
f 304/230/35 233/225/35 249/183/35 303/201/35
f 244/219/35 239/213/35 255/199/35 230/189/35
f 319/231/35 237/228/35 253/197/35 318/203/35
f 242/217/35 235/226/35 251/180/35 228/181/35
f 238/229/35 247/221/35 227/194/35 254/198/35
f 270/229/35 269/228/35 320/232/35 310/233/35 268/227/35 267/226/35 260/217/35 259/221/35
f 477/234/5 258/235/5 280/235/5 352/236/5
f 262/219/35 261/211/35 266/212/35 265/225/35 305/237/35 315/207/35 272/206/35 271/213/35
f 259/221/35 260/217/35 273/216/35 274/222/35
f 275/218/35 276/209/35 261/211/35 262/219/35
f 226/222/40 247/221/40 259/221/40 274/222/40
f 239/213/41 244/219/41 262/219/41 271/213/41
f 335/238/2 226/222/2 274/222/2 478/238/2
f 309/239/9 236/227/9 268/227/9 310/233/9
f 234/212/7 233/225/7 265/225/7 266/212/7
f 235/226/5 242/217/5 260/217/5 267/226/5
f 236/227/4 235/226/4 267/226/4 268/227/4
f 242/217/5 241/216/5 273/216/5 260/217/5
f 247/221/37 238/229/37 270/229/37 259/221/37
f 238/229/10 237/228/10 269/228/10 270/229/10
f 244/219/38 231/218/38 275/218/38 262/219/38
f 257/240/35 258/235/35 274/222/35 273/216/35
f 263/241/35 264/242/35 276/209/35 275/218/35
f 342/243/35 257/240/35 273/216/35 338/220/35
f 476/244/35 263/241/35 275/218/35 474/223/35
f 341/245/2 264/242/2 284/242/2 348/246/2
f 353/247/5 283/248/5 296/248/5 357/249/5
f 264/242/47 263/241/47 281/241/47 284/250/47
f 285/251/48 286/252/48 280/235/48 277/240/48
f 287/253/49 288/254/49 284/250/49 281/241/49
f 346/255/12 285/251/12 277/240/12 347/256/12
f 350/257/50 287/253/50 281/258/50 351/259/50
f 258/235/51 257/240/51 277/240/51 280/235/51
f 278/260/35 279/261/35 286/252/35 285/251/35
f 282/262/35 283/248/35 288/254/35 287/253/35
f 354/263/35 278/260/35 285/251/35 346/255/35
f 356/264/35 282/262/35 287/253/35 350/257/35
f 279/261/52 278/260/52 293/260/52 294/261/52
f 355/267/2 279/261/2 294/261/2 359/268/2
f 283/248/53 282/262/53 295/262/53 296/248/53
f 217/183/9 301/201/9 303/201/9 249/183/9
f 233/225/39 304/230/39 305/237/39 265/225/39
f 311/215/35 301/201/35 302/202/35 312/278/35
f 319/231/9 309/239/9 310/233/9 320/232/9
f 236/227/35 309/239/35 308/184/35 252/179/35
f 220/179/35 306/184/35 307/279/35 204/168/35
f 224/200/35 311/215/35 312/278/35 208/178/35
f 240/206/35 314/205/35 313/215/35 256/200/35
f 304/230/39 314/205/39 315/207/39 305/237/39
f 221/197/39 316/203/39 318/203/39 253/197/39
f 237/228/9 319/231/9 320/232/9 269/228/9
f 306/184/35 316/203/35 317/204/35 307/279/35
f 282/262/2 356/264/2 360/274/2 295/262/2
f 403/288/2 355/267/2 359/268/2 407/289/2
f 279/261/35 355/267/35 349/291/35 286/252/35
f 404/292/35 356/264/35 350/257/35 398/293/35
f 283/248/35 353/247/35 345/294/35 288/254/35
f 402/295/35 354/263/35 346/255/35 394/296/35
f 286/252/50 349/291/50 352/236/50 280/235/50
f 398/293/50 350/257/50 351/259/50 399/297/50
f 288/254/12 345/294/12 348/246/12 284/242/12
f 394/296/12 346/255/12 347/256/12 395/298/12
f 278/260/5 354/263/5 358/263/5 293/260/5
f 401/299/5 353/247/5 357/249/5 405/300/5
f 257/240/2 342/243/2 347/256/2 277/240/2
f 389/301/2 341/245/2 348/246/2 396/302/2
f 258/235/35 477/234/35 478/238/35 274/222/35
f 339/303/54 343/304/54 493/304/54 494/303/54
f 264/242/35 341/245/35 337/210/35 276/209/35
f 390/305/35 342/243/35 338/220/35 386/306/35
f 231/218/2 336/223/2 474/223/2 275/218/2
f 383/307/2 335/238/2 478/238/2 479/308/2
f 263/241/5 476/244/5 351/259/5 281/258/5
f 480/309/5 477/234/5 352/236/5 400/310/5
f 226/222/35 335/238/35 331/185/35 248/186/35
f 246/209/35 333/208/35 329/214/35 232/191/35
f 382/311/35 334/220/35 330/192/35 378/312/35
f 209/187/2 322/192/2 330/192/2 225/187/2
f 369/313/2 321/214/2 329/214/2 377/313/2
f 241/216/5 334/220/5 338/220/5 273/216/5
f 381/314/5 333/208/5 337/210/5 385/315/5
f 216/186/35 323/185/35 327/316/35 200/174/35
f 372/317/35 324/195/35 328/196/35 376/318/35
f 214/191/35 321/214/35 325/319/35 194/173/35
f 370/312/35 322/192/35 326/193/35 374/320/35
f 211/188/5 324/195/5 332/224/5 243/188/5
f 324/195/3 372/317/3 429/317/3 430/195/3
f 372/317/5 371/321/5 379/322/5 380/323/5
f 321/214/35 369/313/35 373/324/35 325/319/35
f 369/313/35 370/312/35 374/320/35 373/324/35
f 323/185/35 371/321/35 375/325/35 327/316/35
f 371/321/35 372/317/35 376/318/35 375/325/35
f 334/220/5 382/311/5 386/306/5 338/220/5
f 382/311/5 381/314/5 385/315/5 386/306/5
f 322/192/2 370/312/2 378/312/2 330/192/2
f 370/312/2 369/313/2 377/313/2 378/312/2
f 333/208/35 381/314/35 377/313/35 329/214/35
f 381/314/35 382/311/35 378/312/35 377/313/35
f 383/307/35 384/326/35 380/323/35 379/322/35
f 476/244/5 475/327/5 399/297/5 351/259/5
f 475/327/5 480/309/5 400/310/5 399/297/5
f 336/223/2 384/326/2 473/328/2 474/223/2
f 384/326/2 383/307/2 479/308/2 473/328/2
f 341/245/35 389/301/35 385/315/35 337/210/35
f 389/301/35 390/305/35 386/306/35 385/315/35
f 387/329/2 339/303/2 494/303/2 482/329/2
f 343/304/5 391/330/5 496/330/5 493/304/5
f 342/243/2 390/305/2 395/298/2 347/256/2
f 390/305/2 389/301/2 396/302/2 395/298/2
f 354/263/5 402/295/5 406/287/5 358/263/5
f 402/295/5 401/299/5 405/300/5 406/287/5
f 345/294/12 393/331/12 396/302/12 348/246/12
f 393/331/12 394/296/12 395/298/12 396/302/12
f 349/291/50 397/332/50 400/310/50 352/236/50
f 397/332/50 398/293/50 399/297/50 400/310/50
f 353/247/35 401/299/35 393/331/35 345/294/35
f 401/299/35 402/295/35 394/296/35 393/331/35
f 355/267/35 403/288/35 397/332/35 349/291/35
f 403/288/35 404/292/35 398/293/35 397/332/35
f 356/264/2 404/292/2 408/285/2 360/274/2
f 404/292/2 403/288/2 407/289/2 408/285/2
f 316/203/3 306/184/3 425/184/3 426/203/3
f 371/321/3 323/185/3 437/185/3 438/321/3
f 301/201/3 311/215/3 417/215/3 418/201/3
f 52/61/9 34/334/9 442/335/9 441/17/9
f 40/336/9 54/62/9 444/16/9 443/104/9
f 44/337/39 58/338/39 446/64/39 445/38/39
f 64/60/39 46/59/39 448/37/39 447/65/39
f 34/334/9 40/336/9 443/104/9 442/335/9
f 54/62/9 52/61/9 441/17/9 444/16/9
f 46/59/39 44/337/39 445/38/39 448/37/39
f 58/338/39 64/60/39 447/65/39 446/64/39
f 54/62/3 40/336/3 459/336/3 460/62/3
f 44/337/5 46/59/5 464/59/5 461/337/5
f 40/336/5 34/334/5 458/334/5 459/336/5
f 58/338/35 44/337/35 461/337/35 462/338/35
f 34/334/35 52/61/35 457/61/35 458/334/35
f 64/60/2 58/338/2 462/338/2 463/60/2
f 388/347/35 340/348/35 474/223/35 473/328/35
f 344/349/35 392/350/35 475/327/35 476/244/35
f 343/304/35 339/303/35 478/238/35 477/234/35
f 340/348/35 344/349/35 476/244/35 474/223/35
f 339/303/35 387/329/35 479/308/35 478/238/35
f 387/329/35 388/347/35 473/328/35 479/308/35
f 391/330/35 343/304/35 477/234/35 480/309/35
f 392/350/35 391/330/35 480/309/35 475/327/35
f 340/348/2 388/347/2 484/347/2 490/348/2
f 391/330/5 392/350/5 483/350/5 496/330/5
f 388/347/2 387/329/2 482/329/2 484/347/2
f 344/349/69 340/348/69 490/348/69 492/349/69
f 392/350/5 344/349/5 492/349/5 483/350/5
f 2522/759/7 2508/760/7 2507/761/7 2524/762/7
f 2508/760/5 2522/759/5 2515/763/5 2513/764/5
f 2505/765/3 2506/766/3 2507/767/3 2508/760/3 2513/764/3 2514/768/3 2509/769/3 2510/770/3
f 2514/771/1059 2516/772/1059 2512/773/1059 2509/774/1059
f 2518/775/8 2506/776/8 2505/777/8 2520/778/8
f 2506/776/39 2518/775/39 2524/762/39 2507/761/39
f 2521/779/35 2523/780/35 2517/781/35 2519/782/35 2512/783/35 2516/784/35
f 2509/785/1060 2512/786/1060 2511/787/1060 2510/788/1060
f 2516/772/1061 2514/771/1061 2513/764/1061 2515/763/1061
f 2519/789/21 2517/790/21 2518/775/21 2520/778/21
f 2523/791/23 2521/792/23 2522/759/23 2524/762/23
f 2512/786/12 2519/793/12 2520/778/12 2511/787/12
f 2517/794/32 2523/795/32 2524/762/32 2518/775/32
f 2515/763/50 2522/759/50 2521/779/50 2516/784/50
f 2510/788/2 2511/787/2 2520/778/2 2505/777/2
f 2542/759/4 2544/762/4 2527/761/4 2528/760/4
f 2528/760/5 2533/764/5 2535/763/5 2542/759/5
f 2525/765/3 2530/770/3 2529/769/3 2534/768/3 2533/764/3 2528/760/3 2527/767/3 2526/766/3
f 2534/771/1062 2529/774/1062 2532/773/1062 2536/772/1062
f 2538/775/10 2540/778/10 2525/777/10 2526/776/10
f 2526/776/9 2527/761/9 2544/762/9 2538/775/9
f 2541/779/35 2536/784/35 2532/783/35 2539/782/35 2537/781/35 2543/780/35
f 2529/785/1063 2530/788/1063 2531/787/1063 2532/786/1063
f 2536/772/1064 2535/763/1064 2533/764/1064 2534/771/1064
f 2539/789/20 2540/778/20 2538/775/20 2537/790/20
f 2543/791/25 2544/762/25 2542/759/25 2541/792/25
f 2532/786/12 2531/787/12 2540/778/12 2539/793/12
f 2537/794/28 2538/775/28 2544/762/28 2543/795/28
f 2535/763/50 2536/784/50 2541/779/50 2542/759/50
f 2530/788/2 2525/777/2 2540/778/2 2531/787/2
usemtl M_Noir_Profond
f 97/131/2 102/132/2 114/132/2 119/131/2
f 101/133/2 90/134/2 138/134/2 115/133/2
f 102/132/2 101/133/2 115/133/2 114/132/2
f 96/135/4 95/136/4 143/136/4 144/135/4
f 100/137/36 81/138/36 131/138/36 132/137/36
f 97/131/35 98/139/35 86/15/35 87/110/35
f 81/138/35 100/137/35 84/113/35 99/57/35
f 101/133/35 102/132/35 82/115/35 83/114/35
f 102/132/35 97/131/35 87/110/35 82/115/35
f 103/140/35 88/141/35 104/58/35 85/120/35
f 88/141/35 81/138/35 99/57/35 104/58/35
f 89/142/35 90/134/35 106/24/35 105/25/35
f 91/143/35 92/144/35 108/13/35 107/14/35
f 93/145/35 94/146/35 110/125/35 109/49/35
f 95/136/35 96/135/35 112/128/35 111/127/35
f 90/134/35 101/133/35 83/114/35 106/24/35
f 96/135/35 89/142/35 105/25/35 112/128/35
f 100/137/35 95/136/35 111/127/35 84/113/35
f 92/144/35 93/145/35 109/49/35 108/13/35
f 98/139/35 91/143/35 107/14/35 86/15/35
f 94/146/35 103/140/35 85/120/35 110/125/35
f 89/142/9 96/135/9 144/135/9 137/142/9
f 88/141/42 103/140/42 117/140/42 120/141/42
f 95/136/43 100/137/43 132/137/43 143/136/43
f 81/138/5 88/141/5 120/141/5 131/138/5
f 93/145/39 92/144/39 140/144/39 141/145/39
f 90/134/10 89/142/10 137/142/10 138/134/10
f 91/143/2 98/139/2 118/139/2 139/143/2
f 92/144/8 91/143/8 139/143/8 140/144/8
f 98/139/2 97/131/2 119/131/2 118/139/2
f 103/140/44 94/146/44 142/146/44 117/140/44
f 94/146/7 93/145/7 141/145/7 142/146/7
f 158/163/7 157/164/7 189/164/7 190/163/7
f 167/165/44 158/163/44 190/163/44 181/165/44
f 150/166/2 151/167/2 183/167/2 182/166/2
f 156/168/8 155/169/8 187/169/8 188/168/8
f 155/169/2 150/166/2 182/166/2 187/169/2
f 151/167/35 150/166/35 162/150/35 161/151/35
f 163/170/35 164/171/35 148/155/35 145/154/35
f 165/172/35 166/173/35 146/157/35 147/156/35
f 166/173/35 151/167/35 161/151/35 146/157/35
f 167/165/35 168/174/35 152/158/35 149/149/35
f 168/174/35 163/170/35 145/154/35 152/158/35
f 153/175/35 154/176/35 170/160/35 169/159/35
f 155/169/35 156/168/35 172/152/35 171/153/35
f 157/164/35 158/163/35 174/147/35 173/148/35
f 159/177/35 160/178/35 176/162/35 175/161/35
f 154/176/35 165/172/35 147/156/35 170/160/35
f 160/178/35 153/175/35 169/159/35 176/162/35
f 164/171/35 159/177/35 175/161/35 148/155/35
f 156/168/35 157/164/35 173/148/35 172/152/35
f 150/166/35 155/169/35 171/153/35 162/150/35
f 158/163/35 167/165/35 149/149/35 174/147/35
f 164/171/36 163/170/36 177/170/36 180/171/36
f 160/178/4 159/177/4 191/177/4 192/178/4
f 166/173/2 165/172/2 179/172/2 178/173/2
f 165/172/2 154/176/2 186/176/2 179/172/2
f 151/167/2 166/173/2 178/173/2 183/167/2
f 153/175/9 160/178/9 192/178/9 185/175/9
f 168/174/42 167/165/42 181/165/42 184/174/42
f 159/177/43 164/171/43 180/171/43 191/177/43
f 163/170/5 168/174/5 184/174/5 177/170/5
f 157/164/39 156/168/39 188/168/39 189/164/39
f 154/176/10 153/175/10 185/175/10 186/176/10
f 361/265/2 292/266/2 300/266/2 365/265/2
f 289/269/35 290/270/35 294/261/35 293/260/35
f 291/271/35 292/266/35 296/248/35 295/262/35
f 362/272/35 289/269/35 293/260/35 358/263/35
f 364/273/35 291/271/35 295/262/35 360/274/35
f 368/275/35 365/265/35 300/266/35 299/271/35
f 290/270/51 289/269/51 297/269/51 298/270/51
f 363/276/5 290/270/5 298/270/5 367/277/5
f 292/266/47 291/271/47 299/271/47 300/266/47
f 291/271/5 364/273/5 368/275/5 299/271/5
f 411/280/5 363/276/5 367/277/5 415/281/5
f 298/270/35 297/269/35 366/272/35 367/277/35
f 416/282/35 413/283/35 365/265/35 368/275/35
f 290/270/35 363/276/35 359/268/35 294/261/35
f 412/284/35 364/273/35 360/274/35 408/285/35
f 292/266/35 361/265/35 357/249/35 296/248/35
f 410/286/35 362/272/35 358/263/35 406/287/35
f 289/269/2 362/272/2 366/272/2 297/269/2
f 409/290/2 361/265/2 365/265/2 413/283/2
f 362/272/2 410/286/2 414/333/2 366/272/2
f 410/286/2 409/290/2 413/283/2 414/333/2
f 361/265/35 409/290/35 405/300/35 357/249/35
f 409/290/35 410/286/35 406/287/35 405/300/35
f 363/276/35 411/280/35 407/289/35 359/268/35
f 411/280/35 412/284/35 408/285/35 407/289/35
f 367/277/35 366/272/35 414/333/35 415/281/35
f 415/281/35 414/333/35 413/283/35 416/282/35
f 364/273/5 412/284/5 416/282/5 368/275/5
f 412/284/5 411/280/5 415/281/5 416/282/5
f 452/339/2 451/340/2 467/340/2 468/339/2
f 456/341/2 455/342/2 471/342/2 472/341/2
f 449/343/9 450/344/9 458/334/9 457/61/9
f 451/340/9 452/339/9 460/62/9 459/336/9
f 453/345/39 454/346/39 462/338/39 461/337/39
f 455/342/39 456/341/39 464/59/39 463/60/39
f 450/344/9 451/340/9 459/336/9 458/334/9
f 452/339/9 449/343/9 457/61/9 460/62/9
f 456/341/39 453/345/39 461/337/39 464/59/39
f 454/346/39 455/342/39 463/60/39 462/338/39
f 453/345/2 456/341/2 472/341/2 469/345/2
f 451/340/2 450/344/2 466/344/2 467/340/2
f 454/346/2 453/345/2 469/345/2 470/346/2
f 450/344/2 449/343/2 465/343/2 466/344/2
f 455/342/2 454/346/2 470/346/2 471/342/2
f 449/343/2 452/339/2 468/339/2 465/343/2
f 487/351/5 481/352/5 497/352/5 503/351/5
f 491/353/5 486/354/5 502/354/5 499/353/5
f 486/354/69 485/355/69 501/355/69 502/354/69
f 489/356/35 485/355/35 490/348/35 484/347/35
f 486/354/35 491/353/35 483/350/35 492/349/35
f 487/351/35 488/357/35 494/303/35 493/304/35
f 485/355/35 486/354/35 492/349/35 490/348/35
f 488/357/35 495/358/35 482/329/35 494/303/35
f 495/358/35 489/356/35 484/347/35 482/329/35
f 481/352/35 487/351/35 493/304/35 496/330/35
f 491/353/35 481/352/35 496/330/35 483/350/35
f 495/358/2 488/357/2 504/357/2 498/358/2
f 488/357/54 487/351/54 503/351/54 504/357/54
f 485/355/2 489/356/2 500/356/2 501/355/2
f 481/352/5 491/353/5 499/353/5 497/352/5
f 489/356/2 495/358/2 498/358/2 500/356/2
s 1
f 508/359/70 506/360/70 507/361/70
f 509/362/70 506/360/70 508/359/70
f 509/362/70 505/363/70 506/360/70
f 510/364/70 505/363/70 509/362/70
f 510/364/70 516/365/70 505/363/70
f 511/366/70 516/365/70 510/364/70
f 511/366/70 515/367/70 516/365/70
f 512/368/70 515/367/70 511/366/70
f 512/368/70 514/369/70 515/367/70
f 513/370/70 514/369/70 512/368/70
f 518/360/71 520/359/71 519/361/71
f 518/360/71 521/362/71 520/359/71
f 517/363/71 521/362/71 518/360/71
f 517/363/71 522/364/71 521/362/71
f 528/365/71 522/364/71 517/363/71
f 528/365/71 523/366/71 522/364/71
f 527/367/71 523/366/71 528/365/71
f 527/367/71 524/368/71 523/366/71
f 526/369/71 524/368/71 527/367/71
f 526/369/71 525/370/71 524/368/71
f 529/371/72 541/372/73 552/373/74 540/374/75
f 530/375/76 542/376/77 541/377/73 529/363/72
f 531/378/78 543/379/79 542/376/77 530/375/76
f 532/380/80 544/381/81 543/379/79 531/378/78
f 533/382/82 545/383/83 544/381/81 532/380/80
f 534/384/84 546/385/85 545/383/83 533/382/82
f 535/386/86 547/387/87 546/385/85 534/384/84
f 536/388/88 548/389/89 547/387/87 535/386/86
f 537/390/90 549/391/91 548/389/89 536/388/88
f 538/392/92 550/393/93 549/391/91 537/390/90
f 539/394/94 551/395/95 550/393/93 538/392/92
f 540/374/75 552/373/74 551/395/95 539/394/94
f 541/372/73 553/396/96 564/397/97 552/373/74
f 542/376/77 554/398/98 553/399/96 541/377/73
f 543/379/79 555/400/99 554/398/98 542/376/77
f 544/381/81 556/401/100 555/400/99 543/379/79
f 545/383/83 557/402/101 556/401/100 544/381/81
f 546/385/85 558/403/102 557/402/101 545/383/83
f 547/387/87 559/404/103 558/403/102 546/385/85
f 548/389/89 560/405/104 559/404/103 547/387/87
f 549/391/91 561/406/105 560/405/104 548/389/89
f 550/393/93 562/407/106 561/406/105 549/391/91
f 551/395/95 563/408/107 562/407/106 550/393/93
f 552/373/74 564/397/97 563/408/107 551/395/95
f 553/396/96 565/409/108 576/410/109 564/397/97
f 554/398/98 566/411/110 565/412/108 553/399/96
f 555/400/99 567/413/111 566/411/110 554/398/98
f 556/401/100 568/414/112 567/413/111 555/400/99
f 557/402/101 569/415/113 568/414/112 556/401/100
f 558/403/102 570/416/114 569/415/113 557/402/101
f 559/404/103 571/417/115 570/416/114 558/403/102
f 560/405/104 572/418/116 571/417/115 559/404/103
f 561/406/105 573/419/117 572/418/116 560/405/104
f 562/407/106 574/420/118 573/419/117 561/406/105
f 563/408/107 575/421/119 574/420/118 562/407/106
f 564/397/97 576/410/109 575/421/119 563/408/107
f 565/409/108 577/422/120 588/423/121 576/410/109
f 566/411/110 578/424/122 577/425/120 565/412/108
f 567/413/111 579/426/123 578/424/122 566/411/110
f 568/414/112 580/427/124 579/426/123 567/413/111
f 569/415/113 581/428/125 580/427/124 568/414/112
f 570/416/114 582/429/126 581/428/125 569/415/113
f 571/417/115 583/430/127 582/429/126 570/416/114
f 572/418/116 584/431/128 583/430/127 571/417/115
f 573/419/117 585/432/129 584/431/128 572/418/116
f 574/420/118 586/433/130 585/432/129 573/419/117
f 575/421/119 587/434/131 586/433/130 574/420/118
f 576/410/109 588/423/121 587/434/131 575/421/119
f 577/422/120 589/435/132 600/436/133 588/423/121
f 578/424/122 590/437/134 589/438/132 577/425/120
f 579/426/123 591/439/135 590/437/134 578/424/122
f 580/427/124 592/440/136 591/439/135 579/426/123
f 581/428/125 593/441/137 592/440/136 580/427/124
f 582/429/126 594/442/138 593/441/137 581/428/125
f 583/430/127 595/443/139 594/442/138 582/429/126
f 584/431/128 596/444/140 595/443/139 583/430/127
f 585/432/129 597/445/141 596/444/140 584/431/128
f 586/433/130 598/446/142 597/445/141 585/432/129
f 587/434/131 599/447/143 598/446/142 586/433/130
f 588/423/121 600/436/133 599/447/143 587/434/131
f 589/435/132 601/448/144 612/449/145 600/436/133
f 590/437/134 602/450/146 601/451/144 589/438/132
f 591/439/135 603/452/147 602/450/146 590/437/134
f 592/440/136 604/453/148 603/452/147 591/439/135
f 593/441/137 605/454/149 604/453/148 592/440/136
f 594/442/138 606/455/150 605/454/149 593/441/137
f 595/443/139 607/456/151 606/455/150 594/442/138
f 596/444/140 608/457/152 607/456/151 595/443/139
f 597/445/141 609/458/153 608/457/152 596/444/140
f 598/446/142 610/459/154 609/458/153 597/445/141
f 599/447/143 611/460/155 610/459/154 598/446/142
f 600/436/133 612/449/145 611/460/155 599/447/143
f 601/448/144 613/461/156 624/462/157 612/449/145
f 602/450/146 614/463/158 613/464/156 601/451/144
f 603/452/147 615/465/159 614/463/158 602/450/146
f 604/453/148 616/466/160 615/465/159 603/452/147
f 605/454/149 617/467/161 616/466/160 604/453/148
f 606/455/150 618/468/162 617/467/161 605/454/149
f 607/456/151 619/469/163 618/468/162 606/455/150
f 608/457/152 620/470/164 619/469/163 607/456/151
f 609/458/153 621/471/165 620/470/164 608/457/152
f 610/459/154 622/472/166 621/471/165 609/458/153
f 611/460/155 623/473/167 622/472/166 610/459/154
f 612/449/145 624/462/157 623/473/167 611/460/155
f 613/461/156 625/474/168 636/475/169 624/462/157
f 614/463/158 626/476/170 625/477/168 613/464/156
f 615/465/159 627/478/171 626/476/170 614/463/158
f 616/466/160 628/479/172 627/478/171 615/465/159
f 617/467/161 629/480/173 628/479/172 616/466/160
f 618/468/162 630/481/174 629/480/173 617/467/161
f 619/469/163 631/482/175 630/481/174 618/468/162
f 620/470/164 632/483/176 631/482/175 619/469/163
f 621/471/165 633/484/177 632/483/176 620/470/164
f 622/472/166 634/485/178 633/484/177 621/471/165
f 623/473/167 635/486/179 634/485/178 622/472/166
f 624/462/157 636/475/169 635/486/179 623/473/167
f 625/474/168 637/487/180 648/488/181 636/475/169
f 626/476/170 638/489/182 637/490/180 625/477/168
f 627/478/171 639/491/183 638/489/182 626/476/170
f 628/479/172 640/492/184 639/491/183 627/478/171
f 629/480/173 641/493/185 640/492/184 628/479/172
f 630/481/174 642/494/186 641/493/185 629/480/173
f 631/482/175 643/495/187 642/494/186 630/481/174
f 632/483/176 644/496/188 643/495/187 631/482/175
f 633/484/177 645/497/189 644/496/188 632/483/176
f 634/485/178 646/498/190 645/497/189 633/484/177
f 635/486/179 647/499/191 646/498/190 634/485/178
f 636/475/169 648/488/181 647/499/191 635/486/179
f 637/487/180 649/500/192 660/501/193 648/488/181
f 638/489/182 650/502/194 649/503/192 637/490/180
f 639/491/183 651/504/195 650/502/194 638/489/182
f 640/492/184 652/505/196 651/504/195 639/491/183
f 641/493/185 653/506/197 652/505/196 640/492/184
f 642/494/186 654/507/198 653/506/197 641/493/185
f 643/495/187 655/508/199 654/507/198 642/494/186
f 644/496/188 656/509/200 655/508/199 643/495/187
f 645/497/189 657/510/201 656/509/200 644/496/188
f 646/498/190 658/511/202 657/510/201 645/497/189
f 647/499/191 659/512/203 658/511/202 646/498/190
f 648/488/181 660/501/193 659/512/203 647/499/191
f 649/500/192 661/513/204 672/514/205 660/501/193
f 650/502/194 662/515/206 661/516/204 649/503/192
f 651/504/195 663/517/207 662/515/206 650/502/194
f 652/505/196 664/518/208 663/517/207 651/504/195
f 653/506/197 665/519/209 664/518/208 652/505/196
f 654/507/198 666/520/210 665/519/209 653/506/197
f 655/508/199 667/521/211 666/520/210 654/507/198
f 656/509/200 668/522/212 667/521/211 655/508/199
f 657/510/201 669/523/213 668/522/212 656/509/200
f 658/511/202 670/524/214 669/523/213 657/510/201
f 659/512/203 671/525/215 670/524/214 658/511/202
f 660/501/193 672/514/205 671/525/215 659/512/203
f 661/513/204 673/526/216 684/527/217 672/514/205
f 662/515/206 674/528/218 673/365/216 661/516/204
f 663/517/207 675/529/219 674/528/218 662/515/206
f 664/518/208 676/530/220 675/529/219 663/517/207
f 665/519/209 677/531/221 676/530/220 664/518/208
f 666/520/210 678/532/222 677/531/221 665/519/209
f 667/521/211 679/533/223 678/532/222 666/520/210
f 668/522/212 680/534/224 679/533/223 667/521/211
f 669/523/213 681/535/225 680/534/224 668/522/212
f 670/524/214 682/536/226 681/535/225 669/523/213
f 671/525/215 683/537/227 682/536/226 670/524/214
f 672/514/205 684/527/217 683/537/227 671/525/215
f 688/359/228 687/361/228 686/360/228
f 689/362/228 688/359/228 686/360/228
f 689/362/228 686/360/228 685/363/228
f 690/364/228 689/362/228 685/363/228
f 690/364/228 685/363/228 696/365/228
f 691/366/228 690/364/228 696/365/228
f 691/366/228 696/365/228 695/367/228
f 692/368/228 691/366/228 695/367/228
f 692/368/228 695/367/228 694/369/228
f 693/370/228 692/368/228 694/369/228
f 698/360/71 699/361/71 700/359/71
f 698/360/71 700/359/71 701/362/71
f 697/363/71 698/360/71 701/362/71
f 697/363/71 701/362/71 702/364/71
f 708/365/71 697/363/71 702/364/71
f 708/365/71 702/364/71 703/366/71
f 707/367/71 708/365/71 703/366/71
f 707/367/71 703/366/71 704/368/71
f 706/369/71 707/367/71 704/368/71
f 706/369/71 704/368/71 705/370/71
f 709/371/229 720/374/230 732/373/231 721/372/232
f 710/375/233 709/363/229 721/377/232 722/376/234
f 711/378/235 710/375/233 722/376/234 723/379/236
f 712/380/237 711/378/235 723/379/236 724/381/238
f 713/382/239 712/380/237 724/381/238 725/383/240
f 714/384/241 713/382/239 725/383/240 726/385/242
f 715/386/243 714/384/241 726/385/242 727/387/244
f 716/388/245 715/386/243 727/387/244 728/389/246
f 717/390/247 716/388/245 728/389/246 729/391/248
f 718/392/249 717/390/247 729/391/248 730/393/250
f 719/394/251 718/392/249 730/393/250 731/395/252
f 720/374/230 719/394/251 731/395/252 732/373/231
f 721/372/232 732/373/231 744/397/253 733/396/254
f 722/376/234 721/377/232 733/399/254 734/398/255
f 723/379/236 722/376/234 734/398/255 735/400/256
f 724/381/238 723/379/236 735/400/256 736/401/257
f 725/383/240 724/381/238 736/401/257 737/402/258
f 726/385/242 725/383/240 737/402/258 738/403/259
f 727/387/244 726/385/242 738/403/259 739/404/260
f 728/389/246 727/387/244 739/404/260 740/405/261
f 729/391/248 728/389/246 740/405/261 741/406/262
f 730/393/250 729/391/248 741/406/262 742/407/263
f 731/395/252 730/393/250 742/407/263 743/408/264
f 732/373/231 731/395/252 743/408/264 744/397/253
f 733/396/254 744/397/253 756/410/265 745/409/266
f 734/398/255 733/399/254 745/412/266 746/411/267
f 735/400/256 734/398/255 746/411/267 747/413/268
f 736/401/257 735/400/256 747/413/268 748/414/269
f 737/402/258 736/401/257 748/414/269 749/415/270
f 738/403/259 737/402/258 749/415/270 750/416/271
f 739/404/260 738/403/259 750/416/271 751/417/272
f 740/405/261 739/404/260 751/417/272 752/418/273
f 741/406/262 740/405/261 752/418/273 753/419/274
f 742/407/263 741/406/262 753/419/274 754/420/275
f 743/408/264 742/407/263 754/420/275 755/421/276
f 744/397/253 743/408/264 755/421/276 756/410/265
f 745/409/266 756/410/265 768/423/277 757/422/278
f 746/411/267 745/412/266 757/425/278 758/424/279
f 747/413/268 746/411/267 758/424/279 759/426/280
f 748/414/269 747/413/268 759/426/280 760/427/281
f 749/415/270 748/414/269 760/427/281 761/428/282
f 750/416/271 749/415/270 761/428/282 762/429/283
f 751/417/272 750/416/271 762/429/283 763/430/284
f 752/418/273 751/417/272 763/430/284 764/431/285
f 753/419/274 752/418/273 764/431/285 765/432/286
f 754/420/275 753/419/274 765/432/286 766/433/287
f 755/421/276 754/420/275 766/433/287 767/434/288
f 756/410/265 755/421/276 767/434/288 768/423/277
f 757/422/278 768/423/277 780/436/289 769/435/290
f 758/424/279 757/425/278 769/438/290 770/437/291
f 759/426/280 758/424/279 770/437/291 771/439/292
f 760/427/281 759/426/280 771/439/292 772/440/293
f 761/428/282 760/427/281 772/440/293 773/441/294
f 762/429/283 761/428/282 773/441/294 774/442/295
f 763/430/284 762/429/283 774/442/295 775/443/296
f 764/431/285 763/430/284 775/443/296 776/444/297
f 765/432/286 764/431/285 776/444/297 777/445/298
f 766/433/287 765/432/286 777/445/298 778/446/299
f 767/434/288 766/433/287 778/446/299 779/447/300
f 768/423/277 767/434/288 779/447/300 780/436/289
f 769/435/290 780/436/289 792/449/301 781/448/302
f 770/437/291 769/438/290 781/451/302 782/450/303
f 771/439/292 770/437/291 782/450/303 783/452/304
f 772/440/293 771/439/292 783/452/304 784/453/305
f 773/441/294 772/440/293 784/453/305 785/454/306
f 774/442/295 773/441/294 785/454/306 786/455/307
f 775/443/296 774/442/295 786/455/307 787/456/308
f 776/444/297 775/443/296 787/456/308 788/457/309
f 777/445/298 776/444/297 788/457/309 789/458/310
f 778/446/299 777/445/298 789/458/310 790/459/311
f 779/447/300 778/446/299 790/459/311 791/460/312
f 780/436/289 779/447/300 791/460/312 792/449/301
f 781/448/302 792/449/301 804/462/313 793/461/314
f 782/450/303 781/451/302 793/464/314 794/463/315
f 783/452/304 782/450/303 794/463/315 795/465/316
f 784/453/305 783/452/304 795/465/316 796/466/317
f 785/454/306 784/453/305 796/466/317 797/467/318
f 786/455/307 785/454/306 797/467/318 798/468/319
f 787/456/308 786/455/307 798/468/319 799/469/320
f 788/457/309 787/456/308 799/469/320 800/470/321
f 789/458/310 788/457/309 800/470/321 801/471/322
f 790/459/311 789/458/310 801/471/322 802/472/323
f 791/460/312 790/459/311 802/472/323 803/473/324
f 792/449/301 791/460/312 803/473/324 804/462/313
f 793/461/314 804/462/313 816/475/325 805/474/326
f 794/463/315 793/464/314 805/477/326 806/476/327
f 795/465/316 794/463/315 806/476/327 807/478/328
f 796/466/317 795/465/316 807/478/328 808/479/329
f 797/467/318 796/466/317 808/479/329 809/480/330
f 798/468/319 797/467/318 809/480/330 810/481/331
f 799/469/320 798/468/319 810/481/331 811/482/332
f 800/470/321 799/469/320 811/482/332 812/483/333
f 801/471/322 800/470/321 812/483/333 813/484/334
f 802/472/323 801/471/322 813/484/334 814/485/335
f 803/473/324 802/472/323 814/485/335 815/486/336
f 804/462/313 803/473/324 815/486/336 816/475/325
f 805/474/326 816/475/325 828/488/337 817/487/338
f 806/476/327 805/477/326 817/490/338 818/489/339
f 807/478/328 806/476/327 818/489/339 819/491/340
f 808/479/329 807/478/328 819/491/340 820/492/341
f 809/480/330 808/479/329 820/492/341 821/493/342
f 810/481/331 809/480/330 821/493/342 822/494/343
f 811/482/332 810/481/331 822/494/343 823/495/344
f 812/483/333 811/482/332 823/495/344 824/496/345
f 813/484/334 812/483/333 824/496/345 825/497/346
f 814/485/335 813/484/334 825/497/346 826/498/347
f 815/486/336 814/485/335 826/498/347 827/499/348
f 816/475/325 815/486/336 827/499/348 828/488/337
f 817/487/338 828/488/337 840/501/349 829/500/350
f 818/489/339 817/490/338 829/503/350 830/502/351
f 819/491/340 818/489/339 830/502/351 831/504/352
f 820/492/341 819/491/340 831/504/352 832/505/353
f 821/493/342 820/492/341 832/505/353 833/506/354
f 822/494/343 821/493/342 833/506/354 834/507/355
f 823/495/344 822/494/343 834/507/355 835/508/356
f 824/496/345 823/495/344 835/508/356 836/509/357
f 825/497/346 824/496/345 836/509/357 837/510/358
f 826/498/347 825/497/346 837/510/358 838/511/359
f 827/499/348 826/498/347 838/511/359 839/512/360
f 828/488/337 827/499/348 839/512/360 840/501/349
f 829/500/350 840/501/349 852/514/361 841/513/362
f 830/502/351 829/503/350 841/516/362 842/515/363
f 831/504/352 830/502/351 842/515/363 843/517/364
f 832/505/353 831/504/352 843/517/364 844/518/365
f 833/506/354 832/505/353 844/518/365 845/519/366
f 834/507/355 833/506/354 845/519/366 846/520/367
f 835/508/356 834/507/355 846/520/367 847/521/368
f 836/509/357 835/508/356 847/521/368 848/522/369
f 837/510/358 836/509/357 848/522/369 849/523/370
f 838/511/359 837/510/358 849/523/370 850/524/371
f 839/512/360 838/511/359 850/524/371 851/525/372
f 840/501/349 839/512/360 851/525/372 852/514/361
f 841/513/362 852/514/361 864/527/373 853/526/374
f 842/515/363 841/516/362 853/365/374 854/528/375
f 843/517/364 842/515/363 854/528/375 855/529/376
f 844/518/365 843/517/364 855/529/376 856/530/377
f 845/519/366 844/518/365 856/530/377 857/531/378
f 846/520/367 845/519/366 857/531/378 858/532/379
f 847/521/368 846/520/367 858/532/379 859/533/380
f 848/522/369 847/521/368 859/533/380 860/534/381
f 849/523/370 848/522/369 860/534/381 861/535/382
f 850/524/371 849/523/370 861/535/382 862/536/383
f 851/525/372 850/524/371 862/536/383 863/537/384
f 852/514/361 851/525/372 863/537/384 864/527/373
f 873/370/385 871/366/385 872/368/385
f 873/370/385 870/364/385 871/366/385
f 874/369/385 870/364/385 873/370/385
f 874/369/385 869/362/385 870/364/385
f 875/367/385 869/362/385 874/369/385
f 875/367/385 868/359/385 869/362/385
f 876/365/385 868/359/385 875/367/385
f 876/365/385 867/361/385 868/359/385
f 865/363/385 867/361/385 876/365/385
f 865/363/385 866/360/385 867/361/385
f 883/366/386 885/370/386 884/368/386
f 883/366/386 886/369/386 885/370/386
f 882/364/386 886/369/386 883/366/386
f 882/364/386 887/367/386 886/369/386
f 881/362/386 887/367/386 882/364/386
f 881/362/386 888/365/386 887/367/386
f 880/359/386 888/365/386 881/362/386
f 880/359/386 877/363/386 888/365/386
f 879/361/386 877/363/386 880/359/386
f 879/361/386 878/360/386 877/363/386
f 889/371/387 901/372/388 912/373/389 900/374/390
f 890/375/391 902/376/392 901/377/388 889/363/387
f 891/378/393 903/379/394 902/376/392 890/375/391
f 892/380/395 904/381/396 903/379/394 891/378/393
f 893/382/397 905/383/398 904/381/396 892/380/395
f 894/384/399 906/385/400 905/383/398 893/382/397
f 895/386/401 907/387/402 906/385/400 894/384/399
f 896/388/403 908/389/404 907/387/402 895/386/401
f 897/390/405 909/391/406 908/389/404 896/388/403
f 898/392/407 910/393/408 909/391/406 897/390/405
f 899/394/409 911/395/410 910/393/408 898/392/407
f 900/374/390 912/373/389 911/395/410 899/394/409
f 901/372/388 913/396/411 924/397/412 912/373/389
f 902/376/392 914/398/413 913/399/411 901/377/388
f 903/379/394 915/400/414 914/398/413 902/376/392
f 904/381/396 916/401/415 915/400/414 903/379/394
f 905/383/398 917/402/416 916/401/415 904/381/396
f 906/385/400 918/403/417 917/402/416 905/383/398
f 907/387/402 919/404/418 918/403/417 906/385/400
f 908/389/404 920/405/419 919/404/418 907/387/402
f 909/391/406 921/406/420 920/405/419 908/389/404
f 910/393/408 922/407/421 921/406/420 909/391/406
f 911/395/410 923/408/422 922/407/421 910/393/408
f 912/373/389 924/397/412 923/408/422 911/395/410
f 913/396/411 925/409/423 936/410/424 924/397/412
f 914/398/413 926/411/425 925/412/423 913/399/411
f 915/400/414 927/413/426 926/411/425 914/398/413
f 916/401/415 928/414/427 927/413/426 915/400/414
f 917/402/416 929/415/428 928/414/427 916/401/415
f 918/403/417 930/416/429 929/415/428 917/402/416
f 919/404/418 931/417/430 930/416/429 918/403/417
f 920/405/419 932/418/431 931/417/430 919/404/418
f 921/406/420 933/419/432 932/418/431 920/405/419
f 922/407/421 934/420/433 933/419/432 921/406/420
f 923/408/422 935/421/434 934/420/433 922/407/421
f 924/397/412 936/410/424 935/421/434 923/408/422
f 925/409/423 937/422/435 948/423/436 936/410/424
f 926/411/425 938/424/437 937/425/435 925/412/423
f 927/413/426 939/426/438 938/424/437 926/411/425
f 928/414/427 940/427/439 939/426/438 927/413/426
f 929/415/428 941/428/440 940/427/439 928/414/427
f 930/416/429 942/429/441 941/428/440 929/415/428
f 931/417/430 943/430/442 942/429/441 930/416/429
f 932/418/431 944/431/443 943/430/442 931/417/430
f 933/419/432 945/432/444 944/431/443 932/418/431
f 934/420/433 946/433/445 945/432/444 933/419/432
f 935/421/434 947/434/446 946/433/445 934/420/433
f 936/410/424 948/423/436 947/434/446 935/421/434
f 937/422/435 949/435/447 960/436/448 948/423/436
f 938/424/437 950/437/449 949/438/447 937/425/435
f 939/426/438 951/439/450 950/437/449 938/424/437
f 940/427/439 952/440/451 951/439/450 939/426/438
f 941/428/440 953/441/452 952/440/451 940/427/439
f 942/429/441 954/442/453 953/441/452 941/428/440
f 943/430/442 955/443/454 954/442/453 942/429/441
f 944/431/443 956/444/455 955/443/454 943/430/442
f 945/432/444 957/445/456 956/444/455 944/431/443
f 946/433/445 958/446/457 957/445/456 945/432/444
f 947/434/446 959/447/458 958/446/457 946/433/445
f 948/423/436 960/436/448 959/447/458 947/434/446
f 949/435/447 961/448/459 972/449/460 960/436/448
f 950/437/449 962/450/461 961/451/459 949/438/447
f 951/439/450 963/452/462 962/450/461 950/437/449
f 952/440/451 964/453/463 963/452/462 951/439/450
f 953/441/452 965/454/464 964/453/463 952/440/451
f 954/442/453 966/455/465 965/454/464 953/441/452
f 955/443/454 967/456/466 966/455/465 954/442/453
f 956/444/455 968/457/467 967/456/466 955/443/454
f 957/445/456 969/458/468 968/457/467 956/444/455
f 958/446/457 970/459/469 969/458/468 957/445/456
f 959/447/458 971/460/470 970/459/469 958/446/457
f 960/436/448 972/449/460 971/460/470 959/447/458
f 961/448/459 973/461/471 984/462/472 972/449/460
f 962/450/461 974/463/473 973/464/471 961/451/459
f 963/452/462 975/465/474 974/463/473 962/450/461
f 964/453/463 976/466/475 975/465/474 963/452/462
f 965/454/464 977/467/476 976/466/475 964/453/463
f 966/455/465 978/468/477 977/467/476 965/454/464
f 967/456/466 979/469/478 978/468/477 966/455/465
f 968/457/467 980/470/479 979/469/478 967/456/466
f 969/458/468 981/471/480 980/470/479 968/457/467
f 970/459/469 982/472/481 981/471/480 969/458/468
f 971/460/470 983/473/482 982/472/481 970/459/469
f 972/449/460 984/462/472 983/473/482 971/460/470
f 973/461/471 985/474/483 996/475/484 984/462/472
f 974/463/473 986/476/485 985/477/483 973/464/471
f 975/465/474 987/478/486 986/476/485 974/463/473
f 976/466/475 988/479/487 987/478/486 975/465/474
f 977/467/476 989/480/488 988/479/487 976/466/475
f 978/468/477 990/481/489 989/480/488 977/467/476
f 979/469/478 991/482/490 990/481/489 978/468/477
f 980/470/479 992/483/491 991/482/490 979/469/478
f 981/471/480 993/484/492 992/483/491 980/470/479
f 982/472/481 994/485/493 993/484/492 981/471/480
f 983/473/482 995/486/494 994/485/493 982/472/481
f 984/462/472 996/475/484 995/486/494 983/473/482
f 985/474/483 997/487/495 1008/488/496 996/475/484
f 986/476/485 998/489/497 997/490/495 985/477/483
f 987/478/486 999/491/498 998/489/497 986/476/485
f 988/479/487 1000/492/499 999/491/498 987/478/486
f 989/480/488 1001/493/500 1000/492/499 988/479/487
f 990/481/489 1002/494/501 1001/493/500 989/480/488
f 991/482/490 1003/495/502 1002/494/501 990/481/489
f 992/483/491 1004/496/503 1003/495/502 991/482/490
f 993/484/492 1005/497/504 1004/496/503 992/483/491
f 994/485/493 1006/498/505 1005/497/504 993/484/492
f 995/486/494 1007/499/506 1006/498/505 994/485/493
f 996/475/484 1008/488/496 1007/499/506 995/486/494
f 997/487/495 1009/500/507 1020/501/508 1008/488/496
f 998/489/497 1010/502/509 1009/503/507 997/490/495
f 999/491/498 1011/504/510 1010/502/509 998/489/497
f 1000/492/499 1012/505/511 1011/504/510 999/491/498
f 1001/493/500 1013/506/512 1012/505/511 1000/492/499
f 1002/494/501 1014/507/513 1013/506/512 1001/493/500
f 1003/495/502 1015/508/514 1014/507/513 1002/494/501
f 1004/496/503 1016/509/515 1015/508/514 1003/495/502
f 1005/497/504 1017/510/516 1016/509/515 1004/496/503
f 1006/498/505 1018/511/517 1017/510/516 1005/497/504
f 1007/499/506 1019/512/518 1018/511/517 1006/498/505
f 1008/488/496 1020/501/508 1019/512/518 1007/499/506
f 1009/500/507 1021/513/519 1032/514/520 1020/501/508
f 1010/502/509 1022/515/521 1021/516/519 1009/503/507
f 1011/504/510 1023/517/522 1022/515/521 1010/502/509
f 1012/505/511 1024/518/523 1023/517/522 1011/504/510
f 1013/506/512 1025/519/524 1024/518/523 1012/505/511
f 1014/507/513 1026/520/525 1025/519/524 1013/506/512
f 1015/508/514 1027/521/526 1026/520/525 1014/507/513
f 1016/509/515 1028/522/527 1027/521/526 1015/508/514
f 1017/510/516 1029/523/528 1028/522/527 1016/509/515
f 1018/511/517 1030/524/529 1029/523/528 1017/510/516
f 1019/512/518 1031/525/530 1030/524/529 1018/511/517
f 1020/501/508 1032/514/520 1031/525/530 1019/512/518
f 1021/513/519 1033/526/531 1044/527/532 1032/514/520
f 1022/515/521 1034/528/533 1033/365/531 1021/516/519
f 1023/517/522 1035/529/534 1034/528/533 1022/515/521
f 1024/518/523 1036/530/535 1035/529/534 1023/517/522
f 1025/519/524 1037/531/536 1036/530/535 1024/518/523
f 1026/520/525 1038/532/537 1037/531/536 1025/519/524
f 1027/521/526 1039/533/538 1038/532/537 1026/520/525
f 1028/522/527 1040/534/539 1039/533/538 1027/521/526
f 1029/523/528 1041/535/540 1040/534/539 1028/522/527
f 1030/524/529 1042/536/541 1041/535/540 1029/523/528
f 1031/525/530 1043/537/542 1042/536/541 1030/524/529
f 1032/514/520 1044/527/532 1043/537/542 1031/525/530
f 1053/370/543 1052/368/543 1051/366/543
f 1053/370/543 1051/366/543 1050/364/543
f 1054/369/543 1053/370/543 1050/364/543
f 1054/369/543 1050/364/543 1049/362/543
f 1055/367/543 1054/369/543 1049/362/543
f 1055/367/543 1049/362/543 1048/359/543
f 1056/365/543 1055/367/543 1048/359/543
f 1056/365/543 1048/359/543 1047/361/543
f 1045/363/543 1056/365/543 1047/361/543
f 1045/363/543 1047/361/543 1046/360/543
f 1063/366/544 1064/368/544 1065/370/544
f 1063/366/544 1065/370/544 1066/369/544
f 1062/364/544 1063/366/544 1066/369/544
f 1062/364/544 1066/369/544 1067/367/544
f 1061/362/544 1062/364/544 1067/367/544
f 1061/362/544 1067/367/544 1068/365/544
f 1060/359/544 1061/362/544 1068/365/544
f 1060/359/544 1068/365/544 1057/363/544
f 1059/361/544 1060/359/544 1057/363/544
f 1059/361/544 1057/363/544 1058/360/544
f 1069/371/545 1080/374/546 1092/373/547 1081/372/548
f 1070/375/549 1069/363/545 1081/377/548 1082/376/550
f 1071/378/551 1070/375/549 1082/376/550 1083/379/552
f 1072/380/553 1071/378/551 1083/379/552 1084/381/554
f 1073/382/555 1072/380/553 1084/381/554 1085/383/556
f 1074/384/557 1073/382/555 1085/383/556 1086/385/558
f 1075/386/559 1074/384/557 1086/385/558 1087/387/560
f 1076/388/561 1075/386/559 1087/387/560 1088/389/562
f 1077/390/563 1076/388/561 1088/389/562 1089/391/564
f 1078/392/565 1077/390/563 1089/391/564 1090/393/566
f 1079/394/567 1078/392/565 1090/393/566 1091/395/568
f 1080/374/546 1079/394/567 1091/395/568 1092/373/547
f 1081/372/548 1092/373/547 1104/397/569 1093/396/570
f 1082/376/550 1081/377/548 1093/399/570 1094/398/571
f 1083/379/552 1082/376/550 1094/398/571 1095/400/572
f 1084/381/554 1083/379/552 1095/400/572 1096/401/573
f 1085/383/556 1084/381/554 1096/401/573 1097/402/574
f 1086/385/558 1085/383/556 1097/402/574 1098/403/575
f 1087/387/560 1086/385/558 1098/403/575 1099/404/576
f 1088/389/562 1087/387/560 1099/404/576 1100/405/577
f 1089/391/564 1088/389/562 1100/405/577 1101/406/578
f 1090/393/566 1089/391/564 1101/406/578 1102/407/579
f 1091/395/568 1090/393/566 1102/407/579 1103/408/580
f 1092/373/547 1091/395/568 1103/408/580 1104/397/569
f 1093/396/570 1104/397/569 1116/410/581 1105/409/582
f 1094/398/571 1093/399/570 1105/412/582 1106/411/583
f 1095/400/572 1094/398/571 1106/411/583 1107/413/584
f 1096/401/573 1095/400/572 1107/413/584 1108/414/585
f 1097/402/574 1096/401/573 1108/414/585 1109/415/586
f 1098/403/575 1097/402/574 1109/415/586 1110/416/587
f 1099/404/576 1098/403/575 1110/416/587 1111/417/588
f 1100/405/577 1099/404/576 1111/417/588 1112/418/589
f 1101/406/578 1100/405/577 1112/418/589 1113/419/590
f 1102/407/579 1101/406/578 1113/419/590 1114/420/591
f 1103/408/580 1102/407/579 1114/420/591 1115/421/592
f 1104/397/569 1103/408/580 1115/421/592 1116/410/581
f 1105/409/582 1116/410/581 1128/423/593 1117/422/594
f 1106/411/583 1105/412/582 1117/425/594 1118/424/595
f 1107/413/584 1106/411/583 1118/424/595 1119/426/596
f 1108/414/585 1107/413/584 1119/426/596 1120/427/597
f 1109/415/586 1108/414/585 1120/427/597 1121/428/598
f 1110/416/587 1109/415/586 1121/428/598 1122/429/599
f 1111/417/588 1110/416/587 1122/429/599 1123/430/600
f 1112/418/589 1111/417/588 1123/430/600 1124/431/601
f 1113/419/590 1112/418/589 1124/431/601 1125/432/602
f 1114/420/591 1113/419/590 1125/432/602 1126/433/603
f 1115/421/592 1114/420/591 1126/433/603 1127/434/604
f 1116/410/581 1115/421/592 1127/434/604 1128/423/593
f 1117/422/594 1128/423/593 1140/436/605 1129/435/606
f 1118/424/595 1117/425/594 1129/438/606 1130/437/607
f 1119/426/596 1118/424/595 1130/437/607 1131/439/608
f 1120/427/597 1119/426/596 1131/439/608 1132/440/609
f 1121/428/598 1120/427/597 1132/440/609 1133/441/610
f 1122/429/599 1121/428/598 1133/441/610 1134/442/611
f 1123/430/600 1122/429/599 1134/442/611 1135/443/612
f 1124/431/601 1123/430/600 1135/443/612 1136/444/613
f 1125/432/602 1124/431/601 1136/444/613 1137/445/614
f 1126/433/603 1125/432/602 1137/445/614 1138/446/615
f 1127/434/604 1126/433/603 1138/446/615 1139/447/616
f 1128/423/593 1127/434/604 1139/447/616 1140/436/605
f 1129/435/606 1140/436/605 1152/449/617 1141/448/618
f 1130/437/607 1129/438/606 1141/451/618 1142/450/619
f 1131/439/608 1130/437/607 1142/450/619 1143/452/620
f 1132/440/609 1131/439/608 1143/452/620 1144/453/621
f 1133/441/610 1132/440/609 1144/453/621 1145/454/622
f 1134/442/611 1133/441/610 1145/454/622 1146/455/623
f 1135/443/612 1134/442/611 1146/455/623 1147/456/624
f 1136/444/613 1135/443/612 1147/456/624 1148/457/625
f 1137/445/614 1136/444/613 1148/457/625 1149/458/626
f 1138/446/615 1137/445/614 1149/458/626 1150/459/627
f 1139/447/616 1138/446/615 1150/459/627 1151/460/628
f 1140/436/605 1139/447/616 1151/460/628 1152/449/617
f 1141/448/618 1152/449/617 1164/462/629 1153/461/630
f 1142/450/619 1141/451/618 1153/464/630 1154/463/631
f 1143/452/620 1142/450/619 1154/463/631 1155/465/632
f 1144/453/621 1143/452/620 1155/465/632 1156/466/633
f 1145/454/622 1144/453/621 1156/466/633 1157/467/634
f 1146/455/623 1145/454/622 1157/467/634 1158/468/635
f 1147/456/624 1146/455/623 1158/468/635 1159/469/636
f 1148/457/625 1147/456/624 1159/469/636 1160/470/637
f 1149/458/626 1148/457/625 1160/470/637 1161/471/638
f 1150/459/627 1149/458/626 1161/471/638 1162/472/639
f 1151/460/628 1150/459/627 1162/472/639 1163/473/640
f 1152/449/617 1151/460/628 1163/473/640 1164/462/629
f 1153/461/630 1164/462/629 1176/475/641 1165/474/642
f 1154/463/631 1153/464/630 1165/477/642 1166/476/643
f 1155/465/632 1154/463/631 1166/476/643 1167/478/644
f 1156/466/633 1155/465/632 1167/478/644 1168/479/645
f 1157/467/634 1156/466/633 1168/479/645 1169/480/646
f 1158/468/635 1157/467/634 1169/480/646 1170/481/647
f 1159/469/636 1158/468/635 1170/481/647 1171/482/648
f 1160/470/637 1159/469/636 1171/482/648 1172/483/649
f 1161/471/638 1160/470/637 1172/483/649 1173/484/650
f 1162/472/639 1161/471/638 1173/484/650 1174/485/651
f 1163/473/640 1162/472/639 1174/485/651 1175/486/652
f 1164/462/629 1163/473/640 1175/486/652 1176/475/641
f 1165/474/642 1176/475/641 1188/488/653 1177/487/654
f 1166/476/643 1165/477/642 1177/490/654 1178/489/655
f 1167/478/644 1166/476/643 1178/489/655 1179/491/656
f 1168/479/645 1167/478/644 1179/491/656 1180/492/657
f 1169/480/646 1168/479/645 1180/492/657 1181/493/658
f 1170/481/647 1169/480/646 1181/493/658 1182/494/659
f 1171/482/648 1170/481/647 1182/494/659 1183/495/660
f 1172/483/649 1171/482/648 1183/495/660 1184/496/661
f 1173/484/650 1172/483/649 1184/496/661 1185/497/662
f 1174/485/651 1173/484/650 1185/497/662 1186/498/663
f 1175/486/652 1174/485/651 1186/498/663 1187/499/664
f 1176/475/641 1175/486/652 1187/499/664 1188/488/653
f 1177/487/654 1188/488/653 1200/501/665 1189/500/666
f 1178/489/655 1177/490/654 1189/503/666 1190/502/667
f 1179/491/656 1178/489/655 1190/502/667 1191/504/668
f 1180/492/657 1179/491/656 1191/504/668 1192/505/669
f 1181/493/658 1180/492/657 1192/505/669 1193/506/670
f 1182/494/659 1181/493/658 1193/506/670 1194/507/671
f 1183/495/660 1182/494/659 1194/507/671 1195/508/672
f 1184/496/661 1183/495/660 1195/508/672 1196/509/673
f 1185/497/662 1184/496/661 1196/509/673 1197/510/674
f 1186/498/663 1185/497/662 1197/510/674 1198/511/675
f 1187/499/664 1186/498/663 1198/511/675 1199/512/676
f 1188/488/653 1187/499/664 1199/512/676 1200/501/665
f 1189/500/666 1200/501/665 1212/514/677 1201/513/678
f 1190/502/667 1189/503/666 1201/516/678 1202/515/679
f 1191/504/668 1190/502/667 1202/515/679 1203/517/680
f 1192/505/669 1191/504/668 1203/517/680 1204/518/681
f 1193/506/670 1192/505/669 1204/518/681 1205/519/682
f 1194/507/671 1193/506/670 1205/519/682 1206/520/683
f 1195/508/672 1194/507/671 1206/520/683 1207/521/684
f 1196/509/673 1195/508/672 1207/521/684 1208/522/685
f 1197/510/674 1196/509/673 1208/522/685 1209/523/686
f 1198/511/675 1197/510/674 1209/523/686 1210/524/687
f 1199/512/676 1198/511/675 1210/524/687 1211/525/688
f 1200/501/665 1199/512/676 1211/525/688 1212/514/677
f 1201/513/678 1212/514/677 1224/527/689 1213/526/690
f 1202/515/679 1201/516/678 1213/365/690 1214/528/691
f 1203/517/680 1202/515/679 1214/528/691 1215/529/692
f 1204/518/681 1203/517/680 1215/529/692 1216/530/693
f 1205/519/682 1204/518/681 1216/530/693 1217/531/694
f 1206/520/683 1205/519/682 1217/531/694 1218/532/695
f 1207/521/684 1206/520/683 1218/532/695 1219/533/696
f 1208/522/685 1207/521/684 1219/533/696 1220/534/697
f 1209/523/686 1208/522/685 1220/534/697 1221/535/698
f 1210/524/687 1209/523/686 1221/535/698 1222/536/699
f 1211/525/688 1210/524/687 1222/536/699 1223/537/700
f 1212/514/677 1211/525/688 1223/537/700 1224/527/689
s 0
f 1354/698/766 1353/697/766 1384/757/766 1383/755/766 1382/753/766 1381/751/766 1380/749/766 1379/747/766 1378/745/766 1377/743/766 1376/741/766 1375/739/766 1374/737/766 1373/735/766 1372/733/766 1371/731/766 1370/729/766 1369/727/766 1368/725/766 1367/723/766 1366/721/766 1365/719/766 1364/695/766 1363/696/766 1362/715/766 1361/713/766 1360/711/766 1359/709/766 1358/707/766 1357/705/766 1356/703/766 1355/701/766
f 1514/698/832 1515/701/832 1516/703/832 1517/705/832 1518/707/832 1519/709/832 1520/711/832 1521/713/832 1522/715/832 1523/696/832 1524/695/832 1525/719/832 1526/721/832 1527/723/832 1528/725/832 1529/727/832 1530/729/832 1531/731/832 1532/733/832 1533/735/832 1534/737/832 1535/739/832 1536/741/832 1537/743/832 1538/745/832 1539/747/832 1540/749/832 1541/751/832 1542/753/832 1543/755/832 1544/757/832 1513/697/832
f 1674/698/9 1673/697/9 1704/757/9 1703/755/9 1702/753/9 1701/751/9 1700/749/9 1699/747/9 1698/745/9 1697/743/9 1696/741/9 1695/739/9 1694/737/9 1693/735/9 1692/733/9 1691/731/9 1690/729/9 1689/727/9 1688/725/9 1687/723/9 1686/721/9 1685/719/9 1684/695/9 1683/696/9 1682/715/9 1681/713/9 1680/711/9 1679/709/9 1678/707/9 1677/705/9 1676/703/9 1675/701/9
f 1834/698/39 1835/701/39 1836/703/39 1837/705/39 1838/707/39 1839/709/39 1840/711/39 1841/713/39 1842/715/39 1843/696/39 1844/695/39 1845/719/39 1846/721/39 1847/723/39 1848/725/39 1849/727/39 1850/729/39 1851/731/39 1852/733/39 1853/735/39 1854/737/39 1855/739/39 1856/741/39 1857/743/39 1858/745/39 1859/747/39 1860/749/39 1861/751/39 1862/753/39 1863/755/39 1864/757/39 1833/697/39
f 1994/698/5 1993/697/5 2024/757/5 2023/755/5 2022/753/5 2021/751/5 2020/749/5 2019/747/5 2018/745/5 2017/743/5 2016/741/5 2015/739/5 2014/737/5 2013/735/5 2012/733/5 2011/731/5 2010/729/5 2009/727/5 2008/725/5 2007/723/5 2006/721/5 2005/719/5 2004/695/5 2003/696/5 2002/715/5 2001/713/5 2000/711/5 1999/709/5 1998/707/5 1997/705/5 1996/703/5 1995/701/5
f 2154/698/5 2155/701/5 2156/703/5 2157/705/5 2158/707/5 2159/709/5 2160/711/5 2161/713/5 2162/715/5 2163/696/5 2164/695/5 2165/719/5 2166/721/5 2167/723/5 2168/725/5 2169/727/5 2170/729/5 2171/731/5 2172/733/5 2173/735/5 2174/737/5 2175/739/5 2176/741/5 2177/743/5 2178/745/5 2179/747/5 2180/749/5 2181/751/5 2182/753/5 2183/755/5 2184/757/5 2153/697/5
f 2314/698/35 2313/697/35 2344/757/35 2343/755/35 2342/753/35 2341/751/35 2340/749/35 2339/747/35 2338/745/35 2337/743/35 2336/741/35 2335/739/35 2334/737/35 2333/735/35 2332/733/35 2331/731/35 2330/729/35 2329/727/35 2328/725/35 2327/723/35 2326/721/35 2325/719/35 2324/695/35 2323/696/35 2322/715/35 2321/713/35 2320/711/35 2319/709/35 2318/707/35 2317/705/35 2316/703/35 2315/701/35
f 2474/698/35 2475/701/35 2476/703/35 2477/705/35 2478/707/35 2479/709/35 2480/711/35 2481/713/35 2482/715/35 2483/696/35 2484/695/35 2485/719/35 2486/721/35 2487/723/35 2488/725/35 2489/727/35 2490/729/35 2491/731/35 2492/733/35 2493/735/35 2494/737/35 2495/739/35 2496/741/35 2497/743/35 2498/745/35 2499/747/35 2500/749/35 2501/751/35 2502/753/35 2503/755/35 2504/757/35 2473/697/35
usemtl M_Orange
f 126/147/10 125/148/10 173/148/10 174/147/10
f 135/149/37 126/147/37 174/147/37 149/149/37
f 130/150/5 129/151/5 161/151/5 162/150/5
f 124/152/4 123/153/4 171/153/4 172/152/4
f 123/153/5 130/150/5 162/150/5 171/153/5
f 129/151/35 130/150/35 118/139/35 119/131/35
f 113/154/35 116/155/35 132/137/35 131/138/35
f 133/156/35 134/157/35 114/132/35 115/133/35
f 134/157/35 129/151/35 119/131/35 114/132/35
f 135/149/35 136/158/35 120/141/35 117/140/35
f 136/158/35 113/154/35 131/138/35 120/141/35
f 121/159/35 122/160/35 138/134/35 137/142/35
f 123/153/35 124/152/35 140/144/35 139/143/35
f 125/148/35 126/147/35 142/146/35 141/145/35
f 127/161/35 128/162/35 144/135/35 143/136/35
f 122/160/35 133/156/35 115/133/35 138/134/35
f 128/162/35 121/159/35 137/142/35 144/135/35
f 116/155/35 127/161/35 143/136/35 132/137/35
f 124/152/35 125/148/35 141/145/35 140/144/35
f 130/150/35 123/153/35 139/143/35 118/139/35
f 126/147/35 135/149/35 117/140/35 142/146/35
f 116/155/38 113/154/38 145/154/38 148/155/38
f 128/162/8 127/161/8 175/161/8 176/162/8
f 134/157/5 133/156/5 147/156/5 146/157/5
f 133/156/5 122/160/5 170/160/5 147/156/5
f 129/151/5 134/157/5 146/157/5 161/151/5
f 121/159/39 128/162/39 176/162/39 169/159/39
f 136/158/40 135/149/40 149/149/40 152/158/40
f 127/161/41 116/155/41 148/155/41 175/161/41
f 113/154/2 136/158/2 152/158/2 145/154/2
f 125/148/9 124/152/9 172/152/9 173/148/9
f 122/160/7 121/159/7 169/159/7 170/160/7
f 1256/538/701 1320/539/701 1258/540/701 1225/386/701
f 1227/541/702 1262/542/702 1264/543/702 1228/544/702
f 1228/544/703 1264/543/703 1266/545/703 1229/546/703
f 1229/546/704 1266/545/704 1268/547/704 1230/548/704
f 1230/548/705 1268/547/705 1270/549/705 1231/550/705
f 1231/550/706 1270/549/706 1272/551/706 1232/552/706
f 1232/552/707 1272/551/707 1274/553/707 1233/495/707
f 1233/495/708 1274/553/708 1276/554/708 1234/555/708
f 1234/555/709 1276/554/709 1278/556/709 1235/557/709
f 1235/557/710 1278/556/710 1280/558/710 1236/559/710
f 1236/559/711 1280/558/711 1282/560/711 1237/561/711
f 1237/561/712 1282/560/712 1284/562/712 1238/563/712
f 1238/563/713 1284/562/713 1286/564/713 1239/565/713
f 1239/565/714 1286/564/714 1288/566/714 1240/567/714
f 1240/567/715 1288/566/715 1290/568/715 1241/456/715
f 1241/456/716 1290/568/716 1292/569/716 1242/570/716
f 1242/570/717 1292/569/717 1294/571/717 1243/572/717
f 1243/572/718 1294/571/718 1296/573/718 1244/574/718
f 1244/574/719 1296/573/719 1298/575/719 1245/576/719
f 1245/576/720 1298/575/720 1300/577/720 1246/578/720
f 1246/578/721 1300/577/721 1302/579/721 1247/580/721
f 1247/580/722 1302/579/722 1304/581/722 1248/582/722
f 1248/582/723 1304/581/723 1306/583/723 1249/417/723
f 1249/417/724 1306/583/724 1308/584/724 1250/585/724
f 1250/585/725 1308/584/725 1310/586/725 1251/587/725
f 1251/587/726 1310/586/726 1312/588/726 1252/589/726
f 1252/589/727 1312/588/727 1314/590/727 1253/591/727
f 1253/591/728 1314/590/728 1316/592/728 1254/593/728
f 1254/593/729 1316/592/729 1318/594/729 1255/595/729
f 1255/595/730 1318/594/730 1320/539/730 1256/538/730
f 1225/533/731 1258/596/731 1260/597/731 1226/598/731
f 1226/598/732 1260/597/732 1262/542/732 1227/541/732
f 1225/599/733 1226/600/733 1227/601/733 1228/602/733 1229/603/733 1230/604/733 1231/605/733 1232/606/733 1233/607/733 1234/608/733 1235/609/733 1236/610/733 1237/611/733 1238/612/733 1239/613/733 1240/614/733 1241/615/733 1242/616/733 1243/617/733 1244/618/733 1245/619/733 1246/620/733 1247/621/733 1248/622/733 1249/623/733 1250/624/733 1251/625/733 1252/626/733 1253/627/733 1254/628/733 1255/629/733 1256/630/733
f 1260/597/734 1258/596/734 1321/631/734 1322/632/734
f 1262/542/735 1260/597/735 1322/633/735 1323/634/735
f 1264/543/736 1262/542/736 1323/635/736 1324/636/736
f 1266/545/737 1264/543/737 1324/637/737 1325/638/737
f 1268/547/738 1266/545/738 1325/639/738 1326/640/738
f 1270/549/739 1268/547/739 1326/641/739 1327/642/739
f 1272/551/740 1270/549/740 1327/643/740 1328/644/740
f 1274/553/741 1272/551/741 1328/645/741 1329/646/741
f 1276/554/742 1274/553/742 1329/647/742 1330/648/742
f 1278/556/743 1276/554/743 1330/649/743 1331/650/743
f 1280/558/744 1278/556/744 1331/651/744 1332/652/744
f 1282/560/745 1280/558/745 1332/653/745 1333/654/745
f 1284/562/746 1282/560/746 1333/655/746 1334/656/746
f 1286/564/747 1284/562/747 1334/657/747 1335/658/747
f 1288/566/748 1286/564/748 1335/659/748 1336/660/748
f 1290/568/749 1288/566/749 1336/661/749 1337/662/749
f 1292/569/750 1290/568/750 1337/663/750 1338/664/750
f 1294/571/751 1292/569/751 1338/665/751 1339/666/751
f 1296/573/752 1294/571/752 1339/667/752 1340/668/752
f 1298/575/753 1296/573/753 1340/669/753 1341/670/753
f 1300/577/754 1298/575/754 1341/671/754 1342/672/754
f 1302/579/755 1300/577/755 1342/673/755 1343/674/755
f 1304/581/756 1302/579/756 1343/675/756 1344/676/756
f 1306/583/757 1304/581/757 1344/677/757 1345/678/757
f 1308/584/758 1306/583/758 1345/679/758 1346/680/758
f 1310/586/759 1308/584/759 1346/681/759 1347/682/759
f 1312/588/760 1310/586/760 1347/683/760 1348/684/760
f 1314/590/761 1312/588/761 1348/685/761 1349/686/761
f 1316/592/762 1314/590/762 1349/687/762 1350/688/762
f 1318/594/763 1316/592/763 1350/689/763 1351/690/763
f 1320/539/764 1318/594/764 1351/691/764 1352/692/764
f 1258/540/765 1320/539/765 1352/693/765 1321/694/765
f 1279/695/726 1277/696/726 1363/696/726 1364/695/726
f 1257/697/766 1259/698/766 1322/699/766 1321/700/766
f 1259/698/766 1261/701/766 1323/702/766 1322/699/766
f 1261/701/766 1263/703/766 1324/704/766 1323/702/766
f 1263/703/766 1265/705/766 1325/706/766 1324/704/766
f 1265/705/766 1267/707/766 1326/708/766 1325/706/766
f 1267/707/766 1269/709/766 1327/710/766 1326/708/766
f 1269/709/766 1271/711/766 1328/712/766 1327/710/766
f 1271/711/766 1273/713/766 1329/714/766 1328/712/766
f 1273/713/766 1275/715/766 1330/716/766 1329/714/766
f 1275/715/766 1277/696/766 1331/717/766 1330/716/766
f 1277/696/766 1279/695/766 1332/718/766 1331/717/766
f 1279/695/766 1281/719/766 1333/720/766 1332/718/766
f 1281/719/766 1283/721/766 1334/722/766 1333/720/766
f 1283/721/766 1285/723/766 1335/724/766 1334/722/766
f 1285/723/766 1287/725/766 1336/726/766 1335/724/766
f 1287/725/766 1289/727/766 1337/728/766 1336/726/766
f 1289/727/766 1291/729/766 1338/730/766 1337/728/766
f 1291/729/766 1293/731/766 1339/732/766 1338/730/766
f 1293/731/766 1295/733/766 1340/734/766 1339/732/766
f 1295/733/766 1297/735/766 1341/736/766 1340/734/766
f 1297/735/766 1299/737/766 1342/738/766 1341/736/766
f 1299/737/766 1301/739/766 1343/740/766 1342/738/766
f 1301/739/766 1303/741/766 1344/742/766 1343/740/766
f 1303/741/766 1305/743/766 1345/744/766 1344/742/766
f 1305/743/766 1307/745/766 1346/746/766 1345/744/766
f 1307/745/766 1309/747/766 1347/748/766 1346/746/766
f 1309/747/766 1311/749/766 1348/750/766 1347/748/766
f 1311/749/766 1313/751/766 1349/752/766 1348/750/766
f 1313/751/766 1315/753/766 1350/754/766 1349/752/766
f 1315/753/766 1317/755/766 1351/756/766 1350/754/766
f 1317/755/766 1319/757/766 1352/758/766 1351/756/766
f 1319/757/766 1257/697/766 1321/700/766 1352/758/766
f 1307/745/708 1305/743/708 1377/743/708 1378/745/708
f 1281/719/727 1279/695/727 1364/695/727 1365/719/727
f 1309/747/709 1307/745/709 1378/745/709 1379/747/709
f 1283/721/728 1281/719/728 1365/719/728 1366/721/728
f 1311/749/710 1309/747/710 1379/747/710 1380/749/710
f 1285/723/729 1283/721/729 1366/721/729 1367/723/729
f 1259/698/716 1257/697/716 1353/697/716 1354/698/716
f 1313/751/711 1311/749/711 1380/749/711 1381/751/711
f 1287/725/730 1285/723/730 1367/723/730 1368/725/730
f 1261/701/717 1259/698/717 1354/698/717 1355/701/717
f 1315/753/712 1313/751/712 1381/751/712 1382/753/712
f 1289/727/701 1287/725/701 1368/725/701 1369/727/701
f 1263/703/718 1261/701/718 1355/701/718 1356/703/718
f 1317/755/713 1315/753/713 1382/753/713 1383/755/713
f 1291/729/731 1289/727/731 1369/727/731 1370/729/731
f 1265/705/719 1263/703/719 1356/703/719 1357/705/719
f 1319/757/714 1317/755/714 1383/755/714 1384/757/714
f 1293/731/732 1291/729/732 1370/729/732 1371/731/732
f 1267/707/720 1265/705/720 1357/705/720 1358/707/720
f 1257/697/715 1319/757/715 1384/757/715 1353/697/715
f 1295/733/702 1293/731/702 1371/731/702 1372/733/702
f 1269/709/721 1267/707/721 1358/707/721 1359/709/721
f 1297/735/703 1295/733/703 1372/733/703 1373/735/703
f 1271/711/722 1269/709/722 1359/709/722 1360/711/722
f 1299/737/704 1297/735/704 1373/735/704 1374/737/704
f 1273/713/723 1271/711/723 1360/711/723 1361/713/723
f 1301/739/705 1299/737/705 1374/737/705 1375/739/705
f 1275/715/724 1273/713/724 1361/713/724 1362/715/724
f 1303/741/706 1301/739/706 1375/739/706 1376/741/706
f 1277/696/725 1275/715/725 1362/715/725 1363/696/725
f 1305/743/707 1303/741/707 1376/741/707 1377/743/707
f 1416/538/767 1385/386/767 1418/540/767 1480/539/767
f 1387/541/768 1388/544/768 1424/543/768 1422/542/768
f 1388/544/769 1389/546/769 1426/545/769 1424/543/769
f 1389/546/770 1390/548/770 1428/547/770 1426/545/770
f 1390/548/771 1391/550/771 1430/549/771 1428/547/771
f 1391/550/772 1392/552/772 1432/551/772 1430/549/772
f 1392/552/773 1393/495/773 1434/553/773 1432/551/773
f 1393/495/774 1394/555/774 1436/554/774 1434/553/774
f 1394/555/775 1395/557/775 1438/556/775 1436/554/775
f 1395/557/776 1396/559/776 1440/558/776 1438/556/776
f 1396/559/777 1397/561/777 1442/560/777 1440/558/777
f 1397/561/778 1398/563/778 1444/562/778 1442/560/778
f 1398/563/779 1399/565/779 1446/564/779 1444/562/779
f 1399/565/780 1400/567/780 1448/566/780 1446/564/780
f 1400/567/781 1401/456/781 1450/568/781 1448/566/781
f 1401/456/782 1402/570/782 1452/569/782 1450/568/782
f 1402/570/783 1403/572/783 1454/571/783 1452/569/783
f 1403/572/784 1404/574/784 1456/573/784 1454/571/784
f 1404/574/785 1405/576/785 1458/575/785 1456/573/785
f 1405/576/786 1406/578/786 1460/577/786 1458/575/786
f 1406/578/787 1407/580/787 1462/579/787 1460/577/787
f 1407/580/788 1408/582/788 1464/581/788 1462/579/788
f 1408/582/789 1409/417/789 1466/583/789 1464/581/789
f 1409/417/790 1410/585/790 1468/584/790 1466/583/790
f 1410/585/791 1411/587/791 1470/586/791 1468/584/791
f 1411/587/792 1412/589/792 1472/588/792 1470/586/792
f 1412/589/793 1413/591/793 1474/590/793 1472/588/793
f 1413/591/794 1414/593/794 1476/592/794 1474/590/794
f 1414/593/795 1415/595/795 1478/594/795 1476/592/795
f 1415/595/796 1416/538/796 1480/539/796 1478/594/796
f 1385/533/797 1386/598/797 1420/597/797 1418/596/797
f 1386/598/798 1387/541/798 1422/542/798 1420/597/798
f 1385/599/799 1416/630/799 1415/629/799 1414/628/799 1413/627/799 1412/626/799 1411/625/799 1410/624/799 1409/623/799 1408/622/799 1407/621/799 1406/620/799 1405/619/799 1404/618/799 1403/617/799 1402/616/799 1401/615/799 1400/614/799 1399/613/799 1398/612/799 1397/611/799 1396/610/799 1395/609/799 1394/608/799 1393/607/799 1392/606/799 1391/605/799 1390/604/799 1389/603/799 1388/602/799 1387/601/799 1386/600/799
f 1420/597/800 1482/632/800 1481/631/800 1418/596/800
f 1422/542/801 1483/634/801 1482/633/801 1420/597/801
f 1424/543/802 1484/636/802 1483/635/802 1422/542/802
f 1426/545/803 1485/638/803 1484/637/803 1424/543/803
f 1428/547/804 1486/640/804 1485/639/804 1426/545/804
f 1430/549/805 1487/642/805 1486/641/805 1428/547/805
f 1432/551/806 1488/644/806 1487/643/806 1430/549/806
f 1434/553/807 1489/646/807 1488/645/807 1432/551/807
f 1436/554/808 1490/648/808 1489/647/808 1434/553/808
f 1438/556/809 1491/650/809 1490/649/809 1436/554/809
f 1440/558/810 1492/652/810 1491/651/810 1438/556/810
f 1442/560/811 1493/654/811 1492/653/811 1440/558/811
f 1444/562/812 1494/656/812 1493/655/812 1442/560/812
f 1446/564/813 1495/658/813 1494/657/813 1444/562/813
f 1448/566/814 1496/660/814 1495/659/814 1446/564/814
f 1450/568/815 1497/662/815 1496/661/815 1448/566/815
f 1452/569/816 1498/664/816 1497/663/816 1450/568/816
f 1454/571/817 1499/666/817 1498/665/817 1452/569/817
f 1456/573/818 1500/668/818 1499/667/818 1454/571/818
f 1458/575/819 1501/670/819 1500/669/819 1456/573/819
f 1460/577/820 1502/672/820 1501/671/820 1458/575/820
f 1462/579/821 1503/674/821 1502/673/821 1460/577/821
f 1464/581/822 1504/676/822 1503/675/822 1462/579/822
f 1466/583/823 1505/678/823 1504/677/823 1464/581/823
f 1468/584/824 1506/680/824 1505/679/824 1466/583/824
f 1470/586/825 1507/682/825 1506/681/825 1468/584/825
f 1472/588/826 1508/684/826 1507/683/826 1470/586/826
f 1474/590/827 1509/686/827 1508/685/827 1472/588/827
f 1476/592/828 1510/688/828 1509/687/828 1474/590/828
f 1478/594/829 1511/690/829 1510/689/829 1476/592/829
f 1480/539/830 1512/692/830 1511/691/830 1478/594/830
f 1418/540/831 1481/694/831 1512/693/831 1480/539/831
f 1439/695/792 1524/695/792 1523/696/792 1437/696/792
f 1417/697/832 1481/700/832 1482/699/832 1419/698/832
f 1419/698/832 1482/699/832 1483/702/832 1421/701/832
f 1421/701/832 1483/702/832 1484/704/832 1423/703/832
f 1423/703/832 1484/704/832 1485/706/832 1425/705/832
f 1425/705/832 1485/706/832 1486/708/832 1427/707/832
f 1427/707/832 1486/708/832 1487/710/832 1429/709/832
f 1429/709/832 1487/710/832 1488/712/832 1431/711/832
f 1431/711/832 1488/712/832 1489/714/832 1433/713/832
f 1433/713/832 1489/714/832 1490/716/832 1435/715/832
f 1435/715/832 1490/716/832 1491/717/832 1437/696/832
f 1437/696/832 1491/717/832 1492/718/832 1439/695/832
f 1439/695/832 1492/718/832 1493/720/832 1441/719/832
f 1441/719/832 1493/720/832 1494/722/832 1443/721/832
f 1443/721/832 1494/722/832 1495/724/832 1445/723/832
f 1445/723/832 1495/724/832 1496/726/832 1447/725/832
f 1447/725/832 1496/726/832 1497/728/832 1449/727/832
f 1449/727/832 1497/728/832 1498/730/832 1451/729/832
f 1451/729/832 1498/730/832 1499/732/832 1453/731/832
f 1453/731/832 1499/732/832 1500/734/832 1455/733/832
f 1455/733/832 1500/734/832 1501/736/832 1457/735/832
f 1457/735/832 1501/736/832 1502/738/832 1459/737/832
f 1459/737/832 1502/738/832 1503/740/832 1461/739/832
f 1461/739/832 1503/740/832 1504/742/832 1463/741/832
f 1463/741/832 1504/742/832 1505/744/832 1465/743/832
f 1465/743/832 1505/744/832 1506/746/832 1467/745/832
f 1467/745/832 1506/746/832 1507/748/832 1469/747/832
f 1469/747/832 1507/748/832 1508/750/832 1471/749/832
f 1471/749/832 1508/750/832 1509/752/832 1473/751/832
f 1473/751/832 1509/752/832 1510/754/832 1475/753/832
f 1475/753/832 1510/754/832 1511/756/832 1477/755/832
f 1477/755/832 1511/756/832 1512/758/832 1479/757/832
f 1479/757/832 1512/758/832 1481/700/832 1417/697/832
f 1467/745/774 1538/745/774 1537/743/774 1465/743/774
f 1441/719/793 1525/719/793 1524/695/793 1439/695/793
f 1469/747/775 1539/747/775 1538/745/775 1467/745/775
f 1443/721/794 1526/721/794 1525/719/794 1441/719/794
f 1471/749/776 1540/749/776 1539/747/776 1469/747/776
f 1445/723/795 1527/723/795 1526/721/795 1443/721/795
f 1419/698/782 1514/698/782 1513/697/782 1417/697/782
f 1473/751/777 1541/751/777 1540/749/777 1471/749/777
f 1447/725/796 1528/725/796 1527/723/796 1445/723/796
f 1421/701/783 1515/701/783 1514/698/783 1419/698/783
f 1475/753/778 1542/753/778 1541/751/778 1473/751/778
f 1449/727/767 1529/727/767 1528/725/767 1447/725/767
f 1423/703/784 1516/703/784 1515/701/784 1421/701/784
f 1477/755/779 1543/755/779 1542/753/779 1475/753/779
f 1451/729/797 1530/729/797 1529/727/797 1449/727/797
f 1425/705/785 1517/705/785 1516/703/785 1423/703/785
f 1479/757/780 1544/757/780 1543/755/780 1477/755/780
f 1453/731/798 1531/731/798 1530/729/798 1451/729/798
f 1427/707/786 1518/707/786 1517/705/786 1425/705/786
f 1417/697/781 1513/697/781 1544/757/781 1479/757/781
f 1455/733/768 1532/733/768 1531/731/768 1453/731/768
f 1429/709/787 1519/709/787 1518/707/787 1427/707/787
f 1457/735/769 1533/735/769 1532/733/769 1455/733/769
f 1431/711/788 1520/711/788 1519/709/788 1429/709/788
f 1459/737/770 1534/737/770 1533/735/770 1457/735/770
f 1433/713/789 1521/713/789 1520/711/789 1431/711/789
f 1461/739/771 1535/739/771 1534/737/771 1459/737/771
f 1435/715/790 1522/715/790 1521/713/790 1433/713/790
f 1463/741/772 1536/741/772 1535/739/772 1461/739/772
f 1437/696/791 1523/696/791 1522/715/791 1435/715/791
f 1465/743/773 1537/743/773 1536/741/773 1463/741/773
f 1576/538/833 1640/539/833 1578/540/833 1545/386/833
f 1547/541/834 1582/542/834 1584/543/834 1548/544/834
f 1548/544/835 1584/543/835 1586/545/835 1549/546/835
f 1549/546/836 1586/545/836 1588/547/836 1550/548/836
f 1550/548/837 1588/547/837 1590/549/837 1551/550/837
f 1551/550/838 1590/549/838 1592/551/838 1552/552/838
f 1552/552/839 1592/551/839 1594/553/839 1553/495/839
f 1553/495/840 1594/553/840 1596/554/840 1554/555/840
f 1554/555/841 1596/554/841 1598/556/841 1555/557/841
f 1555/557/842 1598/556/842 1600/558/842 1556/559/842
f 1556/559/843 1600/558/843 1602/560/843 1557/561/843
f 1557/561/844 1602/560/844 1604/562/844 1558/563/844
f 1558/563/845 1604/562/845 1606/564/845 1559/565/845
f 1559/565/846 1606/564/846 1608/566/846 1560/567/846
f 1560/567/847 1608/566/847 1610/568/847 1561/456/847
f 1561/456/848 1610/568/848 1612/569/848 1562/570/848
f 1562/570/849 1612/569/849 1614/571/849 1563/572/849
f 1563/572/850 1614/571/850 1616/573/850 1564/574/850
f 1564/574/851 1616/573/851 1618/575/851 1565/576/851
f 1565/576/852 1618/575/852 1620/577/852 1566/578/852
f 1566/578/853 1620/577/853 1622/579/853 1567/580/853
f 1567/580/854 1622/579/854 1624/581/854 1568/582/854
f 1568/582/855 1624/581/855 1626/583/855 1569/417/855
f 1569/417/856 1626/583/856 1628/584/856 1570/585/856
f 1570/585/857 1628/584/857 1630/586/857 1571/587/857
f 1571/587/858 1630/586/858 1632/588/858 1572/589/858
f 1572/589/859 1632/588/859 1634/590/859 1573/591/859
f 1573/591/860 1634/590/860 1636/592/860 1574/593/860
f 1574/593/861 1636/592/861 1638/594/861 1575/595/861
f 1575/595/862 1638/594/862 1640/539/862 1576/538/862
f 1545/533/863 1578/596/863 1580/597/863 1546/598/863
f 1546/598/864 1580/597/864 1582/542/864 1547/541/864
f 1545/599/39 1546/600/39 1547/601/39 1548/602/39 1549/603/39 1550/604/39 1551/605/39 1552/606/39 1553/607/39 1554/608/39 1555/609/39 1556/610/39 1557/611/39 1558/612/39 1559/613/39 1560/614/39 1561/615/39 1562/616/39 1563/617/39 1564/618/39 1565/619/39 1566/620/39 1567/621/39 1568/622/39 1569/623/39 1570/624/39 1571/625/39 1572/626/39 1573/627/39 1574/628/39 1575/629/39 1576/630/39
f 1580/597/865 1578/596/865 1641/631/865 1642/632/865
f 1582/542/866 1580/597/866 1642/633/866 1643/634/866
f 1584/543/867 1582/542/867 1643/635/867 1644/636/867
f 1586/545/868 1584/543/868 1644/637/868 1645/638/868
f 1588/547/869 1586/545/869 1645/639/869 1646/640/869
f 1590/549/870 1588/547/870 1646/641/870 1647/642/870
f 1592/551/871 1590/549/871 1647/643/871 1648/644/871
f 1594/553/872 1592/551/872 1648/645/872 1649/646/872
f 1596/554/873 1594/553/873 1649/647/873 1650/648/873
f 1598/556/874 1596/554/874 1650/649/874 1651/650/874
f 1600/558/875 1598/556/875 1651/651/875 1652/652/875
f 1602/560/876 1600/558/876 1652/653/876 1653/654/876
f 1604/562/877 1602/560/877 1653/655/877 1654/656/877
f 1606/564/878 1604/562/878 1654/657/878 1655/658/878
f 1608/566/879 1606/564/879 1655/659/879 1656/660/879
f 1610/568/880 1608/566/880 1656/661/880 1657/662/880
f 1612/569/881 1610/568/881 1657/663/881 1658/664/881
f 1614/571/882 1612/569/882 1658/665/882 1659/666/882
f 1616/573/883 1614/571/883 1659/667/883 1660/668/883
f 1618/575/884 1616/573/884 1660/669/884 1661/670/884
f 1620/577/885 1618/575/885 1661/671/885 1662/672/885
f 1622/579/886 1620/577/886 1662/673/886 1663/674/886
f 1624/581/887 1622/579/887 1663/675/887 1664/676/887
f 1626/583/888 1624/581/888 1664/677/888 1665/678/888
f 1628/584/889 1626/583/889 1665/679/889 1666/680/889
f 1630/586/890 1628/584/890 1666/681/890 1667/682/890
f 1632/588/891 1630/586/891 1667/683/891 1668/684/891
f 1634/590/892 1632/588/892 1668/685/892 1669/686/892
f 1636/592/893 1634/590/893 1669/687/893 1670/688/893
f 1638/594/894 1636/592/894 1670/689/894 1671/690/894
f 1640/539/895 1638/594/895 1671/691/895 1672/692/895
f 1578/540/896 1640/539/896 1672/693/896 1641/694/896
f 1599/695/858 1597/696/858 1683/696/858 1684/695/858
f 1577/697/9 1579/698/9 1642/699/9 1641/700/9
f 1579/698/9 1581/701/9 1643/702/9 1642/699/9
f 1581/701/9 1583/703/9 1644/704/9 1643/702/9
f 1583/703/9 1585/705/9 1645/706/9 1644/704/9
f 1585/705/9 1587/707/9 1646/708/9 1645/706/9
f 1587/707/9 1589/709/9 1647/710/9 1646/708/9
f 1589/709/9 1591/711/9 1648/712/9 1647/710/9
f 1591/711/9 1593/713/9 1649/714/9 1648/712/9
f 1593/713/9 1595/715/9 1650/716/9 1649/714/9
f 1595/715/9 1597/696/9 1651/717/9 1650/716/9
f 1597/696/9 1599/695/9 1652/718/9 1651/717/9
f 1599/695/9 1601/719/9 1653/720/9 1652/718/9
f 1601/719/9 1603/721/9 1654/722/9 1653/720/9
f 1603/721/9 1605/723/9 1655/724/9 1654/722/9
f 1605/723/9 1607/725/9 1656/726/9 1655/724/9
f 1607/725/9 1609/727/9 1657/728/9 1656/726/9
f 1609/727/9 1611/729/9 1658/730/9 1657/728/9
f 1611/729/9 1613/731/9 1659/732/9 1658/730/9
f 1613/731/9 1615/733/9 1660/734/9 1659/732/9
f 1615/733/9 1617/735/9 1661/736/9 1660/734/9
f 1617/735/9 1619/737/9 1662/738/9 1661/736/9
f 1619/737/9 1621/739/9 1663/740/9 1662/738/9
f 1621/739/9 1623/741/9 1664/742/9 1663/740/9
f 1623/741/9 1625/743/9 1665/744/9 1664/742/9
f 1625/743/9 1627/745/9 1666/746/9 1665/744/9
f 1627/745/9 1629/747/9 1667/748/9 1666/746/9
f 1629/747/9 1631/749/9 1668/750/9 1667/748/9
f 1631/749/9 1633/751/9 1669/752/9 1668/750/9
f 1633/751/9 1635/753/9 1670/754/9 1669/752/9
f 1635/753/9 1637/755/9 1671/756/9 1670/754/9
f 1637/755/9 1639/757/9 1672/758/9 1671/756/9
f 1639/757/9 1577/697/9 1641/700/9 1672/758/9
f 1627/745/840 1625/743/840 1697/743/840 1698/745/840
f 1601/719/859 1599/695/859 1684/695/859 1685/719/859
f 1629/747/841 1627/745/841 1698/745/841 1699/747/841
f 1603/721/860 1601/719/860 1685/719/860 1686/721/860
f 1631/749/842 1629/747/842 1699/747/842 1700/749/842
f 1605/723/861 1603/721/861 1686/721/861 1687/723/861
f 1579/698/848 1577/697/848 1673/697/848 1674/698/848
f 1633/751/843 1631/749/843 1700/749/843 1701/751/843
f 1607/725/862 1605/723/862 1687/723/862 1688/725/862
f 1581/701/849 1579/698/849 1674/698/849 1675/701/849
f 1635/753/844 1633/751/844 1701/751/844 1702/753/844
f 1609/727/833 1607/725/833 1688/725/833 1689/727/833
f 1583/703/850 1581/701/850 1675/701/850 1676/703/850
f 1637/755/845 1635/753/845 1702/753/845 1703/755/845
f 1611/729/863 1609/727/863 1689/727/863 1690/729/863
f 1585/705/851 1583/703/851 1676/703/851 1677/705/851
f 1639/757/846 1637/755/846 1703/755/846 1704/757/846
f 1613/731/864 1611/729/864 1690/729/864 1691/731/864
f 1587/707/852 1585/705/852 1677/705/852 1678/707/852
f 1577/697/847 1639/757/847 1704/757/847 1673/697/847
f 1615/733/834 1613/731/834 1691/731/834 1692/733/834
f 1589/709/853 1587/707/853 1678/707/853 1679/709/853
f 1617/735/835 1615/733/835 1692/733/835 1693/735/835
f 1591/711/854 1589/709/854 1679/709/854 1680/711/854
f 1619/737/836 1617/735/836 1693/735/836 1694/737/836
f 1593/713/855 1591/711/855 1680/711/855 1681/713/855
f 1621/739/837 1619/737/837 1694/737/837 1695/739/837
f 1595/715/856 1593/713/856 1681/713/856 1682/715/856
f 1623/741/838 1621/739/838 1695/739/838 1696/741/838
f 1597/696/857 1595/715/857 1682/715/857 1683/696/857
f 1625/743/839 1623/741/839 1696/741/839 1697/743/839
f 1736/538/833 1705/386/833 1738/540/833 1800/539/833
f 1707/541/834 1708/544/834 1744/543/834 1742/542/834
f 1708/544/835 1709/546/835 1746/545/835 1744/543/835
f 1709/546/836 1710/548/836 1748/547/836 1746/545/836
f 1710/548/837 1711/550/837 1750/549/837 1748/547/837
f 1711/550/838 1712/552/838 1752/551/838 1750/549/838
f 1712/552/839 1713/495/839 1754/553/839 1752/551/839
f 1713/495/840 1714/555/840 1756/554/840 1754/553/840
f 1714/555/841 1715/557/841 1758/556/841 1756/554/841
f 1715/557/842 1716/559/842 1760/558/842 1758/556/842
f 1716/559/843 1717/561/843 1762/560/843 1760/558/843
f 1717/561/844 1718/563/844 1764/562/844 1762/560/844
f 1718/563/845 1719/565/845 1766/564/845 1764/562/845
f 1719/565/846 1720/567/846 1768/566/846 1766/564/846
f 1720/567/847 1721/456/847 1770/568/847 1768/566/847
f 1721/456/848 1722/570/848 1772/569/848 1770/568/848
f 1722/570/849 1723/572/849 1774/571/849 1772/569/849
f 1723/572/850 1724/574/850 1776/573/850 1774/571/850
f 1724/574/851 1725/576/851 1778/575/851 1776/573/851
f 1725/576/852 1726/578/852 1780/577/852 1778/575/852
f 1726/578/853 1727/580/853 1782/579/853 1780/577/853
f 1727/580/854 1728/582/854 1784/581/854 1782/579/854
f 1728/582/855 1729/417/855 1786/583/855 1784/581/855
f 1729/417/856 1730/585/856 1788/584/856 1786/583/856
f 1730/585/857 1731/587/857 1790/586/857 1788/584/857
f 1731/587/858 1732/589/858 1792/588/858 1790/586/858
f 1732/589/859 1733/591/859 1794/590/859 1792/588/859
f 1733/591/860 1734/593/860 1796/592/860 1794/590/860
f 1734/593/861 1735/595/861 1798/594/861 1796/592/861
f 1735/595/862 1736/538/862 1800/539/862 1798/594/862
f 1705/533/863 1706/598/863 1740/597/863 1738/596/863
f 1706/598/864 1707/541/864 1742/542/864 1740/597/864
f 1705/599/9 1736/630/9 1735/629/9 1734/628/9 1733/627/9 1732/626/9 1731/625/9 1730/624/9 1729/623/9 1728/622/9 1727/621/9 1726/620/9 1725/619/9 1724/618/9 1723/617/9 1722/616/9 1721/615/9 1720/614/9 1719/613/9 1718/612/9 1717/611/9 1716/610/9 1715/609/9 1714/608/9 1713/607/9 1712/606/9 1711/605/9 1710/604/9 1709/603/9 1708/602/9 1707/601/9 1706/600/9
f 1740/597/897 1802/632/897 1801/631/897 1738/596/897
f 1742/542/898 1803/634/898 1802/633/898 1740/597/898
f 1744/543/899 1804/636/899 1803/635/899 1742/542/899
f 1746/545/900 1805/638/900 1804/637/900 1744/543/900
f 1748/547/901 1806/640/901 1805/639/901 1746/545/901
f 1750/549/902 1807/642/902 1806/641/902 1748/547/902
f 1752/551/903 1808/644/903 1807/643/903 1750/549/903
f 1754/553/904 1809/646/904 1808/645/904 1752/551/904
f 1756/554/905 1810/648/905 1809/647/905 1754/553/905
f 1758/556/906 1811/650/906 1810/649/906 1756/554/906
f 1760/558/907 1812/652/907 1811/651/907 1758/556/907
f 1762/560/908 1813/654/908 1812/653/908 1760/558/908
f 1764/562/909 1814/656/909 1813/655/909 1762/560/909
f 1766/564/910 1815/658/910 1814/657/910 1764/562/910
f 1768/566/911 1816/660/911 1815/659/911 1766/564/911
f 1770/568/912 1817/662/912 1816/661/912 1768/566/912
f 1772/569/913 1818/664/913 1817/663/913 1770/568/913
f 1774/571/914 1819/666/914 1818/665/914 1772/569/914
f 1776/573/915 1820/668/915 1819/667/915 1774/571/915
f 1778/575/916 1821/670/916 1820/669/916 1776/573/916
f 1780/577/917 1822/672/917 1821/671/917 1778/575/917
f 1782/579/918 1823/674/918 1822/673/918 1780/577/918
f 1784/581/919 1824/676/919 1823/675/919 1782/579/919
f 1786/583/920 1825/678/920 1824/677/920 1784/581/920
f 1788/584/921 1826/680/921 1825/679/921 1786/583/921
f 1790/586/922 1827/682/922 1826/681/922 1788/584/922
f 1792/588/923 1828/684/923 1827/683/923 1790/586/923
f 1794/590/924 1829/686/924 1828/685/924 1792/588/924
f 1796/592/925 1830/688/925 1829/687/925 1794/590/925
f 1798/594/926 1831/690/926 1830/689/926 1796/592/926
f 1800/539/927 1832/692/927 1831/691/927 1798/594/927
f 1738/540/928 1801/694/928 1832/693/928 1800/539/928
f 1759/695/858 1844/695/858 1843/696/858 1757/696/858
f 1737/697/39 1801/700/39 1802/699/39 1739/698/39
f 1739/698/39 1802/699/39 1803/702/39 1741/701/39
f 1741/701/39 1803/702/39 1804/704/39 1743/703/39
f 1743/703/39 1804/704/39 1805/706/39 1745/705/39
f 1745/705/39 1805/706/39 1806/708/39 1747/707/39
f 1747/707/39 1806/708/39 1807/710/39 1749/709/39
f 1749/709/39 1807/710/39 1808/712/39 1751/711/39
f 1751/711/39 1808/712/39 1809/714/39 1753/713/39
f 1753/713/39 1809/714/39 1810/716/39 1755/715/39
f 1755/715/39 1810/716/39 1811/717/39 1757/696/39
f 1757/696/39 1811/717/39 1812/718/39 1759/695/39
f 1759/695/39 1812/718/39 1813/720/39 1761/719/39
f 1761/719/39 1813/720/39 1814/722/39 1763/721/39
f 1763/721/39 1814/722/39 1815/724/39 1765/723/39
f 1765/723/39 1815/724/39 1816/726/39 1767/725/39
f 1767/725/39 1816/726/39 1817/728/39 1769/727/39
f 1769/727/39 1817/728/39 1818/730/39 1771/729/39
f 1771/729/39 1818/730/39 1819/732/39 1773/731/39
f 1773/731/39 1819/732/39 1820/734/39 1775/733/39
f 1775/733/39 1820/734/39 1821/736/39 1777/735/39
f 1777/735/39 1821/736/39 1822/738/39 1779/737/39
f 1779/737/39 1822/738/39 1823/740/39 1781/739/39
f 1781/739/39 1823/740/39 1824/742/39 1783/741/39
f 1783/741/39 1824/742/39 1825/744/39 1785/743/39
f 1785/743/39 1825/744/39 1826/746/39 1787/745/39
f 1787/745/39 1826/746/39 1827/748/39 1789/747/39
f 1789/747/39 1827/748/39 1828/750/39 1791/749/39
f 1791/749/39 1828/750/39 1829/752/39 1793/751/39
f 1793/751/39 1829/752/39 1830/754/39 1795/753/39
f 1795/753/39 1830/754/39 1831/756/39 1797/755/39
f 1797/755/39 1831/756/39 1832/758/39 1799/757/39
f 1799/757/39 1832/758/39 1801/700/39 1737/697/39
f 1787/745/840 1858/745/840 1857/743/840 1785/743/840
f 1761/719/859 1845/719/859 1844/695/859 1759/695/859
f 1789/747/841 1859/747/841 1858/745/841 1787/745/841
f 1763/721/860 1846/721/860 1845/719/860 1761/719/860
f 1791/749/842 1860/749/842 1859/747/842 1789/747/842
f 1765/723/861 1847/723/861 1846/721/861 1763/721/861
f 1739/698/848 1834/698/848 1833/697/848 1737/697/848
f 1793/751/843 1861/751/843 1860/749/843 1791/749/843
f 1767/725/862 1848/725/862 1847/723/862 1765/723/862
f 1741/701/849 1835/701/849 1834/698/849 1739/698/849
f 1795/753/844 1862/753/844 1861/751/844 1793/751/844
f 1769/727/833 1849/727/833 1848/725/833 1767/725/833
f 1743/703/850 1836/703/850 1835/701/850 1741/701/850
f 1797/755/845 1863/755/845 1862/753/845 1795/753/845
f 1771/729/863 1850/729/863 1849/727/863 1769/727/863
f 1745/705/851 1837/705/851 1836/703/851 1743/703/851
f 1799/757/846 1864/757/846 1863/755/846 1797/755/846
f 1773/731/864 1851/731/864 1850/729/864 1771/729/864
f 1747/707/852 1838/707/852 1837/705/852 1745/705/852
f 1737/697/847 1833/697/847 1864/757/847 1799/757/847
f 1775/733/834 1852/733/834 1851/731/834 1773/731/834
f 1749/709/853 1839/709/853 1838/707/853 1747/707/853
f 1777/735/835 1853/735/835 1852/733/835 1775/733/835
f 1751/711/854 1840/711/854 1839/709/854 1749/709/854
f 1779/737/836 1854/737/836 1853/735/836 1777/735/836
f 1753/713/855 1841/713/855 1840/711/855 1751/711/855
f 1781/739/837 1855/739/837 1854/737/837 1779/737/837
f 1755/715/856 1842/715/856 1841/713/856 1753/713/856
f 1783/741/838 1856/741/838 1855/739/838 1781/739/838
f 1757/696/857 1843/696/857 1842/715/857 1755/715/857
f 1785/743/839 1857/743/839 1856/741/839 1783/741/839
f 1896/538/929 1960/539/929 1898/540/929 1865/386/929
f 1867/541/930 1902/542/930 1904/543/930 1868/544/930
f 1868/544/931 1904/543/931 1906/545/931 1869/546/931
f 1869/546/932 1906/545/932 1908/547/932 1870/548/932
f 1870/548/933 1908/547/933 1910/549/933 1871/550/933
f 1871/550/934 1910/549/934 1912/551/934 1872/552/934
f 1872/552/935 1912/551/935 1914/553/935 1873/495/935
f 1873/495/936 1914/553/936 1916/554/936 1874/555/936
f 1874/555/937 1916/554/937 1918/556/937 1875/557/937
f 1875/557/938 1918/556/938 1920/558/938 1876/559/938
f 1876/559/939 1920/558/939 1922/560/939 1877/561/939
f 1877/561/940 1922/560/940 1924/562/940 1878/563/940
f 1878/563/941 1924/562/941 1926/564/941 1879/565/941
f 1879/565/942 1926/564/942 1928/566/942 1880/567/942
f 1880/567/943 1928/566/943 1930/568/943 1881/456/943
f 1881/456/944 1930/568/944 1932/569/944 1882/570/944
f 1882/570/945 1932/569/945 1934/571/945 1883/572/945
f 1883/572/946 1934/571/946 1936/573/946 1884/574/946
f 1884/574/947 1936/573/947 1938/575/947 1885/576/947
f 1885/576/948 1938/575/948 1940/577/948 1886/578/948
f 1886/578/949 1940/577/949 1942/579/949 1887/580/949
f 1887/580/950 1942/579/950 1944/581/950 1888/582/950
f 1888/582/951 1944/581/951 1946/583/951 1889/417/951
f 1889/417/952 1946/583/952 1948/584/952 1890/585/952
f 1890/585/953 1948/584/953 1950/586/953 1891/587/953
f 1891/587/954 1950/586/954 1952/588/954 1892/589/954
f 1892/589/955 1952/588/955 1954/590/955 1893/591/955
f 1893/591/956 1954/590/956 1956/592/956 1894/593/956
f 1894/593/957 1956/592/957 1958/594/957 1895/595/957
f 1895/595/958 1958/594/958 1960/539/958 1896/538/958
f 1865/533/959 1898/596/959 1900/597/959 1866/598/959
f 1866/598/960 1900/597/960 1902/542/960 1867/541/960
f 1865/599/2 1866/600/2 1867/601/2 1868/602/2 1869/603/2 1870/604/2 1871/605/2 1872/606/2 1873/607/2 1874/608/2 1875/609/2 1876/610/2 1877/611/2 1878/612/2 1879/613/2 1880/614/2 1881/615/2 1882/616/2 1883/617/2 1884/618/2 1885/619/2 1886/620/2 1887/621/2 1888/622/2 1889/623/2 1890/624/2 1891/625/2 1892/626/2 1893/627/2 1894/628/2 1895/629/2 1896/630/2
f 1900/597/961 1898/596/961 1961/631/961 1962/632/961
f 1902/542/962 1900/597/962 1962/633/962 1963/634/962
f 1904/543/963 1902/542/963 1963/635/963 1964/636/963
f 1906/545/964 1904/543/964 1964/637/964 1965/638/964
f 1908/547/965 1906/545/965 1965/639/965 1966/640/965
f 1910/549/966 1908/547/966 1966/641/966 1967/642/966
f 1912/551/967 1910/549/967 1967/643/967 1968/644/967
f 1914/553/968 1912/551/968 1968/645/968 1969/646/968
f 1916/554/969 1914/553/969 1969/647/969 1970/648/969
f 1918/556/970 1916/554/970 1970/649/970 1971/650/970
f 1920/558/971 1918/556/971 1971/651/971 1972/652/971
f 1922/560/972 1920/558/972 1972/653/972 1973/654/972
f 1924/562/973 1922/560/973 1973/655/973 1974/656/973
f 1926/564/974 1924/562/974 1974/657/974 1975/658/974
f 1928/566/975 1926/564/975 1975/659/975 1976/660/975
f 1930/568/976 1928/566/976 1976/661/976 1977/662/976
f 1932/569/977 1930/568/977 1977/663/977 1978/664/977
f 1934/571/978 1932/569/978 1978/665/978 1979/666/978
f 1936/573/979 1934/571/979 1979/667/979 1980/668/979
f 1938/575/980 1936/573/980 1980/669/980 1981/670/980
f 1940/577/981 1938/575/981 1981/671/981 1982/672/981
f 1942/579/982 1940/577/982 1982/673/982 1983/674/982
f 1944/581/983 1942/579/983 1983/675/983 1984/676/983
f 1946/583/984 1944/581/984 1984/677/984 1985/678/984
f 1948/584/985 1946/583/985 1985/679/985 1986/680/985
f 1950/586/986 1948/584/986 1986/681/986 1987/682/986
f 1952/588/987 1950/586/987 1987/683/987 1988/684/987
f 1954/590/988 1952/588/988 1988/685/988 1989/686/988
f 1956/592/989 1954/590/989 1989/687/989 1990/688/989
f 1958/594/990 1956/592/990 1990/689/990 1991/690/990
f 1960/539/991 1958/594/991 1991/691/991 1992/692/991
f 1898/540/992 1960/539/992 1992/693/992 1961/694/992
f 1919/695/954 1917/696/954 2003/696/954 2004/695/954
f 1897/697/5 1899/698/5 1962/699/5 1961/700/5
f 1899/698/5 1901/701/5 1963/702/5 1962/699/5
f 1901/701/5 1903/703/5 1964/704/5 1963/702/5
f 1903/703/5 1905/705/5 1965/706/5 1964/704/5
f 1905/705/5 1907/707/5 1966/708/5 1965/706/5
f 1907/707/5 1909/709/5 1967/710/5 1966/708/5
f 1909/709/5 1911/711/5 1968/712/5 1967/710/5
f 1911/711/5 1913/713/5 1969/714/5 1968/712/5
f 1913/713/5 1915/715/5 1970/716/5 1969/714/5
f 1915/715/5 1917/696/5 1971/717/5 1970/716/5
f 1917/696/5 1919/695/5 1972/718/5 1971/717/5
f 1919/695/5 1921/719/5 1973/720/5 1972/718/5
f 1921/719/5 1923/721/5 1974/722/5 1973/720/5
f 1923/721/5 1925/723/5 1975/724/5 1974/722/5
f 1925/723/5 1927/725/5 1976/726/5 1975/724/5
f 1927/725/5 1929/727/5 1977/728/5 1976/726/5
f 1929/727/5 1931/729/5 1978/730/5 1977/728/5
f 1931/729/5 1933/731/5 1979/732/5 1978/730/5
f 1933/731/5 1935/733/5 1980/734/5 1979/732/5
f 1935/733/5 1937/735/5 1981/736/5 1980/734/5
f 1937/735/5 1939/737/5 1982/738/5 1981/736/5
f 1939/737/5 1941/739/5 1983/740/5 1982/738/5
f 1941/739/5 1943/741/5 1984/742/5 1983/740/5
f 1943/741/5 1945/743/5 1985/744/5 1984/742/5
f 1945/743/5 1947/745/5 1986/746/5 1985/744/5
f 1947/745/5 1949/747/5 1987/748/5 1986/746/5
f 1949/747/5 1951/749/5 1988/750/5 1987/748/5
f 1951/749/5 1953/751/5 1989/752/5 1988/750/5
f 1953/751/5 1955/753/5 1990/754/5 1989/752/5
f 1955/753/5 1957/755/5 1991/756/5 1990/754/5
f 1957/755/5 1959/757/5 1992/758/5 1991/756/5
f 1959/757/5 1897/697/5 1961/700/5 1992/758/5
f 1947/745/936 1945/743/936 2017/743/936 2018/745/936
f 1921/719/955 1919/695/955 2004/695/955 2005/719/955
f 1949/747/937 1947/745/937 2018/745/937 2019/747/937
f 1923/721/956 1921/719/956 2005/719/956 2006/721/956
f 1951/749/938 1949/747/938 2019/747/938 2020/749/938
f 1925/723/957 1923/721/957 2006/721/957 2007/723/957
f 1899/698/944 1897/697/944 1993/697/944 1994/698/944
f 1953/751/939 1951/749/939 2020/749/939 2021/751/939
f 1927/725/958 1925/723/958 2007/723/958 2008/725/958
f 1901/701/945 1899/698/945 1994/698/945 1995/701/945
f 1955/753/940 1953/751/940 2021/751/940 2022/753/940
f 1929/727/929 1927/725/929 2008/725/929 2009/727/929
f 1903/703/946 1901/701/946 1995/701/946 1996/703/946
f 1957/755/941 1955/753/941 2022/753/941 2023/755/941
f 1931/729/959 1929/727/959 2009/727/959 2010/729/959
f 1905/705/947 1903/703/947 1996/703/947 1997/705/947
f 1959/757/942 1957/755/942 2023/755/942 2024/757/942
f 1933/731/960 1931/729/960 2010/729/960 2011/731/960
f 1907/707/948 1905/705/948 1997/705/948 1998/707/948
f 1897/697/943 1959/757/943 2024/757/943 1993/697/943
f 1935/733/930 1933/731/930 2011/731/930 2012/733/930
f 1909/709/949 1907/707/949 1998/707/949 1999/709/949
f 1937/735/931 1935/733/931 2012/733/931 2013/735/931
f 1911/711/950 1909/709/950 1999/709/950 2000/711/950
f 1939/737/932 1937/735/932 2013/735/932 2014/737/932
f 1913/713/951 1911/711/951 2000/711/951 2001/713/951
f 1941/739/933 1939/737/933 2014/737/933 2015/739/933
f 1915/715/952 1913/713/952 2001/713/952 2002/715/952
f 1943/741/934 1941/739/934 2015/739/934 2016/741/934
f 1917/696/953 1915/715/953 2002/715/953 2003/696/953
f 1945/743/935 1943/741/935 2016/741/935 2017/743/935
f 2056/538/944 2025/386/944 2058/540/944 2120/539/944
f 2027/541/941 2028/544/941 2064/543/941 2062/542/941
f 2028/544/940 2029/546/940 2066/545/940 2064/543/940
f 2029/546/939 2030/548/939 2068/547/939 2066/545/939
f 2030/548/938 2031/550/938 2070/549/938 2068/547/938
f 2031/550/937 2032/552/937 2072/551/937 2070/549/937
f 2032/552/936 2033/495/936 2074/553/936 2072/551/936
f 2033/495/935 2034/555/935 2076/554/935 2074/553/935
f 2034/555/934 2035/557/934 2078/556/934 2076/554/934
f 2035/557/933 2036/559/933 2080/558/933 2078/556/933
f 2036/559/932 2037/561/932 2082/560/932 2080/558/932
f 2037/561/931 2038/563/931 2084/562/931 2082/560/931
f 2038/563/930 2039/565/930 2086/564/930 2084/562/930
f 2039/565/960 2040/567/960 2088/566/960 2086/564/960
f 2040/567/959 2041/456/959 2090/568/959 2088/566/959
f 2041/456/929 2042/570/929 2092/569/929 2090/568/929
f 2042/570/958 2043/572/958 2094/571/958 2092/569/958
f 2043/572/957 2044/574/957 2096/573/957 2094/571/957
f 2044/574/956 2045/576/956 2098/575/956 2096/573/956
f 2045/576/955 2046/578/955 2100/577/955 2098/575/955
f 2046/578/954 2047/580/954 2102/579/954 2100/577/954
f 2047/580/953 2048/582/953 2104/581/953 2102/579/953
f 2048/582/952 2049/417/952 2106/583/952 2104/581/952
f 2049/417/951 2050/585/951 2108/584/951 2106/583/951
f 2050/585/950 2051/587/950 2110/586/950 2108/584/950
f 2051/587/949 2052/589/949 2112/588/949 2110/586/949
f 2052/589/948 2053/591/948 2114/590/948 2112/588/948
f 2053/591/947 2054/593/947 2116/592/947 2114/590/947
f 2054/593/946 2055/595/946 2118/594/946 2116/592/946
f 2055/595/945 2056/538/945 2120/539/945 2118/594/945
f 2025/533/943 2026/598/943 2060/597/943 2058/596/943
f 2026/598/942 2027/541/942 2062/542/942 2060/597/942
f 2025/599/2 2056/630/2 2055/629/2 2054/628/2 2053/627/2 2052/626/2 2051/625/2 2050/624/2 2049/623/2 2048/622/2 2047/621/2 2046/620/2 2045/619/2 2044/618/2 2043/617/2 2042/616/2 2041/615/2 2040/614/2 2039/613/2 2038/612/2 2037/611/2 2036/610/2 2035/609/2 2034/608/2 2033/607/2 2032/606/2 2031/605/2 2030/604/2 2029/603/2 2028/602/2 2027/601/2 2026/600/2
f 2060/597/976 2122/632/976 2121/631/976 2058/596/976
f 2062/542/975 2123/634/975 2122/633/975 2060/597/975
f 2064/543/974 2124/636/974 2123/635/974 2062/542/974
f 2066/545/973 2125/638/973 2124/637/973 2064/543/973
f 2068/547/972 2126/640/972 2125/639/972 2066/545/972
f 2070/549/971 2127/642/971 2126/641/971 2068/547/971
f 2072/551/970 2128/644/970 2127/643/970 2070/549/970
f 2074/553/969 2129/646/969 2128/645/969 2072/551/969
f 2076/554/968 2130/648/968 2129/647/968 2074/553/968
f 2078/556/967 2131/650/967 2130/649/967 2076/554/967
f 2080/558/966 2132/652/966 2131/651/966 2078/556/966
f 2082/560/965 2133/654/965 2132/653/965 2080/558/965
f 2084/562/964 2134/656/964 2133/655/964 2082/560/964
f 2086/564/963 2135/658/963 2134/657/963 2084/562/963
f 2088/566/962 2136/660/962 2135/659/962 2086/564/962
f 2090/568/961 2137/662/961 2136/661/961 2088/566/961
f 2092/569/992 2138/664/992 2137/663/992 2090/568/992
f 2094/571/991 2139/666/991 2138/665/991 2092/569/991
f 2096/573/990 2140/668/990 2139/667/990 2094/571/990
f 2098/575/989 2141/670/989 2140/669/989 2096/573/989
f 2100/577/988 2142/672/988 2141/671/988 2098/575/988
f 2102/579/987 2143/674/987 2142/673/987 2100/577/987
f 2104/581/986 2144/676/986 2143/675/986 2102/579/986
f 2106/583/985 2145/678/985 2144/677/985 2104/581/985
f 2108/584/984 2146/680/984 2145/679/984 2106/583/984
f 2110/586/983 2147/682/983 2146/681/983 2108/584/983
f 2112/588/982 2148/684/982 2147/683/982 2110/586/982
f 2114/590/993 2149/686/993 2148/685/993 2112/588/993
f 2116/592/980 2150/688/980 2149/687/980 2114/590/980
f 2118/594/979 2151/690/979 2150/689/979 2116/592/979
f 2120/539/978 2152/692/978 2151/691/978 2118/594/978
f 2058/540/977 2121/694/977 2152/693/977 2120/539/977
f 2079/695/949 2164/695/949 2163/696/949 2077/696/949
f 2057/697/5 2121/700/5 2122/699/5 2059/698/5
f 2059/698/5 2122/699/5 2123/702/5 2061/701/5
f 2061/701/5 2123/702/5 2124/704/5 2063/703/5
f 2063/703/5 2124/704/5 2125/706/5 2065/705/5
f 2065/705/5 2125/706/5 2126/708/5 2067/707/5
f 2067/707/5 2126/708/5 2127/710/5 2069/709/5
f 2069/709/5 2127/710/5 2128/712/5 2071/711/5
f 2071/711/5 2128/712/5 2129/714/5 2073/713/5
f 2073/713/5 2129/714/5 2130/716/5 2075/715/5
f 2075/715/5 2130/716/5 2131/717/5 2077/696/5
f 2077/696/5 2131/717/5 2132/718/5 2079/695/5
f 2079/695/5 2132/718/5 2133/720/5 2081/719/5
f 2081/719/5 2133/720/5 2134/722/5 2083/721/5
f 2083/721/5 2134/722/5 2135/724/5 2085/723/5
f 2085/723/5 2135/724/5 2136/726/5 2087/725/5
f 2087/725/5 2136/726/5 2137/728/5 2089/727/5
f 2089/727/5 2137/728/5 2138/730/5 2091/729/5
f 2091/729/5 2138/730/5 2139/732/5 2093/731/5
f 2093/731/5 2139/732/5 2140/734/5 2095/733/5
f 2095/733/5 2140/734/5 2141/736/5 2097/735/5
f 2097/735/5 2141/736/5 2142/738/5 2099/737/5
f 2099/737/5 2142/738/5 2143/740/5 2101/739/5
f 2101/739/5 2143/740/5 2144/742/5 2103/741/5
f 2103/741/5 2144/742/5 2145/744/5 2105/743/5
f 2105/743/5 2145/744/5 2146/746/5 2107/745/5
f 2107/745/5 2146/746/5 2147/748/5 2109/747/5
f 2109/747/5 2147/748/5 2148/750/5 2111/749/5
f 2111/749/5 2148/750/5 2149/752/5 2113/751/5
f 2113/751/5 2149/752/5 2150/754/5 2115/753/5
f 2115/753/5 2150/754/5 2151/756/5 2117/755/5
f 2117/755/5 2151/756/5 2152/758/5 2119/757/5
f 2119/757/5 2152/758/5 2121/700/5 2057/697/5
f 2107/745/935 2178/745/935 2177/743/935 2105/743/935
f 2081/719/948 2165/719/948 2164/695/948 2079/695/948
f 2109/747/934 2179/747/934 2178/745/934 2107/745/934
f 2083/721/947 2166/721/947 2165/719/947 2081/719/947
f 2111/749/933 2180/749/933 2179/747/933 2109/747/933
f 2085/723/946 2167/723/946 2166/721/946 2083/721/946
f 2059/698/929 2154/698/929 2153/697/929 2057/697/929
f 2113/751/932 2181/751/932 2180/749/932 2111/749/932
f 2087/725/945 2168/725/945 2167/723/945 2085/723/945
f 2061/701/958 2155/701/958 2154/698/958 2059/698/958
f 2115/753/931 2182/753/931 2181/751/931 2113/751/931
f 2089/727/944 2169/727/944 2168/725/944 2087/725/944
f 2063/703/957 2156/703/957 2155/701/957 2061/701/957
f 2117/755/930 2183/755/930 2182/753/930 2115/753/930
f 2091/729/943 2170/729/943 2169/727/943 2089/727/943
f 2065/705/956 2157/705/956 2156/703/956 2063/703/956
f 2119/757/960 2184/757/960 2183/755/960 2117/755/960
f 2093/731/942 2171/731/942 2170/729/942 2091/729/942
f 2067/707/955 2158/707/955 2157/705/955 2065/705/955
f 2057/697/959 2153/697/959 2184/757/959 2119/757/959
f 2095/733/941 2172/733/941 2171/731/941 2093/731/941
f 2069/709/954 2159/709/954 2158/707/954 2067/707/954
f 2097/735/940 2173/735/940 2172/733/940 2095/733/940
f 2071/711/953 2160/711/953 2159/709/953 2069/709/953
f 2099/737/939 2174/737/939 2173/735/939 2097/735/939
f 2073/713/952 2161/713/952 2160/711/952 2071/711/952
f 2101/739/938 2175/739/938 2174/737/938 2099/737/938
f 2075/715/951 2162/715/951 2161/713/951 2073/713/951
f 2103/741/937 2176/741/937 2175/739/937 2101/739/937
f 2077/696/950 2163/696/950 2162/715/950 2075/715/950
f 2105/743/936 2177/743/936 2176/741/936 2103/741/936
f 2216/538/994 2280/539/994 2218/540/994 2185/386/994
f 2187/541/995 2222/542/995 2224/543/995 2188/544/995
f 2188/544/996 2224/543/996 2226/545/996 2189/546/996
f 2189/546/997 2226/545/997 2228/547/997 2190/548/997
f 2190/548/998 2228/547/998 2230/549/998 2191/550/998
f 2191/550/999 2230/549/999 2232/551/999 2192/552/999
f 2192/552/1000 2232/551/1000 2234/553/1000 2193/495/1000
f 2193/495/1001 2234/553/1001 2236/554/1001 2194/555/1001
f 2194/555/1002 2236/554/1002 2238/556/1002 2195/557/1002
f 2195/557/1003 2238/556/1003 2240/558/1003 2196/559/1003
f 2196/559/1004 2240/558/1004 2242/560/1004 2197/561/1004
f 2197/561/1005 2242/560/1005 2244/562/1005 2198/563/1005
f 2198/563/1006 2244/562/1006 2246/564/1006 2199/565/1006
f 2199/565/1007 2246/564/1007 2248/566/1007 2200/567/1007
f 2200/567/1008 2248/566/1008 2250/568/1008 2201/456/1008
f 2201/456/1009 2250/568/1009 2252/569/1009 2202/570/1009
f 2202/570/1010 2252/569/1010 2254/571/1010 2203/572/1010
f 2203/572/1011 2254/571/1011 2256/573/1011 2204/574/1011
f 2204/574/1012 2256/573/1012 2258/575/1012 2205/576/1012
f 2205/576/1013 2258/575/1013 2260/577/1013 2206/578/1013
f 2206/578/1014 2260/577/1014 2262/579/1014 2207/580/1014
f 2207/580/1015 2262/579/1015 2264/581/1015 2208/582/1015
f 2208/582/1016 2264/581/1016 2266/583/1016 2209/417/1016
f 2209/417/1017 2266/583/1017 2268/584/1017 2210/585/1017
f 2210/585/1018 2268/584/1018 2270/586/1018 2211/587/1018
f 2211/587/1019 2270/586/1019 2272/588/1019 2212/589/1019
f 2212/589/1020 2272/588/1020 2274/590/1020 2213/591/1020
f 2213/591/1021 2274/590/1021 2276/592/1021 2214/593/1021
f 2214/593/1022 2276/592/1022 2278/594/1022 2215/595/1022
f 2215/595/1023 2278/594/1023 2280/539/1023 2216/538/1023
f 2185/533/1024 2218/596/1024 2220/597/1024 2186/598/1024
f 2186/598/1025 2220/597/1025 2222/542/1025 2187/541/1025
f 2185/599/3 2186/600/3 2187/601/3 2188/602/3 2189/603/3 2190/604/3 2191/605/3 2192/606/3 2193/607/3 2194/608/3 2195/609/3 2196/610/3 2197/611/3 2198/612/3 2199/613/3 2200/614/3 2201/615/3 2202/616/3 2203/617/3 2204/618/3 2205/619/3 2206/620/3 2207/621/3 2208/622/3 2209/623/3 2210/624/3 2211/625/3 2212/626/3 2213/627/3 2214/628/3 2215/629/3 2216/630/3
f 2220/597/1026 2218/596/1026 2281/631/1026 2282/632/1026
f 2222/542/1027 2220/597/1027 2282/633/1027 2283/634/1027
f 2224/543/1028 2222/542/1028 2283/635/1028 2284/636/1028
f 2226/545/1029 2224/543/1029 2284/637/1029 2285/638/1029
f 2228/547/1030 2226/545/1030 2285/639/1030 2286/640/1030
f 2230/549/1031 2228/547/1031 2286/641/1031 2287/642/1031
f 2232/551/1032 2230/549/1032 2287/643/1032 2288/644/1032
f 2234/553/1033 2232/551/1033 2288/645/1033 2289/646/1033
f 2236/554/1034 2234/553/1034 2289/647/1034 2290/648/1034
f 2238/556/1035 2236/554/1035 2290/649/1035 2291/650/1035
f 2240/558/1036 2238/556/1036 2291/651/1036 2292/652/1036
f 2242/560/1037 2240/558/1037 2292/653/1037 2293/654/1037
f 2244/562/1038 2242/560/1038 2293/655/1038 2294/656/1038
f 2246/564/1039 2244/562/1039 2294/657/1039 2295/658/1039
f 2248/566/1040 2246/564/1040 2295/659/1040 2296/660/1040
f 2250/568/1041 2248/566/1041 2296/661/1041 2297/662/1041
f 2252/569/1042 2250/568/1042 2297/663/1042 2298/664/1042
f 2254/571/1043 2252/569/1043 2298/665/1043 2299/666/1043
f 2256/573/1044 2254/571/1044 2299/667/1044 2300/668/1044
f 2258/575/1045 2256/573/1045 2300/669/1045 2301/670/1045
f 2260/577/1046 2258/575/1046 2301/671/1046 2302/672/1046
f 2262/579/1047 2260/577/1047 2302/673/1047 2303/674/1047
f 2264/581/1048 2262/579/1048 2303/675/1048 2304/676/1048
f 2266/583/1049 2264/581/1049 2304/677/1049 2305/678/1049
f 2268/584/1050 2266/583/1050 2305/679/1050 2306/680/1050
f 2270/586/1051 2268/584/1051 2306/681/1051 2307/682/1051
f 2272/588/1052 2270/586/1052 2307/683/1052 2308/684/1052
f 2274/590/1053 2272/588/1053 2308/685/1053 2309/686/1053
f 2276/592/1054 2274/590/1054 2309/687/1054 2310/688/1054
f 2278/594/1055 2276/592/1055 2310/689/1055 2311/690/1055
f 2280/539/1056 2278/594/1056 2311/691/1056 2312/692/1056
f 2218/540/1057 2280/539/1057 2312/693/1057 2281/694/1057
f 2239/695/1019 2237/696/1019 2323/696/1019 2324/695/1019
f 2217/697/35 2219/698/35 2282/699/35 2281/700/35
f 2219/698/35 2221/701/35 2283/702/35 2282/699/35
f 2221/701/35 2223/703/35 2284/704/35 2283/702/35
f 2223/703/35 2225/705/35 2285/706/35 2284/704/35
f 2225/705/35 2227/707/35 2286/708/35 2285/706/35
f 2227/707/35 2229/709/35 2287/710/35 2286/708/35
f 2229/709/35 2231/711/35 2288/712/35 2287/710/35
f 2231/711/35 2233/713/35 2289/714/35 2288/712/35
f 2233/713/35 2235/715/35 2290/716/35 2289/714/35
f 2235/715/35 2237/696/35 2291/717/35 2290/716/35
f 2237/696/35 2239/695/35 2292/718/35 2291/717/35
f 2239/695/35 2241/719/35 2293/720/35 2292/718/35
f 2241/719/35 2243/721/35 2294/722/35 2293/720/35
f 2243/721/35 2245/723/35 2295/724/35 2294/722/35
f 2245/723/35 2247/725/35 2296/726/35 2295/724/35
f 2247/725/35 2249/727/35 2297/728/35 2296/726/35
f 2249/727/35 2251/729/35 2298/730/35 2297/728/35
f 2251/729/35 2253/731/35 2299/732/35 2298/730/35
f 2253/731/35 2255/733/35 2300/734/35 2299/732/35
f 2255/733/35 2257/735/35 2301/736/35 2300/734/35
f 2257/735/35 2259/737/35 2302/738/35 2301/736/35
f 2259/737/35 2261/739/35 2303/740/35 2302/738/35
f 2261/739/35 2263/741/35 2304/742/35 2303/740/35
f 2263/741/35 2265/743/35 2305/744/35 2304/742/35
f 2265/743/35 2267/745/35 2306/746/35 2305/744/35
f 2267/745/35 2269/747/35 2307/748/35 2306/746/35
f 2269/747/35 2271/749/35 2308/750/35 2307/748/35
f 2271/749/35 2273/751/35 2309/752/35 2308/750/35
f 2273/751/35 2275/753/35 2310/754/35 2309/752/35
f 2275/753/35 2277/755/35 2311/756/35 2310/754/35
f 2277/755/35 2279/757/35 2312/758/35 2311/756/35
f 2279/757/35 2217/697/35 2281/700/35 2312/758/35
f 2267/745/1001 2265/743/1001 2337/743/1001 2338/745/1001
f 2241/719/1020 2239/695/1020 2324/695/1020 2325/719/1020
f 2269/747/1002 2267/745/1002 2338/745/1002 2339/747/1002
f 2243/721/1021 2241/719/1021 2325/719/1021 2326/721/1021
f 2271/749/1003 2269/747/1003 2339/747/1003 2340/749/1003
f 2245/723/1022 2243/721/1022 2326/721/1022 2327/723/1022
f 2219/698/1009 2217/697/1009 2313/697/1009 2314/698/1009
f 2273/751/1004 2271/749/1004 2340/749/1004 2341/751/1004
f 2247/725/1023 2245/723/1023 2327/723/1023 2328/725/1023
f 2221/701/1010 2219/698/1010 2314/698/1010 2315/701/1010
f 2275/753/1005 2273/751/1005 2341/751/1005 2342/753/1005
f 2249/727/994 2247/725/994 2328/725/994 2329/727/994
f 2223/703/1011 2221/701/1011 2315/701/1011 2316/703/1011
f 2277/755/1006 2275/753/1006 2342/753/1006 2343/755/1006
f 2251/729/1024 2249/727/1024 2329/727/1024 2330/729/1024
f 2225/705/1012 2223/703/1012 2316/703/1012 2317/705/1012
f 2279/757/1007 2277/755/1007 2343/755/1007 2344/757/1007
f 2253/731/1025 2251/729/1025 2330/729/1025 2331/731/1025
f 2227/707/1013 2225/705/1013 2317/705/1013 2318/707/1013
f 2217/697/1008 2279/757/1008 2344/757/1008 2313/697/1008
f 2255/733/995 2253/731/995 2331/731/995 2332/733/995
f 2229/709/1014 2227/707/1014 2318/707/1014 2319/709/1014
f 2257/735/996 2255/733/996 2332/733/996 2333/735/996
f 2231/711/1015 2229/709/1015 2319/709/1015 2320/711/1015
f 2259/737/997 2257/735/997 2333/735/997 2334/737/997
f 2233/713/1016 2231/711/1016 2320/711/1016 2321/713/1016
f 2261/739/998 2259/737/998 2334/737/998 2335/739/998
f 2235/715/1017 2233/713/1017 2321/713/1017 2322/715/1017
f 2263/741/999 2261/739/999 2335/739/999 2336/741/999
f 2237/696/1018 2235/715/1018 2322/715/1018 2323/696/1018
f 2265/743/1000 2263/741/1000 2336/741/1000 2337/743/1000
f 2376/538/1009 2345/386/1009 2378/540/1009 2440/539/1009
f 2347/541/1006 2348/544/1006 2384/543/1006 2382/542/1006
f 2348/544/1005 2349/546/1005 2386/545/1005 2384/543/1005
f 2349/546/1004 2350/548/1004 2388/547/1004 2386/545/1004
f 2350/548/1003 2351/550/1003 2390/549/1003 2388/547/1003
f 2351/550/1002 2352/552/1002 2392/551/1002 2390/549/1002
f 2352/552/1001 2353/495/1001 2394/553/1001 2392/551/1001
f 2353/495/1000 2354/555/1000 2396/554/1000 2394/553/1000
f 2354/555/999 2355/557/999 2398/556/999 2396/554/999
f 2355/557/998 2356/559/998 2400/558/998 2398/556/998
f 2356/559/997 2357/561/997 2402/560/997 2400/558/997
f 2357/561/996 2358/563/996 2404/562/996 2402/560/996
f 2358/563/995 2359/565/995 2406/564/995 2404/562/995
f 2359/565/1025 2360/567/1025 2408/566/1025 2406/564/1025
f 2360/567/1024 2361/456/1024 2410/568/1024 2408/566/1024
f 2361/456/994 2362/570/994 2412/569/994 2410/568/994
f 2362/570/1023 2363/572/1023 2414/571/1023 2412/569/1023
f 2363/572/1022 2364/574/1022 2416/573/1022 2414/571/1022
f 2364/574/1021 2365/576/1021 2418/575/1021 2416/573/1021
f 2365/576/1020 2366/578/1020 2420/577/1020 2418/575/1020
f 2366/578/1019 2367/580/1019 2422/579/1019 2420/577/1019
f 2367/580/1018 2368/582/1018 2424/581/1018 2422/579/1018
f 2368/582/1017 2369/417/1017 2426/583/1017 2424/581/1017
f 2369/417/1016 2370/585/1016 2428/584/1016 2426/583/1016
f 2370/585/1015 2371/587/1015 2430/586/1015 2428/584/1015
f 2371/587/1014 2372/589/1014 2432/588/1014 2430/586/1014
f 2372/589/1013 2373/591/1013 2434/590/1013 2432/588/1013
f 2373/591/1012 2374/593/1012 2436/592/1012 2434/590/1012
f 2374/593/1011 2375/595/1011 2438/594/1011 2436/592/1011
f 2375/595/1010 2376/538/1010 2440/539/1010 2438/594/1010
f 2345/533/1008 2346/598/1008 2380/597/1008 2378/596/1008
f 2346/598/1007 2347/541/1007 2382/542/1007 2380/597/1007
f 2345/599/3 2376/630/3 2375/629/3 2374/628/3 2373/627/3 2372/626/3 2371/625/3 2370/624/3 2369/623/3 2368/622/3 2367/621/3 2366/620/3 2365/619/3 2364/618/3 2363/617/3 2362/616/3 2361/615/3 2360/614/3 2359/613/3 2358/612/3 2357/611/3 2356/610/3 2355/609/3 2354/608/3 2353/607/3 2352/606/3 2351/605/3 2350/604/3 2349/603/3 2348/602/3 2347/601/3 2346/600/3
f 2380/597/1041 2442/632/1041 2441/631/1041 2378/596/1041
f 2382/542/1040 2443/634/1040 2442/633/1040 2380/597/1040
f 2384/543/1039 2444/636/1039 2443/635/1039 2382/542/1039
f 2386/545/1038 2445/638/1038 2444/637/1038 2384/543/1038
f 2388/547/1037 2446/640/1037 2445/639/1037 2386/545/1037
f 2390/549/1036 2447/642/1036 2446/641/1036 2388/547/1036
f 2392/551/1035 2448/644/1035 2447/643/1035 2390/549/1035
f 2394/553/1034 2449/646/1034 2448/645/1034 2392/551/1034
f 2396/554/1058 2450/648/1058 2449/647/1058 2394/553/1058
f 2398/556/1032 2451/650/1032 2450/649/1032 2396/554/1032
f 2400/558/1031 2452/652/1031 2451/651/1031 2398/556/1031
f 2402/560/1030 2453/654/1030 2452/653/1030 2400/558/1030
f 2404/562/1029 2454/656/1029 2453/655/1029 2402/560/1029
f 2406/564/1028 2455/658/1028 2454/657/1028 2404/562/1028
f 2408/566/1027 2456/660/1027 2455/659/1027 2406/564/1027
f 2410/568/1026 2457/662/1026 2456/661/1026 2408/566/1026
f 2412/569/1057 2458/664/1057 2457/663/1057 2410/568/1057
f 2414/571/1056 2459/666/1056 2458/665/1056 2412/569/1056
f 2416/573/1055 2460/668/1055 2459/667/1055 2414/571/1055
f 2418/575/1054 2461/670/1054 2460/669/1054 2416/573/1054
f 2420/577/1053 2462/672/1053 2461/671/1053 2418/575/1053
f 2422/579/1052 2463/674/1052 2462/673/1052 2420/577/1052
f 2424/581/1051 2464/676/1051 2463/675/1051 2422/579/1051
f 2426/583/1050 2465/678/1050 2464/677/1050 2424/581/1050
f 2428/584/1049 2466/680/1049 2465/679/1049 2426/583/1049
f 2430/586/1048 2467/682/1048 2466/681/1048 2428/584/1048
f 2432/588/1047 2468/684/1047 2467/683/1047 2430/586/1047
f 2434/590/1046 2469/686/1046 2468/685/1046 2432/588/1046
f 2436/592/1045 2470/688/1045 2469/687/1045 2434/590/1045
f 2438/594/1044 2471/690/1044 2470/689/1044 2436/592/1044
f 2440/539/1043 2472/692/1043 2471/691/1043 2438/594/1043
f 2378/540/1042 2441/694/1042 2472/693/1042 2440/539/1042
f 2399/695/1014 2484/695/1014 2483/696/1014 2397/696/1014
f 2377/697/35 2441/700/35 2442/699/35 2379/698/35
f 2379/698/35 2442/699/35 2443/702/35 2381/701/35
f 2381/701/35 2443/702/35 2444/704/35 2383/703/35
f 2383/703/35 2444/704/35 2445/706/35 2385/705/35
f 2385/705/35 2445/706/35 2446/708/35 2387/707/35
f 2387/707/35 2446/708/35 2447/710/35 2389/709/35
f 2389/709/35 2447/710/35 2448/712/35 2391/711/35
f 2391/711/35 2448/712/35 2449/714/35 2393/713/35
f 2393/713/35 2449/714/35 2450/716/35 2395/715/35
f 2395/715/35 2450/716/35 2451/717/35 2397/696/35
f 2397/696/35 2451/717/35 2452/718/35 2399/695/35
f 2399/695/35 2452/718/35 2453/720/35 2401/719/35
f 2401/719/35 2453/720/35 2454/722/35 2403/721/35
f 2403/721/35 2454/722/35 2455/724/35 2405/723/35
f 2405/723/35 2455/724/35 2456/726/35 2407/725/35
f 2407/725/35 2456/726/35 2457/728/35 2409/727/35
f 2409/727/35 2457/728/35 2458/730/35 2411/729/35
f 2411/729/35 2458/730/35 2459/732/35 2413/731/35
f 2413/731/35 2459/732/35 2460/734/35 2415/733/35
f 2415/733/35 2460/734/35 2461/736/35 2417/735/35
f 2417/735/35 2461/736/35 2462/738/35 2419/737/35
f 2419/737/35 2462/738/35 2463/740/35 2421/739/35
f 2421/739/35 2463/740/35 2464/742/35 2423/741/35
f 2423/741/35 2464/742/35 2465/744/35 2425/743/35
f 2425/743/35 2465/744/35 2466/746/35 2427/745/35
f 2427/745/35 2466/746/35 2467/748/35 2429/747/35
f 2429/747/35 2467/748/35 2468/750/35 2431/749/35
f 2431/749/35 2468/750/35 2469/752/35 2433/751/35
f 2433/751/35 2469/752/35 2470/754/35 2435/753/35
f 2435/753/35 2470/754/35 2471/756/35 2437/755/35
f 2437/755/35 2471/756/35 2472/758/35 2439/757/35
f 2439/757/35 2472/758/35 2441/700/35 2377/697/35
f 2427/745/1000 2498/745/1000 2497/743/1000 2425/743/1000
f 2401/719/1013 2485/719/1013 2484/695/1013 2399/695/1013
f 2429/747/999 2499/747/999 2498/745/999 2427/745/999
f 2403/721/1012 2486/721/1012 2485/719/1012 2401/719/1012
f 2431/749/998 2500/749/998 2499/747/998 2429/747/998
f 2405/723/1011 2487/723/1011 2486/721/1011 2403/721/1011
f 2379/698/994 2474/698/994 2473/697/994 2377/697/994
f 2433/751/997 2501/751/997 2500/749/997 2431/749/997
f 2407/725/1010 2488/725/1010 2487/723/1010 2405/723/1010
f 2381/701/1023 2475/701/1023 2474/698/1023 2379/698/1023
f 2435/753/996 2502/753/996 2501/751/996 2433/751/996
f 2409/727/1009 2489/727/1009 2488/725/1009 2407/725/1009
f 2383/703/1022 2476/703/1022 2475/701/1022 2381/701/1022
f 2437/755/995 2503/755/995 2502/753/995 2435/753/995
f 2411/729/1008 2490/729/1008 2489/727/1008 2409/727/1008
f 2385/705/1021 2477/705/1021 2476/703/1021 2383/703/1021
f 2439/757/1025 2504/757/1025 2503/755/1025 2437/755/1025
f 2413/731/1007 2491/731/1007 2490/729/1007 2411/729/1007
f 2387/707/1020 2478/707/1020 2477/705/1020 2385/705/1020
f 2377/697/1024 2473/697/1024 2504/757/1024 2439/757/1024
f 2415/733/1006 2492/733/1006 2491/731/1006 2413/731/1006
f 2389/709/1019 2479/709/1019 2478/707/1019 2387/707/1019
f 2417/735/1005 2493/735/1005 2492/733/1005 2415/733/1005
f 2391/711/1018 2480/711/1018 2479/709/1018 2389/709/1018
f 2419/737/1004 2494/737/1004 2493/735/1004 2417/735/1004
f 2393/713/1017 2481/713/1017 2480/711/1017 2391/711/1017
f 2421/739/1003 2495/739/1003 2494/737/1003 2419/737/1003
f 2395/715/1016 2482/715/1016 2481/713/1016 2393/713/1016
f 2423/741/1002 2496/741/1002 2495/739/1002 2421/739/1002
f 2397/696/1015 2483/696/1015 2482/715/1015 2395/715/1015
f 2425/743/1001 2497/743/1001 2496/741/1001 2423/741/1001
usemtl M_Gris_Metal
f 314/205/39 304/230/39 422/230/39 421/205/39
f 311/215/5 313/215/5 419/215/5 417/215/5
f 318/203/5 316/203/5 426/203/5 427/203/5
f 306/184/2 308/184/2 424/184/2 425/184/2
f 332/224/9 324/195/9 430/195/9 432/224/9
f 313/215/55 314/205/55 421/205/55 419/215/55
f 379/322/9 371/321/9 438/321/9 439/322/9
f 421/205/56 422/230/56 420/201/56 419/215/56
f 426/203/57 425/184/57 424/184/57 427/203/57
f 418/201/58 417/215/58 419/215/58 420/201/58
f 423/239/59 428/231/59 427/203/59 424/184/59
f 433/326/60 434/223/60 432/224/60 431/323/60
f 438/321/61 437/185/61 436/185/61 439/322/61
f 430/195/62 429/317/62 431/323/62 432/224/62
f 435/238/63 440/307/63 439/322/63 436/185/63
f 323/185/39 331/185/39 436/185/39 437/185/39
f 335/238/2 383/307/2 440/307/2 435/238/2
f 319/231/64 318/203/64 427/203/64 428/231/64
f 383/307/65 379/322/65 439/322/65 440/307/65
f 331/185/66 335/238/66 435/238/66 436/185/66
f 304/230/2 303/201/2 420/201/2 422/230/2
f 380/323/67 384/326/67 433/326/67 431/323/67
f 336/223/68 332/224/68 432/224/68 434/223/68
f 303/201/2 301/201/2 418/201/2 420/201/2
f 384/326/2 336/223/2 434/223/2 433/326/2
f 308/184/2 309/239/2 423/239/2 424/184/2
f 372/317/39 380/323/39 431/323/39 429/317/39
f 309/239/9 319/231/9 428/231/9 423/239/9
usemtl M_Cyan
f 465/343/9 468/339/9 467/340/9 466/344/9
f 469/345/39 472/341/39 471/342/39 470/346/39
f 499/353/35 502/354/35 501/355/35 500/356/35
f 503/351/35 497/352/35 498/358/35 504/357/35
f 497/352/35 499/353/35 500/356/35 498/358/35
usemtl M_Jaune
f 2553/796/1065 2558/797/1065 2548/798/1065 2547/799/1065
f 2565/800/39 2570/801/39 2552/561/39 2551/576/39
f 2559/802/1066 2564/803/1066 2550/804/1066 2549/805/1066
f 2571/806/9 2576/807/9 2546/808/9 2545/809/9
f 2592/810/3 2559/802/3 2549/805/3 2573/811/3
f 2583/812/35 2556/813/35 2546/814/35 2576/815/35
f 2568/550/35 2548/546/35 2558/816/35 2577/817/35
f 2577/817/35 2558/816/35 2557/818/35 2580/819/35
f 2580/819/35 2557/818/35 2556/813/35 2583/812/35
f 2565/580/3 2551/576/3 2561/820/3 2586/821/3
f 2586/821/3 2561/820/3 2560/822/3 2589/823/3
f 2589/823/3 2560/822/3 2559/802/3 2592/810/3
f 2551/576/1067 2552/561/1067 2562/824/1067 2561/820/1067
f 2561/820/5 2562/824/5 2563/825/5 2560/822/5
f 2560/822/5 2563/825/5 2564/803/5 2559/802/5
f 2545/785/1068 2546/786/1068 2556/826/1068 2555/827/1068
f 2555/827/2 2556/826/2 2557/828/2 2554/829/2
f 2554/829/2 2557/828/2 2558/797/2 2553/796/2
f 2554/830/3 2591/831/3 2594/832/3 2555/833/3
f 2591/831/3 2590/834/3 2593/835/3 2594/832/3
f 2590/834/3 2589/823/3 2592/810/3 2593/835/3
f 2553/836/3 2588/837/3 2591/831/3 2554/830/3
f 2588/837/3 2587/838/3 2590/834/3 2591/831/3
f 2587/838/3 2586/821/3 2589/823/3 2590/834/3
f 2547/591/3 2567/587/3 2588/837/3 2553/836/3
f 2567/587/3 2566/839/3 2587/838/3 2588/837/3
f 2566/839/3 2565/580/3 2586/821/3 2587/838/3
f 2563/825/35 2582/840/35 2585/841/35 2564/803/35
f 2582/840/35 2581/842/35 2584/843/35 2585/841/35
f 2581/842/35 2580/819/35 2583/812/35 2584/843/35
f 2562/824/35 2579/844/35 2582/840/35 2563/825/35
f 2579/844/35 2578/845/35 2581/842/35 2582/840/35
f 2578/845/35 2577/817/35 2580/819/35 2581/842/35
f 2552/561/35 2570/557/35 2579/844/35 2562/824/35
f 2570/557/35 2569/495/35 2578/845/35 2579/844/35
f 2569/495/35 2568/550/35 2577/817/35 2578/845/35
f 2564/803/35 2585/841/35 2574/846/35 2550/804/35
f 2585/841/35 2584/843/35 2575/498/35 2574/846/35
f 2584/843/35 2583/812/35 2576/815/35 2575/498/35
f 2555/833/3 2594/832/3 2571/847/3 2545/848/3
f 2594/832/3 2593/835/3 2572/420/3 2571/847/3
f 2593/835/3 2592/810/3 2573/811/3 2572/420/3
f 2549/805/9 2550/804/9 2574/849/9 2573/850/9
f 2573/850/1069 2574/849/1069 2575/851/1069 2572/852/1069
f 2572/852/9 2575/851/9 2576/807/9 2571/806/9
f 2547/799/39 2548/798/39 2568/853/39 2567/854/39
f 2567/854/1070 2568/853/1070 2569/855/1070 2566/856/1070
f 2566/856/39 2569/855/39 2570/801/39 2565/800/39
