# Blender 4.2.3 LTS
# www.blender.org
mtllib SM_Power_Cabinet.mtl
o SM_Power_Cabinet_Base
v -0.500000 0.000000 -0.200000
v -0.500000 0.000000 0.200000
v 0.500000 0.000000 0.200000
v 0.500000 0.000000 -0.200000
v 0.500000 0.075000 -0.200000
v 0.500000 0.075000 0.200000
v -0.500000 0.075000 0.200000
v -0.500000 0.075000 -0.200000
v 0.199150 0.000000 -0.500000
v -0.200850 0.000000 -0.500000
v -0.200850 0.000000 0.500000
v 0.199150 0.000000 0.500000
v 0.199150 0.075000 0.500000
v -0.200850 0.075000 0.500000
v -0.200850 0.075000 -0.500000
v 0.199150 0.075000 -0.500000
v -0.200850 0.191698 -0.200000
v 0.199150 0.191698 -0.200000
v -0.200850 0.191698 0.200000
v 0.199150 0.191698 0.200000
v 0.199150 0.000000 -0.200000
v -0.200850 0.000000 -0.200000
v 0.199150 0.000000 0.200000
v -0.200850 0.000000 0.200000
v -0.500000 0.067500 0.200000
v -0.500000 0.067500 -0.200000
v 0.500000 0.067500 -0.200000
v 0.500000 0.067500 0.200000
v -0.200850 0.067500 -0.500000
v 0.199150 0.067500 -0.500000
v 0.199150 0.067500 0.500000
v -0.200850 0.067500 0.500000
v -0.470834 0.001970 -0.182046
v -0.470834 0.001970 0.182046
v 0.470785 0.001970 0.182046
v 0.470785 0.001970 -0.182046
v 0.500000 0.075000 -0.193333
v 0.500000 0.075000 0.193333
v -0.500000 0.075000 0.193333
v -0.500000 0.075000 -0.193333
v -0.200850 0.000000 -0.193333
v -0.200850 0.000000 0.193333
v 0.199150 0.000000 -0.193333
v 0.199150 0.000000 0.193333
v 0.199150 0.191698 -0.193333
v 0.199150 0.191698 0.193333
v -0.200850 0.191698 -0.193333
v -0.200850 0.191698 0.193333
v 0.470785 0.065530 -0.182046
v 0.470785 0.065530 0.182046
v -0.470834 0.065530 0.182046
v -0.470834 0.065530 -0.182046
v 0.181221 0.001970 -0.470810
v -0.182872 0.001970 -0.470810
v -0.182872 0.001970 0.470810
v 0.181221 0.001970 0.470810
v 0.192483 0.075000 0.500000
v -0.194183 0.075000 0.500000
v -0.194183 0.075000 -0.500000
v 0.192483 0.075000 -0.500000
v -0.194183 0.191698 -0.200000
v 0.192483 0.191698 -0.200000
v -0.194183 0.191698 0.200000
v 0.192483 0.191698 0.200000
v 0.192483 0.000000 -0.200000
v -0.194183 0.000000 -0.200000
v 0.192483 0.000000 0.200000
v -0.194183 0.000000 0.200000
v 0.181221 0.065530 0.470810
v -0.182872 0.065530 0.470810
v -0.182872 0.065530 -0.470810
v 0.181221 0.065530 -0.470810
v -0.194183 0.191698 -0.193333
v 0.192483 0.191698 -0.193333
v -0.194183 0.191698 0.193333
v 0.192483 0.191698 0.193333
v 0.192483 0.000000 -0.193333
v -0.194183 0.000000 -0.193333
v 0.192483 0.000000 0.193333
v -0.194183 0.000000 0.193333
v -0.430954 0.000000 0.500000
v -0.432661 0.000000 0.499293
v -0.499293 0.000000 0.432661
v -0.500000 0.000000 0.430954
v -0.500000 0.000000 -0.430954
v -0.499293 0.000000 -0.432661
v -0.432661 0.000000 -0.499293
v -0.430954 0.000000 -0.500000
v 0.500000 0.000000 0.430954
v 0.499293 0.000000 0.432661
v 0.432661 0.000000 0.499293
v 0.430954 0.000000 0.500000
v 0.430954 0.000000 -0.500000
v 0.432661 0.000000 -0.499293
v 0.499293 0.000000 -0.432661
v 0.500000 0.000000 -0.430954
v -0.499293 0.075000 0.432661
v -0.500000 0.075000 0.430954
v -0.430954 0.075000 0.500000
v -0.432661 0.075000 0.499293
v -0.432661 0.075000 -0.499293
v -0.430954 0.075000 -0.500000
v -0.500000 0.075000 -0.430954
v -0.499293 0.075000 -0.432661
v 0.499293 0.075000 -0.432661
v 0.500000 0.075000 -0.430954
v 0.430954 0.075000 -0.500000
v 0.432661 0.075000 -0.499293
v 0.432661 0.075000 0.499293
v 0.430954 0.075000 0.500000
v 0.500000 0.075000 0.430954
v 0.499293 0.075000 0.432661
v -0.500000 0.067500 -0.430954
v -0.499293 0.067500 -0.432661
v -0.432661 0.067500 -0.499293
v -0.430954 0.067500 -0.500000
v 0.430954 0.067500 -0.500000
v 0.432661 0.067500 -0.499293
v 0.499293 0.067500 -0.432661
v 0.500000 0.067500 -0.430954
v 0.500000 0.067500 0.430954
v 0.499293 0.067500 0.432661
v 0.432661 0.067500 0.499293
v 0.430954 0.067500 0.500000
v -0.500000 0.067500 0.430954
v -0.499293 0.067500 0.432661
v -0.432661 0.067500 0.499293
v -0.430954 0.067500 0.500000
v -0.500000 0.167411 0.200000
v -0.499293 0.169118 0.200000
v -0.477420 0.190991 0.200000
v -0.475713 0.191698 0.200000
v -0.475713 0.191698 -0.200000
v -0.477420 0.190991 -0.200000
v -0.499293 0.169118 -0.200000
v -0.500000 0.167411 -0.200000
v 0.500000 0.167411 -0.200000
v 0.499293 0.169118 -0.200000
v 0.477420 0.190991 -0.200000
v 0.475713 0.191698 -0.200000
v 0.475713 0.191698 0.200000
v 0.477420 0.190991 0.200000
v 0.499293 0.169118 0.200000
v 0.500000 0.167411 0.200000
v -0.200850 0.167411 -0.500000
v -0.200850 0.169118 -0.499293
v -0.200850 0.190991 -0.477420
v -0.200850 0.191698 -0.475713
v 0.199150 0.191698 -0.475713
v 0.199150 0.190991 -0.477420
v 0.199150 0.169118 -0.499293
v 0.199150 0.167411 -0.500000
v 0.199150 0.167411 0.500000
v 0.199150 0.169118 0.499293
v 0.199150 0.190991 0.477420
v 0.199150 0.191698 0.475713
v -0.200850 0.191698 0.475713
v -0.200850 0.190991 0.477420
v -0.200850 0.169118 0.499293
v -0.200850 0.167411 0.500000
v -0.475713 0.191698 0.193333
v -0.477420 0.190991 0.193333
v -0.499293 0.169118 0.193333
v -0.500000 0.167411 0.193333
v -0.500000 0.167411 -0.193333
v -0.499293 0.169118 -0.193333
v -0.477420 0.190991 -0.193333
v -0.475713 0.191698 -0.193333
v 0.475713 0.191698 -0.193333
v 0.477420 0.190991 -0.193333
v 0.499293 0.169118 -0.193333
v 0.500000 0.167411 -0.193333
v 0.500000 0.167411 0.193333
v 0.499293 0.169118 0.193333
v 0.477420 0.190991 0.193333
v 0.475713 0.191698 0.193333
v -0.194183 0.191698 -0.475713
v -0.194183 0.190991 -0.477420
v -0.194183 0.169118 -0.499293
v -0.194183 0.167411 -0.500000
v 0.192483 0.167411 -0.500000
v 0.192483 0.169118 -0.499293
v 0.192483 0.190991 -0.477420
v 0.192483 0.191698 -0.475713
v 0.192483 0.191698 0.475713
v 0.192483 0.190991 0.477420
v 0.192483 0.169118 0.499293
v 0.192483 0.167411 0.500000
v -0.194183 0.167411 0.500000
v -0.194183 0.169118 0.499293
v -0.194183 0.190991 0.477420
v -0.194183 0.191698 0.475713
v -0.475713 0.191698 0.421893
v -0.477420 0.190991 0.421558
v -0.476683 0.190991 0.423337
v -0.499293 0.169118 0.430619
v -0.500000 0.167411 0.430954
v -0.499293 0.167411 0.432661
v -0.498556 0.169118 0.432397
v -0.421558 0.190991 0.477420
v -0.421893 0.191698 0.475713
v -0.423337 0.190991 0.476683
v -0.430619 0.169118 0.499293
v -0.432397 0.169118 0.498556
v -0.432661 0.167411 0.499293
v -0.430954 0.167411 0.500000
v -0.421893 0.191698 -0.475713
v -0.421558 0.190991 -0.477420
v -0.423337 0.190991 -0.476683
v -0.430619 0.169118 -0.499293
v -0.430954 0.167411 -0.500000
v -0.432661 0.167411 -0.499293
v -0.432397 0.169118 -0.498556
v -0.477420 0.190991 -0.421558
v -0.475713 0.191698 -0.421893
v -0.476683 0.190991 -0.423337
v -0.499293 0.169118 -0.430619
v -0.498556 0.169118 -0.432397
v -0.499293 0.167411 -0.432661
v -0.500000 0.167411 -0.430954
v 0.421893 0.191698 0.475713
v 0.421558 0.190991 0.477420
v 0.423337 0.190991 0.476683
v 0.430619 0.169118 0.499293
v 0.430954 0.167411 0.500000
v 0.432661 0.167411 0.499293
v 0.432397 0.169118 0.498556
v 0.477420 0.190991 0.421558
v 0.475713 0.191698 0.421893
v 0.476683 0.190991 0.423337
v 0.499293 0.169118 0.430619
v 0.498556 0.169118 0.432397
v 0.499293 0.167411 0.432661
v 0.500000 0.167411 0.430954
v 0.475713 0.191698 -0.421893
v 0.477420 0.190991 -0.421558
v 0.476683 0.190991 -0.423337
v 0.499293 0.169118 -0.430619
v 0.500000 0.167411 -0.430954
v 0.499293 0.167411 -0.432661
v 0.498556 0.169118 -0.432397
v 0.421558 0.190991 -0.477420
v 0.421893 0.191698 -0.475713
v 0.423337 0.190991 -0.476683
v 0.430619 0.169118 -0.499293
v 0.432397 0.169118 -0.498556
v 0.432661 0.167411 -0.499293
v 0.430954 0.167411 -0.500000
v 0.293597 0.191287 -0.293594
v 0.314410 1.091231 -0.314407
v 0.442311 0.291886 -0.411135
v 0.411138 0.291886 -0.442308
v 0.442311 0.990751 -0.411135
v 0.411138 0.990751 -0.442308
v 0.408546 0.291886 -0.439717
v 0.439720 0.291886 -0.408543
v 0.439720 0.990751 -0.408543
v 0.408546 0.990751 -0.439717
v 0.315410 1.091231 -0.439184
v 0.314410 1.091231 -0.438184
v 0.293597 0.191287 -0.458997
v 0.294597 0.191287 -0.459997
v 0.460000 0.191287 -0.294594
v 0.459000 0.191287 -0.293594
v 0.401369 1.091231 -0.438477
v 0.399662 1.091231 -0.439184
v 0.408283 0.191287 -0.459997
v 0.409990 0.191287 -0.459290
v 0.459293 0.191287 -0.409987
v 0.460000 0.191287 -0.408280
v 0.438187 1.091231 -0.314407
v 0.439187 1.091231 -0.315407
v 0.439187 1.091231 -0.399659
v 0.438480 1.091231 -0.401366
v 0.304298 0.240351 -0.304295
v 0.304793 0.242220 -0.304790
v 0.293597 0.220605 -0.293594
v 0.294093 0.222474 -0.294090
v 0.304793 0.242220 -0.447801
v 0.305793 0.242220 -0.448801
v 0.305414 0.240351 -0.449297
v 0.304298 0.240351 -0.448180
v 0.295209 0.222474 -0.459502
v 0.294597 0.220605 -0.459997
v 0.293597 0.220605 -0.458997
v 0.294093 0.222474 -0.458386
v 0.449300 0.240351 -0.305411
v 0.448804 0.242220 -0.305790
v 0.447804 0.242220 -0.304790
v 0.448183 0.240351 -0.304295
v 0.459505 0.222474 -0.295206
v 0.458389 0.222474 -0.294090
v 0.459000 0.220605 -0.293594
v 0.460000 0.220605 -0.294594
v 0.459505 0.222474 -0.408054
v 0.460000 0.220605 -0.408280
v 0.459293 0.220605 -0.409987
v 0.458783 0.222474 -0.409797
v 0.408057 0.222474 -0.459502
v 0.409800 0.222474 -0.458780
v 0.409990 0.220605 -0.459290
v 0.408283 0.220605 -0.459997
v 0.438480 1.052034 -0.401366
v 0.439187 1.052034 -0.399659
v 0.439617 1.050131 -0.399821
v 0.438899 1.050131 -0.401555
v 0.399662 1.052034 -0.439184
v 0.401369 1.052034 -0.438477
v 0.401558 1.050131 -0.438896
v 0.399824 1.050131 -0.439614
v 0.438187 1.052034 -0.314407
v 0.438528 1.050131 -0.313977
v 0.439617 1.050131 -0.315066
v 0.439187 1.052034 -0.315407
v 0.447286 1.031735 -0.305220
v 0.447804 1.029832 -0.304790
v 0.448804 1.029832 -0.305790
v 0.448374 1.031735 -0.306309
v 0.315410 1.052034 -0.439184
v 0.315069 1.050131 -0.439614
v 0.313980 1.050131 -0.438525
v 0.314410 1.052034 -0.438184
v 0.306312 1.031735 -0.448371
v 0.305793 1.029832 -0.448801
v 0.304793 1.029832 -0.447801
v 0.305223 1.031735 -0.447283
v 0.314410 1.052034 -0.314407
v 0.313980 1.050131 -0.313977
v 0.305223 1.031735 -0.305220
v 0.304793 1.029832 -0.304790
v 0.403830 0.240351 -0.449297
v 0.403645 0.242220 -0.448801
v 0.404803 0.242450 -0.448643
v 0.405572 0.240351 -0.448575
v 0.448646 0.242450 -0.404800
v 0.448804 0.242220 -0.403642
v 0.449300 0.240351 -0.403827
v 0.448578 0.240351 -0.405569
v 0.447656 1.031735 -0.405182
v 0.448374 1.031735 -0.403449
v 0.448804 1.029832 -0.403642
v 0.448632 1.029772 -0.404814
v 0.403452 1.031735 -0.448371
v 0.405185 1.031735 -0.447653
v 0.404817 1.029772 -0.448629
v 0.403645 1.029832 -0.448801
v 0.293594 0.191287 0.293597
v 0.314407 1.091231 0.314410
v 0.411135 0.291886 0.442311
v 0.442308 0.291886 0.411138
v 0.411135 0.990751 0.442311
v 0.442308 0.990751 0.411138
v 0.439717 0.291886 0.408546
v 0.408543 0.291886 0.439720
v 0.408543 0.990751 0.439720
v 0.439717 0.990751 0.408546
v 0.439184 1.091231 0.315410
v 0.438184 1.091231 0.314410
v 0.458997 0.191287 0.293597
v 0.459997 0.191287 0.294597
v 0.294594 0.191287 0.460000
v 0.293594 0.191287 0.459000
v 0.438477 1.091231 0.401369
v 0.439184 1.091231 0.399662
v 0.459997 0.191287 0.408283
v 0.459290 0.191287 0.409990
v 0.409987 0.191287 0.459293
v 0.408280 0.191287 0.460000
v 0.314407 1.091231 0.438187
v 0.315407 1.091231 0.439187
v 0.399659 1.091231 0.439187
v 0.401366 1.091231 0.438480
v 0.304295 0.240351 0.304298
v 0.304790 0.242220 0.304793
v 0.293594 0.220605 0.293597
v 0.294090 0.222474 0.294093
v 0.447801 0.242220 0.304793
v 0.448801 0.242220 0.305793
v 0.449297 0.240351 0.305414
v 0.448180 0.240351 0.304298
v 0.459502 0.222474 0.295209
v 0.459997 0.220605 0.294597
v 0.458997 0.220605 0.293597
v 0.458386 0.222474 0.294093
v 0.305411 0.240351 0.449300
v 0.305790 0.242220 0.448804
v 0.304790 0.242220 0.447804
v 0.304295 0.240351 0.448183
v 0.295206 0.222474 0.459505
v 0.294090 0.222474 0.458389
v 0.293594 0.220605 0.459000
v 0.294594 0.220605 0.460000
v 0.408054 0.222474 0.459505
v 0.408280 0.220605 0.460000
v 0.409987 0.220605 0.459293
v 0.409797 0.222474 0.458783
v 0.459502 0.222474 0.408057
v 0.458780 0.222474 0.409800
v 0.459290 0.220605 0.409990
v 0.459997 0.220605 0.408283
v 0.401366 1.052034 0.438480
v 0.399659 1.052034 0.439187
v 0.399821 1.050131 0.439617
v 0.401555 1.050131 0.438899
v 0.439184 1.052034 0.399662
v 0.438477 1.052034 0.401369
v 0.438896 1.050131 0.401558
v 0.439614 1.050131 0.399824
v 0.314407 1.052034 0.438187
v 0.313977 1.050131 0.438528
v 0.315066 1.050131 0.439617
v 0.315407 1.052034 0.439187
v 0.305220 1.031735 0.447286
v 0.304790 1.029832 0.447804
v 0.305790 1.029832 0.448804
v 0.306309 1.031735 0.448374
v 0.439184 1.052034 0.315410
v 0.439614 1.050131 0.315069
v 0.438525 1.050131 0.313980
v 0.438184 1.052034 0.314410
v 0.448371 1.031735 0.306312
v 0.448801 1.029832 0.305793
v 0.447801 1.029832 0.304793
v 0.447283 1.031735 0.305223
v 0.314407 1.052034 0.314410
v 0.313977 1.050131 0.313980
v 0.305220 1.031735 0.305223
v 0.304790 1.029832 0.304793
v 0.449297 0.240351 0.403830
v 0.448801 0.242220 0.403645
v 0.448643 0.242450 0.404803
v 0.448575 0.240351 0.405572
v 0.404800 0.242450 0.448646
v 0.403642 0.242220 0.448804
v 0.403827 0.240351 0.449300
v 0.405569 0.240351 0.448578
v 0.405182 1.031735 0.447656
v 0.403449 1.031735 0.448374
v 0.403642 1.029832 0.448804
v 0.404814 1.029772 0.448632
v 0.448371 1.031735 0.403452
v 0.447653 1.031735 0.405185
v 0.448629 1.029772 0.404817
v 0.448801 1.029832 0.403645
v -0.293594 0.191287 -0.293597
v -0.314407 1.091231 -0.314410
v -0.411135 0.291886 -0.442311
v -0.442308 0.291886 -0.411138
v -0.411135 0.990751 -0.442311
v -0.442308 0.990751 -0.411138
v -0.439717 0.291886 -0.408546
v -0.408543 0.291886 -0.439719
v -0.408543 0.990751 -0.439719
v -0.439717 0.990751 -0.408546
v -0.439184 1.091231 -0.315410
v -0.438184 1.091231 -0.314410
v -0.458997 0.191287 -0.293597
v -0.459997 0.191287 -0.294597
v -0.294594 0.191287 -0.460000
v -0.293594 0.191287 -0.459000
v -0.438477 1.091231 -0.401369
v -0.439184 1.091231 -0.399662
v -0.459997 0.191287 -0.408283
v -0.459290 0.191287 -0.409990
v -0.409987 0.191287 -0.459293
v -0.408280 0.191287 -0.460000
v -0.314407 1.091231 -0.438187
v -0.315407 1.091231 -0.439187
v -0.399659 1.091231 -0.439187
v -0.401366 1.091231 -0.438480
v -0.304295 0.240351 -0.304298
v -0.304790 0.242220 -0.304793
v -0.293594 0.220605 -0.293597
v -0.294090 0.222474 -0.294093
v -0.447801 0.242220 -0.304793
v -0.448801 0.242220 -0.305793
v -0.449297 0.240351 -0.305414
v -0.448180 0.240351 -0.304298
v -0.459502 0.222474 -0.295209
v -0.459997 0.220605 -0.294597
v -0.458997 0.220605 -0.293597
v -0.458386 0.222474 -0.294093
v -0.305411 0.240351 -0.449300
v -0.305790 0.242220 -0.448804
v -0.304790 0.242220 -0.447804
v -0.304295 0.240351 -0.448183
v -0.295206 0.222474 -0.459505
v -0.294090 0.222474 -0.458389
v -0.293594 0.220605 -0.459000
v -0.294594 0.220605 -0.460000
v -0.408054 0.222474 -0.459505
v -0.408280 0.220605 -0.460000
v -0.409987 0.220605 -0.459293
v -0.409797 0.222474 -0.458783
v -0.459502 0.222474 -0.408057
v -0.458780 0.222474 -0.409800
v -0.459290 0.220605 -0.409990
v -0.459997 0.220605 -0.408283
v -0.401366 1.052034 -0.438480
v -0.399659 1.052034 -0.439187
v -0.399821 1.050131 -0.439617
v -0.401555 1.050131 -0.438899
v -0.439184 1.052034 -0.399662
v -0.438477 1.052034 -0.401369
v -0.438896 1.050131 -0.401558
v -0.439614 1.050131 -0.399824
v -0.314407 1.052034 -0.438187
v -0.313977 1.050131 -0.438528
v -0.315066 1.050131 -0.439617
v -0.315407 1.052034 -0.439187
v -0.305220 1.031735 -0.447286
v -0.304790 1.029832 -0.447804
v -0.305790 1.029832 -0.448804
v -0.306309 1.031735 -0.448374
v -0.439184 1.052034 -0.315410
v -0.439614 1.050131 -0.315069
v -0.438525 1.050131 -0.313980
v -0.438184 1.052034 -0.314410
v -0.448371 1.031735 -0.306312
v -0.448801 1.029832 -0.305793
v -0.447801 1.029832 -0.304793
v -0.447283 1.031735 -0.305223
v -0.314407 1.052034 -0.314410
v -0.313977 1.050131 -0.313980
v -0.305220 1.031735 -0.305223
v -0.304790 1.029832 -0.304793
v -0.449297 0.240351 -0.403830
v -0.448801 0.242220 -0.403645
v -0.448643 0.242450 -0.404803
v -0.448575 0.240351 -0.405572
v -0.404800 0.242450 -0.448646
v -0.403642 0.242220 -0.448804
v -0.403827 0.240351 -0.449300
v -0.405570 0.240351 -0.448578
v -0.405183 1.031735 -0.447656
v -0.403449 1.031735 -0.448374
v -0.403642 1.029832 -0.448804
v -0.404814 1.029772 -0.448632
v -0.448371 1.031735 -0.403451
v -0.447653 1.031735 -0.405185
v -0.448629 1.029772 -0.404817
v -0.448801 1.029832 -0.403645
v -0.293597 0.191287 0.293594
v -0.314410 1.091231 0.314407
v -0.442311 0.291886 0.411135
v -0.411138 0.291886 0.442309
v -0.442311 0.990751 0.411135
v -0.411138 0.990751 0.442309
v -0.408546 0.291886 0.439717
v -0.439719 0.291886 0.408543
v -0.439719 0.990751 0.408543
v -0.408546 0.990751 0.439717
v -0.315410 1.091231 0.439184
v -0.314410 1.091231 0.438184
v -0.293597 0.191287 0.458998
v -0.294597 0.191287 0.459998
v -0.460000 0.191287 0.294594
v -0.459000 0.191287 0.293594
v -0.401369 1.091231 0.438477
v -0.399662 1.091231 0.439184
v -0.408283 0.191287 0.459998
v -0.409990 0.191287 0.459290
v -0.459293 0.191287 0.409987
v -0.460000 0.191287 0.408280
v -0.438187 1.091231 0.314407
v -0.439187 1.091231 0.315407
v -0.439187 1.091231 0.399659
v -0.438480 1.091231 0.401366
v -0.304298 0.240351 0.304295
v -0.304793 0.242220 0.304790
v -0.293597 0.220605 0.293594
v -0.294093 0.222474 0.294090
v -0.304793 0.242220 0.447801
v -0.305793 0.242220 0.448801
v -0.305414 0.240351 0.449297
v -0.304298 0.240351 0.448181
v -0.295209 0.222474 0.459502
v -0.294597 0.220605 0.459998
v -0.293597 0.220605 0.458998
v -0.294092 0.222474 0.458386
v -0.449300 0.240351 0.305411
v -0.448804 0.242220 0.305791
v -0.447804 0.242220 0.304791
v -0.448183 0.240351 0.304295
v -0.459505 0.222474 0.295206
v -0.458388 0.222474 0.294090
v -0.459000 0.220605 0.293594
v -0.460000 0.220605 0.294594
v -0.459505 0.222474 0.408054
v -0.460000 0.220605 0.408280
v -0.459293 0.220605 0.409987
v -0.458783 0.222474 0.409797
v -0.408057 0.222474 0.459502
v -0.409799 0.222474 0.458780
v -0.409990 0.220605 0.459290
v -0.408283 0.220605 0.459998
v -0.438480 1.052034 0.401366
v -0.439187 1.052034 0.399659
v -0.439617 1.050131 0.399821
v -0.438899 1.050131 0.401555
v -0.399662 1.052034 0.439184
v -0.401369 1.052034 0.438477
v -0.401558 1.050131 0.438896
v -0.399824 1.050131 0.439614
v -0.438187 1.052034 0.314407
v -0.438528 1.050131 0.313978
v -0.439617 1.050131 0.315066
v -0.439187 1.052034 0.315407
v -0.447286 1.031735 0.305220
v -0.447804 1.029832 0.304791
v -0.448804 1.029832 0.305791
v -0.448374 1.031735 0.306309
v -0.315410 1.052034 0.439184
v -0.315069 1.050131 0.439614
v -0.313980 1.050131 0.438526
v -0.314410 1.052034 0.438184
v -0.306311 1.031735 0.448371
v -0.305793 1.029832 0.448801
v -0.304793 1.029832 0.447801
v -0.305223 1.031735 0.447283
v -0.314410 1.052034 0.314407
v -0.313980 1.050131 0.313978
v -0.305223 1.031735 0.305220
v -0.304793 1.029832 0.304790
v -0.403830 0.240351 0.449297
v -0.403645 0.242220 0.448801
v -0.404803 0.242450 0.448643
v -0.405572 0.240351 0.448575
v -0.448646 0.242450 0.404800
v -0.448804 0.242220 0.403642
v -0.449299 0.240351 0.403827
v -0.448578 0.240351 0.405570
v -0.447656 1.031735 0.405183
v -0.448374 1.031735 0.403449
v -0.448804 1.029832 0.403642
v -0.448632 1.029772 0.404814
v -0.403451 1.031735 0.448371
v -0.405185 1.031735 0.447653
v -0.404817 1.029772 0.448629
v -0.403645 1.029832 0.448801
v 0.308274 0.185864 0.327159
v 0.308274 1.084519 0.327159
v 0.233387 0.260752 0.415455
v 0.233387 1.009632 0.415455
v -0.308274 0.185864 0.327159
v -0.308274 1.084519 0.327159
v -0.233387 0.260752 0.415455
v -0.233387 1.009632 0.415455
v 0.308275 1.084519 0.415455
v 0.308275 0.185864 0.415455
v -0.308274 0.185864 0.415455
v -0.308274 1.084519 0.415455
v 0.233387 0.635192 0.415455
v 0.000000 0.260752 0.415455
v -0.233387 0.635192 0.415455
v 0.000000 0.635192 0.415455
v 0.233387 0.447972 0.415455
v 0.116694 0.260752 0.415455
v -0.233387 0.447972 0.415455
v 0.233387 0.822412 0.415455
v -0.116693 0.260752 0.415455
v -0.233387 0.822412 0.415455
v -0.116693 0.635192 0.415455
v 0.116694 0.635192 0.415455
v 0.000000 0.447972 0.415455
v 0.000000 0.822412 0.415455
v 0.116694 0.822412 0.415455
v 0.116694 0.447972 0.415455
v -0.116693 0.447972 0.415455
v -0.116693 0.822412 0.415455
v 0.233387 0.354362 0.415455
v 0.175040 0.260752 0.415455
v -0.233387 0.354362 0.415455
v 0.233387 0.728802 0.415455
v -0.058347 0.260752 0.415455
v -0.233387 0.728802 0.415455
v -0.175040 0.635192 0.415455
v 0.058347 0.635192 0.415455
v 0.000000 0.354362 0.415455
v 0.000000 0.728802 0.415455
v 0.233387 0.541582 0.415455
v 0.058347 0.260752 0.415455
v -0.233387 0.541582 0.415455
v 0.233387 0.916022 0.415455
v -0.175040 0.260752 0.415455
v -0.233387 0.916022 0.415455
v -0.058347 0.635192 0.415455
v 0.175040 0.635192 0.415455
v 0.000000 0.541582 0.415455
v 0.000000 0.916022 0.415455
v 0.058347 0.822412 0.415455
v 0.175040 0.822412 0.415455
v 0.116694 0.728802 0.415455
v 0.116694 0.916022 0.415455
v 0.058347 0.447972 0.415455
v 0.175040 0.447972 0.415455
v 0.116694 0.354362 0.415455
v 0.116694 0.541582 0.415455
v -0.175040 0.447972 0.415455
v -0.058347 0.447972 0.415455
v -0.116693 0.354362 0.415455
v -0.116693 0.541582 0.415455
v -0.175040 0.822412 0.415455
v -0.058347 0.822412 0.415455
v -0.116693 0.728802 0.415455
v -0.116693 0.916022 0.415455
v -0.058347 0.916022 0.415455
v -0.058347 0.728802 0.415455
v -0.175040 0.728802 0.415455
v -0.058347 0.541582 0.415455
v -0.058347 0.354362 0.415455
v -0.175040 0.354362 0.415455
v 0.175040 0.541582 0.415455
v 0.175040 0.354362 0.415455
v 0.058347 0.354362 0.415455
v 0.175040 0.916022 0.415455
v 0.175040 0.728802 0.415455
v 0.058347 0.728802 0.415455
v 0.058347 0.916022 0.415455
v 0.058347 0.541582 0.415455
v -0.175040 0.541582 0.415455
v -0.175040 0.916022 0.415455
v 0.233387 0.307557 0.415455
v 0.204214 0.260752 0.415455
v -0.233387 0.307557 0.415455
v 0.233387 0.681997 0.415455
v -0.029173 0.260752 0.415455
v -0.233387 0.681997 0.415455
v -0.204214 0.635192 0.415455
v 0.029174 0.635192 0.415455
v 0.000000 0.307557 0.415455
v 0.000000 0.681997 0.415455
v 0.233387 0.494777 0.415455
v 0.087520 0.260752 0.415455
v -0.233387 0.494777 0.415455
v 0.233387 0.869217 0.415455
v -0.145867 0.260752 0.415455
v -0.233387 0.869217 0.415455
v -0.087520 0.635192 0.415455
v 0.145867 0.635192 0.415455
v 0.000000 0.494777 0.415455
v 0.000000 0.869217 0.415455
v 0.029174 0.822412 0.415455
v 0.145867 0.822412 0.415455
v 0.116694 0.681997 0.415455
v 0.116694 0.869217 0.415455
v 0.029174 0.447972 0.415455
v 0.145867 0.447972 0.415455
v 0.116694 0.307557 0.415455
v 0.116694 0.494777 0.415455
v -0.204214 0.447972 0.415455
v -0.087520 0.447972 0.415455
v -0.116693 0.307557 0.415455
v -0.116693 0.494777 0.415455
v -0.204214 0.822412 0.415455
v -0.087520 0.822412 0.415455
v -0.116693 0.681997 0.415455
v -0.116693 0.869217 0.415455
v 0.233387 0.401167 0.415455
v 0.145867 0.260752 0.415455
v -0.233387 0.401167 0.415455
v 0.233387 0.775607 0.415455
v -0.087520 0.260752 0.415455
v -0.233387 0.775607 0.415455
v -0.145867 0.635192 0.415455
v 0.087520 0.635192 0.415455
v 0.000000 0.401167 0.415455
v 0.000000 0.775607 0.415455
v 0.233387 0.588387 0.415455
v 0.029174 0.260752 0.415455
v -0.233387 0.588387 0.415455
v 0.233387 0.962827 0.415455
v -0.204214 0.260752 0.415455
v -0.233387 0.962827 0.415455
v -0.029173 0.635192 0.415455
v 0.204214 0.635192 0.415455
v 0.000000 0.588387 0.415455
v 0.000000 0.962827 0.415455
v 0.087520 0.822412 0.415455
v 0.204214 0.822412 0.415455
v 0.116694 0.775607 0.415455
v 0.116694 0.962827 0.415455
v 0.087520 0.447972 0.415455
v 0.204214 0.447972 0.415455
v 0.116694 0.401167 0.415455
v 0.116694 0.588387 0.415455
v -0.145867 0.447972 0.415455
v -0.029173 0.447972 0.415455
v -0.116693 0.401167 0.415455
v -0.116693 0.588387 0.415455
v -0.145867 0.822412 0.415455
v -0.029173 0.822412 0.415455
v -0.116693 0.775607 0.415455
v -0.116693 0.962827 0.415455
v -0.087520 0.916022 0.415455
v -0.029173 0.916022 0.415455
v -0.058347 0.869217 0.415455
v -0.058347 0.962827 0.415455
v -0.087520 0.728802 0.415455
v -0.029173 0.728802 0.415455
v -0.058347 0.681997 0.415455
v -0.058347 0.775607 0.415455
v -0.204214 0.728802 0.415455
v -0.145867 0.728802 0.415455
v -0.175040 0.681997 0.415455
v -0.175040 0.775607 0.415455
v -0.087520 0.541582 0.415455
v -0.029173 0.541582 0.415455
v -0.058347 0.494777 0.415455
v -0.058347 0.588387 0.415455
v -0.087520 0.354362 0.415455
v -0.029173 0.354362 0.415455
v -0.058347 0.307557 0.415455
v -0.058347 0.401167 0.415455
v -0.204214 0.354362 0.415455
v -0.145867 0.354362 0.415455
v -0.175040 0.307557 0.415455
v -0.175040 0.401167 0.415455
v 0.145867 0.541582 0.415455
v 0.204214 0.541582 0.415455
v 0.175040 0.494777 0.415455
v 0.175040 0.588387 0.415455
v 0.145867 0.354362 0.415455
v 0.204214 0.354362 0.415455
v 0.175040 0.307557 0.415455
v 0.175040 0.401167 0.415455
v 0.029174 0.354362 0.415455
v 0.087520 0.354362 0.415455
v 0.058347 0.307557 0.415455
v 0.058347 0.401167 0.415455
v 0.145867 0.916022 0.415455
v 0.204214 0.916022 0.415455
v 0.175040 0.869217 0.415455
v 0.175040 0.962827 0.415455
v 0.145867 0.728802 0.415455
v 0.204214 0.728802 0.415455
v 0.175040 0.681997 0.415455
v 0.175040 0.775607 0.415455
v 0.029174 0.728802 0.415455
v 0.087520 0.728802 0.415455
v 0.058347 0.681997 0.415455
v 0.058347 0.775607 0.415455
v 0.029174 0.916022 0.415455
v 0.087520 0.916022 0.415455
v 0.058347 0.869217 0.415455
v 0.058347 0.962827 0.415455
v 0.029174 0.541582 0.415455
v 0.087520 0.541582 0.415455
v 0.058347 0.494777 0.415455
v 0.058347 0.588387 0.415455
v -0.204214 0.541582 0.415455
v -0.145867 0.541582 0.415455
v -0.175040 0.494777 0.415455
v -0.175040 0.588387 0.415455
v -0.204214 0.916022 0.415455
v -0.145867 0.916022 0.415455
v -0.175040 0.869217 0.415455
v -0.175040 0.962827 0.415455
v -0.145867 0.962827 0.415455
v -0.145867 0.869217 0.415455
v -0.204214 0.869217 0.415455
v -0.145867 0.588387 0.415455
v -0.145867 0.494777 0.415455
v -0.204214 0.494777 0.415455
v 0.087520 0.588387 0.415455
v 0.087520 0.494777 0.415455
v 0.029174 0.494777 0.415455
v 0.087520 0.962827 0.415455
v 0.087520 0.869217 0.415455
v 0.029174 0.869217 0.415455
v 0.087520 0.775607 0.415455
v 0.087520 0.681997 0.415455
v 0.029174 0.681997 0.415455
v 0.204214 0.775607 0.415455
v 0.204214 0.681997 0.415455
v 0.145867 0.681997 0.415455
v 0.204214 0.962827 0.415455
v 0.204214 0.869217 0.415455
v 0.145867 0.869217 0.415455
v 0.087520 0.401167 0.415455
v 0.087520 0.307557 0.415455
v 0.029174 0.307557 0.415455
v 0.204214 0.401167 0.415455
v 0.204214 0.307557 0.415455
v 0.145867 0.307557 0.415455
v 0.204214 0.588387 0.415455
v 0.204214 0.494777 0.415455
v 0.145867 0.494777 0.415455
v -0.145867 0.401167 0.415455
v -0.145867 0.307557 0.415455
v -0.204214 0.307557 0.415455
v -0.029173 0.401167 0.415455
v -0.029173 0.307557 0.415455
v -0.087520 0.307557 0.415455
v -0.029173 0.588387 0.415455
v -0.029173 0.494777 0.415455
v -0.087520 0.494777 0.415455
v -0.145867 0.775607 0.415455
v -0.145867 0.681997 0.415455
v -0.204214 0.681997 0.415455
v -0.029173 0.775607 0.415455
v -0.029173 0.681997 0.415455
v -0.087520 0.681997 0.415455
v -0.029173 0.962827 0.415455
v -0.029173 0.869217 0.415455
v -0.087520 0.869217 0.415455
v -0.087520 0.962827 0.415455
v -0.087520 0.775607 0.415455
v -0.204214 0.775607 0.415455
v -0.087520 0.588387 0.415455
v -0.087520 0.401167 0.415455
v -0.204214 0.401167 0.415455
v 0.145867 0.588387 0.415455
v 0.145867 0.401167 0.415455
v 0.029174 0.401167 0.415455
v 0.145867 0.962827 0.415455
v 0.145867 0.775607 0.415455
v 0.029174 0.775607 0.415455
v 0.029174 0.962827 0.415455
v 0.029174 0.588387 0.415455
v -0.204214 0.588387 0.415455
v -0.204214 0.962827 0.415455
v -0.029173 0.260752 0.439242
v 0.000000 0.260752 0.439242
v 0.029174 0.635192 0.439242
v 0.000000 0.635192 0.439242
v 0.000000 0.307557 0.417919
v 0.000000 0.681997 0.417919
v 0.087520 0.260752 0.439242
v 0.116694 0.260752 0.439242
v -0.145867 0.260752 0.439242
v -0.116693 0.260752 0.439242
v -0.087520 0.635192 0.439242
v -0.116693 0.635192 0.439242
v 0.145867 0.635192 0.439242
v 0.116694 0.635192 0.439242
v 0.000000 0.494777 0.417919
v 0.000000 0.447972 0.439242
v 0.000000 0.869217 0.417919
v 0.000000 0.822412 0.439242
v 0.029174 0.822412 0.439242
v 0.145867 0.822412 0.439242
v 0.116694 0.822412 0.439242
v 0.116694 0.681997 0.417919
v 0.116694 0.869217 0.417919
v 0.029174 0.447972 0.439242
v 0.145867 0.447972 0.439242
v 0.116694 0.447972 0.439242
v 0.116694 0.307557 0.417919
v 0.116694 0.494777 0.417919
v -0.087520 0.447972 0.439242
v -0.116693 0.447972 0.439242
v -0.116693 0.307557 0.417919
v -0.116693 0.494777 0.417919
v -0.087520 0.822412 0.439242
v -0.116693 0.822412 0.439242
v -0.116693 0.681997 0.417919
v -0.116693 0.869217 0.417919
v 0.145867 0.260752 0.439242
v 0.175040 0.260752 0.439242
v -0.087520 0.260752 0.439242
v -0.058347 0.260752 0.439242
v -0.145867 0.635192 0.439242
v -0.175040 0.635192 0.439242
v 0.087520 0.635192 0.439242
v 0.058347 0.635192 0.439242
v 0.000000 0.401167 0.417919
v 0.000000 0.354362 0.439242
v 0.000000 0.775607 0.417919
v 0.000000 0.728802 0.439242
v 0.029174 0.260752 0.439242
v 0.058347 0.260752 0.439242
v -0.204214 0.260752 0.439242
v -0.175040 0.260752 0.439242
v -0.029173 0.635192 0.439242
v -0.058347 0.635192 0.439242
v 0.204214 0.635192 0.439242
v 0.175040 0.635192 0.439242
v 0.000000 0.588387 0.417919
v 0.000000 0.541582 0.439242
v 0.000000 0.962827 0.417919
v 0.000000 0.916022 0.439242
v 0.087520 0.822412 0.439242
v 0.058347 0.822412 0.439242
v 0.204214 0.822412 0.439242
v 0.175040 0.822412 0.439242
v 0.116694 0.775607 0.417919
v 0.116694 0.728802 0.439242
v 0.116694 0.962827 0.417919
v 0.116694 0.916022 0.439242
v 0.087520 0.447972 0.439242
v 0.058347 0.447972 0.439242
v 0.204214 0.447972 0.439242
v 0.175040 0.447972 0.439242
v 0.116694 0.401167 0.417919
v 0.116694 0.354362 0.439242
v 0.116694 0.588387 0.417919
v 0.116694 0.541582 0.439242
v -0.145867 0.447972 0.439242
v -0.175040 0.447972 0.439242
v -0.029173 0.447972 0.439242
v -0.058347 0.447972 0.439242
v -0.116693 0.401167 0.417919
v -0.116693 0.354362 0.439242
v -0.116693 0.588387 0.417919
v -0.116693 0.541582 0.439242
v -0.145867 0.822412 0.439242
v -0.175040 0.822412 0.439242
v -0.029173 0.822412 0.439242
v -0.058347 0.822412 0.439242
v -0.116693 0.775607 0.417919
v -0.116693 0.728802 0.439242
v -0.116693 0.962827 0.417919
v -0.116693 0.916022 0.439242
v -0.087520 0.916022 0.439242
v -0.029173 0.916022 0.439242
v -0.058347 0.916022 0.439242
v -0.058347 0.869217 0.417919
v -0.058347 0.962827 0.417919
v -0.087520 0.728802 0.439242
v -0.029173 0.728802 0.439242
v -0.058347 0.728802 0.439242
v -0.058347 0.681997 0.417919
v -0.058347 0.775607 0.417919
v -0.145867 0.728802 0.439242
v -0.175040 0.728802 0.439242
v -0.175040 0.681997 0.417919
v -0.175040 0.775607 0.417919
v -0.087520 0.541582 0.439242
v -0.029173 0.541582 0.439242
v -0.058347 0.541582 0.439242
v -0.058347 0.494777 0.417919
v -0.058347 0.588387 0.417919
v -0.087520 0.354362 0.439242
v -0.029173 0.354362 0.439242
v -0.058347 0.354362 0.439242
v -0.058347 0.307557 0.417919
v -0.058347 0.401167 0.417919
v -0.145867 0.354362 0.439242
v -0.175040 0.354362 0.439242
v -0.175040 0.307557 0.417919
v -0.175040 0.401167 0.417919
v 0.145867 0.541582 0.439242
v 0.204214 0.541582 0.439242
v 0.175040 0.541582 0.439242
v 0.175040 0.494777 0.417919
v 0.175040 0.588387 0.417919
v 0.145867 0.354362 0.439242
v 0.204214 0.354362 0.439242
v 0.175040 0.354362 0.439242
v 0.175040 0.307557 0.417919
v 0.175040 0.401167 0.417919
v 0.029174 0.354362 0.439242
v 0.087520 0.354362 0.439242
v 0.058347 0.354362 0.439242
v 0.058347 0.307557 0.417919
v 0.058347 0.401167 0.417919
v 0.145867 0.916022 0.439242
v 0.204214 0.916022 0.439242
v 0.175040 0.916022 0.439242
v 0.175040 0.869217 0.417919
v 0.175040 0.962827 0.417919
v 0.145867 0.728802 0.439242
v 0.204214 0.728802 0.439242
v 0.175040 0.728802 0.439242
v 0.175040 0.681997 0.417919
v 0.175040 0.775607 0.417919
v 0.029174 0.728802 0.439242
v 0.087520 0.728802 0.439242
v 0.058347 0.728802 0.439242
v 0.058347 0.681997 0.417919
v 0.058347 0.775607 0.417919
v 0.029174 0.916022 0.439242
v 0.087520 0.916022 0.439242
v 0.058347 0.916022 0.439242
v 0.058347 0.869217 0.417919
v 0.058347 0.962827 0.417919
v 0.029174 0.541582 0.439242
v 0.087520 0.541582 0.439242
v 0.058347 0.541582 0.439242
v 0.058347 0.494777 0.417919
v 0.058347 0.588387 0.417919
v -0.145867 0.541582 0.439242
v -0.175040 0.541582 0.439242
v -0.175040 0.494777 0.417919
v -0.175040 0.588387 0.417919
v -0.145867 0.916022 0.439242
v -0.175040 0.916022 0.439242
v -0.175040 0.869217 0.417919
v -0.175040 0.962827 0.417919
v 0.204214 0.260752 0.439242
v -0.204214 0.635192 0.439242
v -0.204214 0.447972 0.439242
v -0.204214 0.822412 0.439242
v -0.204214 0.728802 0.439242
v -0.204214 0.354362 0.439242
v -0.204214 0.541582 0.439242
v -0.204214 0.916022 0.439242
v -0.145867 0.962827 0.417919
v -0.145867 0.869217 0.417919
v -0.204214 0.869217 0.417919
v -0.145867 0.588387 0.417919
v -0.145867 0.494777 0.417919
v -0.204214 0.494777 0.417919
v 0.087520 0.588387 0.417919
v 0.087520 0.494777 0.417919
v 0.029174 0.494777 0.417919
v 0.087520 0.962827 0.417919
v 0.087520 0.869217 0.417919
v 0.029174 0.869217 0.417919
v 0.087520 0.775607 0.417919
v 0.087520 0.681997 0.417919
v 0.029174 0.681997 0.417919
v 0.204214 0.775607 0.417919
v 0.204214 0.681997 0.417919
v 0.145867 0.681997 0.417919
v 0.204214 0.962827 0.417919
v 0.204214 0.869217 0.417919
v 0.145867 0.869217 0.417919
v 0.087520 0.401167 0.417919
v 0.087520 0.307557 0.417919
v 0.029174 0.307557 0.417919
v 0.204214 0.401167 0.417919
v 0.204214 0.307557 0.417919
v 0.145867 0.307557 0.417919
v 0.204214 0.588387 0.417919
v 0.204214 0.494777 0.417919
v 0.145867 0.494777 0.417919
v -0.145867 0.401167 0.417919
v -0.145867 0.307557 0.417919
v -0.204214 0.307557 0.417919
v -0.029173 0.401167 0.417919
v -0.029173 0.307557 0.417919
v -0.087520 0.307557 0.417919
v -0.029173 0.588387 0.417919
v -0.029173 0.494777 0.417919
v -0.087520 0.494777 0.417919
v -0.145867 0.775607 0.417919
v -0.145867 0.681997 0.417919
v -0.204214 0.681997 0.417919
v -0.029173 0.775607 0.417919
v -0.029173 0.681997 0.417919
v -0.087520 0.681997 0.417919
v -0.029173 0.962827 0.417919
v -0.029173 0.869217 0.417919
v -0.087520 0.869217 0.417919
v -0.087520 0.962827 0.417919
v -0.087520 0.775607 0.417919
v -0.204214 0.775607 0.417919
v -0.087520 0.588387 0.417919
v -0.087520 0.401167 0.417919
v -0.204214 0.401167 0.417919
v 0.145867 0.588387 0.417919
v 0.145867 0.401167 0.417919
v 0.029174 0.401167 0.417919
v 0.145867 0.962827 0.417919
v 0.145867 0.775607 0.417919
v 0.029174 0.775607 0.417919
v 0.029174 0.962827 0.417919
v 0.029174 0.588387 0.417919
v -0.204214 0.588387 0.417919
v -0.204214 0.962827 0.417919
v -0.385194 1.079039 0.471602
v -0.386901 1.079039 0.470895
v -0.470895 1.079039 0.386901
v -0.471602 1.079039 0.385194
v -0.471602 1.079039 -0.385194
v -0.470895 1.079039 -0.386901
v -0.386901 1.079039 -0.470895
v -0.385194 1.079039 -0.471602
v 0.471602 1.079039 0.385194
v 0.470895 1.079039 0.386901
v 0.386901 1.079039 0.470895
v 0.385194 1.079039 0.471602
v 0.385194 1.079039 -0.471602
v 0.386901 1.079039 -0.470895
v 0.470895 1.079039 -0.386901
v 0.471602 1.079039 -0.385194
v -0.332492 1.279166 0.329612
v -0.333227 1.279166 0.327838
v -0.470895 1.206873 0.384859
v -0.471602 1.205166 0.385194
v -0.470895 1.205166 0.386901
v -0.470158 1.206873 0.386638
v -0.327838 1.279166 0.333227
v -0.329612 1.279166 0.332492
v -0.384859 1.206873 0.470895
v -0.386638 1.206873 0.470158
v -0.386901 1.205166 0.470895
v -0.385194 1.205166 0.471602
v -0.329612 1.279166 -0.332492
v -0.327838 1.279166 -0.333227
v -0.384859 1.206873 -0.470895
v -0.385194 1.205166 -0.471602
v -0.386901 1.205166 -0.470895
v -0.386638 1.206873 -0.470158
v -0.333227 1.279166 -0.327838
v -0.332492 1.279166 -0.329612
v -0.470895 1.206873 -0.384859
v -0.470158 1.206873 -0.386638
v -0.470895 1.205166 -0.386901
v -0.471602 1.205166 -0.385194
v 0.329612 1.279166 0.332492
v 0.327838 1.279166 0.333227
v 0.384859 1.206873 0.470895
v 0.385194 1.205166 0.471602
v 0.386901 1.205166 0.470895
v 0.386638 1.206873 0.470158
v 0.333227 1.279166 0.327838
v 0.332492 1.279166 0.329612
v 0.470895 1.206873 0.384859
v 0.470158 1.206873 0.386638
v 0.470895 1.205166 0.386901
v 0.471602 1.205166 0.385194
v 0.332492 1.279166 -0.329612
v 0.333227 1.279166 -0.327838
v 0.470895 1.206873 -0.384859
v 0.471602 1.205166 -0.385194
v 0.470895 1.205166 -0.386901
v 0.470158 1.206873 -0.386638
v 0.327838 1.279166 -0.333227
v 0.329612 1.279166 -0.332492
v 0.384859 1.206873 -0.470895
v 0.386638 1.206873 -0.470158
v 0.386901 1.205166 -0.470895
v 0.385194 1.205166 -0.471602
v -0.355207 1.278459 0.399309
v -0.354501 1.279166 0.397602
v -0.356278 1.279166 0.396866
v -0.356986 1.278459 0.398573
v -0.396866 1.279166 0.356278
v -0.397602 1.279166 0.354501
v -0.399309 1.278459 0.355207
v -0.398573 1.278459 0.356986
v -0.399309 1.278459 -0.355207
v -0.397602 1.279166 -0.354501
v -0.396866 1.279166 -0.356278
v -0.398573 1.278459 -0.356986
v -0.356278 1.279166 -0.396866
v -0.354501 1.279166 -0.397602
v -0.355207 1.278459 -0.399309
v -0.356986 1.278459 -0.398573
v 0.355207 1.278459 -0.399309
v 0.354501 1.279166 -0.397602
v 0.356278 1.279166 -0.396866
v 0.356986 1.278459 -0.398573
v 0.396866 1.279166 -0.356278
v 0.397602 1.279166 -0.354501
v 0.399309 1.278459 -0.355207
v 0.398573 1.278459 -0.356986
v 0.399309 1.278459 0.355207
v 0.397602 1.279166 0.354501
v 0.396866 1.279166 0.356278
v 0.398573 1.278459 0.356986
v 0.356278 1.279166 0.396866
v 0.354501 1.279166 0.397602
v 0.355207 1.278459 0.399309
v 0.356986 1.278459 0.398573
v -0.325659 1.231405 0.327960
v -0.327428 1.231405 0.327227
v -0.327227 1.231405 0.327428
v -0.327960 1.231405 0.325659
v -0.327960 1.231405 -0.325659
v -0.327227 1.231405 -0.327428
v -0.327428 1.231405 -0.327227
v -0.325659 1.231405 -0.327960
v 0.325659 1.231405 -0.327960
v 0.327428 1.231405 -0.327227
v 0.327227 1.231405 -0.327428
v 0.327960 1.231405 -0.325659
v 0.327960 1.231405 0.325659
v 0.327227 1.231405 0.327428
v 0.327428 1.231405 0.327227
v 0.325659 1.231405 0.327960
v -0.327839 1.231405 0.333227
v -0.329611 1.231405 0.332493
v -0.332493 1.231405 0.329611
v -0.333227 1.231405 0.327839
v -0.333227 1.231405 -0.327839
v -0.332493 1.231405 -0.329611
v -0.329611 1.231405 -0.332493
v -0.327839 1.231405 -0.333227
v 0.327839 1.231405 -0.333227
v 0.329611 1.231405 -0.332493
v 0.332493 1.231405 -0.329611
v 0.333227 1.231405 -0.327839
v 0.333227 1.231405 0.327839
v 0.332493 1.231405 0.329611
v 0.329611 1.231405 0.332493
v 0.327839 1.231405 0.333227
v -0.327427 1.209077 0.327228
v -0.325660 1.209077 0.327960
v -0.327960 1.209077 0.325660
v -0.327228 1.209077 0.327427
v -0.327228 1.209077 -0.327427
v -0.327960 1.209077 -0.325660
v -0.325660 1.209077 -0.327960
v -0.327427 1.209077 -0.327228
v 0.327427 1.209077 -0.327228
v 0.325660 1.209077 -0.327960
v 0.327960 1.209077 -0.325660
v 0.327228 1.209077 -0.327427
v 0.327228 1.209077 0.327427
v 0.327960 1.209077 0.325660
v 0.325660 1.209077 0.327960
v 0.327427 1.209077 0.327228
v -0.308275 0.185864 -0.327159
v -0.308275 1.084519 -0.327159
v -0.233387 0.260752 -0.415455
v -0.233387 1.009632 -0.415455
v 0.308274 0.185864 -0.327159
v 0.308274 1.084519 -0.327159
v 0.233387 0.260752 -0.415455
v 0.233387 1.009632 -0.415455
v -0.308275 1.084519 -0.415455
v -0.308275 0.185864 -0.415455
v 0.308274 0.185864 -0.415456
v 0.308274 1.084519 -0.415456
v -0.233387 0.635192 -0.415455
v -0.000000 0.260752 -0.415455
v 0.233387 0.635192 -0.415455
v -0.000000 0.635192 -0.415455
v -0.233387 0.447972 -0.415455
v -0.116694 0.260752 -0.415455
v 0.233387 0.447972 -0.415455
v -0.233387 0.822412 -0.415455
v 0.116693 0.260752 -0.415455
v 0.233387 0.822412 -0.415455
v 0.116693 0.635192 -0.415455
v -0.116694 0.635192 -0.415455
v -0.000000 0.447972 -0.415455
v -0.000000 0.822412 -0.415455
v -0.116694 0.822412 -0.415455
v -0.116694 0.447972 -0.415455
v 0.116693 0.447972 -0.415455
v 0.116693 0.822412 -0.415455
v -0.233387 0.354362 -0.415455
v -0.175041 0.260752 -0.415455
v 0.233387 0.354362 -0.415455
v -0.233387 0.728802 -0.415455
v 0.058346 0.260752 -0.415455
v 0.233387 0.728802 -0.415455
v 0.175040 0.635192 -0.415455
v -0.058347 0.635192 -0.415455
v -0.000000 0.354362 -0.415455
v -0.000000 0.728802 -0.415455
v -0.233387 0.541582 -0.415455
v -0.058347 0.260752 -0.415455
v 0.233387 0.541582 -0.415455
v -0.233387 0.916022 -0.415455
v 0.175040 0.260752 -0.415455
v 0.233387 0.916022 -0.415455
v 0.058346 0.635192 -0.415455
v -0.175041 0.635192 -0.415455
v -0.000000 0.541582 -0.415455
v -0.000000 0.916022 -0.415455
v -0.058347 0.822412 -0.415455
v -0.175041 0.822412 -0.415455
v -0.116694 0.728802 -0.415455
v -0.116694 0.916022 -0.415455
v -0.058347 0.447972 -0.415455
v -0.175041 0.447972 -0.415455
v -0.116694 0.354362 -0.415455
v -0.116694 0.541582 -0.415455
v 0.175040 0.447972 -0.415455
v 0.058346 0.447972 -0.415455
v 0.116693 0.354362 -0.415455
v 0.116693 0.541582 -0.415455
v 0.175040 0.822412 -0.415455
v 0.058346 0.822412 -0.415455
v 0.116693 0.728802 -0.415455
v 0.116693 0.916022 -0.415455
v 0.058346 0.916022 -0.415455
v 0.058346 0.728802 -0.415455
v 0.175040 0.728802 -0.415455
v 0.058346 0.541582 -0.415455
v 0.058346 0.354362 -0.415455
v 0.175040 0.354362 -0.415455
v -0.175041 0.541582 -0.415455
v -0.175041 0.354362 -0.415455
v -0.058347 0.354362 -0.415455
v -0.175041 0.916022 -0.415455
v -0.175041 0.728802 -0.415455
v -0.058347 0.728802 -0.415455
v -0.058347 0.916022 -0.415455
v -0.058347 0.541582 -0.415455
v 0.175040 0.541582 -0.415455
v 0.175040 0.916022 -0.415455
v -0.233387 0.307557 -0.415455
v -0.204214 0.260752 -0.415455
v 0.233387 0.307557 -0.415455
v -0.233387 0.681997 -0.415455
v 0.029173 0.260752 -0.415455
v 0.233387 0.681997 -0.415455
v 0.204213 0.635192 -0.415455
v -0.029174 0.635192 -0.415455
v -0.000000 0.307557 -0.415455
v -0.000000 0.681997 -0.415455
v -0.233387 0.494777 -0.415455
v -0.087520 0.260752 -0.415455
v 0.233387 0.494777 -0.415455
v -0.233387 0.869217 -0.415455
v 0.145867 0.260752 -0.415455
v 0.233387 0.869217 -0.415455
v 0.087520 0.635192 -0.415455
v -0.145867 0.635192 -0.415455
v -0.000000 0.494777 -0.415455
v -0.000000 0.869217 -0.415455
v -0.029174 0.822412 -0.415455
v -0.145867 0.822412 -0.415455
v -0.116694 0.681997 -0.415455
v -0.116694 0.869217 -0.415455
v -0.029174 0.447972 -0.415455
v -0.145867 0.447972 -0.415455
v -0.116694 0.307557 -0.415455
v -0.116694 0.494777 -0.415455
v 0.204213 0.447972 -0.415455
v 0.087520 0.447972 -0.415455
v 0.116693 0.307557 -0.415455
v 0.116693 0.494777 -0.415455
v 0.204213 0.822412 -0.415455
v 0.087520 0.822412 -0.415455
v 0.116693 0.681997 -0.415455
v 0.116693 0.869217 -0.415455
v -0.233387 0.401167 -0.415455
v -0.145867 0.260752 -0.415455
v 0.233387 0.401167 -0.415455
v -0.233387 0.775607 -0.415455
v 0.087520 0.260752 -0.415455
v 0.233387 0.775607 -0.415455
v 0.145867 0.635192 -0.415455
v -0.087520 0.635192 -0.415455
v -0.000000 0.401167 -0.415455
v -0.000000 0.775607 -0.415455
v -0.233387 0.588387 -0.415455
v -0.029174 0.260752 -0.415455
v 0.233387 0.588387 -0.415455
v -0.233387 0.962827 -0.415455
v 0.204213 0.260752 -0.415455
v 0.233387 0.962827 -0.415455
v 0.029173 0.635192 -0.415455
v -0.204214 0.635192 -0.415455
v -0.000000 0.588387 -0.415455
v -0.000000 0.962827 -0.415455
v -0.087520 0.822412 -0.415455
v -0.204214 0.822412 -0.415455
v -0.116694 0.775607 -0.415455
v -0.116694 0.962827 -0.415455
v -0.087520 0.447972 -0.415455
v -0.204214 0.447972 -0.415455
v -0.116694 0.401167 -0.415455
v -0.116694 0.588387 -0.415455
v 0.145867 0.447972 -0.415455
v 0.029173 0.447972 -0.415455
v 0.116693 0.401167 -0.415455
v 0.116693 0.588387 -0.415455
v 0.145867 0.822412 -0.415455
v 0.029173 0.822412 -0.415455
v 0.116693 0.775607 -0.415455
v 0.116693 0.962827 -0.415455
v 0.087520 0.916022 -0.415455
v 0.029173 0.916022 -0.415455
v 0.058346 0.869217 -0.415455
v 0.058346 0.962827 -0.415455
v 0.087520 0.728802 -0.415455
v 0.029173 0.728802 -0.415455
v 0.058346 0.681997 -0.415455
v 0.058346 0.775607 -0.415455
v 0.204213 0.728802 -0.415455
v 0.145867 0.728802 -0.415455
v 0.175040 0.681997 -0.415455
v 0.175040 0.775607 -0.415455
v 0.087520 0.541582 -0.415455
v 0.029173 0.541582 -0.415455
v 0.058346 0.494777 -0.415455
v 0.058346 0.588387 -0.415455
v 0.087520 0.354362 -0.415455
v 0.029173 0.354362 -0.415455
v 0.058346 0.307557 -0.415455
v 0.058346 0.401167 -0.415455
v 0.204213 0.354362 -0.415455
v 0.145867 0.354362 -0.415455
v 0.175040 0.307557 -0.415455
v 0.175040 0.401167 -0.415455
v -0.145867 0.541582 -0.415455
v -0.204214 0.541582 -0.415455
v -0.175041 0.494777 -0.415455
v -0.175041 0.588387 -0.415455
v -0.145867 0.354362 -0.415455
v -0.204214 0.354362 -0.415455
v -0.175041 0.307557 -0.415455
v -0.175041 0.401167 -0.415455
v -0.029174 0.354362 -0.415455
v -0.087520 0.354362 -0.415455
v -0.058347 0.307557 -0.415455
v -0.058347 0.401167 -0.415455
v -0.145867 0.916022 -0.415455
v -0.204214 0.916022 -0.415455
v -0.175041 0.869217 -0.415455
v -0.175041 0.962827 -0.415455
v -0.145867 0.728802 -0.415455
v -0.204214 0.728802 -0.415455
v -0.175041 0.681997 -0.415455
v -0.175041 0.775607 -0.415455
v -0.029174 0.728802 -0.415455
v -0.087520 0.728802 -0.415455
v -0.058347 0.681997 -0.415455
v -0.058347 0.775607 -0.415455
v -0.029174 0.916022 -0.415455
v -0.087520 0.916022 -0.415455
v -0.058347 0.869217 -0.415455
v -0.058347 0.962827 -0.415455
v -0.029174 0.541582 -0.415455
v -0.087520 0.541582 -0.415455
v -0.058347 0.494777 -0.415455
v -0.058347 0.588387 -0.415455
v 0.204213 0.541582 -0.415455
v 0.145867 0.541582 -0.415455
v 0.175040 0.494777 -0.415455
v 0.175040 0.588387 -0.415455
v 0.204213 0.916022 -0.415455
v 0.145867 0.916022 -0.415455
v 0.175040 0.869217 -0.415455
v 0.175040 0.962827 -0.415455
v 0.145867 0.962827 -0.415455
v 0.145867 0.869217 -0.415455
v 0.204213 0.869217 -0.415455
v 0.145867 0.588387 -0.415455
v 0.145867 0.494777 -0.415455
v 0.204213 0.494777 -0.415455
v -0.087520 0.588387 -0.415455
v -0.087520 0.494777 -0.415455
v -0.029174 0.494777 -0.415455
v -0.087520 0.962827 -0.415455
v -0.087520 0.869217 -0.415455
v -0.029174 0.869217 -0.415455
v -0.087520 0.775607 -0.415455
v -0.087520 0.681997 -0.415455
v -0.029174 0.681997 -0.415455
v -0.204214 0.775607 -0.415455
v -0.204214 0.681997 -0.415455
v -0.145867 0.681997 -0.415455
v -0.204214 0.962827 -0.415455
v -0.204214 0.869217 -0.415455
v -0.145867 0.869217 -0.415455
v -0.087520 0.401167 -0.415455
v -0.087520 0.307557 -0.415455
v -0.029174 0.307557 -0.415455
v -0.204214 0.401167 -0.415455
v -0.204214 0.307557 -0.415455
v -0.145867 0.307557 -0.415455
v -0.204214 0.588387 -0.415455
v -0.204214 0.494777 -0.415455
v -0.145867 0.494777 -0.415455
v 0.145867 0.401167 -0.415455
v 0.145867 0.307557 -0.415455
v 0.204213 0.307557 -0.415455
v 0.029173 0.401167 -0.415455
v 0.029173 0.307557 -0.415455
v 0.087520 0.307557 -0.415455
v 0.029173 0.588387 -0.415455
v 0.029173 0.494777 -0.415455
v 0.087520 0.494777 -0.415455
v 0.145867 0.775607 -0.415455
v 0.145867 0.681997 -0.415455
v 0.204213 0.681997 -0.415455
v 0.029173 0.775607 -0.415455
v 0.029173 0.681997 -0.415455
v 0.087520 0.681997 -0.415455
v 0.029173 0.962827 -0.415455
v 0.029173 0.869217 -0.415455
v 0.087520 0.869217 -0.415455
v 0.087520 0.962827 -0.415455
v 0.087520 0.775607 -0.415455
v 0.204213 0.775607 -0.415455
v 0.087520 0.588387 -0.415455
v 0.087520 0.401167 -0.415455
v 0.204213 0.401167 -0.415455
v -0.145867 0.588387 -0.415455
v -0.145867 0.401167 -0.415455
v -0.029174 0.401167 -0.415455
v -0.145867 0.962827 -0.415455
v -0.145867 0.775607 -0.415455
v -0.029174 0.775607 -0.415455
v -0.029174 0.962827 -0.415455
v -0.029174 0.588387 -0.415455
v 0.204213 0.588387 -0.415455
v 0.204213 0.962827 -0.415455
v 0.029173 0.260752 -0.439242
v -0.000000 0.260752 -0.439242
v -0.029174 0.635192 -0.439242
v -0.000000 0.635192 -0.439242
v -0.000000 0.307557 -0.417919
v -0.000000 0.681997 -0.417919
v -0.087520 0.260752 -0.439242
v -0.116694 0.260752 -0.439242
v 0.145867 0.260752 -0.439242
v 0.116693 0.260752 -0.439242
v 0.087520 0.635192 -0.439242
v 0.116693 0.635192 -0.439242
v -0.145867 0.635192 -0.439242
v -0.116694 0.635192 -0.439242
v -0.000000 0.494777 -0.417919
v -0.000000 0.447972 -0.439242
v -0.000000 0.869217 -0.417919
v -0.000000 0.822412 -0.439242
v -0.029174 0.822412 -0.439242
v -0.145867 0.822412 -0.439242
v -0.116694 0.822412 -0.439242
v -0.116694 0.681997 -0.417919
v -0.116694 0.869217 -0.417919
v -0.029174 0.447972 -0.439242
v -0.145867 0.447972 -0.439242
v -0.116694 0.447972 -0.439242
v -0.116694 0.307557 -0.417919
v -0.116694 0.494777 -0.417919
v 0.087520 0.447972 -0.439242
v 0.116693 0.447972 -0.439242
v 0.116693 0.307557 -0.417919
v 0.116693 0.494777 -0.417919
v 0.087520 0.822412 -0.439242
v 0.116693 0.822412 -0.439242
v 0.116693 0.681997 -0.417919
v 0.116693 0.869217 -0.417919
v -0.145867 0.260752 -0.439242
v -0.175041 0.260752 -0.439242
v 0.087520 0.260752 -0.439242
v 0.058346 0.260752 -0.439242
v 0.145867 0.635192 -0.439242
v 0.175040 0.635192 -0.439242
v -0.087520 0.635192 -0.439242
v -0.058347 0.635192 -0.439242
v -0.000000 0.401167 -0.417919
v -0.000000 0.354362 -0.439242
v -0.000000 0.775607 -0.417919
v -0.000000 0.728802 -0.439242
v -0.029174 0.260752 -0.439242
v -0.058347 0.260752 -0.439242
v 0.204213 0.260752 -0.439242
v 0.175040 0.260752 -0.439242
v 0.029173 0.635192 -0.439242
v 0.058346 0.635192 -0.439242
v -0.204214 0.635192 -0.439242
v -0.175041 0.635192 -0.439242
v -0.000000 0.588387 -0.417919
v -0.000000 0.541582 -0.439242
v -0.000000 0.962827 -0.417919
v -0.000000 0.916022 -0.439242
v -0.087520 0.822412 -0.439242
v -0.058347 0.822412 -0.439242
v -0.204214 0.822412 -0.439242
v -0.175041 0.822412 -0.439242
v -0.116694 0.775607 -0.417919
v -0.116694 0.728802 -0.439242
v -0.116694 0.962827 -0.417919
v -0.116694 0.916022 -0.439242
v -0.087520 0.447972 -0.439242
v -0.058347 0.447972 -0.439242
v -0.204214 0.447972 -0.439242
v -0.175041 0.447972 -0.439242
v -0.116694 0.401167 -0.417919
v -0.116694 0.354362 -0.439242
v -0.116694 0.588387 -0.417919
v -0.116694 0.541582 -0.439242
v 0.145867 0.447972 -0.439242
v 0.175040 0.447972 -0.439242
v 0.029173 0.447972 -0.439242
v 0.058346 0.447972 -0.439242
v 0.116693 0.401167 -0.417919
v 0.116693 0.354362 -0.439242
v 0.116693 0.588387 -0.417919
v 0.116693 0.541582 -0.439242
v 0.145867 0.822412 -0.439242
v 0.175040 0.822412 -0.439242
v 0.029173 0.822412 -0.439242
v 0.058346 0.822412 -0.439242
v 0.116693 0.775607 -0.417919
v 0.116693 0.728802 -0.439242
v 0.116693 0.962827 -0.417919
v 0.116693 0.916022 -0.439242
v 0.087520 0.916022 -0.439242
v 0.029173 0.916022 -0.439242
v 0.058346 0.916022 -0.439242
v 0.058346 0.869217 -0.417919
v 0.058346 0.962827 -0.417919
v 0.087520 0.728802 -0.439242
v 0.029173 0.728802 -0.439242
v 0.058346 0.728802 -0.439242
v 0.058346 0.681997 -0.417919
v 0.058346 0.775607 -0.417919
v 0.145867 0.728802 -0.439242
v 0.175040 0.728802 -0.439242
v 0.175040 0.681997 -0.417919
v 0.175040 0.775607 -0.417919
v 0.087520 0.541582 -0.439242
v 0.029173 0.541582 -0.439242
v 0.058346 0.541582 -0.439242
v 0.058346 0.494777 -0.417919
v 0.058346 0.588387 -0.417919
v 0.087520 0.354362 -0.439242
v 0.029173 0.354362 -0.439242
v 0.058346 0.354362 -0.439242
v 0.058346 0.307557 -0.417919
v 0.058346 0.401167 -0.417919
v 0.145867 0.354362 -0.439242
v 0.175040 0.354362 -0.439242
v 0.175040 0.307557 -0.417919
v 0.175040 0.401167 -0.417919
v -0.145867 0.541582 -0.439242
v -0.204214 0.541582 -0.439242
v -0.175041 0.541582 -0.439242
v -0.175041 0.494777 -0.417919
v -0.175041 0.588387 -0.417919
v -0.145867 0.354362 -0.439242
v -0.204214 0.354362 -0.439242
v -0.175041 0.354362 -0.439242
v -0.175041 0.307557 -0.417919
v -0.175041 0.401167 -0.417919
v -0.029174 0.354362 -0.439242
v -0.087520 0.354362 -0.439242
v -0.058347 0.354362 -0.439242
v -0.058347 0.307557 -0.417919
v -0.058347 0.401167 -0.417919
v -0.145867 0.916022 -0.439242
v -0.204214 0.916022 -0.439242
v -0.175041 0.916022 -0.439242
v -0.175041 0.869217 -0.417919
v -0.175041 0.962827 -0.417919
v -0.145867 0.728802 -0.439242
v -0.204214 0.728802 -0.439242
v -0.175041 0.728802 -0.439242
v -0.175041 0.681997 -0.417919
v -0.175041 0.775607 -0.417919
v -0.029174 0.728802 -0.439242
v -0.087520 0.728802 -0.439242
v -0.058347 0.728802 -0.439242
v -0.058347 0.681997 -0.417919
v -0.058347 0.775607 -0.417919
v -0.029174 0.916022 -0.439242
v -0.087520 0.916022 -0.439242
v -0.058347 0.916022 -0.439242
v -0.058347 0.869217 -0.417919
v -0.058347 0.962827 -0.417919
v -0.029174 0.541582 -0.439242
v -0.087520 0.541582 -0.439242
v -0.058347 0.541582 -0.439242
v -0.058347 0.494777 -0.417919
v -0.058347 0.588387 -0.417919
v 0.145867 0.541582 -0.439242
v 0.175040 0.541582 -0.439242
v 0.175040 0.494777 -0.417919
v 0.175040 0.588387 -0.417919
v 0.145867 0.916022 -0.439242
v 0.175040 0.916022 -0.439242
v 0.175040 0.869217 -0.417919
v 0.175040 0.962827 -0.417919
v -0.204214 0.260752 -0.439242
v 0.204213 0.635192 -0.439242
v 0.204213 0.447972 -0.439242
v 0.204213 0.822412 -0.439242
v 0.204213 0.728802 -0.439242
v 0.204213 0.354362 -0.439242
v 0.204213 0.541582 -0.439242
v 0.204213 0.916022 -0.439242
v 0.145867 0.962827 -0.417919
v 0.145867 0.869217 -0.417919
v 0.204213 0.869217 -0.417919
v 0.145867 0.588387 -0.417919
v 0.145867 0.494777 -0.417919
v 0.204213 0.494777 -0.417919
v -0.087520 0.588387 -0.417919
v -0.087520 0.494777 -0.417919
v -0.029174 0.494777 -0.417919
v -0.087520 0.962827 -0.417919
v -0.087520 0.869217 -0.417919
v -0.029174 0.869217 -0.417919
v -0.087520 0.775607 -0.417919
v -0.087520 0.681997 -0.417919
v -0.029174 0.681997 -0.417919
v -0.204214 0.775607 -0.417919
v -0.204214 0.681997 -0.417919
v -0.145867 0.681997 -0.417919
v -0.204214 0.962827 -0.417919
v -0.204214 0.869217 -0.417919
v -0.145867 0.869217 -0.417919
v -0.087520 0.401167 -0.417919
v -0.087520 0.307557 -0.417919
v -0.029174 0.307557 -0.417919
v -0.204214 0.401167 -0.417919
v -0.204214 0.307557 -0.417919
v -0.145867 0.307557 -0.417919
v -0.204214 0.588387 -0.417919
v -0.204214 0.494777 -0.417919
v -0.145867 0.494777 -0.417919
v 0.145867 0.401167 -0.417919
v 0.145867 0.307557 -0.417919
v 0.204213 0.307557 -0.417919
v 0.029173 0.401167 -0.417919
v 0.029173 0.307557 -0.417919
v 0.087520 0.307557 -0.417919
v 0.029173 0.588387 -0.417919
v 0.029173 0.494777 -0.417919
v 0.087520 0.494777 -0.417919
v 0.145867 0.775607 -0.417919
v 0.145867 0.681997 -0.417919
v 0.204213 0.681997 -0.417919
v 0.029173 0.775607 -0.417919
v 0.029173 0.681997 -0.417919
v 0.087520 0.681997 -0.417919
v 0.029173 0.962827 -0.417919
v 0.029173 0.869217 -0.417919
v 0.087520 0.869217 -0.417919
v 0.087520 0.962827 -0.417919
v 0.087520 0.775607 -0.417919
v 0.204213 0.775607 -0.417919
v 0.087520 0.588387 -0.417919
v 0.087520 0.401167 -0.417919
v 0.204213 0.401167 -0.417919
v -0.145867 0.588387 -0.417919
v -0.145867 0.401167 -0.417919
v -0.029174 0.401167 -0.417919
v -0.145867 0.962827 -0.417919
v -0.145867 0.775607 -0.417919
v -0.029174 0.775607 -0.417919
v -0.029174 0.962827 -0.417919
v -0.029174 0.588387 -0.417919
v 0.204213 0.588387 -0.417919
v 0.204213 0.962827 -0.417919
v 0.323556 0.188035 0.306412
v 0.323556 1.083515 0.306412
v 0.323556 0.188035 -0.306412
v 0.323556 1.083515 -0.306412
v 0.420728 0.220170 0.274277
v 0.420728 1.051380 0.274277
v 0.420728 0.220170 -0.274277
v 0.420728 1.051380 -0.274277
v 0.420728 1.083515 -0.306412
v 0.420728 0.188035 -0.306412
v 0.420728 0.188035 0.306412
v 0.420728 1.083515 0.306412
v 0.390724 1.041862 -0.264759
v 0.390724 0.229688 -0.264759
v 0.390724 0.229688 0.264759
v 0.390724 1.041862 0.264759
v 0.390724 1.051380 -0.274277
v 0.390724 0.220170 -0.274277
v 0.390724 0.220170 0.274277
v 0.390724 1.051380 0.274277
v 0.409411 1.026862 -0.249759
v 0.409411 0.229688 -0.264759
v 0.409411 0.229688 0.264759
v 0.409411 1.026862 0.249759
v 0.323556 0.635775 0.306412
v 0.323556 0.635775 -0.306412
v 0.420728 0.635775 -0.306412
v 0.420728 0.635775 0.306412
v 0.420728 0.635775 -0.274277
v 0.420728 0.635775 0.274277
v 0.390724 0.635775 -0.274277
v 0.390724 0.635775 0.274277
v 0.390724 0.635775 -0.264759
v 0.390724 0.635775 0.264759
v 0.409411 0.650775 -0.249759
v 0.409411 0.650775 0.249759
v 0.323556 0.859645 0.306412
v 0.323556 0.859645 -0.306412
v 0.420728 0.859645 -0.306412
v 0.420728 0.859645 0.306412
v 0.420728 0.843578 -0.274277
v 0.420728 0.843578 0.274277
v 0.390724 0.843578 -0.274277
v 0.390724 0.843578 0.274277
v 0.390724 0.838819 -0.264759
v 0.390724 0.838819 0.264759
v 0.409411 0.853819 -0.249759
v 0.409411 0.853819 0.249759
v 0.409411 1.041862 -0.264759
v 0.409411 1.041862 0.264759
v 0.409411 0.823819 -0.249759
v 0.409411 0.823819 0.249759
v 0.409411 0.838819 -0.264759
v 0.409411 0.635775 -0.264759
v 0.409411 0.838819 0.264759
v 0.409411 0.635775 0.264759
v 0.386599 1.020603 -0.243501
v 0.386599 1.020603 0.243501
v 0.386599 0.860077 -0.243501
v 0.386599 0.860077 0.243501
v 0.386599 0.817560 -0.243501
v 0.386599 0.657034 -0.243501
v 0.386599 0.817560 0.243501
v 0.386599 0.657034 0.243501
v 0.386599 1.026862 -0.249759
v 0.386599 1.026862 0.249759
v 0.386599 0.853819 -0.249759
v 0.386599 0.853819 0.249759
v 0.386599 0.823819 -0.249759
v 0.386599 0.650775 -0.249759
v 0.386599 0.823819 0.249759
v 0.386599 0.650775 0.249759
v 0.423812 1.004266 -0.227163
v 0.423812 1.004266 0.227163
v 0.423812 0.876415 -0.227163
v 0.423812 0.876415 0.227163
v 0.423812 0.801222 -0.227163
v 0.423812 0.673371 -0.227163
v 0.423812 0.801222 0.227163
v 0.423812 0.673371 0.227163
v 0.423812 1.020603 -0.243501
v 0.423812 1.020603 0.243501
v 0.423812 0.860077 -0.243501
v 0.423812 0.860077 0.243501
v 0.423812 0.817560 -0.243501
v 0.423812 0.657034 -0.243501
v 0.423812 0.817560 0.243501
v 0.423812 0.657034 0.243501
v 0.411192 1.004266 -0.227163
v 0.411192 1.004266 0.227163
v 0.411192 0.876415 -0.227163
v 0.411192 0.876415 0.227163
v 0.411192 0.801222 -0.227163
v 0.411192 0.673371 -0.227163
v 0.411192 0.801222 0.227163
v 0.411192 0.673371 0.227163
v -0.290053 0.188035 -0.297666
v -0.290053 1.083515 -0.297666
v -0.290053 0.188035 0.315159
v -0.290053 1.083515 0.315159
v -0.387225 0.220170 -0.265531
v -0.387225 1.051380 -0.265531
v -0.387225 0.220170 0.283024
v -0.387225 1.051380 0.283024
v -0.387225 1.083515 0.315159
v -0.387225 0.188035 0.315159
v -0.387225 0.188035 -0.297666
v -0.387225 1.083515 -0.297666
v -0.357221 1.041862 0.273506
v -0.357221 0.229688 0.273506
v -0.357222 0.229688 -0.256013
v -0.357222 1.041862 -0.256013
v -0.357221 1.051380 0.283024
v -0.357221 0.220170 0.283024
v -0.357222 0.220170 -0.265531
v -0.357222 1.051380 -0.265531
v -0.375908 1.026862 0.258506
v -0.375908 0.229688 0.273506
v -0.375908 0.229688 -0.256013
v -0.375908 1.026862 -0.241013
v -0.290053 0.635775 -0.297666
v -0.290053 0.635775 0.315159
v -0.387225 0.635775 0.315159
v -0.387225 0.635775 -0.297666
v -0.387225 0.635775 0.283024
v -0.387225 0.635775 -0.265531
v -0.357221 0.635775 0.283024
v -0.357222 0.635775 -0.265531
v -0.357221 0.635775 0.273506
v -0.357222 0.635775 -0.256013
v -0.375908 0.650775 0.258506
v -0.375908 0.650775 -0.241013
v -0.290053 0.859645 -0.297666
v -0.290053 0.859645 0.315159
v -0.387225 0.859645 0.315159
v -0.387225 0.859645 -0.297666
v -0.387225 0.843578 0.283024
v -0.387225 0.843578 -0.265531
v -0.357221 0.843578 0.283024
v -0.357222 0.843578 -0.265531
v -0.357221 0.838819 0.273506
v -0.357222 0.838819 -0.256013
v -0.375908 0.853819 0.258506
v -0.375908 0.853819 -0.241013
v -0.375908 1.041862 0.273506
v -0.375908 1.041862 -0.256013
v -0.375908 0.823819 0.258506
v -0.375908 0.823819 -0.241013
v -0.375908 0.838819 0.273506
v -0.375908 0.635775 0.273506
v -0.375908 0.838819 -0.256013
v -0.375908 0.635775 -0.256013
v -0.353096 1.020603 0.252247
v -0.353096 1.020603 -0.234754
v -0.353096 0.860077 0.252247
v -0.353096 0.860077 -0.234754
v -0.353096 0.817560 0.252247
v -0.353096 0.657034 0.252247
v -0.353096 0.817560 -0.234754
v -0.353096 0.657034 -0.234754
v -0.353096 1.026862 0.258506
v -0.353096 1.026862 -0.241013
v -0.353096 0.853819 0.258506
v -0.353096 0.853819 -0.241013
v -0.353096 0.823819 0.258506
v -0.353096 0.650775 0.258506
v -0.353096 0.823819 -0.241013
v -0.353096 0.650775 -0.241013
v -0.390310 1.004266 0.235910
v -0.390310 1.004266 -0.218416
v -0.390310 0.876415 0.235910
v -0.390310 0.876415 -0.218416
v -0.390310 0.801222 0.235910
v -0.390310 0.673371 0.235910
v -0.390310 0.801222 -0.218416
v -0.390310 0.673371 -0.218416
v -0.390310 1.020603 0.252247
v -0.390310 1.020603 -0.234754
v -0.390310 0.860077 0.252247
v -0.390310 0.860077 -0.234754
v -0.390310 0.817560 0.252247
v -0.390310 0.657034 0.252247
v -0.390310 0.817560 -0.234754
v -0.390310 0.657034 -0.234754
v -0.377689 1.004266 0.235910
v -0.377689 1.004266 -0.218416
v -0.377689 0.876415 0.235910
v -0.377689 0.876415 -0.218416
v -0.377689 0.801222 0.235910
v -0.377689 0.673371 0.235910
v -0.377689 0.801222 -0.218416
v -0.377689 0.673371 -0.218416
v 0.408621 0.447862 0.062503
v 0.415641 0.447862 0.062503
v 0.408621 0.504435 -0.006417
v 0.415641 0.504435 -0.006417
v 0.408621 0.445980 0.009941
v 0.415641 0.445980 0.009941
v 0.408621 0.501393 -0.073215
v 0.415641 0.501393 -0.073215
v 0.408621 0.564847 -0.025269
v 0.408621 0.564847 0.008747
v 0.408621 0.564847 0.026248
v 0.415641 0.564847 0.026248
v 0.415641 0.564847 0.008747
v 0.415641 0.564847 -0.025269
v 0.408621 0.338654 0.042763
v 0.408621 0.338654 0.041931
v 0.408621 0.338654 0.040104
v 0.415641 0.338654 0.040104
v 0.415641 0.338654 0.041931
v 0.415641 0.338654 0.042763
v 0.408621 0.501970 -0.073215
v 0.408621 0.502546 -0.073215
v 0.408621 0.503858 -0.006417
v 0.415641 0.503858 -0.006417
v 0.415641 0.502546 -0.073215
v 0.415641 0.501970 -0.073215
v 0.408621 0.447286 0.062503
v 0.408621 0.446709 0.062503
v 0.408621 0.446557 0.009941
v 0.415641 0.446557 0.009941
v 0.415641 0.446709 0.062503
v 0.415641 0.447286 0.062503
v 0.415641 0.515899 0.007915
v 0.415641 0.503282 -0.006392
v 0.415641 0.418005 0.006920
v 0.415641 0.515899 0.008747
v 0.415641 0.466952 0.008747
v 0.415641 0.418005 0.008747
v 0.415641 0.515899 0.026248
v 0.415641 0.447133 0.009924
v 0.415641 0.418005 0.008764
v 0.408621 0.418005 0.006920
v 0.408621 0.503282 -0.006392
v 0.408621 0.515899 0.007915
v 0.408621 0.418005 0.008747
v 0.408621 0.466952 0.008747
v 0.408621 0.515899 0.008747
v 0.408621 0.418005 0.008764
v 0.408621 0.447133 0.009924
v 0.408621 0.515899 0.026248
v -0.375118 0.447862 -0.053756
v -0.382139 0.447862 -0.053756
v -0.375118 0.504435 0.015163
v -0.382139 0.504435 0.015163
v -0.375118 0.445980 -0.001194
v -0.382139 0.445980 -0.001194
v -0.375118 0.501393 0.081961
v -0.382138 0.501393 0.081961
v -0.375118 0.564847 0.034016
v -0.375118 0.564847 0.000000
v -0.375118 0.564847 -0.017501
v -0.382139 0.564847 -0.017501
v -0.382139 0.564847 0.000000
v -0.382139 0.564847 0.034016
v -0.375118 0.338653 -0.034016
v -0.375118 0.338653 -0.033185
v -0.375118 0.338653 -0.031358
v -0.382139 0.338653 -0.031358
v -0.382139 0.338653 -0.033185
v -0.382139 0.338653 -0.034016
v -0.375118 0.501970 0.081961
v -0.375118 0.502546 0.081961
v -0.375118 0.503858 0.015163
v -0.382139 0.503858 0.015163
v -0.382138 0.502546 0.081961
v -0.382138 0.501970 0.081961
v -0.375118 0.447286 -0.053756
v -0.375118 0.446709 -0.053756
v -0.375118 0.446557 -0.001194
v -0.382139 0.446557 -0.001194
v -0.382139 0.446709 -0.053756
v -0.382139 0.447286 -0.053756
v -0.382139 0.515899 0.000832
v -0.382139 0.503282 0.015138
v -0.382139 0.418004 0.001827
v -0.382139 0.515899 0.000000
v -0.382139 0.466952 0.000000
v -0.382139 0.418004 0.000000
v -0.382139 0.515899 -0.017501
v -0.382139 0.447133 -0.001177
v -0.382139 0.418004 -0.000017
v -0.375118 0.418004 0.001827
v -0.375118 0.503282 0.015138
v -0.375118 0.515899 0.000832
v -0.375118 0.418004 0.000000
v -0.375118 0.466952 0.000000
v -0.375118 0.515899 0.000000
v -0.375118 0.418004 -0.000017
v -0.375118 0.447133 -0.001177
v -0.375118 0.515899 -0.017501
vn -0.0000 1.0000 -0.0000
vn -0.7071 -0.0000 0.7071
vn -0.0000 0.7071 -0.7071
vn -0.0000 -1.0000 -0.0000
vn -1.0000 -0.0000 -0.0000
vn -0.0000 -0.0000 1.0000
vn 1.0000 -0.0000 -0.0000
vn -0.0000 -0.0000 -1.0000
vn -0.5599 -0.5505 0.6193
vn 0.5593 -0.5507 -0.6196
vn 0.0018 -0.9966 -0.0819
vn -0.7071 0.7071 -0.0000
vn -0.0018 -0.9966 -0.0819
vn 0.7071 -0.0000 -0.7071
vn -0.0820 -0.9966 -0.0018
vn -0.0000 0.7071 0.7071
vn -0.7071 -0.0000 -0.7071
vn -0.6196 -0.5508 -0.5592
vn 0.6192 -0.5504 0.5600
vn -0.0820 -0.9966 0.0018
vn 0.7071 -0.0000 0.7071
vn 0.8515 -0.0000 0.5244
vn -0.8521 -0.0000 -0.5234
vn 0.5236 -0.0000 -0.8520
vn -0.5242 -0.0000 0.8516
vn -0.5242 -0.0000 -0.8516
vn 0.5236 -0.0000 0.8520
vn -0.0018 -0.9966 0.0819
vn -0.0073 -1.0000 -0.0000
vn 0.7071 0.7071 -0.0000
vn 0.0018 -0.9966 0.0819
vn 0.0073 -1.0000 -0.0000
vn 0.5593 -0.5507 0.6196
vn 0.3084 -0.9513 -0.0000
vn -0.5599 -0.5505 -0.6193
vn -0.3088 -0.9511 -0.0000
vn 0.8515 -0.0000 -0.5244
vn -0.8521 -0.0000 0.5234
vn 0.0818 -0.9966 0.0018
vn -0.0000 -1.0000 0.0073
vn -0.5000 0.7071 0.5000
vn -0.6196 -0.5508 0.5592
vn -0.0000 -0.9512 0.3086
vn 0.6192 -0.5504 -0.5600
vn -0.0000 -0.9512 -0.3086
vn 0.0818 -0.9966 -0.0018
vn -0.0000 -1.0000 -0.0073
vn -0.5000 0.7071 -0.5000
vn 0.5000 0.7071 0.5000
vn 0.5000 0.7071 -0.5000
vn -0.4052 0.8987 0.1678
vn -0.8401 0.4162 0.3480
vn -0.1678 0.8987 0.4052
vn -0.3480 0.4162 0.8401
vn -0.1678 0.8987 -0.4052
vn -0.3480 0.4162 -0.8401
vn -0.4052 0.8987 -0.1678
vn -0.8401 0.4162 -0.3479
vn 0.1678 0.8987 0.4052
vn 0.3480 0.4162 0.8401
vn 0.4052 0.8987 0.1678
vn 0.8401 0.4162 0.3479
vn 0.4052 0.8987 -0.1678
vn 0.8401 0.4162 -0.3480
vn 0.1678 0.8987 -0.4052
vn 0.3480 0.4162 -0.8401
vn -0.3827 -0.0000 -0.9239
vn -0.9239 -0.0000 -0.3827
vn 0.9239 -0.0000 -0.3827
vn 0.3827 -0.0000 -0.9239
vn 0.3827 -0.0000 0.9239
vn 0.9239 -0.0000 0.3827
vn -0.3827 -0.0000 0.9239
vn -0.9239 -0.0000 0.3827
vn -0.3827 0.9239 -0.0000
vn -0.9239 0.3827 -0.0000
vn 0.3827 0.9239 -0.0000
vn 0.9239 0.3827 -0.0000
vn -0.0000 0.9239 -0.3827
vn -0.0000 0.3827 -0.9239
vn -0.0000 0.9239 0.3827
vn -0.0000 0.3827 0.9239
vn -0.2597 0.7345 0.6269
vn -0.2706 0.9239 0.2706
vn -0.6269 0.7345 0.2597
vn -0.6533 0.3827 0.6533
vn -0.6269 0.7345 -0.2597
vn -0.2706 0.9239 -0.2706
vn -0.2597 0.7345 -0.6269
vn -0.6533 0.3827 -0.6533
vn 0.2597 0.7345 -0.6269
vn 0.2706 0.9239 -0.2706
vn 0.6269 0.7345 -0.2597
vn 0.6533 0.3827 -0.6533
vn 0.6269 0.7345 0.2597
vn 0.2706 0.9239 0.2706
vn 0.2597 0.7345 0.6269
vn 0.6533 0.3827 0.6533
vn -0.0000 0.4957 -0.8685
vn -0.8685 0.4957 -0.0000
vn 0.6385 0.4298 -0.6385
vn 0.8685 0.4957 -0.0000
vn -0.0000 0.4957 0.8685
vn -0.0000 0.4298 -0.9029
vn 0.9029 0.4298 -0.0000
vn -0.9029 0.4298 -0.0000
vn -0.0000 0.4298 0.9029
vn 0.6141 0.4957 -0.6141
vn -0.6712 0.3145 -0.6712
vn -0.6521 0.3866 -0.6521
vn 0.6712 0.3145 0.6712
vn 0.6521 0.3866 0.6521
vn 0.8870 0.2798 -0.3674
vn 0.3674 0.2798 -0.8870
vn 0.8981 0.2346 -0.3720
vn 0.3720 0.2346 -0.8981
vn 0.6798 0.2755 0.6797
vn 0.6669 0.3323 0.6669
vn -0.6798 0.2755 -0.6797
vn -0.6669 0.3323 -0.6669
vn 0.2738 0.1678 -0.9470
vn 0.9470 0.1678 -0.2738
vn 0.9052 0.3164 -0.2838
vn 0.2838 0.3164 -0.9052
vn -0.9666 0.2564 -0.0000
vn -0.5502 0.6281 -0.5502
vn 0.5502 0.6281 0.5502
vn -0.0000 0.2564 0.9666
vn 0.3256 0.5256 -0.7860
vn 0.6882 0.2298 -0.6882
vn 0.7860 0.5256 -0.3256
vn 0.6835 0.2564 -0.6835
vn -0.0000 0.2565 -0.9666
vn -0.0000 0.2564 -0.9666
vn 0.9666 0.2564 -0.0000
vn 0.8213 0.4580 -0.3402
vn 0.9754 0.2203 -0.0000
vn 0.5866 0.5585 0.5866
vn 0.3402 0.4580 -0.8213
vn 0.6897 0.2203 -0.6897
vn 0.6907 0.2139 -0.6907
vn -0.0000 0.2203 0.9754
vn -0.9754 0.2203 -0.0000
vn -0.5866 0.5585 -0.5866
vn -0.0000 0.2203 -0.9754
vn 0.9902 -0.0000 -0.1400
vn 0.1400 -0.0000 -0.9902
vn 0.6385 0.4298 0.6385
vn 0.6141 0.4957 0.6141
vn 0.6712 0.3145 -0.6712
vn 0.6521 0.3866 -0.6521
vn -0.6712 0.3145 0.6712
vn -0.6521 0.3866 0.6521
vn 0.3674 0.2798 0.8870
vn 0.8870 0.2798 0.3674
vn 0.3720 0.2346 0.8981
vn 0.8981 0.2346 0.3720
vn -0.6797 0.2755 0.6798
vn -0.6669 0.3323 0.6669
vn 0.6797 0.2755 -0.6798
vn 0.6669 0.3323 -0.6669
vn 0.9470 0.1678 0.2738
vn 0.2738 0.1678 0.9470
vn 0.2838 0.3164 0.9052
vn 0.9052 0.3164 0.2838
vn 0.5502 0.6281 -0.5502
vn -0.5502 0.6282 0.5502
vn 0.7860 0.5256 0.3256
vn 0.6882 0.2298 0.6882
vn 0.3256 0.5256 0.7860
vn 0.6835 0.2564 0.6835
vn 0.9666 0.2565 -0.0000
vn 0.3402 0.4580 0.8213
vn -0.5866 0.5585 0.5866
vn 0.8213 0.4580 0.3402
vn 0.6897 0.2203 0.6898
vn 0.6907 0.2139 0.6907
vn 0.5866 0.5585 -0.5866
vn 0.1400 -0.0000 0.9902
vn 0.9902 -0.0000 0.1400
vn -0.6385 0.4298 -0.6385
vn -0.6141 0.4957 -0.6141
vn -0.6712 0.3144 0.6712
vn -0.3674 0.2798 -0.8870
vn -0.8870 0.2798 -0.3674
vn -0.3720 0.2346 -0.8981
vn -0.8981 0.2346 -0.3720
vn -0.9470 0.1678 -0.2739
vn -0.2738 0.1678 -0.9470
vn -0.2838 0.3164 -0.9052
vn -0.9052 0.3164 -0.2838
vn -0.5502 0.6281 0.5502
vn -0.0000 0.2565 0.9666
vn 0.5502 0.6282 -0.5502
vn -0.7860 0.5256 -0.3256
vn -0.6882 0.2298 -0.6882
vn -0.3256 0.5256 -0.7860
vn -0.6835 0.2564 -0.6835
vn -0.9666 0.2565 -0.0000
vn -0.3402 0.4580 -0.8213
vn -0.8213 0.4580 -0.3402
vn -0.6897 0.2203 -0.6898
vn -0.6907 0.2139 -0.6907
vn -0.1400 -0.0000 -0.9902
vn -0.9902 -0.0000 -0.1400
vn -0.6385 0.4298 0.6385
vn -0.6141 0.4957 0.6141
vn -0.8870 0.2798 0.3674
vn -0.3674 0.2798 0.8870
vn -0.8981 0.2346 0.3720
vn -0.3720 0.2346 0.8981
vn -0.2738 0.1678 0.9470
vn -0.9470 0.1678 0.2738
vn -0.9052 0.3164 0.2838
vn -0.2838 0.3164 0.9052
vn -0.3256 0.5256 0.7860
vn -0.6882 0.2298 0.6882
vn -0.7860 0.5256 0.3256
vn -0.6835 0.2564 0.6835
vn -0.8213 0.4580 0.3402
vn -0.3402 0.4580 0.8213
vn -0.6897 0.2203 0.6897
vn -0.6907 0.2139 0.6907
vn -0.9902 -0.0000 0.1400
vn -0.1400 -0.0000 0.9902
vn -0.0000 0.4146 0.9100
vn -0.7071 -0.0000 0.7072
vn 0.7071 -0.0000 -0.7072
vn -0.7071 -0.0000 -0.7072
vn 0.7071 -0.0000 0.7072
vn -0.3480 0.4162 -0.8400
vn -0.8401 0.4162 -0.3480
vn 0.3480 0.4162 0.8400
vn 0.8401 0.4162 0.3480
vn -0.1368 0.9339 0.3303
vn -0.3303 0.9339 0.1368
vn -0.3302 0.9339 -0.1368
vn -0.1368 0.9339 -0.3303
vn 0.1368 0.9339 -0.3303
vn 0.3303 0.9339 -0.1368
vn 0.3302 0.9339 0.1368
vn 0.1368 0.9339 0.3303
vn -0.0000 0.4146 -0.9100
vn -0.0000 -0.2979 -0.9546
vn -0.0000 0.2924 0.9563
vn -0.0000 -0.5714 -0.8206
vn -0.0000 0.2960 0.9552
vn -1.0000 -0.0000 -0.0001
vn -0.0000 -1.0000 0.0029
vn -0.0000 0.9998 -0.0196
vn -0.0000 -0.2979 0.9546
vn -0.0000 0.2924 -0.9563
vn -0.0000 -0.5714 0.8206
vn -0.0000 0.2960 -0.9552
vn -0.0000 -1.0000 -0.0029
vn -0.0000 0.9998 0.0196
vt 0.764101 0.506747
vt 0.791879 0.506746
vt 0.791879 0.583333
vt 0.764101 0.583333
vt 0.631745 0.583333
vt 0.708546 0.583333
vt 0.708546 0.611111
vt 0.631745 0.611111
vt 0.708546 0.666667
vt 0.736324 0.666667
vt 0.736324 0.743253
vt 0.708546 0.743253
vt 0.500000 0.000196
vt 0.585265 0.000196
vt 0.585265 0.018705
vt 0.500000 0.018705
vt 0.587366 0.333121
vt 0.587366 0.269278
vt 0.623821 0.271796
vt 0.623821 0.333121
vt 0.125000 0.519180
vt 0.125196 0.518705
vt 0.143711 0.500196
vt 0.144185 0.500000
vt 0.208121 0.500000
vt 0.208121 0.583333
vt 0.125000 0.583333
vt 0.500000 0.166667
vt 0.585265 0.166667
vt 0.585265 0.230820
vt 0.500000 0.230820
vt 0.500000 0.769174
vt 0.585265 0.769174
vt 0.585265 0.833546
vt 0.500000 0.833546
vt 0.500000 0.519180
vt 0.585265 0.519180
vt 0.585265 0.583333
vt 0.500000 0.583333
vt 0.500000 0.269185
vt 0.585265 0.269185
vt 0.585265 0.333121
vt 0.500000 0.333121
vt 0.500000 0.916879
vt 0.585265 0.916879
vt 0.585265 0.980815
vt 0.500000 0.980815
vt 0.487500 0.138889
vt 0.500000 0.138889
vt 0.487500 0.166667
vt 0.500000 0.666667
vt 0.585265 0.666667
vt 0.585265 0.730820
vt 0.500000 0.730820
vt 0.487500 0.638889
vt 0.500000 0.638889
vt 0.487500 0.666667
vt 0.631745 0.521696
vt 0.646690 0.506746
vt 0.708546 0.506746
vt 0.631745 0.583333
vt 0.585265 0.138889
vt 0.585265 0.166667
vt 0.585265 0.638889
vt 0.585265 0.666667
vt 0.291454 0.638889
vt 0.375000 0.638889
vt 0.375000 0.666667
vt 0.291454 0.666667
vt 0.500000 0.019180
vt 0.585265 0.019180
vt 0.585265 0.083333
vt 0.500000 0.083333
vt 0.623821 0.021789
vt 0.623821 0.083333
vt 0.587366 0.083333
vt 0.587366 0.019273
vt 0.500000 0.889101
vt 0.585265 0.889101
vt 0.585265 0.916879
vt 0.868252 0.583333
vt 0.868252 0.611111
vt 0.791879 0.611111
vt 0.125000 0.638889
vt 0.208121 0.638889
vt 0.208121 0.666667
vt 0.125000 0.666667
vt 0.263676 0.638889
vt 0.263676 0.666667
vt 0.500000 0.518509
vt 0.487500 0.518509
vt 0.487500 0.481496
vt 0.500000 0.481496
vt 0.263676 0.500000
vt 0.291454 0.500000
vt 0.291454 0.583333
vt 0.263676 0.583333
vt 0.631745 0.638889
vt 0.708546 0.638889
vt 0.631745 0.666667
vt 0.764101 0.638889
vt 0.791879 0.638889
vt 0.791879 0.666667
vt 0.764101 0.666667
vt 0.623821 0.889101
vt 0.623821 0.916879
vt 0.587366 0.916879
vt 0.587366 0.889101
vt 0.585265 0.268514
vt 0.500000 0.268514
vt 0.500000 0.231491
vt 0.585265 0.231491
vt 0.500000 0.416454
vt 0.585265 0.416454
vt 0.585265 0.480826
vt 0.500000 0.480826
vt 0.487500 0.388676
vt 0.500000 0.388676
vt 0.487500 0.416454
vt 0.487500 0.889101
vt 0.487500 0.916879
vt 0.623821 0.388676
vt 0.623821 0.416454
vt 0.587366 0.416454
vt 0.587366 0.388676
vt 0.500000 0.111111
vt 0.585265 0.111111
vt 0.585265 0.138889
vt 0.208121 0.750000
vt 0.144185 0.750000
vt 0.143711 0.749804
vt 0.125196 0.731295
vt 0.125000 0.730820
vt 0.291454 0.750000
vt 0.263676 0.750000
vt 0.355826 0.500000
vt 0.356300 0.500196
vt 0.374804 0.518705
vt 0.375000 0.519180
vt 0.375000 0.583333
vt 0.500000 0.268514
vt 0.487500 0.268514
vt 0.487500 0.231491
vt 0.375000 0.730820
vt 0.374804 0.731295
vt 0.356300 0.749804
vt 0.355826 0.750000
vt 0.500000 0.768504
vt 0.487500 0.768504
vt 0.487500 0.731491
vt 0.500000 0.731491
vt 0.375000 0.889101
vt 0.375000 0.916879
vt 0.375000 0.769174
vt 0.487500 0.769174
vt 0.487500 0.833546
vt 0.375000 0.833546
vt 0.375000 0.388676
vt 0.375000 0.416454
vt 0.375000 0.269185
vt 0.487500 0.269185
vt 0.487500 0.333121
vt 0.375000 0.333121
vt 0.487500 0.519180
vt 0.487500 0.583333
vt 0.375000 0.138889
vt 0.375000 0.166667
vt 0.375000 0.019180
vt 0.487500 0.019180
vt 0.487500 0.083333
vt 0.375000 0.083333
vt 0.375000 0.768504
vt 0.375000 0.731491
vt 0.487500 0.731491
vt 0.487500 0.000196
vt 0.500000 0.000196
vt 0.487500 0.018705
vt 0.375000 0.518509
vt 0.375000 0.481496
vt 0.487500 0.481496
vt 0.868252 0.666667
vt 0.868252 0.728304
vt 0.853298 0.743253
vt 0.791879 0.743253
vt 0.487500 0.111111
vt 0.375000 0.111111
vt 0.487500 0.611111
vt 0.375000 0.611111
vt 0.764101 0.611111
vt 0.585265 0.518509
vt 0.585265 0.481496
vt 0.500000 0.360899
vt 0.585265 0.360899
vt 0.585265 0.388676
vt 0.291454 0.611111
vt 0.263676 0.611111
vt 0.208121 0.611111
vt 0.125000 0.611111
vt 0.623821 0.138889
vt 0.623821 0.166667
vt 0.587366 0.166667
vt 0.587366 0.138889
vt 0.623821 0.360899
vt 0.587366 0.388676
vt 0.587366 0.360899
vt 0.630092 0.638889
vt 0.630092 0.666667
vt 0.587562 0.666667
vt 0.587562 0.638889
vt 0.500000 0.611111
vt 0.585265 0.611111
vt 0.585265 0.638889
vt 0.587562 0.583333
vt 0.587562 0.519273
vt 0.630092 0.521789
vt 0.630092 0.583333
vt 0.630092 0.611111
vt 0.630092 0.638889
vt 0.587562 0.611111
vt 0.235899 0.611111
vt 0.235899 0.638889
vt 0.235899 0.583333
vt 0.736324 0.611111
vt 0.736324 0.638889
vt 0.736324 0.583333
vt 0.487500 0.360899
vt 0.375000 0.360899
vt 0.487500 0.861324
vt 0.375000 0.861324
vt 0.585265 0.388676
vt 0.585265 0.416454
vt 0.500000 0.861324
vt 0.585265 0.861324
vt 0.585265 0.889101
vt 0.623821 0.111111
vt 0.623821 0.138889
vt 0.587366 0.138889
vt 0.587366 0.111111
vt 0.487500 0.980815
vt 0.235899 0.666667
vt 0.235899 0.750000
vt 0.585265 0.768504
vt 0.500000 0.731491
vt 0.585265 0.731491
vt 0.623822 0.002042
vt 0.623821 0.016860
vt 0.587366 0.018640
vt 0.587366 0.000262
vt 0.587366 0.833546
vt 0.587366 0.769267
vt 0.623821 0.771783
vt 0.623821 0.833546
vt 0.623821 0.861324
vt 0.623821 0.889101
vt 0.587366 0.889101
vt 0.587366 0.861324
vt 0.235899 0.500000
vt 0.487500 0.230820
vt 0.375000 0.230820
vt 0.487500 0.480826
vt 0.375000 0.480826
vt 0.487500 0.730820
vt 0.487500 0.019180
vt 0.500000 0.019180
vt 0.487500 0.480826
vt 0.487500 0.269185
vt 0.500000 0.269185
vt 0.487500 0.769174
vt 0.500000 0.769174
vt 0.375000 0.980815
vt 0.487500 0.268514
vt 0.375000 0.268514
vt 0.375000 0.231491
vt 0.587366 0.230727
vt 0.587366 0.166667
vt 0.623821 0.228211
vt 0.587562 0.730727
vt 0.630092 0.666667
vt 0.630092 0.728211
vt 0.587366 0.480733
vt 0.623821 0.416454
vt 0.623821 0.478217
vt 0.623821 0.916879
vt 0.623821 0.978205
vt 0.587366 0.980722
vt 0.585265 0.083333
vt 0.585265 0.111111
vt 0.868252 0.611111
vt 0.868252 0.638889
vt 0.585265 0.583333
vt 0.585265 0.611111
vt 0.631745 0.611111
vt 0.631745 0.638889
vt 0.585265 0.333121
vt 0.585265 0.360899
vt 0.736324 0.506747
vt 0.764101 0.506746
vt 0.585265 0.833546
vt 0.585265 0.861324
vt 0.764101 0.743253
vt 0.736324 0.743253
vt 0.623822 0.235182
vt 0.623821 0.264823
vt 0.587366 0.268383
vt 0.587366 0.231623
vt 0.623822 0.735181
vt 0.623821 0.764813
vt 0.587366 0.768372
vt 0.587366 0.731623
vt 0.623822 0.485187
vt 0.623821 0.514819
vt 0.587366 0.518377
vt 0.587366 0.481628
vt 0.623821 0.111111
vt 0.587366 0.083333
vt 0.791879 0.743253
vt 0.764101 0.743253
vt 0.623821 0.360899
vt 0.587366 0.333121
vt 0.791879 0.506747
vt 0.853297 0.506747
vt 0.868251 0.521696
vt 0.868252 0.583333
vt 0.631745 0.666667
vt 0.708546 0.743253
vt 0.646690 0.743253
vt 0.631745 0.728304
vt 0.623821 0.833546
vt 0.623821 0.861324
vt 0.587366 0.833546
vt 0.630092 0.583333
vt 0.630092 0.611111
vt 0.708546 0.506747
vt 0.736323 0.506746
vt 0.868252 0.638889
vt 0.868252 0.666667
vt 0.625000 0.021696
vt 0.624153 0.021523
vt 0.586187 0.019273
vt 0.585265 0.018902
vt 0.586187 0.018902
vt 0.625000 0.978297
vt 0.624153 0.978471
vt 0.587697 0.000074
vt 0.586187 0.000196
vt 0.586187 0.000000
vt 0.625000 0.271703
vt 0.624153 0.271529
vt 0.586187 0.269278
vt 0.585265 0.268907
vt 0.586187 0.268907
vt 0.625000 0.228304
vt 0.624153 0.228477
vt 0.587697 0.231246
vt 0.586187 0.231491
vt 0.586187 0.231098
vt 0.625000 0.771690
vt 0.624153 0.771517
vt 0.586187 0.769267
vt 0.585265 0.768896
vt 0.586187 0.768896
vt 0.631467 0.728304
vt 0.630479 0.728477
vt 0.587697 0.731246
vt 0.586187 0.731491
vt 0.586187 0.731098
vt 0.631467 0.521696
vt 0.630479 0.521523
vt 0.586187 0.519273
vt 0.585265 0.518902
vt 0.586187 0.518902
vt 0.625000 0.478310
vt 0.624153 0.478483
vt 0.587697 0.481251
vt 0.586187 0.481496
vt 0.586187 0.481104
vt 0.487500 0.000000
vt 0.500000 0.000000
vt 0.375000 0.000000
vt 0.487500 0.000196
vt 0.375000 0.000196
vt 0.375000 0.018705
vt 0.625000 0.138889
vt 0.625000 0.166667
vt 0.625000 0.388676
vt 0.625000 0.416454
vt 0.625000 0.889101
vt 0.625000 0.916879
vt 0.625000 0.083333
vt 0.625000 0.111111
vt 0.625000 0.333121
vt 0.625000 0.360899
vt 0.625000 0.833546
vt 0.625000 0.861324
vt 0.624153 0.001853
vt 0.625000 0.001976
vt 0.625000 0.016926
vt 0.624153 0.017049
vt 0.587697 0.018828
vt 0.624153 0.234805
vt 0.625000 0.235051
vt 0.625000 0.264955
vt 0.624153 0.265200
vt 0.587697 0.268760
vt 0.624153 0.484810
vt 0.625000 0.485055
vt 0.625000 0.514950
vt 0.624153 0.515196
vt 0.587697 0.518754
vt 0.624153 0.734804
vt 0.625000 0.735050
vt 0.625000 0.764945
vt 0.624153 0.765190
vt 0.587697 0.768749
vt 0.585265 0.000000
vt 0.857247 0.516077
vt 0.709389 0.516077
vt 0.703039 0.500745
vt 0.872578 0.500745
vt 0.843731 0.718731
vt 0.657772 0.718731
vt 0.562546 0.000000
vt 0.562546 0.248498
vt 0.375000 0.248498
vt 0.375000 0.751502
vt 0.562546 0.751502
vt 0.562546 1.000000
vt 0.375000 1.000000
vt 0.657332 0.588086
vt 0.713086 0.532332
vt 0.713086 0.532332
vt 0.657332 0.588086
vt 0.698410 0.526575
vt 0.698410 0.526575
vt 0.375000 0.251502
vt 0.562546 0.251502
vt 0.562546 0.422301
vt 0.375000 0.422301
vt 0.858179 0.733179
vt 0.643324 0.733179
vt 0.643324 0.733179
vt 0.858179 0.733179
vt 0.858923 0.733923
vt 0.858923 0.517753
vt 0.874255 0.502422
vt 0.874255 0.749255
vt 0.712802 0.531703
vt 0.656703 0.587802
vt 0.643546 0.582352
vt 0.707352 0.518546
vt 0.709666 0.516821
vt 0.856676 0.516821
vt 0.856676 0.516821
vt 0.709666 0.516821
vt 0.641821 0.731676
vt 0.641821 0.584666
vt 0.641821 0.584666
vt 0.375000 0.577699
vt 0.562546 0.577699
vt 0.562546 0.748498
vt 0.375000 0.748498
vt 0.843731 0.532772
vt 0.843731 0.532772
vt 0.638594 0.584389
vt 0.638595 0.732247
vt 0.572169 0.747578
vt 0.572169 0.578039
vt 0.642753 0.733923
vt 0.858923 0.733923
vt 0.627422 0.749255
vt 0.858179 0.518324
vt 0.858179 0.518324
vt 0.842741 0.530624
vt 0.715407 0.530624
vt 0.709957 0.517467
vt 0.855898 0.517467
vt 0.655624 0.590407
vt 0.655624 0.717741
vt 0.642467 0.730898
vt 0.642467 0.584957
vt 0.844376 0.719376
vt 0.844376 0.532259
vt 0.857533 0.519102
vt 0.857533 0.732533
vt 0.651575 0.573410
vt 0.642058 0.582927
vt 0.707927 0.517058
vt 0.657259 0.719376
vt 0.844376 0.719376
vt 0.857533 0.732533
vt 0.644102 0.732533
vt 0.706771 0.517161
vt 0.642161 0.581771
vt 0.626829 0.575420
vt 0.700420 0.501829
vt 0.125000 0.501502
vt 0.126502 0.500000
vt 0.297301 0.500000
vt 0.299866 0.501062
vt 0.373938 0.575134
vt 0.375000 0.577699
vt 0.373498 0.750000
vt 0.125000 0.750000
vt 0.656269 0.590651
vt 0.715651 0.531269
vt 0.842228 0.531269
vt 0.656269 0.717228
vt 0.656269 0.717228
vt 0.656269 0.590651
vt 0.562546 0.574072
vt 0.375000 0.574072
vt 0.375000 0.425928
vt 0.562546 0.425928
vt 0.707906 0.517079
vt 0.651575 0.573410
vt 0.642079 0.582906
vt 0.873498 0.500000
vt 0.875000 0.500000
vt 0.873924 0.501076
vt 0.641821 0.732247
vt 0.641821 0.733179
vt 0.573603 0.748924
vt 0.568943 0.750000
vt 0.568943 0.748498
vt 0.568943 0.577699
vt 0.568943 0.576196
vt 0.572819 0.576567
vt 0.701567 0.500895
vt 0.701196 0.500000
vt 0.702699 0.500000
vt 0.715651 0.531269
vt 0.842228 0.531269
vt 0.641821 0.583164
vt 0.641821 0.584389
vt 0.641821 0.583164
vt 0.842228 0.531269
vt 0.568943 0.000745
vt 0.568943 0.247578
vt 0.640028 0.733593
vt 0.568943 0.752422
vt 0.568943 0.999255
vt 0.641226 0.582918
vt 0.625895 0.576567
vt 0.626062 0.575134
vt 0.700134 0.501062
vt 0.625000 0.000000
vt 0.625000 0.250000
vt 0.375000 0.250000
vt 0.375000 0.500000
vt 0.625000 0.500000
vt 0.625000 0.750000
vt 0.375000 0.750000
vt 0.625000 1.000000
vt 0.125000 0.500000
vt 0.875000 0.750000
vt 0.604167 0.280366
vt 0.591146 0.280366
vt 0.578125 0.280366
vt 0.565104 0.280366
vt 0.552083 0.280366
vt 0.539063 0.280366
vt 0.526042 0.280366
vt 0.513021 0.280366
vt 0.500000 0.280366
vt 0.486979 0.280366
vt 0.473958 0.280366
vt 0.460937 0.280366
vt 0.447917 0.280366
vt 0.434896 0.280366
vt 0.421875 0.280366
vt 0.408854 0.280366
vt 0.395833 0.280365
vt 0.395833 0.292195
vt 0.395833 0.304024
vt 0.395833 0.315853
vt 0.395833 0.327683
vt 0.395833 0.339512
vt 0.395833 0.351341
vt 0.395833 0.363171
vt 0.395833 0.375000
vt 0.395833 0.386829
vt 0.395833 0.398659
vt 0.395833 0.410488
vt 0.395833 0.422317
vt 0.395833 0.434147
vt 0.395833 0.445976
vt 0.395833 0.457805
vt 0.395833 0.469634
vt 0.604167 0.469635
vt 0.408854 0.469634
vt 0.421875 0.469634
vt 0.434896 0.469634
vt 0.447917 0.469634
vt 0.460937 0.469634
vt 0.473958 0.469634
vt 0.486979 0.469634
vt 0.500000 0.469634
vt 0.513021 0.469634
vt 0.526042 0.469634
vt 0.539063 0.469634
vt 0.552083 0.469634
vt 0.565104 0.469634
vt 0.578125 0.469634
vt 0.591146 0.469634
vt 0.591146 0.457805
vt 0.591146 0.445976
vt 0.591146 0.434147
vt 0.591146 0.422317
vt 0.591146 0.410488
vt 0.591146 0.398659
vt 0.591146 0.386829
vt 0.591146 0.375000
vt 0.591146 0.363171
vt 0.591146 0.351341
vt 0.591146 0.339512
vt 0.591146 0.327683
vt 0.591146 0.315853
vt 0.591146 0.304024
vt 0.591146 0.292195
vt 0.552083 0.304024
vt 0.552083 0.315853
vt 0.552083 0.327683
vt 0.552083 0.339512
vt 0.552083 0.351341
vt 0.552083 0.363171
vt 0.552083 0.375000
vt 0.552083 0.386829
vt 0.552083 0.398659
vt 0.552083 0.410488
vt 0.552083 0.422317
vt 0.552083 0.434147
vt 0.552083 0.445976
vt 0.552083 0.457805
vt 0.539063 0.457805
vt 0.539063 0.445976
vt 0.539063 0.434147
vt 0.539063 0.422317
vt 0.539063 0.410488
vt 0.539063 0.398659
vt 0.539063 0.386829
vt 0.539063 0.375000
vt 0.539063 0.363171
vt 0.539063 0.351341
vt 0.539063 0.339512
vt 0.539063 0.327683
vt 0.539063 0.315853
vt 0.539063 0.304024
vt 0.539063 0.292195
vt 0.552083 0.292195
vt 0.500000 0.304024
vt 0.500000 0.315853
vt 0.500000 0.327683
vt 0.500000 0.339512
vt 0.500000 0.351341
vt 0.500000 0.363171
vt 0.500000 0.375000
vt 0.500000 0.386829
vt 0.500000 0.398659
vt 0.500000 0.410488
vt 0.500000 0.422317
vt 0.500000 0.434147
vt 0.500000 0.445976
vt 0.500000 0.457805
vt 0.486979 0.457805
vt 0.486979 0.445976
vt 0.486979 0.434147
vt 0.486979 0.422317
vt 0.486979 0.410488
vt 0.486979 0.398659
vt 0.486979 0.386829
vt 0.486979 0.375000
vt 0.486979 0.363171
vt 0.486979 0.351341
vt 0.486979 0.339512
vt 0.486979 0.327683
vt 0.486979 0.315853
vt 0.486979 0.304024
vt 0.486979 0.292195
vt 0.500000 0.292195
vt 0.578125 0.304024
vt 0.578125 0.315853
vt 0.578125 0.327683
vt 0.578125 0.339512
vt 0.578125 0.351341
vt 0.578125 0.363171
vt 0.578125 0.375000
vt 0.578125 0.386829
vt 0.578125 0.398659
vt 0.578125 0.410488
vt 0.578125 0.422317
vt 0.578125 0.434147
vt 0.578125 0.445976
vt 0.578125 0.457805
vt 0.565104 0.457805
vt 0.565104 0.445976
vt 0.565104 0.434147
vt 0.565104 0.422317
vt 0.565104 0.410488
vt 0.565104 0.398659
vt 0.565104 0.386829
vt 0.565104 0.375000
vt 0.565104 0.363171
vt 0.565104 0.351341
vt 0.565104 0.339512
vt 0.565104 0.327683
vt 0.565104 0.315853
vt 0.565104 0.304024
vt 0.565104 0.292195
vt 0.578125 0.292195
vt 0.526042 0.304024
vt 0.526042 0.315853
vt 0.526042 0.327683
vt 0.526042 0.339512
vt 0.526042 0.351341
vt 0.526042 0.363171
vt 0.526042 0.375000
vt 0.526042 0.386829
vt 0.526042 0.398659
vt 0.526042 0.410488
vt 0.526042 0.422317
vt 0.526042 0.434147
vt 0.526042 0.445976
vt 0.526042 0.457805
vt 0.513021 0.457805
vt 0.513021 0.445976
vt 0.513021 0.434147
vt 0.513021 0.422317
vt 0.513021 0.410488
vt 0.513021 0.398659
vt 0.513021 0.386829
vt 0.513021 0.375000
vt 0.513021 0.363171
vt 0.513021 0.351341
vt 0.513021 0.339512
vt 0.513021 0.327683
vt 0.513021 0.315853
vt 0.513021 0.304024
vt 0.513021 0.292195
vt 0.526042 0.292195
vt 0.473958 0.304024
vt 0.473958 0.315853
vt 0.473958 0.327683
vt 0.473958 0.339512
vt 0.473958 0.351341
vt 0.473958 0.363171
vt 0.473958 0.375000
vt 0.473958 0.386829
vt 0.473958 0.398659
vt 0.473958 0.410488
vt 0.473958 0.422317
vt 0.473958 0.434147
vt 0.473958 0.445976
vt 0.473958 0.457805
vt 0.460937 0.457805
vt 0.460937 0.445976
vt 0.460937 0.434147
vt 0.460937 0.422317
vt 0.460937 0.410488
vt 0.460937 0.398659
vt 0.460937 0.386829
vt 0.460937 0.375000
vt 0.460937 0.363171
vt 0.460937 0.351341
vt 0.460937 0.339512
vt 0.460937 0.327683
vt 0.460937 0.315853
vt 0.460937 0.304024
vt 0.460937 0.292195
vt 0.473958 0.292195
vt 0.421875 0.304024
vt 0.421875 0.315853
vt 0.421875 0.327683
vt 0.421875 0.339512
vt 0.421875 0.351341
vt 0.421875 0.363171
vt 0.421875 0.375000
vt 0.421875 0.386829
vt 0.421875 0.398659
vt 0.421875 0.410488
vt 0.421875 0.422317
vt 0.421875 0.434147
vt 0.421875 0.445976
vt 0.421875 0.457805
vt 0.408854 0.457805
vt 0.408854 0.445976
vt 0.408854 0.434147
vt 0.408854 0.422317
vt 0.408854 0.410488
vt 0.408854 0.398659
vt 0.408854 0.386829
vt 0.408854 0.375000
vt 0.408854 0.363171
vt 0.408854 0.351341
vt 0.408854 0.339512
vt 0.408854 0.327683
vt 0.408854 0.315853
vt 0.408854 0.304024
vt 0.408854 0.292195
vt 0.421875 0.292195
vt 0.447917 0.422317
vt 0.447917 0.410488
vt 0.447917 0.457805
vt 0.447917 0.327683
vt 0.447917 0.315853
vt 0.447917 0.375000
vt 0.447917 0.363171
vt 0.447917 0.304024
vt 0.447917 0.339512
vt 0.447917 0.351341
vt 0.447917 0.386829
vt 0.447917 0.398659
vt 0.447917 0.434147
vt 0.447917 0.445976
vt 0.434896 0.457805
vt 0.434896 0.445976
vt 0.434896 0.434147
vt 0.434896 0.422317
vt 0.434896 0.410488
vt 0.434896 0.398659
vt 0.434896 0.386829
vt 0.434896 0.375000
vt 0.434896 0.363171
vt 0.434896 0.351341
vt 0.434896 0.339512
vt 0.434896 0.327683
vt 0.434896 0.315853
vt 0.434896 0.304024
vt 0.434896 0.292195
vt 0.447917 0.292195
vt 0.375000 0.272903
vt 0.532559 0.272903
vt 0.532559 0.477097
vt 0.375000 0.477097
vt 0.838128 0.712365
vt 0.837365 0.713128
vt 0.837365 0.713128
vt 0.838128 0.712365
vt 0.375000 0.022903
vt 0.532559 0.022903
vt 0.532559 0.227097
vt 0.375000 0.227097
vt 0.647992 0.500187
vt 0.852008 0.500187
vt 0.844149 0.519161
vt 0.655851 0.519162
vt 0.375000 0.522903
vt 0.532559 0.522903
vt 0.532559 0.727097
vt 0.375000 0.727097
vt 0.532559 0.272263
vt 0.375000 0.272263
vt 0.375000 0.227737
vt 0.532559 0.227737
vt 0.532559 0.772263
vt 0.375000 0.772263
vt 0.375000 0.727737
vt 0.532559 0.727737
vt 0.532559 0.522263
vt 0.375000 0.522263
vt 0.375000 0.477737
vt 0.532559 0.477737
vt 0.375000 0.772903
vt 0.532559 0.772903
vt 0.532559 0.977097
vt 0.375000 0.977097
vt 0.836895 0.713323
vt 0.663105 0.713323
vt 0.663105 0.713323
vt 0.836895 0.713323
vt 0.662635 0.713128
vt 0.661872 0.712365
vt 0.661872 0.712365
vt 0.662635 0.713128
vt 0.836733 0.711786
vt 0.836786 0.711733
vt 0.836786 0.711733
vt 0.836733 0.711786
vt 0.661677 0.711895
vt 0.661677 0.538105
vt 0.661677 0.538105
vt 0.661677 0.711895
vt 0.844621 0.730643
vt 0.855643 0.719621
vt 0.874617 0.727480
vt 0.852480 0.749617
vt 0.837365 0.536872
vt 0.838128 0.537635
vt 0.838128 0.537635
vt 0.837365 0.536872
vt 0.661872 0.537635
vt 0.662635 0.536872
vt 0.662635 0.536872
vt 0.661872 0.537635
vt 0.855643 0.530379
vt 0.844621 0.519357
vt 0.852480 0.500383
vt 0.874617 0.522520
vt 0.125000 0.522903
vt 0.125187 0.522450
vt 0.147450 0.500187
vt 0.147903 0.500000
vt 0.352097 0.500000
vt 0.352550 0.500187
vt 0.374813 0.522450
vt 0.375000 0.522903
vt 0.375000 0.727097
vt 0.374813 0.727550
vt 0.352550 0.749813
vt 0.352097 0.750000
vt 0.147903 0.750000
vt 0.147450 0.749813
vt 0.125187 0.727550
vt 0.125000 0.727097
vt 0.838323 0.538105
vt 0.838323 0.711895
vt 0.838323 0.711895
vt 0.838323 0.538105
vt 0.663105 0.536677
vt 0.836895 0.536677
vt 0.836895 0.536677
vt 0.663105 0.536677
vt 0.655379 0.519357
vt 0.644357 0.530379
vt 0.625383 0.522520
vt 0.647520 0.500383
vt 0.644357 0.719621
vt 0.655379 0.730643
vt 0.647520 0.749617
vt 0.625383 0.727480
vt 0.837365 0.713128
vt 0.838128 0.712365
vt 0.855191 0.719433
vt 0.844433 0.730191
vt 0.655851 0.730838
vt 0.844149 0.730838
vt 0.852008 0.749812
vt 0.647992 0.749813
vt 0.534879 0.727008
vt 0.534879 0.522992
vt 0.643278 0.530851
vt 0.643278 0.719149
vt 0.837365 0.536872
vt 0.844433 0.519809
vt 0.855191 0.530567
vt 0.663267 0.538214
vt 0.663214 0.538267
vt 0.663214 0.538267
vt 0.663267 0.538214
vt 0.843962 0.730386
vt 0.656038 0.730386
vt 0.655567 0.730191
vt 0.644809 0.719433
vt 0.656038 0.519614
vt 0.843962 0.519614
vt 0.644614 0.718962
vt 0.644614 0.531038
vt 0.855839 0.719149
vt 0.855838 0.530851
vt 0.874813 0.522992
vt 0.874813 0.727008
vt 0.662635 0.536872
vt 0.644809 0.530567
vt 0.655567 0.519809
vt 0.855386 0.531038
vt 0.855386 0.718962
vt 0.836317 0.711927
vt 0.663683 0.711927
vt 0.663682 0.711927
vt 0.836317 0.711927
vt 0.836317 0.538073
vt 0.663683 0.538073
vt 0.663105 0.536677
vt 0.836895 0.536677
vt 0.663073 0.711317
vt 0.663073 0.538683
vt 0.663073 0.538683
vt 0.663073 0.711317
vt 0.663267 0.538214
vt 0.663683 0.538073
vt 0.836318 0.538073
vt 0.836786 0.538267
vt 0.836733 0.538214
vt 0.836927 0.538683
vt 0.836927 0.711317
vt 0.836733 0.711786
vt 0.836786 0.711733
vt 0.836317 0.711927
vt 0.663683 0.711927
vt 0.663214 0.711733
vt 0.663267 0.711786
vt 0.836786 0.538267
vt 0.836733 0.538214
vt 0.836733 0.538214
vt 0.836786 0.538267
vt 0.836927 0.538683
vt 0.836927 0.711317
vt 0.663214 0.711733
vt 0.663267 0.711786
vt 0.663214 0.711733
vt 0.836318 0.538073
vt 0.663683 0.538073
vt 0.836895 0.713323
vt 0.663105 0.713323
vt 0.663267 0.711786
vt 0.663214 0.711733
vt 0.662635 0.713128
vt 0.836786 0.538267
vt 0.663267 0.538214
vt 0.836786 0.711733
vt 0.836733 0.711786
vt 0.838128 0.712365
vt 0.837365 0.713128
vt 0.875000 0.727097
vt 0.875000 0.727362
vt 0.874760 0.727263
vt 0.852263 0.749760
vt 0.852550 0.749813
vt 0.852362 0.750000
vt 0.852097 0.500000
vt 0.852362 0.500000
vt 0.852263 0.500240
vt 0.874760 0.522737
vt 0.875000 0.522638
vt 0.875000 0.522903
vt 0.647903 0.750000
vt 0.647638 0.750000
vt 0.647737 0.749760
vt 0.625240 0.727263
vt 0.625187 0.727550
vt 0.625000 0.727362
vt 0.533808 0.522903
vt 0.533808 0.522638
vt 0.535180 0.522737
vt 0.647737 0.500240
vt 0.647638 0.500000
vt 0.647903 0.500000
vt 0.644712 0.530803
vt 0.644349 0.530652
vt 0.644489 0.530512
vt 0.644349 0.718962
vt 0.644349 0.719348
vt 0.643579 0.719403
vt 0.874813 0.727550
vt 0.852550 0.500187
vt 0.874813 0.522450
vt 0.644214 0.530597
vt 0.625240 0.522737
vt 0.625187 0.522450
vt 0.647450 0.500187
vt 0.644214 0.719403
vt 0.647450 0.749813
vt 0.852097 0.750000
vt 0.532559 0.000000
vt 0.532559 0.000187
vt 0.375000 0.000187
vt 0.375000 0.022450
vt 0.532559 0.022450
vt 0.562500 0.000000
vt 0.562500 0.250000
vt 0.562500 0.500000
vt 0.616029 0.513109
vt 0.616029 0.736891
vt 0.562500 0.750000
vt 0.562500 1.000000
vt 0.500000 0.513109
vt 0.383971 0.513109
vt 0.500000 0.500000
vt 0.383971 0.736891
vt 0.558014 0.736891
vt 0.500000 0.733008
vt 0.386629 0.733008
vt 0.558014 0.513109
vt 0.500000 0.736891
vt 0.500000 0.516992
vt 0.386629 0.516992
vt 0.613371 0.733008
vt 0.613371 0.516992
vt 0.556686 0.733008
vt 0.504188 0.523111
vt 0.552498 0.523111
vt 0.556686 0.516992
vt 0.500000 0.750000
vt 0.500000 1.000000
vt 0.500000 0.250000
vt 0.504188 0.726889
vt 0.609184 0.726889
vt 0.609184 0.523111
vt 0.560873 0.523111
vt 0.560873 0.726889
vt 0.552498 0.726889
vt 0.607436 0.724335
vt 0.562621 0.724335
vt 0.505935 0.525665
vt 0.550751 0.525665
vt 0.607436 0.525665
vt 0.562621 0.525665
vt 0.505935 0.724335
vt 0.550751 0.724335
vt 0.510496 0.532330
vt 0.546190 0.532330
vt 0.510496 0.717671
vt 0.602875 0.717670
vt 0.602875 0.532330
vt 0.567182 0.532330
vt 0.567182 0.717671
vt 0.546190 0.717671
vt 0.375000 0.187500
vt 0.625000 0.187500
vt 0.375000 0.437500
vt 0.625000 0.437500
vt 0.375000 0.687500
vt 0.625000 0.687500
vt 0.375000 0.937500
vt 0.625000 0.937500
vt 0.312500 0.687500
vt 0.312500 0.750000
vt 0.812500 0.687500
vt 0.875000 0.687500
vt 0.812500 0.750000
vt 0.812500 0.500000
vt 0.875000 0.562500
vt 0.812500 0.562500
vt 0.875000 0.625000
vt 0.812500 0.625000
vt 0.312500 0.500000
vt 0.375000 0.562500
vt 0.312500 0.562500
vt 0.375000 0.625000
vt 0.312500 0.625000
vt 0.625000 0.562500
vt 0.625000 0.625000
vt 0.625000 0.062500
vt 0.375000 0.062500
vt 0.625000 0.125000
vt 0.375000 0.125000
vt 0.125000 0.625000
vt 0.187500 0.625000
vt 0.187500 0.687500
vt 0.125000 0.687500
vt 0.250000 0.625000
vt 0.250000 0.687500
vt 0.125000 0.562500
vt 0.187500 0.562500
vt 0.250000 0.562500
vt 0.187500 0.500000
vt 0.250000 0.500000
vt 0.687500 0.625000
vt 0.687500 0.687500
vt 0.750000 0.625000
vt 0.750000 0.687500
vt 0.687500 0.562500
vt 0.750000 0.562500
vt 0.687500 0.500000
vt 0.750000 0.500000
vt 0.687500 0.750000
vt 0.750000 0.750000
vt 0.187500 0.750000
vt 0.250000 0.750000
vt 0.625000 0.812500
vt 0.375000 0.812500
vt 0.625000 0.875000
vt 0.375000 0.875000
vt 0.625000 0.312500
vt 0.375000 0.312500
vt 0.625000 0.375000
vt 0.375000 0.375000
s 0
usemtl M_Noir_Bleuté
f 177/1/1 148/2/1 17/3/1 61/4/1
f 140/5/1 18/6/1 45/7/1 169/8/1
f 20/9/1 64/10/1 185/11/1 156/12/1
f 100/13/2 205/14/2 198/15/2 97/16/2
f 146/17/3 210/18/3 208/19/3 147/20/3
f 85/21/4 86/22/4 87/23/4 88/24/4 10/25/4 22/26/4 1/27/4
f 8/28/5 136/29/5 220/30/5 103/31/5
f 110/32/6 225/33/6 153/34/6 13/35/6
f 106/36/7 239/37/7 137/38/7 5/39/7
f 102/40/8 211/41/8 145/42/8 15/43/8
f 14/44/6 160/45/6 206/46/6 99/47/6
f 52/48/9 40/49/9 8/28/9 26/50/9
f 6/51/7 144/52/7 234/53/7 111/54/7
f 50/55/10 38/56/10 6/51/10 28/57/10
f 235/58/1 243/59/1 149/60/1 18/6/1 140/61/1
f 40/49/5 165/62/5 136/63/5 8/28/5
f 38/56/7 173/64/7 144/65/7 6/51/7
f 44/66/11 35/67/11 3/68/11 23/69/11
f 98/70/5 197/71/5 129/72/5 7/73/5
f 194/74/12 131/75/12 130/76/12 196/77/12
f 58/78/6 189/79/6 160/80/6 14/44/6
f 17/3/1 133/81/1 168/82/1 47/83/1
f 34/84/13 42/85/13 24/86/13 2/87/13
f 79/88/4 44/66/4 23/69/4 67/89/4
f 105/90/14 119/91/14 118/92/14 108/93/14
f 53/94/15 9/95/15 21/96/15 65/97/15
f 176/98/1 46/99/1 20/9/1 141/100/1
f 75/101/1 48/102/1 19/103/1 63/104/1
f 191/105/16 158/106/16 159/107/16 190/108/16
f 212/109/17 101/110/17 104/111/17 219/112/17
f 16/113/8 152/114/8 248/115/8 107/116/8
f 72/117/18 60/118/18 16/113/18 30/119/18
f 70/120/19 58/78/19 14/44/19 32/121/19
f 183/122/3 150/123/3 151/124/3 182/125/3
f 39/126/5 164/127/5 165/128/5 40/49/5
f 2/87/4 24/86/4 11/129/4 81/130/4 82/131/4 83/132/4 84/133/4
f 67/89/20 23/69/20 12/134/20 56/135/20
f 9/95/4 93/136/4 94/137/4 95/138/4 96/139/4 4/140/4 21/96/4
f 101/141/17 115/142/17 114/143/17 104/111/17
f 23/69/4 3/68/4 89/144/4 90/145/4 91/146/4 92/147/4 12/134/4
f 109/148/21 123/149/21 122/150/21 112/151/21
f 55/152/22 70/120/22 32/121/22 11/153/22
f 92/154/6 124/155/6 31/156/6 12/157/6
f 53/158/23 72/117/23 30/119/23 9/159/23
f 88/160/8 116/161/8 29/162/8 10/163/8
f 35/67/24 50/55/24 28/57/24 3/68/24
f 96/139/7 120/164/7 27/165/7 4/140/7
f 33/166/25 52/48/25 26/50/25 1/167/25
f 84/168/5 125/169/5 25/170/5 2/171/5
f 123/149/21 91/172/21 90/173/21 122/174/21
f 127/175/2 100/176/2 97/16/2 126/177/2
f 119/91/14 95/178/14 94/179/14 118/180/14
f 19/103/1 132/181/1 193/182/1 201/183/1 157/184/1
f 2/171/26 25/170/26 51/185/26 34/186/26
f 34/186/5 51/185/5 52/48/5 33/166/5
f 4/140/27 27/165/27 49/187/27 36/188/27
f 36/188/7 49/187/7 50/55/7 35/67/7
f 61/4/1 17/3/1 47/83/1 73/189/1
f 73/189/1 47/83/1 48/102/1 75/101/1
f 240/190/14 105/90/14 108/93/14 247/191/14
f 59/192/8 180/193/8 181/194/8 60/118/8
f 65/97/4 21/96/4 43/195/4 77/196/4
f 77/196/4 43/195/4 44/66/4 79/88/4
f 1/27/28 22/26/28 41/197/28 33/198/28
f 33/198/29 41/197/29 42/85/29 34/84/29
f 167/199/12 134/200/12 135/201/12 166/202/12
f 178/203/3 183/122/3 182/204/3 179/205/3
f 175/206/30 142/207/30 143/208/30 174/209/30
f 37/210/7 172/211/7 173/212/7 38/56/7
f 21/96/31 4/140/31 36/188/31 43/195/31
f 43/195/32 36/188/32 35/67/32 44/66/32
f 138/213/30 238/214/30 236/215/30 139/216/30
f 170/217/30 175/218/30 174/209/30 171/219/30
f 27/165/33 5/39/33 37/210/33 49/187/33
f 49/187/34 37/210/34 38/56/34 50/55/34
f 25/170/35 7/73/35 39/126/35 51/185/35
f 51/185/36 39/126/36 40/49/36 52/48/36
f 41/197/4 78/220/4 80/221/4 42/85/4
f 78/220/4 77/196/4 79/88/4 80/221/4
f 22/26/4 66/222/4 78/220/4 41/197/4
f 66/222/4 65/97/4 77/196/4 78/220/4
f 45/7/1 74/223/1 76/224/1 46/99/1
f 74/223/1 73/189/1 75/101/1 76/224/1
f 18/6/1 62/225/1 74/223/1 45/7/1
f 62/225/1 61/4/1 73/189/1 74/223/1
f 10/163/37 29/162/37 71/226/37 54/227/37
f 54/227/8 71/226/8 72/117/8 53/158/8
f 12/157/38 31/156/38 69/228/38 56/229/38
f 56/229/6 69/228/6 70/120/6 55/152/6
f 60/118/8 181/230/8 152/231/8 16/113/8
f 57/232/6 188/233/6 189/234/6 58/78/6
f 162/235/12 167/236/12 166/237/12 163/238/12
f 32/121/6 14/44/6 99/47/6 128/239/6
f 24/86/39 68/240/39 55/241/39 11/129/39
f 68/240/40 67/89/40 56/135/40 55/241/40
f 226/242/21 109/148/21 112/243/21 233/244/21
f 202/245/41 195/246/41 199/247/41 204/248/41
f 31/156/42 13/35/42 57/232/42 69/228/42
f 69/228/43 57/232/43 58/78/43 70/120/43
f 29/162/44 15/43/44 59/192/44 71/226/44
f 71/226/45 59/192/45 60/118/45 72/117/45
f 154/249/16 224/250/16 222/251/16 155/252/16
f 186/253/16 191/254/16 190/255/16 187/256/16
f 46/99/1 76/224/1 64/10/1 20/9/1
f 76/224/1 75/101/1 63/104/1 64/10/1
f 10/25/46 54/257/46 66/222/46 22/26/46
f 54/257/47 53/94/47 65/97/47 66/222/47
f 42/85/4 80/221/4 68/240/4 24/86/4
f 80/221/4 79/88/4 67/89/4 68/240/4
f 26/50/5 8/28/5 103/31/5 113/258/5
f 1/167/5 26/50/5 113/258/5 85/259/5
f 9/159/8 30/119/8 117/260/8 93/261/8
f 3/68/7 28/57/7 121/262/7 89/144/7
f 125/263/5 98/264/5 7/73/5 25/170/5
f 28/57/7 6/51/7 111/54/7 121/262/7
f 30/119/8 16/113/8 107/116/8 117/265/8
f 116/266/8 102/267/8 15/43/8 29/162/8
f 120/164/7 106/36/7 5/39/7 27/165/7
f 124/268/6 110/269/6 13/35/6 31/156/6
f 11/153/6 32/121/6 128/239/6 81/270/6
f 115/271/17 87/272/17 86/273/17 114/143/17
f 217/274/12 135/275/12 134/200/12 214/276/12
f 231/277/30 143/208/30 142/278/30 228/279/30
f 245/280/3 151/124/3 150/281/3 242/282/3
f 158/283/16 200/284/16 203/285/16 159/107/16
f 7/73/5 129/286/5 164/287/5 39/126/5
f 47/83/1 168/288/1 161/289/1 48/102/1
f 5/39/7 137/290/7 172/291/7 37/210/7
f 169/292/1 45/7/1 46/99/1 176/293/1
f 15/43/8 145/294/8 180/295/8 59/192/8
f 184/296/1 177/297/1 61/4/1 62/225/1
f 13/35/6 153/298/6 188/299/6 57/232/6
f 64/10/1 63/104/1 192/300/1 185/301/1
f 216/302/48 209/303/48 213/304/48 218/305/48
f 230/306/49 223/307/49 227/308/49 232/309/49
f 244/310/50 237/311/50 241/312/50 246/313/50
f 131/75/12 162/314/12 163/238/12 130/315/12
f 63/104/1 19/103/1 157/316/1 192/317/1
f 147/20/3 178/318/3 179/205/3 146/319/3
f 148/320/1 207/321/1 215/322/1 133/323/1 17/3/1
f 141/324/1 20/9/1 156/325/1 221/326/1 229/327/1
f 155/328/16 186/329/16 187/256/16 154/330/16
f 139/331/30 170/332/30 171/219/30 138/213/30
f 149/333/1 184/334/1 62/225/1 18/6/1
f 48/102/1 161/335/1 132/336/1 19/103/1
f 193/337/51 194/74/51 195/338/51
f 196/339/52 197/71/52 198/340/52 199/341/52
f 200/284/53 201/342/53 202/343/53
f 203/344/54 204/248/54 205/345/54 206/346/54
f 207/347/55 208/19/55 209/348/55
f 210/349/56 211/41/56 212/350/56 213/351/56
f 214/276/57 215/352/57 216/353/57
f 217/354/58 218/305/58 219/355/58 220/356/58
f 221/357/59 222/251/59 223/358/59
f 224/359/60 225/33/60 226/360/60 227/361/60
f 228/279/61 229/362/61 230/363/61
f 231/364/62 232/309/62 233/365/62 234/366/62
f 235/367/63 236/215/63 237/368/63
f 238/369/64 239/37/64 240/370/64 241/371/64
f 242/282/65 243/372/65 244/373/65
f 245/374/66 246/313/66 247/375/66 248/376/66
f 116/161/67 88/160/67 87/272/67 115/271/67
f 85/259/68 113/258/68 114/143/68 86/273/68
f 120/164/69 96/139/69 95/178/69 119/91/69
f 93/261/70 117/260/70 118/180/70 94/179/70
f 124/155/71 92/154/71 91/172/71 123/149/71
f 89/144/72 121/262/72 122/174/72 90/173/72
f 128/377/73 99/378/73 100/176/73 127/175/73
f 98/264/74 125/263/74 126/177/74 97/16/74
f 102/267/67 116/266/67 115/142/67 101/141/67
f 113/258/68 103/31/68 104/111/68 114/143/68
f 106/36/69 120/164/69 119/91/69 105/90/69
f 117/265/70 107/116/70 108/93/70 118/92/70
f 110/269/71 124/268/71 123/149/71 109/148/71
f 121/262/72 111/54/72 112/151/72 122/150/72
f 81/379/73 128/377/73 127/380/73 82/381/73
f 125/169/74 84/168/74 83/382/74 126/177/74
f 168/383/75 133/384/75 134/200/75 167/199/75
f 136/63/76 165/62/76 166/202/76 135/201/76
f 176/98/77 141/100/77 142/207/77 175/206/77
f 144/65/78 173/64/78 174/209/78 143/208/78
f 184/385/79 149/386/79 150/123/79 183/122/79
f 152/231/80 181/230/80 182/125/80 151/124/80
f 192/387/81 157/388/81 158/106/81 191/105/81
f 160/80/82 189/79/82 190/108/82 159/107/82
f 132/389/75 161/390/75 162/314/75 131/75/75
f 164/287/76 129/286/76 130/315/76 163/238/76
f 161/390/75 168/383/75 167/236/75 162/235/75
f 165/128/76 164/127/76 163/238/76 166/237/76
f 140/5/77 169/8/77 170/332/77 139/331/77
f 172/291/78 137/290/78 138/213/78 171/219/78
f 169/292/77 176/293/77 175/218/77 170/217/77
f 173/212/78 172/211/78 171/219/78 174/209/78
f 148/391/79 177/392/79 178/318/79 147/20/79
f 180/295/80 145/294/80 146/319/80 179/205/80
f 177/392/79 184/385/79 183/122/79 178/203/79
f 181/194/80 180/193/80 179/205/80 182/204/80
f 156/393/81 185/394/81 186/329/81 155/328/81
f 188/299/82 153/298/82 154/330/82 187/256/82
f 185/394/81 192/387/81 191/254/81 186/253/81
f 189/234/82 188/233/82 187/256/82 190/255/82
f 203/344/83 200/395/83 202/245/83 204/248/83
f 201/396/84 193/397/84 195/246/84 202/245/84
f 194/398/85 196/399/85 199/247/85 195/246/85
f 198/15/86 205/14/86 204/248/86 199/247/86
f 217/354/87 214/400/87 216/302/87 218/305/87
f 215/401/88 207/402/88 209/303/88 216/302/88
f 208/403/89 210/404/89 213/304/89 209/303/89
f 212/109/90 219/112/90 218/305/90 213/304/90
f 245/374/91 242/405/91 244/310/91 246/313/91
f 243/406/92 235/407/92 237/311/92 244/310/92
f 236/408/93 238/409/93 241/312/93 237/311/93
f 240/190/94 247/191/94 246/313/94 241/312/94
f 231/364/95 228/410/95 230/306/95 232/309/95
f 229/411/96 221/412/96 223/307/96 230/306/96
f 222/413/97 224/414/97 227/308/97 223/307/97
f 226/242/98 233/244/98 232/309/98 227/308/98
f 193/337/75 132/389/75 131/75/75 194/74/75
f 129/72/76 197/71/76 196/77/76 130/76/76
f 157/388/81 201/342/81 200/284/81 158/283/81
f 206/46/82 160/45/82 159/107/82 203/285/82
f 145/42/80 211/41/80 210/18/80 146/17/80
f 207/347/79 148/391/79 147/20/79 208/19/79
f 220/30/76 136/29/76 135/275/76 217/274/76
f 133/384/75 215/352/75 214/276/75 134/200/75
f 234/53/78 144/52/78 143/208/78 231/277/78
f 141/324/77 229/327/77 228/279/77 142/278/77
f 153/34/82 225/33/82 224/250/82 154/249/82
f 221/357/81 156/393/81 155/252/81 222/251/81
f 137/38/78 239/37/78 238/214/78 138/213/78
f 235/58/77 140/61/77 139/216/77 236/215/77
f 248/115/80 152/114/80 151/124/80 245/280/80
f 149/386/79 243/372/79 242/282/79 150/281/79
f 97/16/74 198/15/74 197/71/74 98/70/74
f 219/112/68 104/111/68 103/31/68 220/30/68
f 105/90/69 240/190/69 239/37/69 106/36/69
f 233/244/72 112/243/72 111/54/72 234/53/72
f 101/110/67 212/109/67 211/41/67 102/40/67
f 247/191/70 108/93/70 107/116/70 248/115/70
f 109/148/71 226/242/71 225/33/71 110/32/71
f 205/14/73 100/13/73 99/378/73 206/415/73
f 82/381/2 127/380/2 126/177/2 83/382/2
f 252/433/21 254/434/21 258/434/21 255/433/21
f 276/439/6 289/440/6 316/441/6 330/442/6
f 309/447/101 306/448/101 339/449/101 344/450/101
f 332/451/8 280/452/8 324/453/8 346/454/8
f 288/455/7 336/456/7 341/457/7 317/455/7
f 279/471/5 276/439/5 330/439/5 325/472/5
f 320/473/104 310/474/104 343/475/104 323/476/104
f 305/477/105 313/478/105 318/479/105 340/480/105
f 328/481/106 321/482/106 326/483/106 329/484/106
f 252/433/14 251/485/14 335/486/14 333/487/14
f 312/488/107 328/489/107 329/490/107 315/491/107
f 261/496/4 262/497/4 267/498/4 268/499/4 269/500/4 270/501/4 263/461/4 264/502/4 249/503/4
f 254/434/14 252/433/14 333/487/14 345/514/14
f 253/515/14 254/434/14 345/514/14 342/516/14
f 251/485/14 253/515/14 342/516/14 335/486/14
f 254/434/4 253/515/4 257/515/4 258/434/4
f 253/515/17 251/485/17 256/485/17 257/515/17
f 251/485/1 252/433/1 255/433/1 256/485/1
f 279/471/109 280/452/109 281/416/109 282/444/109
f 287/520/111 288/455/111 289/521/111 290/521/111
f 315/491/118 316/441/118 317/455/118 318/479/118
f 323/476/120 324/453/120 325/472/120 326/483/120
f 335/533/122 336/456/122 337/534/122 338/535/122
f 339/449/123 340/480/123 341/457/123 342/516/123
f 343/475/124 344/450/124 345/514/124 346/454/124
f 276/439/125 279/471/125 282/444/125 275/443/125
f 289/440/128 276/439/128 275/469/128 290/468/128
f 333/487/130 335/486/130 338/493/130 334/492/130
f 280/452/133 332/451/133 331/417/133 281/416/133
f 336/456/135 288/455/135 287/465/135 337/464/135
f 339/449/136 306/448/136 305/477/136 340/480/136
f 312/488/138 315/491/138 318/479/138 313/478/138
f 317/455/137 341/457/137 340/480/137 318/479/137
f 343/475/139 310/474/139 309/447/139 344/450/139
f 342/516/141 345/514/141 344/450/141 339/449/141
f 330/442/142 316/441/142 315/491/142 329/490/142
f 320/473/144 323/476/144 326/483/144 321/482/144
f 325/472/143 330/439/143 329/484/143 326/483/143
f 346/454/145 324/453/145 323/476/145 343/475/145
f 316/441/21 289/440/21 288/455/21 317/455/21
f 335/486/146 342/516/146 341/457/146 336/456/146
f 332/451/147 346/454/147 345/514/147 333/487/147
f 279/471/17 325/472/17 324/453/17 280/452/17
f 350/433/2 352/434/2 356/434/2 353/433/2
f 374/439/5 387/440/5 414/441/5 428/442/5
f 407/447/148 404/448/148 437/449/148 442/450/148
f 430/451/7 378/452/7 422/453/7 444/454/7
f 386/455/6 434/456/6 439/457/6 415/455/6
f 377/471/8 374/439/8 428/439/8 423/472/8
f 418/473/105 408/474/105 441/475/105 421/476/105
f 403/477/107 411/478/107 416/479/107 438/480/107
f 426/481/104 419/482/104 424/483/104 427/484/104
f 350/433/21 349/485/21 433/486/21 431/487/21
f 410/488/106 426/489/106 427/490/106 413/491/106
f 359/496/4 360/497/4 365/498/4 366/499/4 367/500/4 368/501/4 361/461/4 362/502/4 347/503/4
f 352/434/21 350/433/21 431/487/21 443/514/21
f 351/515/21 352/434/21 443/514/21 440/516/21
f 349/485/21 351/515/21 440/516/21 433/486/21
f 352/434/4 351/515/4 355/515/4 356/434/4
f 351/515/14 349/485/14 354/485/14 355/515/14
f 349/485/1 350/433/1 353/433/1 354/485/1
f 377/471/150 378/452/150 379/416/150 380/444/150
f 385/520/152 386/455/152 387/521/152 388/521/152
f 413/491/159 414/441/159 415/455/159 416/479/159
f 421/476/161 422/453/161 423/472/161 424/483/161
f 433/533/163 434/456/163 435/534/163 436/535/163
f 437/449/164 438/480/164 439/457/164 440/516/164
f 441/475/165 442/450/165 443/514/165 444/454/165
f 374/439/134 377/471/134 380/444/134 373/443/134
f 387/440/125 374/439/125 373/469/125 388/468/125
f 431/487/169 433/486/169 436/493/169 432/492/169
f 378/452/135 430/451/135 429/417/135 379/416/135
f 434/456/128 386/455/128 385/465/128 435/464/128
f 437/449/173 404/448/173 403/477/173 438/480/173
f 410/488/174 413/491/174 416/479/174 411/478/174
f 415/455/142 439/457/142 438/480/142 416/479/142
f 441/475/175 408/474/175 407/447/175 442/450/175
f 440/516/177 443/514/177 442/450/177 437/449/177
f 428/442/143 414/441/143 413/491/143 427/490/143
f 418/473/178 421/476/178 424/483/178 419/482/178
f 423/472/145 428/439/145 427/484/145 424/483/145
f 444/454/137 422/453/137 421/476/137 441/475/137
f 414/441/2 387/440/2 386/455/2 415/455/2
f 433/486/179 440/516/179 439/457/179 434/456/179
f 430/451/180 444/454/180 443/514/180 431/487/180
f 377/471/14 423/472/14 422/453/14 378/452/14
f 448/433/14 450/434/14 454/434/14 451/433/14
f 472/439/7 485/440/7 512/441/7 526/442/7
f 505/447/181 502/448/181 535/449/181 540/450/181
f 528/451/5 476/452/5 520/453/5 542/454/5
f 484/455/8 532/456/8 537/457/8 513/455/8
f 475/471/6 472/439/6 526/439/6 521/472/6
f 516/473/106 506/474/106 539/475/106 519/476/106
f 501/477/104 509/478/104 514/479/104 536/480/104
f 524/481/107 517/482/107 522/483/107 525/484/107
f 448/433/17 447/485/17 531/486/17 529/487/17
f 508/488/105 524/489/105 525/490/105 511/491/105
f 457/496/4 458/497/4 463/498/4 464/499/4 465/500/4 466/501/4 459/461/4 460/502/4 445/503/4
f 450/434/17 448/433/17 529/487/17 541/514/17
f 449/515/17 450/434/17 541/514/17 538/516/17
f 447/485/17 449/515/17 538/516/17 531/486/17
f 450/434/4 449/515/4 453/515/4 454/434/4
f 449/515/2 447/485/2 452/485/2 453/515/2
f 447/485/1 448/433/1 451/433/1 452/485/1
f 475/471/183 476/452/183 477/416/183 478/444/183
f 483/520/150 484/455/150 485/521/150 486/521/150
f 511/491/161 512/441/161 513/455/161 514/479/161
f 519/476/159 520/453/159 521/472/159 522/483/159
f 531/533/189 532/456/189 533/534/189 534/535/189
f 535/449/190 536/480/190 537/457/190 538/516/190
f 539/475/191 540/450/191 541/514/191 542/454/191
f 472/439/128 475/471/128 478/444/128 471/443/128
f 485/440/135 472/439/135 471/469/135 486/468/135
f 529/487/196 531/486/196 534/493/196 530/492/196
f 476/452/125 528/451/125 527/417/125 477/416/125
f 532/456/134 484/455/134 483/465/134 533/464/134
f 535/449/200 502/448/200 501/477/200 536/480/200
f 508/488/178 511/491/178 514/479/178 509/478/178
f 513/455/145 537/457/145 536/480/145 514/479/145
f 539/475/201 506/474/201 505/447/201 540/450/201
f 538/516/203 541/514/203 540/450/203 535/449/203
f 526/442/137 512/441/137 511/491/137 525/490/137
f 516/473/174 519/476/174 522/483/174 517/482/174
f 521/472/142 526/439/142 525/484/142 522/483/142
f 542/454/143 520/453/143 519/476/143 539/475/143
f 512/441/14 485/440/14 484/455/14 513/455/14
f 531/486/204 538/516/204 537/457/204 532/456/204
f 528/451/205 542/454/205 541/514/205 529/487/205
f 475/471/2 521/472/2 520/453/2 476/452/2
f 546/433/17 548/434/17 552/434/17 549/433/17
f 570/439/8 583/440/8 610/441/8 624/442/8
f 603/447/206 600/448/206 633/449/206 638/450/206
f 626/451/6 574/452/6 618/453/6 640/454/6
f 582/455/5 630/456/5 635/457/5 611/455/5
f 573/471/7 570/439/7 624/439/7 619/472/7
f 614/473/107 604/474/107 637/475/107 617/476/107
f 599/477/106 607/478/106 612/479/106 634/480/106
f 622/481/105 615/482/105 620/483/105 623/484/105
f 546/433/2 545/485/2 629/486/2 627/487/2
f 606/488/104 622/489/104 623/490/104 609/491/104
f 555/496/4 556/497/4 561/498/4 562/499/4 563/500/4 564/501/4 557/461/4 558/502/4 543/503/4
f 548/434/2 546/433/2 627/487/2 639/514/2
f 547/515/2 548/434/2 639/514/2 636/516/2
f 545/485/2 547/515/2 636/516/2 629/486/2
f 548/434/4 547/515/4 551/515/4 552/434/4
f 547/515/21 545/485/21 550/485/21 551/515/21
f 545/485/1 546/433/1 549/433/1 550/485/1
f 573/471/111 574/452/111 575/416/111 576/444/111
f 581/520/109 582/455/109 583/521/109 584/521/109
f 609/491/120 610/441/120 611/455/120 612/479/120
f 617/476/118 618/453/118 619/472/118 620/483/118
f 629/533/213 630/456/213 631/534/213 632/535/213
f 633/449/214 634/480/214 635/457/214 636/516/214
f 637/475/215 638/450/215 639/514/215 640/454/215
f 570/439/135 573/471/135 576/444/135 569/443/135
f 583/440/134 570/439/134 569/469/134 584/468/134
f 627/487/217 629/486/217 632/493/217 628/492/217
f 574/452/193 626/451/193 625/417/193 575/416/193
f 630/456/125 582/455/125 581/465/125 631/464/125
f 633/449/220 600/448/220 599/477/220 634/480/220
f 606/488/144 609/491/144 612/479/144 607/478/144
f 611/455/143 635/457/143 634/480/143 612/479/143
f 637/475/221 604/474/221 603/447/221 638/450/221
f 636/516/223 639/514/223 638/450/223 633/449/223
f 624/442/145 610/441/145 609/491/145 623/490/145
f 614/473/138 617/476/138 620/483/138 615/482/138
f 619/472/137 624/439/137 623/484/137 620/483/137
f 640/454/142 618/453/142 617/476/142 637/475/142
f 610/441/17 583/440/17 582/455/17 611/455/17
f 629/486/224 636/516/224 635/457/224 630/456/224
f 626/451/225 640/454/225 639/514/225 627/487/225
f 573/471/21 619/472/21 618/453/21 574/452/21
f 1170/830/8 1194/831/8 1226/832/8 1175/833/8
f 1179/834/14 1186/835/14 1276/836/14 1277/837/14
f 1166/838/5 1182/839/5 1202/840/5 1167/841/5
f 1223/842/3 1193/843/3 1241/844/3 1243/845/3
f 1178/846/7 1218/847/7 1214/848/7 1171/849/7
f 1195/850/17 1169/851/17 1168/852/17 1201/853/17
f 1207/854/21 1173/855/21 1172/856/21 1213/857/21
f 1219/858/14 1177/859/14 1176/860/14 1225/861/14
f 1174/862/6 1206/863/6 1190/864/6 1163/865/6
f 1185/866/8 1204/867/8 1290/868/8 1275/869/8
f 1203/870/17 1210/871/17 1288/872/17 1289/873/17
f 1209/878/5 1216/879/5 1286/880/5 1287/881/5
f 1230/882/41 1234/883/41 1184/884/41 1188/885/41
f 1191/886/21 1198/887/21 1280/888/21 1281/889/21
f 1215/890/2 1222/891/2 1284/892/2 1285/893/2
f 1238/894/48 1242/895/48 1196/896/48 1200/897/48
f 1167/898/4 1168/899/4 1169/900/4 1170/901/4 1175/902/4 1176/903/4 1177/904/4 1178/905/4 1171/906/4 1172/907/4 1173/908/4 1174/909/4 1163/910/4 1164/911/4 1165/912/4 1166/913/4
f 1197/914/7 1180/915/7 1278/916/7 1279/917/7
f 1221/918/6 1192/919/6 1282/920/6 1283/921/6
f 1246/922/50 1250/923/50 1220/924/50 1224/925/50
f 1254/926/49 1258/927/49 1208/928/49 1212/929/49
f 1186/930/1 1179/931/1 1231/932/1 1229/933/1
f 1257/934/16 1227/935/16 1187/936/16 1205/937/16
f 1211/938/30 1217/939/30 1249/940/30 1251/941/30
f 1198/887/1 1191/942/1 1239/943/1 1237/944/1
f 1204/867/1 1185/866/1 1228/949/1 1256/950/1
f 1210/871/1 1203/870/1 1255/951/1 1253/952/1
f 1192/919/1 1221/918/1 1244/953/1 1240/954/1
f 1216/879/1 1209/878/1 1252/955/1 1248/956/1
f 1233/957/12 1235/958/12 1199/959/12 1181/960/12
f 1222/961/1 1215/890/1 1247/962/1 1245/963/1
f 1180/915/1 1197/914/1 1236/964/1 1232/965/1
f 1301/976/1 1302/978/1 1299/947/1 1300/979/1 1297/980/1 1298/981/1 1295/982/1 1296/983/1 1293/984/1 1294/985/1 1291/986/1 1292/987/1 1305/988/1 1306/989/1 1303/990/1 1304/977/1
f 1181/960/52 1182/1013/52 1183/1014/52 1184/1015/52
f 1187/1016/54 1188/885/54 1189/1017/54 1190/1018/54
f 1193/843/231 1194/1019/231 1195/1020/231 1196/1021/231
f 1199/959/232 1200/1022/232 1201/1023/232 1202/1024/232
f 1205/937/233 1206/1025/233 1207/1026/233 1208/1027/233
f 1211/1028/234 1212/929/234 1213/1029/234 1214/1030/234
f 1217/939/64 1218/1031/64 1219/1032/64 1220/1033/64
f 1223/842/66 1224/1034/66 1225/1035/66 1226/1036/66
f 1227/935/235 1228/949/235 1229/933/235 1230/882/235
f 1231/932/236 1232/965/236 1233/957/236 1234/883/236
f 1235/958/237 1236/964/237 1237/944/237 1238/894/237
f 1239/943/238 1240/954/238 1241/844/238 1242/895/238
f 1243/845/239 1244/953/239 1245/963/239 1246/922/239
f 1247/962/240 1248/1037/240 1249/1038/240 1250/1039/240
f 1251/941/241 1252/1040/241 1253/1041/241 1254/1042/241
f 1255/951/242 1256/950/242 1257/934/242 1258/927/242
f 1187/936/83 1227/935/83 1230/882/83 1188/885/83
f 1229/933/84 1231/932/84 1234/883/84 1230/882/84
f 1233/957/85 1181/960/85 1184/884/85 1234/883/85
f 1183/1043/86 1189/1017/86 1188/885/86 1184/884/86
f 1199/959/87 1235/958/87 1238/894/87 1200/897/87
f 1237/944/88 1239/943/88 1242/895/88 1238/894/88
f 1241/844/89 1193/843/89 1196/896/89 1242/895/89
f 1195/1044/90 1201/1045/90 1200/897/90 1196/896/90
f 1223/842/91 1243/845/91 1246/922/91 1224/925/91
f 1245/963/92 1247/962/92 1250/923/92 1246/922/92
f 1249/1046/93 1217/1047/93 1220/924/93 1250/923/93
f 1219/1048/94 1225/1049/94 1224/925/94 1220/924/94
f 1211/1028/95 1251/1050/95 1254/926/95 1212/929/95
f 1253/952/96 1255/951/96 1258/927/96 1254/926/96
f 1257/934/97 1205/937/97 1208/928/97 1258/927/97
f 1207/1051/98 1213/1029/98 1212/929/98 1208/928/98
f 1232/965/75 1236/964/75 1235/958/75 1233/957/75
f 1202/1024/76 1182/1013/76 1181/960/76 1199/959/76
f 1256/950/81 1228/949/81 1227/935/81 1257/934/81
f 1190/1052/82 1206/1025/82 1205/937/82 1187/936/82
f 1214/848/78 1218/847/78 1217/939/78 1211/938/78
f 1248/956/77 1252/955/77 1251/941/77 1249/940/77
f 1226/1036/80 1194/1019/80 1193/843/80 1223/842/80
f 1240/954/79 1244/953/79 1243/845/79 1241/844/79
f 1163/379/73 1190/1053/73 1189/1054/73 1164/1055/73
f 1182/839/74 1166/838/74 1165/1056/74 1183/1057/74
f 1201/853/68 1168/852/68 1167/841/68 1202/840/68
f 1173/855/71 1207/854/71 1206/863/71 1174/862/71
f 1194/831/67 1170/830/67 1169/851/67 1195/850/67
f 1225/861/70 1176/860/70 1175/833/70 1226/832/70
f 1171/849/72 1214/848/72 1213/857/72 1172/856/72
f 1177/859/69 1219/858/69 1218/847/69 1178/846/69
f 1228/949/1 1185/866/1 1186/930/1 1229/933/1
f 1180/915/1 1232/965/1 1231/932/1 1179/931/1
f 1236/964/1 1197/914/1 1198/887/1 1237/944/1
f 1192/919/1 1240/954/1 1239/943/1 1191/942/1
f 1244/953/1 1221/918/1 1222/961/1 1245/963/1
f 1216/879/1 1248/956/1 1247/962/1 1215/890/1
f 1252/955/1 1209/878/1 1210/871/1 1253/952/1
f 1204/867/1 1256/950/1 1255/951/1 1203/870/1
f 1191/886/71 1281/889/71 1282/920/71 1192/919/71
f 1284/892/73 1222/891/73 1221/918/73 1283/921/73
f 1203/870/67 1289/873/67 1290/868/67 1204/867/67
f 1276/836/70 1186/835/70 1185/866/70 1275/869/70
f 1209/878/68 1287/881/68 1288/872/68 1210/871/68
f 1197/914/72 1279/917/72 1280/888/72 1198/887/72
f 1215/890/74 1285/893/74 1286/880/74 1216/879/74
f 1179/834/69 1277/837/69 1278/916/69 1180/915/69
f 1164/1055/2 1189/1054/2 1183/1057/2 1165/1056/2
f 1865/1058/5 1830/546/5 1832/547/5 1866/1059/5
f 1866/1059/8 1832/547/8 1837/550/8 1867/1060/8
f 1836/1061/4 1834/1062/4 1848/1062/4 1845/1061/4
f 1868/1063/6 1840/551/6 1830/553/6 1865/1064/6
f 1831/554/4 1838/549/4 1839/552/4 1829/503/4
f 1837/550/1 1832/518/1 1830/555/1 1840/551/1
f 1857/1065/7 1835/1066/7 1838/549/7 1855/1067/7
f 1835/1066/7 1833/1068/7 1839/552/7 1838/549/7
f 1834/1062/7 1836/1061/7 1837/550/7 1840/551/7
f 1870/1069/7 1834/1062/7 1840/551/7 1868/1063/7
f 1869/1072/6 1836/1061/6 1845/1061/6 1871/1072/6
f 1858/1073/8 1833/1068/8 1847/1068/8 1860/1073/8
f 1833/1068/1 1835/1066/1 1846/1066/1 1847/1068/1
f 1863/1079/6 1879/1080/6 1897/1080/6 1898/1079/6
f 1870/1069/8 1858/1073/8 1860/1073/8 1872/1069/8
f 1835/1066/6 1857/1065/6 1859/1065/6 1846/1066/6
f 1833/1068/7 1858/1073/7 1856/1082/7 1839/552/7
f 1869/1072/7 1857/1065/7 1855/1067/7 1867/1060/7
f 1839/552/6 1856/1082/6 1853/1083/6 1829/428/6
f 1831/548/8 1854/1084/8 1855/1067/8 1838/549/8
f 1829/379/5 1853/378/5 1854/1084/5 1831/548/5
f 1836/1061/7 1869/1072/7 1867/1060/7 1837/550/7
f 1834/1062/8 1870/1069/8 1872/1069/8 1848/1062/8
f 1864/1085/1 1863/1079/1 1898/1079/1 1900/1085/1
f 1857/1065/6 1869/1072/6 1871/1072/6 1859/1065/6
f 1858/1073/7 1870/1069/7 1868/1063/7 1856/1082/7
f 1856/1082/6 1868/1063/6 1865/1064/6 1853/1083/6
f 1854/1084/8 1866/1059/8 1867/1060/8 1855/1067/8
f 1853/378/5 1865/1058/5 1866/1059/5 1854/1084/5
f 1852/1086/7 1849/1087/7 1877/1077/7 1878/1076/7
f 1849/1087/7 1875/1088/7 1881/1081/7 1877/1077/7
f 1876/1089/7 1852/1086/7 1878/1076/7 1883/1078/7
f 1875/1088/7 1876/1089/7 1883/1078/7 1881/1081/7
f 1879/1080/7 1863/1079/7 1882/1074/7 1881/1081/7
f 1864/1085/7 1880/1090/7 1883/1078/7 1884/1070/7
f 1863/1079/7 1864/1085/7 1884/1070/7 1882/1074/7
f 1880/1090/7 1879/1080/7 1881/1081/7 1883/1078/7
f 1852/1086/8 1876/1089/8 1896/1089/8 1894/1086/8
f 1879/1080/4 1880/1090/4 1899/1090/4 1897/1080/4
f 1849/1087/4 1852/1086/4 1894/1086/4 1893/1087/4
f 1880/1090/8 1864/1085/8 1900/1085/8 1899/1090/8
f 1876/1089/1 1875/1088/1 1895/1088/1 1896/1089/1
f 1875/1088/6 1849/1087/6 1893/1087/6 1895/1088/6
f 1850/1075/7 1882/1074/7 1884/1070/7 1851/1071/7
f 1961/1058/7 1926/546/7 1928/547/7 1962/1059/7
f 1962/1059/6 1928/547/6 1933/550/6 1963/1060/6
f 1932/1061/4 1930/1062/4 1944/1062/4 1941/1061/4
f 1964/1063/8 1936/551/8 1926/553/8 1961/1064/8
f 1927/554/4 1934/549/4 1935/552/4 1925/503/4
f 1933/550/1 1928/518/1 1926/555/1 1936/551/1
f 1953/1065/5 1931/1066/5 1934/549/5 1951/1067/5
f 1931/1066/5 1929/1068/5 1935/552/5 1934/549/5
f 1930/1062/5 1932/1061/5 1933/550/5 1936/551/5
f 1966/1069/5 1930/1062/5 1936/551/5 1964/1063/5
f 1965/1072/8 1932/1061/8 1941/1061/8 1967/1072/8
f 1954/1073/6 1929/1068/6 1943/1068/6 1956/1073/6
f 1929/1068/1 1931/1066/1 1942/1066/1 1943/1068/1
f 1959/1079/8 1975/1080/8 1993/1080/8 1994/1079/8
f 1966/1069/6 1954/1073/6 1956/1073/6 1968/1069/6
f 1931/1066/8 1953/1065/8 1955/1065/8 1942/1066/8
f 1929/1068/5 1954/1073/5 1952/1082/5 1935/552/5
f 1965/1072/5 1953/1065/5 1951/1067/5 1963/1060/5
f 1935/552/8 1952/1082/8 1949/1083/8 1925/428/8
f 1927/548/6 1950/1084/6 1951/1067/6 1934/549/6
f 1925/379/7 1949/378/7 1950/1084/7 1927/548/7
f 1932/1061/5 1965/1072/5 1963/1060/5 1933/550/5
f 1930/1062/6 1966/1069/6 1968/1069/6 1944/1062/6
f 1960/1085/1 1959/1079/1 1994/1079/1 1996/1085/1
f 1953/1065/8 1965/1072/8 1967/1072/8 1955/1065/8
f 1954/1073/5 1966/1069/5 1964/1063/5 1952/1082/5
f 1952/1082/8 1964/1063/8 1961/1064/8 1949/1083/8
f 1950/1084/6 1962/1059/6 1963/1060/6 1951/1067/6
f 1949/378/7 1961/1058/7 1962/1059/7 1950/1084/7
f 1948/1086/5 1945/1087/5 1973/1077/5 1974/1076/5
f 1945/1087/5 1971/1088/5 1977/1081/5 1973/1077/5
f 1972/1089/5 1948/1086/5 1974/1076/5 1979/1078/5
f 1971/1088/5 1972/1089/5 1979/1078/5 1977/1081/5
f 1975/1080/5 1959/1079/5 1978/1074/5 1977/1081/5
f 1960/1085/5 1976/1090/5 1979/1078/5 1980/1070/5
f 1959/1079/5 1960/1085/5 1980/1070/5 1978/1074/5
f 1976/1090/5 1975/1080/5 1977/1081/5 1979/1078/5
f 1948/1086/6 1972/1089/6 1992/1089/6 1990/1086/6
f 1975/1080/4 1976/1090/4 1995/1090/4 1993/1080/4
f 1945/1087/4 1948/1086/4 1990/1086/4 1989/1087/4
f 1976/1090/6 1960/1085/6 1996/1085/6 1995/1090/6
f 1972/1089/1 1971/1088/1 1991/1088/1 1992/1089/1
f 1971/1088/8 1945/1087/8 1989/1087/8 1991/1088/8
f 1946/1075/5 1978/1074/5 1980/1070/5 1947/1071/5
usemtl M_Orange
f 281/416/99 331/417/99 299/418/99 283/419/99
f 327/420/6 311/421/6 271/421/6 250/420/6
f 249/379/5 277/422/5 285/423/5 261/424/5
f 264/425/6 293/426/6 277/427/6 249/428/6
f 303/429/14 308/430/14 265/431/14 274/432/14
f 262/435/8 284/436/8 302/437/8 267/438/8
f 275/443/100 282/444/100 286/445/100 278/446/100
f 270/458/7 296/459/7 294/460/7 263/461/7
f 322/462/5 327/420/5 250/420/5 260/463/5
f 337/464/102 287/465/102 291/466/102 295/467/102
f 290/468/103 275/469/103 278/446/103 292/470/103
f 334/492/108 338/493/108 298/494/108 300/495/108
f 273/504/1 274/432/1 265/431/1 266/505/1 259/506/1 260/463/1 250/420/1 271/421/1 272/507/1
f 314/508/7 304/509/7 273/509/7 272/507/7
f 297/510/14 269/511/14 268/512/14 301/513/14
f 283/419/110 284/517/110 285/518/110 286/519/110
f 291/466/112 292/522/112 293/523/112 294/524/112
f 295/467/113 296/525/113 297/526/113 298/527/113
f 299/418/114 300/528/114 301/529/114 302/530/114
f 303/429/115 304/509/115 305/477/115 306/448/115
f 307/531/116 308/430/116 309/447/116 310/474/116
f 311/421/117 312/488/117 313/478/117 314/508/117
f 319/532/119 320/473/119 321/482/119 322/462/119
f 331/417/121 332/451/121 333/487/121 334/492/121
f 265/431/70 308/430/70 307/531/70 266/505/70
f 271/421/21 311/421/21 314/508/21 272/507/21
f 259/536/17 319/532/17 322/462/17 260/463/17
f 303/429/69 274/432/69 273/509/69 304/509/69
f 281/416/126 283/419/126 286/445/126 282/444/126
f 285/423/125 277/422/125 278/537/125 286/538/125
f 291/466/127 287/465/127 290/539/127 292/522/127
f 277/427/128 293/426/128 292/540/128 278/541/128
f 299/418/129 331/417/129 334/492/129 300/495/129
f 337/542/131 295/543/131 298/494/131 338/493/131
f 297/544/132 301/545/132 300/495/132 298/494/132
f 302/530/134 284/517/134 283/419/134 299/418/134
f 294/460/135 296/459/135 295/467/135 291/466/135
f 263/461/21 294/460/21 293/426/21 264/425/21
f 284/436/17 262/435/17 261/424/17 285/423/17
f 301/513/70 268/512/70 267/438/70 302/437/70
f 269/511/69 297/510/69 296/459/69 270/458/69
f 304/509/137 314/508/137 313/478/137 305/477/137
f 308/430/140 303/429/140 306/448/140 309/447/140
f 311/421/142 327/420/142 328/489/142 312/488/142
f 327/420/143 322/462/143 321/482/143 328/481/143
f 319/532/145 307/531/145 310/474/145 320/473/145
f 307/531/8 319/532/8 259/536/8 266/505/8
f 379/416/102 429/417/102 397/418/102 381/419/102
f 425/420/5 409/421/5 369/421/5 348/420/5
f 347/379/8 375/422/8 383/423/8 359/424/8
f 362/425/5 391/426/5 375/427/5 347/428/5
f 401/429/21 406/430/21 363/431/21 372/432/21
f 360/435/7 382/436/7 400/437/7 365/438/7
f 373/443/99 380/444/99 384/445/99 376/446/99
f 368/458/6 394/459/6 392/460/6 361/461/6
f 420/462/8 425/420/8 348/420/8 358/463/8
f 435/464/103 385/465/103 389/466/103 393/467/103
f 388/468/100 373/469/100 376/446/100 390/470/100
f 432/492/149 436/493/149 396/494/149 398/495/149
f 371/504/1 372/432/1 363/431/1 364/505/1 357/506/1 358/463/1 348/420/1 369/421/1 370/507/1
f 412/508/6 402/509/6 371/509/6 370/507/6
f 395/510/21 367/511/21 366/512/21 399/513/21
f 381/419/151 382/517/151 383/518/151 384/519/151
f 389/466/153 390/522/153 391/523/153 392/524/153
f 393/467/154 394/525/154 395/526/154 396/527/154
f 397/418/155 398/528/155 399/529/155 400/530/155
f 401/429/156 402/509/156 403/477/156 404/448/156
f 405/531/157 406/430/157 407/447/157 408/474/157
f 409/421/158 410/488/158 411/478/158 412/508/158
f 417/532/160 418/473/160 419/482/160 420/462/160
f 429/417/162 430/451/162 431/487/162 432/492/162
f 363/431/72 406/430/72 405/531/72 364/505/72
f 369/421/2 409/421/2 412/508/2 370/507/2
f 357/536/14 417/532/14 420/462/14 358/463/14
f 401/429/71 372/432/71 371/509/71 402/509/71
f 379/416/166 381/419/166 384/445/166 380/444/166
f 383/423/133 375/422/133 376/537/133 384/538/133
f 389/466/167 385/465/167 388/539/167 390/522/167
f 375/427/125 391/426/125 390/540/125 376/541/125
f 397/418/168 429/417/168 432/492/168 398/495/168
f 435/542/170 393/543/170 396/494/170 436/493/170
f 395/544/171 399/545/171 398/495/171 396/494/171
f 400/530/172 382/517/172 381/419/172 397/418/172
f 392/460/128 394/459/128 393/467/128 389/466/128
f 361/461/2 392/460/2 391/426/2 362/425/2
f 382/436/14 360/435/14 359/424/14 383/423/14
f 399/513/72 366/512/72 365/438/72 400/437/72
f 367/511/71 395/510/71 394/459/71 368/458/71
f 402/509/142 412/508/142 411/478/142 403/477/142
f 406/430/176 401/429/176 404/448/176 407/447/176
f 409/421/143 425/420/143 426/489/143 410/488/143
f 425/420/145 420/462/145 419/482/145 426/481/145
f 417/532/137 405/531/137 408/474/137 418/473/137
f 405/531/7 417/532/7 357/536/7 364/505/7
f 477/416/100 527/417/100 495/418/100 479/419/100
f 523/420/7 507/421/7 467/421/7 446/420/7
f 445/379/6 473/422/6 481/423/6 457/424/6
f 460/425/7 489/426/7 473/427/7 445/428/7
f 499/429/17 504/430/17 461/431/17 470/432/17
f 458/435/5 480/436/5 498/437/5 463/438/5
f 471/443/103 478/444/103 482/445/103 474/446/103
f 466/458/8 492/459/8 490/460/8 459/461/8
f 518/462/6 523/420/6 446/420/6 456/463/6
f 533/464/99 483/465/99 487/466/99 491/467/99
f 486/468/102 471/469/102 474/446/102 488/470/102
f 530/492/182 534/493/182 494/494/182 496/495/182
f 469/504/1 470/432/1 461/431/1 462/505/1 455/506/1 456/463/1 446/420/1 467/421/1 468/507/1
f 510/508/8 500/509/8 469/509/8 468/507/8
f 493/510/17 465/511/17 464/512/17 497/513/17
f 479/419/153 480/517/153 481/518/153 482/519/153
f 487/466/151 488/522/151 489/523/151 490/524/151
f 491/467/184 492/525/184 493/526/184 494/527/184
f 495/418/185 496/528/185 497/529/185 498/530/185
f 499/429/186 500/509/186 501/477/186 502/448/186
f 503/531/187 504/430/187 505/447/187 506/474/187
f 507/421/160 508/488/160 509/478/160 510/508/160
f 515/532/158 516/473/158 517/482/158 518/462/158
f 527/417/188 528/451/188 529/487/188 530/492/188
f 461/431/68 504/430/68 503/531/68 462/505/68
f 467/421/14 507/421/14 510/508/14 468/507/14
f 455/536/2 515/532/2 518/462/2 456/463/2
f 499/429/67 470/432/67 469/509/67 500/509/67
f 477/416/192 479/419/192 482/445/192 478/444/192
f 481/423/193 473/422/193 474/537/193 482/538/193
f 487/466/194 483/465/194 486/539/194 488/522/194
f 473/427/135 489/426/135 488/540/135 474/541/135
f 495/418/195 527/417/195 530/492/195 496/495/195
f 533/542/197 491/543/197 494/494/197 534/493/197
f 493/544/198 497/545/198 496/495/198 494/494/198
f 498/530/199 480/517/199 479/419/199 495/418/199
f 490/460/134 492/459/134 491/467/134 487/466/134
f 459/461/14 490/460/14 489/426/14 460/425/14
f 480/436/2 458/435/2 457/424/2 481/423/2
f 497/513/68 464/512/68 463/438/68 498/437/68
f 465/511/67 493/510/67 492/459/67 466/458/67
f 500/509/145 510/508/145 509/478/145 501/477/145
f 504/430/202 499/429/202 502/448/202 505/447/202
f 507/421/137 523/420/137 524/489/137 508/488/137
f 523/420/142 518/462/142 517/482/142 524/481/142
f 515/532/143 503/531/143 506/474/143 516/473/143
f 503/531/5 515/532/5 455/536/5 462/505/5
f 575/416/103 625/417/103 593/418/103 577/419/103
f 621/420/8 605/421/8 565/421/8 544/420/8
f 543/379/7 571/422/7 579/423/7 555/424/7
f 558/425/8 587/426/8 571/427/8 543/428/8
f 597/429/2 602/430/2 559/431/2 568/432/2
f 556/435/6 578/436/6 596/437/6 561/438/6
f 569/443/102 576/444/102 580/445/102 572/446/102
f 564/458/5 590/459/5 588/460/5 557/461/5
f 616/462/7 621/420/7 544/420/7 554/463/7
f 631/464/100 581/465/100 585/466/100 589/467/100
f 584/468/99 569/469/99 572/446/99 586/470/99
f 628/492/207 632/493/207 592/494/207 594/495/207
f 567/504/1 568/432/1 559/431/1 560/505/1 553/506/1 554/463/1 544/420/1 565/421/1 566/507/1
f 608/508/5 598/509/5 567/509/5 566/507/5
f 591/510/2 563/511/2 562/512/2 595/513/2
f 577/419/112 578/517/112 579/518/112 580/519/112
f 585/466/110 586/522/110 587/523/110 588/524/110
f 589/467/208 590/525/208 591/526/208 592/527/208
f 593/418/209 594/528/209 595/529/209 596/530/209
f 597/429/210 598/509/210 599/477/210 600/448/210
f 601/531/211 602/430/211 603/447/211 604/474/211
f 605/421/119 606/488/119 607/478/119 608/508/119
f 613/532/117 614/473/117 615/482/117 616/462/117
f 625/417/212 626/451/212 627/487/212 628/492/212
f 559/431/73 602/430/73 601/531/73 560/505/73
f 565/421/17 605/421/17 608/508/17 566/507/17
f 553/536/21 613/532/21 616/462/21 554/463/21
f 597/429/74 568/432/74 567/509/74 598/509/74
f 575/416/127 577/419/127 580/445/127 576/444/127
f 579/423/135 571/422/135 572/537/135 580/538/135
f 585/466/126 581/465/126 584/539/126 586/522/126
f 571/427/134 587/426/134 586/540/134 572/541/134
f 593/418/216 625/417/216 628/492/216 594/495/216
f 631/542/218 589/543/218 592/494/218 632/493/218
f 591/544/219 595/545/219 594/495/219 592/494/219
f 596/530/128 578/517/128 577/419/128 593/418/128
f 588/460/125 590/459/125 589/467/125 585/466/125
f 557/461/17 588/460/17 587/426/17 558/425/17
f 578/436/21 556/435/21 555/424/21 579/423/21
f 595/513/73 562/512/73 561/438/73 596/437/73
f 563/511/74 591/510/74 590/459/74 564/458/74
f 598/509/143 608/508/143 607/478/143 599/477/143
f 602/430/222 597/429/222 600/448/222 603/447/222
f 605/421/145 621/420/145 622/489/145 606/488/145
f 621/420/137 616/462/137 615/482/137 622/481/137
f 613/532/142 601/531/142 604/474/142 614/473/142
f 601/531/6 613/532/6 553/536/6 560/505/6
f 1261/874/227 1260/875/227 1291/876/227 1294/877/227
f 1269/945/228 1268/946/228 1299/947/228 1302/948/228
f 1259/966/8 1274/967/8 1305/968/8 1292/969/8
f 1266/970/1 1267/971/1 1283/972/1 1282/973/1
f 1271/974/5 1270/975/5 1301/976/5 1304/977/5
f 1265/991/229 1264/992/229 1295/993/229 1298/994/229
f 1263/995/7 1262/996/7 1293/984/7 1296/983/7
f 1273/997/230 1272/998/230 1303/990/230 1306/999/230
f 1267/971/6 1266/970/6 1297/1000/6 1300/1001/6
f 1274/967/1 1259/966/1 1275/1002/1 1290/1003/1
f 1272/1004/1 1273/1005/1 1289/1006/1 1288/872/1
f 1264/992/1 1265/1007/1 1281/889/1 1280/888/1
f 1270/975/1 1271/974/1 1287/881/1 1286/880/1
f 1262/996/1 1263/995/1 1279/917/1 1278/916/1
f 1268/946/1 1269/1008/1 1285/893/1 1284/892/1
f 1260/1009/1 1261/1010/1 1277/1011/1 1276/1012/1
f 1275/1002/1 1259/966/1 1260/1009/1 1276/1012/1
f 1262/996/1 1278/916/1 1277/1011/1 1261/1010/1
f 1279/917/1 1263/995/1 1264/992/1 1280/888/1
f 1266/970/1 1282/973/1 1281/889/1 1265/1007/1
f 1283/972/1 1267/971/1 1268/946/1 1284/892/1
f 1270/975/1 1286/880/1 1285/893/1 1269/1008/1
f 1287/881/1 1271/974/1 1272/1004/1 1288/872/1
f 1274/967/1 1290/1003/1 1289/1006/1 1273/1005/1
f 1265/991/71 1298/994/71 1297/1000/71 1266/970/71
f 1299/947/73 1268/946/73 1267/971/73 1300/1001/73
f 1273/997/67 1306/999/67 1305/968/67 1274/967/67
f 1291/876/70 1260/875/70 1259/966/70 1292/969/70
f 1271/974/68 1304/977/68 1303/990/68 1272/998/68
f 1263/995/72 1296/983/72 1295/993/72 1264/992/72
f 1269/945/74 1302/948/74 1301/976/74 1270/975/74
f 1261/874/69 1294/877/69 1293/984/69 1262/996/69
f 1886/1091/6 1888/1092/6 1912/1092/6 1910/1091/6
f 1890/1093/8 1889/1094/8 1913/1094/8 1914/1093/8
f 1890/1093/7 1892/1097/7 1900/1085/7 1898/1079/7
f 1906/1099/6 1905/1100/6 1921/1100/6 1922/1099/6
f 1908/1101/1 1906/1099/1 1922/1099/1 1924/1101/1
f 1885/1095/1 1886/1091/1 1910/1091/1 1909/1095/1
f 1889/1094/1 1891/1098/1 1915/1098/1 1913/1094/1
f 1891/1098/6 1892/1097/6 1916/1097/6 1915/1098/6
f 1888/1092/4 1887/1096/4 1911/1096/4 1912/1092/4
f 1887/1096/8 1885/1095/8 1909/1095/8 1911/1096/8
f 1902/1102/7 1901/1103/7 1909/1095/7 1910/1091/7
f 1901/1103/7 1903/1104/7 1911/1096/7 1909/1095/7
f 1904/1105/7 1902/1102/7 1910/1091/7 1912/1092/7
f 1903/1104/7 1904/1105/7 1912/1092/7 1911/1096/7
f 1905/1100/7 1906/1099/7 1914/1093/7 1913/1094/7
f 1908/1101/7 1907/1106/7 1915/1098/7 1916/1097/7
f 1906/1099/7 1908/1101/7 1916/1097/7 1914/1093/7
f 1907/1106/7 1905/1100/7 1913/1094/7 1915/1098/7
f 1902/1102/8 1904/1105/8 1920/1105/8 1918/1102/8
f 1901/1103/4 1902/1102/4 1918/1102/4 1917/1103/4
f 1905/1100/4 1907/1106/4 1923/1106/4 1921/1100/4
f 1907/1106/8 1908/1101/8 1924/1101/8 1923/1106/8
f 1904/1105/1 1903/1104/1 1919/1104/1 1920/1105/1
f 1903/1104/6 1901/1103/6 1917/1103/6 1919/1104/6
f 1982/1091/8 1984/1092/8 2008/1092/8 2006/1091/8
f 1986/1093/6 1985/1094/6 2009/1094/6 2010/1093/6
f 1986/1093/5 1988/1097/5 1996/1085/5 1994/1079/5
f 2002/1099/8 2001/1100/8 2017/1100/8 2018/1099/8
f 2004/1101/1 2002/1099/1 2018/1099/1 2020/1101/1
f 1981/1095/1 1982/1091/1 2006/1091/1 2005/1095/1
f 1985/1094/1 1987/1098/1 2011/1098/1 2009/1094/1
f 1987/1098/8 1988/1097/8 2012/1097/8 2011/1098/8
f 1984/1092/4 1983/1096/4 2007/1096/4 2008/1092/4
f 1983/1096/6 1981/1095/6 2005/1095/6 2007/1096/6
f 1998/1102/5 1997/1103/5 2005/1095/5 2006/1091/5
f 1997/1103/5 1999/1104/5 2007/1096/5 2005/1095/5
f 2000/1105/5 1998/1102/5 2006/1091/5 2008/1092/5
f 1999/1104/5 2000/1105/5 2008/1092/5 2007/1096/5
f 2001/1100/5 2002/1099/5 2010/1093/5 2009/1094/5
f 2004/1101/5 2003/1106/5 2011/1098/5 2012/1097/5
f 2002/1099/5 2004/1101/5 2012/1097/5 2010/1093/5
f 2003/1106/5 2001/1100/5 2009/1094/5 2011/1098/5
f 1998/1102/6 2000/1105/6 2016/1105/6 2014/1102/6
f 1997/1103/4 1998/1102/4 2014/1102/4 2013/1103/4
f 2001/1100/4 2003/1106/4 2019/1106/4 2017/1100/4
f 2003/1106/6 2004/1101/6 2020/1101/6 2019/1106/6
f 2000/1105/1 1999/1104/1 2015/1104/1 2016/1105/1
f 1999/1104/8 1997/1103/8 2013/1103/8 2015/1104/8
usemtl M_Cyan
f 256/485/14 255/433/14 258/434/14 257/515/14
f 354/485/21 353/433/21 356/434/21 355/515/21
f 452/485/17 451/433/17 454/434/17 453/515/17
f 550/485/2 549/433/2 552/434/2 551/515/2
f 1919/1104/7 1917/1103/7 1918/1102/7 1920/1105/7
f 1922/1099/7 1921/1100/7 1923/1106/7 1924/1101/7
f 2015/1104/5 2013/1103/5 2014/1102/5 2016/1105/5
f 2018/1099/5 2017/1100/5 2019/1106/5 2020/1101/5
usemtl M_Noir_Profond
f 641/379/7 642/546/7 649/547/7 650/548/7
f 651/549/5 652/550/5 646/551/5 645/552/5
f 645/552/8 646/551/8 642/553/8 641/428/8
f 650/554/4 651/549/4 645/552/4 641/503/4
f 652/550/1 649/518/1 642/555/1 646/551/1
f 644/556/6 772/557/6 684/558/6 736/559/6 660/560/6 762/561/6 674/562/6 726/563/6 653/564/6 769/565/6 681/566/6 733/567/6 657/568/6 759/569/6 671/570/6 723/571/6 643/572/6 650/548/6 649/547/6
f 643/572/6 724/573/6 672/574/6 760/575/6 658/576/6 734/577/6 682/578/6 770/579/6 654/580/6 727/581/6 675/582/6 763/583/6 661/584/6 737/585/6 685/586/6 773/587/6 647/588/6 651/549/6 650/548/6
f 648/589/6 644/556/6 649/547/6 652/550/6
f 647/588/6 725/590/6 673/591/6 761/592/6 659/593/6 735/594/6 683/595/6 771/596/6 655/597/6 728/598/6 676/599/6 764/600/6 662/601/6 738/602/6 686/603/6 774/604/6 648/589/6 652/550/6 651/549/6
f 644/556/6 648/589/6 774/604/6 922/605/6 858/606/6 859/607/6 794/608/6 907/609/6 798/610/6 904/611/6 778/612/6 919/613/6 846/614/6 868/615/6 782/616/6 916/617/6 834/618/6 877/619/6 772/557/6
f 692/620/6 744/621/6 667/622/6 779/623/6 691/624/6 743/625/6 666/626/6 792/627/6 704/628/6 756/629/6 670/630/6 791/631/6 703/632/6 755/633/6 662/601/6 764/600/6 909/634/6 806/635/6 898/636/6 793/637/6 908/638/6 802/639/6 901/640/6 768/641/6 918/642/6 842/643/6 871/644/6 781/645/6 917/646/6 838/647/6 874/648/6 762/561/6 660/560/6 780/649/6
f 688/650/6 740/651/6 664/652/6 766/653/6 678/654/6 730/655/6 656/656/6 775/657/6 687/658/6 739/659/6 663/660/6 765/661/6 677/662/6 729/663/6 655/597/6 771/596/6 921/664/6 854/665/6 862/666/6 790/667/6 910/668/6 810/669/6 895/670/6 777/671/6 920/672/6 850/673/6 865/674/6 786/675/6 913/676/6 822/677/6 886/678/6 769/565/6 653/564/6 776/679/6
f 716/680/6 831/681/6 694/682/6 844/683/6 719/684/6 843/685/6 690/686/6 796/687/6 707/688/6 795/689/6 706/690/6 856/691/6 722/692/6 855/693/6 686/603/6 738/602/6 861/694/6 857/695/6 860/696/6 758/697/6 906/698/6 797/699/6 905/700/6 742/701/6 870/702/6 845/703/6 869/704/6 746/705/6 879/706/6 833/707/6 878/708/6 736/559/6 684/558/6 832/709/6
f 717/710/6 835/711/6 693/712/6 840/713/6 718/714/6 839/715/6 680/716/6 800/717/6 708/718/6 799/719/6 705/720/6 804/721/6 709/722/6 803/723/6 676/599/6 728/598/6 900/724/6 805/725/6 899/726/6 757/727/6 903/728/6 801/729/6 902/730/6 732/731/6 873/732/6 841/733/6 872/734/6 745/735/6 876/736/6 837/737/6 875/738/6 726/563/6 674/562/6 836/739/6
f 713/740/6 819/741/6 698/742/6 848/743/6 720/744/6 847/745/6 689/746/6 808/747/6 710/748/6 807/749/6 702/750/6 852/751/6 721/752/6 851/753/6 683/595/6 735/594/6 864/754/6 853/755/6 863/756/6 754/757/6 897/758/6 809/759/6 896/760/6 741/761/6 867/762/6 849/763/6 866/764/6 750/765/6 888/766/6 821/767/6 887/768/6 733/567/6 681/566/6 820/769/6
f 714/770/6 823/771/6 697/772/6 828/773/6 715/774/6 827/775/6 679/776/6 812/777/6 711/778/6 811/779/6 701/780/6 816/781/6 712/782/6 815/783/6 673/591/6 725/590/6 891/784/6 817/785/6 890/786/6 753/787/6 894/788/6 813/789/6 893/790/6 731/791/6 882/792/6 829/793/6 881/794/6 749/795/6 885/796/6 825/797/6 884/798/6 723/571/6 671/570/6 824/799/6
f 836/739/7 874/648/7 1114/648/7 1064/739/7
f 900/724/5 729/663/5 1092/663/5 1140/724/5
f 670/630/4 756/629/4 955/629/4 956/630/4
f 722/692/4 856/691/4 1087/691/4 1088/692/4
f 755/633/6 861/694/6 738/602/6 662/601/6
f 816/781/4 701/780/4 1004/780/4 1039/781/4
f 805/725/1 900/724/1 1140/724/1 1027/725/1
f 815/783/4 712/782/4 1040/782/4 1096/783/4
f 874/648/1 838/647/1 1067/647/1 1114/648/1
f 669/800/4 752/801/4 951/801/4 952/800/4
f 751/802/6 864/754/6 735/594/6 659/593/6
f 721/752/4 852/751/4 1083/751/4 1084/752/4
f 812/777/4 679/776/4 968/776/4 1035/777/4
f 841/733/1 873/732/1 1113/732/1 1071/733/1
f 757/727/1 899/726/1 1139/726/1 957/727/1
f 811/779/4 711/778/4 1036/778/4 1034/779/4
f 873/732/1 732/731/1 928/731/1 1113/732/1
f 899/726/1 805/725/1 1027/725/1 1139/726/1
f 668/803/4 748/804/4 947/804/4 948/803/4
f 720/744/4 848/743/4 1079/743/4 1080/744/4
f 808/747/4 689/746/4 980/746/4 1030/747/4
f 745/735/1 872/734/1 1112/734/1 944/735/1
f 793/637/1 898/636/1 1138/636/1 1011/637/1
f 665/805/4 747/806/4 946/806/4 938/805/4
f 689/746/4 847/745/4 1078/745/4 980/746/4
f 807/749/4 710/748/4 1031/748/4 1029/749/4
f 872/734/1 841/733/1 1071/733/1 1112/734/1
f 898/636/1 806/635/1 1028/635/1 1138/636/1
f 667/622/4 744/621/4 942/621/4 943/622/4
f 719/684/4 844/683/4 1074/683/4 1075/684/4
f 804/721/4 705/720/4 1012/720/4 1025/721/4
f 674/562/6 762/561/6 874/648/6 836/739/6
f 781/645/1 871/644/1 1111/644/1 987/645/1
f 653/564/6 726/563/6 875/738/6 776/679/6
f 809/759/1 897/758/1 1137/758/1 1032/759/1
f 666/626/4 743/625/4 941/625/4 940/626/4
f 690/686/4 843/685/4 1073/685/4 982/686/4
f 684/558/6 772/557/6 877/619/6 832/709/6
f 696/807/6 748/804/6 668/803/6 783/808/6 695/809/6 747/806/6 665/805/6 788/810/6 700/811/6 752/801/6 669/800/6 787/812/6 699/813/6 751/802/6 659/593/6 761/592/6 912/814/6 818/815/6 889/816/6 789/817/6 911/818/6 814/819/6 892/820/6 767/821/6 915/822/6 830/823/6 880/824/6 785/825/6 914/826/6 826/827/6 883/828/6 759/569/6 657/568/6 784/829/6
f 803/723/4 709/722/4 1026/722/4 1095/723/4
f 660/560/6 736/559/6 878/708/6 780/649/6
f 871/644/1 842/643/1 1072/643/1 1111/644/1
f 897/758/1 754/757/1 954/757/1 1137/758/1
f 664/652/4 740/651/4 935/651/4 936/652/4
f 922/605/5 855/693/5 1098/693/5 1162/605/5
f 718/714/4 840/713/4 1069/713/4 1070/714/4
f 800/717/4 680/716/4 970/716/4 1021/717/4
f 845/703/1 870/702/1 1110/702/1 1076/703/1
f 741/761/1 896/760/1 1136/760/1 937/761/1
f 663/660/4 739/659/4 933/659/4 934/660/4
f 671/570/6 759/569/6 883/828/6 824/799/6
f 858/606/1 922/605/1 1162/605/1 1090/606/1
f 643/572/6 723/571/6 884/798/6 724/573/6
f 680/716/4 839/715/4 1068/715/4 970/716/4
f 799/719/4 708/718/4 1022/718/4 1020/719/4
f 870/702/1 742/701/1 939/701/1 1110/702/1
f 681/566/6 769/565/6 886/678/6 820/769/6
f 896/760/1 809/759/1 1032/759/1 1136/760/1
f 657/568/6 733/567/6 887/768/6 784/829/6
f 737/585/4 661/584/4 932/584/4 931/585/4
f 921/664/5 851/753/5 1097/753/5 1161/664/5
f 717/710/4 836/739/4 1064/739/4 1065/710/4
f 796/687/4 690/686/4 982/686/4 1016/687/4
f 746/705/1 869/704/1 1109/704/1 945/705/1
f 777/671/1 895/670/1 1135/670/1 979/671/1
f 773/587/6 891/784/6 725/590/6 647/588/6
f 854/665/1 921/664/1 1161/664/1 1086/665/1
f 693/712/4 835/711/4 1063/711/4 988/712/4
f 795/689/4 707/688/4 1017/688/4 1015/689/4
f 869/704/1 845/703/1 1076/703/1 1109/704/1
f 895/670/1 810/669/1 1033/669/1 1135/670/1
f 734/577/4 658/576/4 930/576/4 929/577/4
f 716/680/4 832/709/4 1059/709/4 1060/680/4
f 792/627/4 666/626/4 940/626/4 1009/627/4
f 782/616/1 868/615/1 1108/615/1 989/616/1
f 813/789/1 894/788/1 1134/788/1 1037/789/1
f 850/673/1 920/672/1 1160/672/1 1082/673/1
f 694/682/4 831/681/4 1058/681/4 990/682/4
f 791/631/4 670/630/4 956/630/4 1007/631/4
f 868/615/1 846/614/1 1077/614/1 1108/615/1
f 894/788/1 753/787/1 953/787/1 1134/788/1
f 920/672/1 777/671/1 979/671/1 1160/672/1
f 656/656/4 730/655/4 925/655/4 926/656/4
f 729/663/6 900/724/6 728/598/6 655/597/6
f 715/774/4 828/773/4 1054/773/4 1055/774/4
f 788/810/4 665/805/4 938/805/4 1001/810/4
f 849/763/1 867/762/1 1107/762/1 1081/763/1
f 731/791/1 893/790/1 1133/790/1 927/791/1
f 846/614/1 919/613/1 1159/613/1 1077/614/1
f 679/776/4 827/775/4 1053/775/4 968/776/4
f 787/812/4 669/800/4 952/800/4 999/812/4
f 867/762/1 741/761/1 937/761/1 1107/762/1
f 893/790/1 813/789/1 1037/789/1 1133/790/1
f 919/613/1 778/612/1 981/612/1 1159/613/1
f 727/581/4 654/580/4 924/580/4 923/581/4
f 714/770/4 824/799/4 1049/799/4 1050/770/4
f 750/765/1 866/764/1 1106/764/1 950/765/1
f 767/821/1 892/820/1 1132/820/1 967/821/1
f 842/643/1 918/642/1 1158/642/1 1072/643/1
f 697/772/4 823/771/4 1048/771/4 996/772/4
f 783/808/4 668/803/4 948/803/4 991/808/4
f 803/723/6 909/634/6 764/600/6 676/599/6
f 866/764/1 849/763/1 1081/763/1 1106/764/1
f 892/820/1 814/819/1 1038/819/1 1132/820/1
f 918/642/1 768/641/1 969/641/1 1158/642/1
f 891/784/5 773/587/5 973/587/5 1131/784/5
f 713/740/4 820/769/4 1044/769/4 1045/740/4
f 815/783/6 912/814/6 761/592/6 673/591/6
f 786/675/1 865/674/1 1105/674/1 997/675/1
f 817/785/1 891/784/1 1131/784/1 1041/785/1
f 838/647/1 917/646/1 1157/646/1 1067/647/1
f 698/742/4 819/741/4 1043/741/4 998/742/4
f 779/623/4 667/622/4 943/622/4 983/623/4
f 865/674/1 850/673/1 1082/673/1 1105/674/1
f 917/646/1 781/645/1 987/645/1 1157/646/1
f 864/754/5 751/802/5 1093/802/5 1104/754/5
f 712/782/4 816/781/4 1039/781/4 1040/782/4
f 853/755/1 864/754/1 1104/754/1 1085/755/1
f 753/787/1 890/786/1 1130/786/1 953/787/1
f 834/618/1 916/617/1 1156/617/1 1062/618/1
f 775/657/4 656/656/4 926/656/4 975/657/4
f 890/786/1 817/785/1 1041/785/1 1130/786/1
f 916/617/1 782/616/1 989/616/1 1156/617/1
f 711/778/4 812/777/4 1035/777/4 1036/778/4
f 754/757/1 863/756/1 1103/756/1 954/757/1
f 851/753/6 921/664/6 771/596/6 683/595/6
f 789/817/1 889/816/1 1129/816/1 1003/817/1
f 855/693/6 922/605/6 774/604/6 686/603/6
f 830/823/1 915/822/1 1155/822/1 1057/823/1
f 1077/614/226 1159/613/226 981/612/226 1144/611/226 1019/610/226 1147/609/226 1013/608/226 1099/607/226 1090/606/226 1162/605/226 1098/693/226 1088/692/226 1087/691/226 1014/690/226 1015/689/226 1017/688/226 1016/687/226 982/686/226 1073/685/226 1075/684/226 1074/683/226 990/682/226 1058/681/226 1060/680/226 1059/709/226 1117/619/226 1062/618/226 1156/617/226 989/616/226 1108/615/226
f 1076/703/226 1110/702/226 939/701/226 1145/700/226 1018/699/226 1146/698/226 958/697/226 1100/696/226 1089/695/226 1101/694/226 1094/633/226 1008/632/226 1007/631/226 956/630/226 955/629/226 1010/628/226 1009/627/226 940/626/226 941/625/226 984/624/226 983/623/226 943/622/226 942/621/226 986/620/226 985/649/226 1118/708/226 1061/707/226 1119/706/226 945/705/226 1109/704/226
f 1072/643/226 1158/642/226 969/641/226 1141/640/226 1024/639/226 1148/638/226 1011/637/226 1138/636/226 1028/635/226 1149/634/226 1095/723/226 1026/722/226 1025/721/226 1012/720/226 1020/719/226 1022/718/226 1021/717/226 970/716/226 1068/715/226 1070/714/226 1069/713/226 988/712/226 1063/711/226 1065/710/226 1064/739/226 1114/648/226 1067/647/226 1157/646/226 987/645/226 1111/644/226
f 1057/823/226 1155/822/226 967/821/226 1132/820/226 1038/819/226 1151/818/226 1003/817/226 1129/816/226 1042/815/226 1152/814/226 1096/783/226 1040/782/226 1039/781/226 1004/780/226 1034/779/226 1036/778/226 1035/777/226 968/776/226 1053/775/226 1055/774/226 1054/773/226 996/772/226 1048/771/226 1050/770/226 1049/799/226 1123/828/226 1052/827/226 1154/826/226 995/825/226 1120/824/226
f 1056/793/226 1122/792/226 927/791/226 1133/790/226 1037/789/226 1134/788/226 953/787/226 1130/786/226 1041/785/226 1131/784/226 973/587/226 974/586/226 931/585/226 932/584/226 961/583/226 962/582/226 923/581/226 924/580/226 971/579/226 972/578/226 929/577/226 930/576/226 959/575/226 960/574/226 1091/573/226 1124/798/226 1051/797/226 1125/796/226 949/795/226 1121/794/226
f 1081/763/226 1107/762/226 937/761/226 1136/760/226 1032/759/226 1137/758/226 954/757/226 1103/756/226 1085/755/226 1104/754/226 1093/802/226 1000/813/226 999/812/226 952/800/226 951/801/226 1002/811/226 1001/810/226 938/805/226 946/806/226 992/809/226 991/808/226 948/803/226 947/804/226 994/807/226 993/829/226 1127/768/226 1046/767/226 1128/766/226 950/765/226 1106/764/226
f 1082/673/226 1160/672/226 979/671/226 1135/670/226 1033/669/226 1150/668/226 1005/667/226 1102/666/226 1086/665/226 1161/664/226 1097/753/226 1084/752/226 1083/751/226 1006/750/226 1029/749/226 1031/748/226 1030/747/226 980/746/226 1078/745/226 1080/744/226 1079/743/226 998/742/226 1043/741/226 1045/740/226 1044/769/226 1126/678/226 1047/677/226 1153/676/226 997/675/226 1105/674/226
f 1071/733/226 1113/732/226 928/731/226 1142/730/226 1023/729/226 1143/728/226 957/727/226 1139/726/226 1027/725/226 1140/724/226 1092/663/226 964/662/226 963/661/226 934/660/226 933/659/226 976/658/226 975/657/226 926/656/226 925/655/226 966/654/226 965/653/226 936/652/226 935/651/226 978/650/226 977/679/226 1115/738/226 1066/737/226 1116/736/226 944/735/226 1112/734/226
f 901/640/1 802/639/1 1024/639/1 1141/640/1
f 875/738/1 837/737/1 1066/737/1 1115/738/1
f 819/741/4 713/740/4 1045/740/4 1043/741/4
f 768/641/1 901/640/1 1141/640/1 969/641/1
f 672/574/4 724/573/4 1091/573/4 960/574/4
f 760/575/4 672/574/4 960/574/4 959/575/4
f 776/679/7 875/738/7 1115/738/7 977/679/7
f 902/730/1 801/729/1 1023/729/1 1142/730/1
f 876/736/1 745/735/1 944/735/1 1116/736/1
f 823/771/4 714/770/4 1050/770/4 1048/771/4
f 732/731/1 902/730/1 1142/730/1 928/731/1
f 837/737/1 876/736/1 1116/736/1 1066/737/1
f 675/582/4 727/581/4 923/581/4 962/582/4
f 763/583/4 675/582/4 962/582/4 961/583/4
f 903/728/1 757/727/1 957/727/1 1143/728/1
f 877/619/1 834/618/1 1062/618/1 1117/619/1
f 827/775/4 715/774/4 1055/774/4 1053/775/4
f 729/663/4 677/662/4 964/662/4 1092/663/4
f 677/662/4 765/661/4 963/661/4 964/662/4
f 801/729/1 903/728/1 1143/728/1 1023/729/1
f 828/773/4 697/772/4 996/772/4 1054/773/4
f 730/655/4 678/654/4 966/654/4 925/655/4
f 678/654/4 766/653/4 965/653/4 966/654/4
f 832/709/7 877/619/7 1117/619/7 1059/709/7
f 904/611/1 798/610/1 1019/610/1 1144/611/1
f 878/708/1 833/707/1 1061/707/1 1118/708/1
f 831/681/4 716/680/4 1060/680/4 1058/681/4
f 778/612/1 904/611/1 1144/611/1 981/612/1
f 682/578/4 734/577/4 929/577/4 972/578/4
f 770/579/4 682/578/4 972/578/4 971/579/4
f 780/649/7 878/708/7 1118/708/7 985/649/7
f 905/700/1 797/699/1 1018/699/1 1145/700/1
f 879/706/1 746/705/1 945/705/1 1119/706/1
f 835/711/4 717/710/4 1065/710/4 1063/711/4
f 742/701/1 905/700/1 1145/700/1 939/701/1
f 833/707/1 879/706/1 1119/706/1 1061/707/1
f 685/586/4 737/585/4 931/585/4 974/586/4
f 773/587/4 685/586/4 974/586/4 973/587/4
f 906/698/1 758/697/1 958/697/1 1146/698/1
f 880/824/1 830/823/1 1057/823/1 1120/824/1
f 839/715/4 718/714/4 1070/714/4 1068/715/4
f 739/659/4 687/658/4 976/658/4 933/659/4
f 687/658/4 775/657/4 975/657/4 976/658/4
f 797/699/1 906/698/1 1146/698/1 1018/699/1
f 785/825/1 880/824/1 1120/824/1 995/825/1
f 840/713/4 693/712/4 988/712/4 1069/713/4
f 740/651/4 688/650/4 978/650/4 935/651/4
f 688/650/4 776/679/4 977/679/4 978/650/4
f 907/609/1 794/608/1 1013/608/1 1147/609/1
f 881/794/1 829/793/1 1056/793/1 1121/794/1
f 843/685/4 719/684/4 1075/684/4 1073/685/4
f 743/625/4 691/624/4 984/624/4 941/625/4
f 691/624/4 779/623/4 983/623/4 984/624/4
f 798/610/1 907/609/1 1147/609/1 1019/610/1
f 749/795/1 881/794/1 1121/794/1 949/795/1
f 844/683/4 694/682/4 990/682/4 1074/683/4
f 744/621/4 692/620/4 986/620/4 942/621/4
f 692/620/4 780/649/4 985/649/4 986/620/4
f 908/638/1 793/637/1 1011/637/1 1148/638/1
f 882/792/1 731/791/1 927/791/1 1122/792/1
f 847/745/4 720/744/4 1080/744/4 1078/745/4
f 747/806/4 695/809/4 992/809/4 946/806/4
f 695/809/4 783/808/4 991/808/4 992/809/4
f 802/639/1 908/638/1 1148/638/1 1024/639/1
f 829/793/1 882/792/1 1122/792/1 1056/793/1
f 848/743/4 698/742/4 998/742/4 1079/743/4
f 748/804/4 696/807/4 994/807/4 947/804/4
f 696/807/4 784/829/4 993/829/4 994/807/4
f 883/828/1 826/827/1 1052/827/1 1123/828/1
f 851/753/4 721/752/4 1084/752/4 1097/753/4
f 751/802/4 699/813/4 1000/813/4 1093/802/4
f 699/813/4 787/812/4 999/812/4 1000/813/4
f 806/635/1 909/634/1 1149/634/1 1028/635/1
f 852/751/4 702/750/4 1006/750/4 1083/751/4
f 752/801/4 700/811/4 1002/811/4 951/801/4
f 700/811/4 788/810/4 1001/810/4 1002/811/4
f 909/634/5 803/723/5 1095/723/5 1149/634/5
f 824/799/7 883/828/7 1123/828/7 1049/799/7
f 910/668/1 790/667/1 1005/667/1 1150/668/1
f 884/798/1 825/797/1 1051/797/1 1124/798/1
f 855/693/4 722/692/4 1088/692/4 1098/693/4
f 755/633/4 703/632/4 1008/632/4 1094/633/4
f 703/632/4 791/631/4 1007/631/4 1008/632/4
f 810/669/1 910/668/1 1150/668/1 1033/669/1
f 856/691/4 706/690/4 1014/690/4 1087/691/4
f 756/629/4 704/628/4 1010/628/4 955/629/4
f 704/628/4 792/627/4 1009/627/4 1010/628/4
f 724/573/7 884/798/7 1124/798/7 1091/573/7
f 911/818/1 789/817/1 1003/817/1 1151/818/1
f 885/796/1 749/795/1 949/795/1 1125/796/1
f 859/607/1 858/606/1 1090/606/1 1099/607/1
f 706/690/4 795/689/4 1015/689/4 1014/690/4
f 814/819/1 911/818/1 1151/818/1 1038/819/1
f 825/797/1 885/796/1 1125/796/1 1051/797/1
f 794/608/1 859/607/1 1099/607/1 1013/608/1
f 658/576/4 760/575/4 959/575/4 930/576/4
f 707/688/4 796/687/4 1016/687/4 1017/688/4
f 886/678/1 822/677/1 1047/677/1 1126/678/1
f 860/696/1 857/695/1 1089/695/1 1100/696/1
f 705/720/4 799/719/4 1020/719/4 1012/720/4
f 818/815/1 912/814/1 1152/814/1 1042/815/1
f 758/697/1 860/696/1 1100/696/1 958/697/1
f 661/584/4 763/583/4 961/583/4 932/584/4
f 708/718/4 800/717/4 1021/717/4 1022/718/4
f 912/814/5 815/783/5 1096/783/5 1152/814/5
f 820/769/7 886/678/7 1126/678/7 1044/769/7
f 913/676/1 786/675/1 997/675/1 1153/676/1
f 887/768/1 821/767/1 1046/767/1 1127/768/1
f 765/661/4 663/660/4 934/660/4 963/661/4
f 822/677/1 913/676/1 1153/676/1 1047/677/1
f 857/695/1 861/694/1 1101/694/1 1089/695/1
f 766/653/4 664/652/4 936/652/4 965/653/4
f 709/722/4 804/721/4 1025/721/4 1026/722/4
f 784/829/7 887/768/7 1127/768/7 993/829/7
f 861/694/5 755/633/5 1094/633/5 1101/694/5
f 914/826/1 785/825/1 995/825/1 1154/826/1
f 888/766/1 750/765/1 950/765/1 1128/766/1
f 862/666/1 854/665/1 1086/665/1 1102/666/1
f 702/750/4 807/749/4 1029/749/4 1006/750/4
f 826/827/1 914/826/1 1154/826/1 1052/827/1
f 821/767/1 888/766/1 1128/766/1 1046/767/1
f 790/667/1 862/666/1 1102/666/1 1005/667/1
f 654/580/4 770/579/4 971/579/4 924/580/4
f 710/748/4 808/747/4 1030/747/4 1031/748/4
f 915/822/1 767/821/1 967/821/1 1155/822/1
f 889/816/1 818/815/1 1042/815/1 1129/816/1
f 863/756/1 853/755/1 1085/755/1 1103/756/1
f 701/780/4 811/779/4 1034/779/4 1004/780/4
f 1307/379/5 1308/546/5 1315/547/5 1316/548/5
f 1317/549/7 1318/550/7 1312/551/7 1311/552/7
f 1311/552/6 1312/551/6 1308/553/6 1307/428/6
f 1316/554/4 1317/549/4 1311/552/4 1307/503/4
f 1318/550/1 1315/518/1 1308/555/1 1312/551/1
f 1310/556/8 1438/557/8 1350/558/8 1402/559/8 1326/560/8 1428/561/8 1340/562/8 1392/563/8 1319/564/8 1435/565/8 1347/566/8 1399/567/8 1323/568/8 1425/569/8 1337/570/8 1389/571/8 1309/572/8 1316/548/8 1315/547/8
f 1309/572/8 1390/573/8 1338/574/8 1426/575/8 1324/576/8 1400/577/8 1348/578/8 1436/579/8 1320/580/8 1393/581/8 1341/582/8 1429/583/8 1327/584/8 1403/585/8 1351/586/8 1439/587/8 1313/588/8 1317/549/8 1316/548/8
f 1314/589/8 1310/556/8 1315/547/8 1318/550/8
f 1313/588/8 1391/590/8 1339/591/8 1427/592/8 1325/593/8 1401/594/8 1349/595/8 1437/596/8 1321/597/8 1394/598/8 1342/599/8 1430/600/8 1328/601/8 1404/602/8 1352/603/8 1440/604/8 1314/589/8 1318/550/8 1317/549/8
f 1310/556/8 1314/589/8 1440/604/8 1588/605/8 1524/606/8 1525/607/8 1460/608/8 1573/609/8 1464/610/8 1570/611/8 1444/612/8 1585/613/8 1512/614/8 1534/615/8 1448/616/8 1582/617/8 1500/618/8 1543/619/8 1438/557/8
f 1358/620/8 1410/621/8 1333/622/8 1445/623/8 1357/624/8 1409/625/8 1332/626/8 1458/627/8 1370/628/8 1422/629/8 1336/630/8 1457/631/8 1369/632/8 1421/633/8 1328/601/8 1430/600/8 1575/634/8 1472/635/8 1564/636/8 1459/637/8 1574/638/8 1468/639/8 1567/640/8 1434/641/8 1584/642/8 1508/643/8 1537/644/8 1447/645/8 1583/646/8 1504/647/8 1540/648/8 1428/561/8 1326/560/8 1446/649/8
f 1354/650/8 1406/651/8 1330/652/8 1432/653/8 1344/654/8 1396/655/8 1322/656/8 1441/657/8 1353/658/8 1405/659/8 1329/660/8 1431/661/8 1343/662/8 1395/663/8 1321/597/8 1437/596/8 1587/664/8 1520/665/8 1528/666/8 1456/667/8 1576/668/8 1476/669/8 1561/670/8 1443/671/8 1586/672/8 1516/673/8 1531/674/8 1452/675/8 1579/676/8 1488/677/8 1552/678/8 1435/565/8 1319/564/8 1442/679/8
f 1382/680/8 1497/681/8 1360/682/8 1510/683/8 1385/684/8 1509/685/8 1356/686/8 1462/687/8 1373/688/8 1461/689/8 1372/690/8 1522/691/8 1388/692/8 1521/693/8 1352/603/8 1404/602/8 1527/694/8 1523/695/8 1526/696/8 1424/697/8 1572/698/8 1463/699/8 1571/700/8 1408/701/8 1536/702/8 1511/703/8 1535/704/8 1412/705/8 1545/706/8 1499/707/8 1544/708/8 1402/559/8 1350/558/8 1498/709/8
f 1383/710/8 1501/711/8 1359/712/8 1506/713/8 1384/714/8 1505/715/8 1346/716/8 1466/717/8 1374/718/8 1465/719/8 1371/720/8 1470/721/8 1375/722/8 1469/723/8 1342/599/8 1394/598/8 1566/724/8 1471/725/8 1565/726/8 1423/727/8 1569/728/8 1467/729/8 1568/730/8 1398/731/8 1539/732/8 1507/733/8 1538/734/8 1411/735/8 1542/736/8 1503/737/8 1541/738/8 1392/563/8 1340/562/8 1502/739/8
f 1379/740/8 1485/741/8 1364/742/8 1514/743/8 1386/744/8 1513/745/8 1355/746/8 1474/747/8 1376/748/8 1473/749/8 1368/750/8 1518/751/8 1387/752/8 1517/753/8 1349/595/8 1401/594/8 1530/754/8 1519/755/8 1529/756/8 1420/757/8 1563/758/8 1475/759/8 1562/760/8 1407/761/8 1533/762/8 1515/763/8 1532/764/8 1416/765/8 1554/766/8 1487/767/8 1553/768/8 1399/567/8 1347/566/8 1486/769/8
f 1380/770/8 1489/771/8 1363/772/8 1494/773/8 1381/774/8 1493/775/8 1345/776/8 1478/777/8 1377/778/8 1477/779/8 1367/780/8 1482/781/8 1378/782/8 1481/783/8 1339/591/8 1391/590/8 1557/784/8 1483/785/8 1556/786/8 1419/787/8 1560/788/8 1479/789/8 1559/790/8 1397/791/8 1548/792/8 1495/793/8 1547/794/8 1415/795/8 1551/796/8 1491/797/8 1550/798/8 1389/571/8 1337/570/8 1490/799/8
f 1502/739/5 1540/648/5 1780/648/5 1730/739/5
f 1566/724/7 1395/663/7 1758/663/7 1806/724/7
f 1336/630/4 1422/629/4 1621/629/4 1622/630/4
f 1388/692/4 1522/691/4 1753/691/4 1754/692/4
f 1421/633/8 1527/694/8 1404/602/8 1328/601/8
f 1482/781/4 1367/780/4 1670/780/4 1705/781/4
f 1471/725/1 1566/724/1 1806/724/1 1693/725/1
f 1481/783/4 1378/782/4 1706/782/4 1762/783/4
f 1540/648/1 1504/647/1 1733/647/1 1780/648/1
f 1335/800/4 1418/801/4 1617/801/4 1618/800/4
f 1417/802/8 1530/754/8 1401/594/8 1325/593/8
f 1387/752/4 1518/751/4 1749/751/4 1750/752/4
f 1478/777/4 1345/776/4 1634/776/4 1701/777/4
f 1507/733/1 1539/732/1 1779/732/1 1737/733/1
f 1423/727/1 1565/726/1 1805/726/1 1623/727/1
f 1477/779/4 1377/778/4 1702/778/4 1700/779/4
f 1539/732/1 1398/731/1 1594/731/1 1779/732/1
f 1565/726/1 1471/725/1 1693/725/1 1805/726/1
f 1334/803/4 1414/804/4 1613/804/4 1614/803/4
f 1386/744/4 1514/743/4 1745/743/4 1746/744/4
f 1474/747/4 1355/746/4 1646/746/4 1696/747/4
f 1411/735/1 1538/734/1 1778/734/1 1610/735/1
f 1459/637/1 1564/636/1 1804/636/1 1677/637/1
f 1331/805/4 1413/806/4 1612/806/4 1604/805/4
f 1355/746/4 1513/745/4 1744/745/4 1646/746/4
f 1473/749/4 1376/748/4 1697/748/4 1695/749/4
f 1538/734/1 1507/733/1 1737/733/1 1778/734/1
f 1564/636/1 1472/635/1 1694/635/1 1804/636/1
f 1333/622/4 1410/621/4 1608/621/4 1609/622/4
f 1385/684/4 1510/683/4 1740/683/4 1741/684/4
f 1470/721/4 1371/720/4 1678/720/4 1691/721/4
f 1340/562/8 1428/561/8 1540/648/8 1502/739/8
f 1447/645/1 1537/644/1 1777/644/1 1653/645/1
f 1319/564/8 1392/563/8 1541/738/8 1442/679/8
f 1475/759/1 1563/758/1 1803/758/1 1698/759/1
f 1332/626/4 1409/625/4 1607/625/4 1606/626/4
f 1356/686/4 1509/685/4 1739/685/4 1648/686/4
f 1350/558/8 1438/557/8 1543/619/8 1498/709/8
f 1362/807/8 1414/804/8 1334/803/8 1449/808/8 1361/809/8 1413/806/8 1331/805/8 1454/810/8 1366/811/8 1418/801/8 1335/800/8 1453/812/8 1365/813/8 1417/802/8 1325/593/8 1427/592/8 1578/814/8 1484/815/8 1555/816/8 1455/817/8 1577/818/8 1480/819/8 1558/820/8 1433/821/8 1581/822/8 1496/823/8 1546/824/8 1451/825/8 1580/826/8 1492/827/8 1549/828/8 1425/569/8 1323/568/8 1450/829/8
f 1469/723/4 1375/722/4 1692/722/4 1761/723/4
f 1326/560/8 1402/559/8 1544/708/8 1446/649/8
f 1537/644/1 1508/643/1 1738/643/1 1777/644/1
f 1563/758/1 1420/757/1 1620/757/1 1803/758/1
f 1330/652/4 1406/651/4 1601/651/4 1602/652/4
f 1588/605/7 1521/693/7 1764/693/7 1828/605/7
f 1384/714/4 1506/713/4 1735/713/4 1736/714/4
f 1466/717/4 1346/716/4 1636/716/4 1687/717/4
f 1511/703/1 1536/702/1 1776/702/1 1742/703/1
f 1407/761/1 1562/760/1 1802/760/1 1603/761/1
f 1329/660/4 1405/659/4 1599/659/4 1600/660/4
f 1337/570/8 1425/569/8 1549/828/8 1490/799/8
f 1524/606/1 1588/605/1 1828/605/1 1756/606/1
f 1309/572/8 1389/571/8 1550/798/8 1390/573/8
f 1346/716/4 1505/715/4 1734/715/4 1636/716/4
f 1465/719/4 1374/718/4 1688/718/4 1686/719/4
f 1536/702/1 1408/701/1 1605/701/1 1776/702/1
f 1347/566/8 1435/565/8 1552/678/8 1486/769/8
f 1562/760/1 1475/759/1 1698/759/1 1802/760/1
f 1323/568/8 1399/567/8 1553/768/8 1450/829/8
f 1403/585/4 1327/584/4 1598/584/4 1597/585/4
f 1587/664/7 1517/753/7 1763/753/7 1827/664/7
f 1383/710/4 1502/739/4 1730/739/4 1731/710/4
f 1462/687/4 1356/686/4 1648/686/4 1682/687/4
f 1412/705/1 1535/704/1 1775/704/1 1611/705/1
f 1443/671/1 1561/670/1 1801/670/1 1645/671/1
f 1439/587/8 1557/784/8 1391/590/8 1313/588/8
f 1520/665/1 1587/664/1 1827/664/1 1752/665/1
f 1359/712/4 1501/711/4 1729/711/4 1654/712/4
f 1461/689/4 1373/688/4 1683/688/4 1681/689/4
f 1535/704/1 1511/703/1 1742/703/1 1775/704/1
f 1561/670/1 1476/669/1 1699/669/1 1801/670/1
f 1400/577/4 1324/576/4 1596/576/4 1595/577/4
f 1382/680/4 1498/709/4 1725/709/4 1726/680/4
f 1458/627/4 1332/626/4 1606/626/4 1675/627/4
f 1448/616/1 1534/615/1 1774/615/1 1655/616/1
f 1479/789/1 1560/788/1 1800/788/1 1703/789/1
f 1516/673/1 1586/672/1 1826/672/1 1748/673/1
f 1360/682/4 1497/681/4 1724/681/4 1656/682/4
f 1457/631/4 1336/630/4 1622/630/4 1673/631/4
f 1534/615/1 1512/614/1 1743/614/1 1774/615/1
f 1560/788/1 1419/787/1 1619/787/1 1800/788/1
f 1586/672/1 1443/671/1 1645/671/1 1826/672/1
f 1322/656/4 1396/655/4 1591/655/4 1592/656/4
f 1395/663/8 1566/724/8 1394/598/8 1321/597/8
f 1381/774/4 1494/773/4 1720/773/4 1721/774/4
f 1454/810/4 1331/805/4 1604/805/4 1667/810/4
f 1515/763/1 1533/762/1 1773/762/1 1747/763/1
f 1397/791/1 1559/790/1 1799/790/1 1593/791/1
f 1512/614/1 1585/613/1 1825/613/1 1743/614/1
f 1345/776/4 1493/775/4 1719/775/4 1634/776/4
f 1453/812/4 1335/800/4 1618/800/4 1665/812/4
f 1533/762/1 1407/761/1 1603/761/1 1773/762/1
f 1559/790/1 1479/789/1 1703/789/1 1799/790/1
f 1585/613/1 1444/612/1 1647/612/1 1825/613/1
f 1393/581/4 1320/580/4 1590/580/4 1589/581/4
f 1380/770/4 1490/799/4 1715/799/4 1716/770/4
f 1416/765/1 1532/764/1 1772/764/1 1616/765/1
f 1433/821/1 1558/820/1 1798/820/1 1633/821/1
f 1508/643/1 1584/642/1 1824/642/1 1738/643/1
f 1363/772/4 1489/771/4 1714/771/4 1662/772/4
f 1449/808/4 1334/803/4 1614/803/4 1657/808/4
f 1469/723/8 1575/634/8 1430/600/8 1342/599/8
f 1532/764/1 1515/763/1 1747/763/1 1772/764/1
f 1558/820/1 1480/819/1 1704/819/1 1798/820/1
f 1584/642/1 1434/641/1 1635/641/1 1824/642/1
f 1557/784/7 1439/587/7 1639/587/7 1797/784/7
f 1379/740/4 1486/769/4 1710/769/4 1711/740/4
f 1481/783/8 1578/814/8 1427/592/8 1339/591/8
f 1452/675/1 1531/674/1 1771/674/1 1663/675/1
f 1483/785/1 1557/784/1 1797/784/1 1707/785/1
f 1504/647/1 1583/646/1 1823/646/1 1733/647/1
f 1364/742/4 1485/741/4 1709/741/4 1664/742/4
f 1445/623/4 1333/622/4 1609/622/4 1649/623/4
f 1531/674/1 1516/673/1 1748/673/1 1771/674/1
f 1583/646/1 1447/645/1 1653/645/1 1823/646/1
f 1530/754/7 1417/802/7 1759/802/7 1770/754/7
f 1378/782/4 1482/781/4 1705/781/4 1706/782/4
f 1519/755/1 1530/754/1 1770/754/1 1751/755/1
f 1419/787/1 1556/786/1 1796/786/1 1619/787/1
f 1500/618/1 1582/617/1 1822/617/1 1728/618/1
f 1441/657/4 1322/656/4 1592/656/4 1641/657/4
f 1556/786/1 1483/785/1 1707/785/1 1796/786/1
f 1582/617/1 1448/616/1 1655/616/1 1822/617/1
f 1377/778/4 1478/777/4 1701/777/4 1702/778/4
f 1420/757/1 1529/756/1 1769/756/1 1620/757/1
f 1517/753/8 1587/664/8 1437/596/8 1349/595/8
f 1455/817/1 1555/816/1 1795/816/1 1669/817/1
f 1521/693/8 1588/605/8 1440/604/8 1352/603/8
f 1496/823/1 1581/822/1 1821/822/1 1723/823/1
f 1743/614/243 1825/613/243 1647/612/243 1810/611/243 1685/610/243 1813/609/243 1679/608/243 1765/607/243 1756/606/243 1828/605/243 1764/693/243 1754/692/243 1753/691/243 1680/690/243 1681/689/243 1683/688/243 1682/687/243 1648/686/243 1739/685/243 1741/684/243 1740/683/243 1656/682/243 1724/681/243 1726/680/243 1725/709/243 1783/619/243 1728/618/243 1822/617/243 1655/616/243 1774/615/243
f 1742/703/243 1776/702/243 1605/701/243 1811/700/243 1684/699/243 1812/698/243 1624/697/243 1766/696/243 1755/695/243 1767/694/243 1760/633/243 1674/632/243 1673/631/243 1622/630/243 1621/629/243 1676/628/243 1675/627/243 1606/626/243 1607/625/243 1650/624/243 1649/623/243 1609/622/243 1608/621/243 1652/620/243 1651/649/243 1784/708/243 1727/707/243 1785/706/243 1611/705/243 1775/704/243
f 1738/643/243 1824/642/243 1635/641/243 1807/640/243 1690/639/243 1814/638/243 1677/637/243 1804/636/243 1694/635/243 1815/634/243 1761/723/243 1692/722/243 1691/721/243 1678/720/243 1686/719/243 1688/718/243 1687/717/243 1636/716/243 1734/715/243 1736/714/243 1735/713/243 1654/712/243 1729/711/243 1731/710/243 1730/739/243 1780/648/243 1733/647/243 1823/646/243 1653/645/243 1777/644/243
f 1723/823/243 1821/822/243 1633/821/243 1798/820/243 1704/819/243 1817/818/243 1669/817/243 1795/816/243 1708/815/243 1818/814/243 1762/783/243 1706/782/243 1705/781/243 1670/780/243 1700/779/243 1702/778/243 1701/777/243 1634/776/243 1719/775/243 1721/774/243 1720/773/243 1662/772/243 1714/771/243 1716/770/243 1715/799/243 1789/828/243 1718/827/243 1820/826/243 1661/825/243 1786/824/243
f 1722/793/243 1788/792/243 1593/791/243 1799/790/243 1703/789/243 1800/788/243 1619/787/243 1796/786/243 1707/785/243 1797/784/243 1639/587/243 1640/586/243 1597/585/243 1598/584/243 1627/583/243 1628/582/243 1589/581/243 1590/580/243 1637/579/243 1638/578/243 1595/577/243 1596/576/243 1625/575/243 1626/574/243 1757/573/243 1790/798/243 1717/797/243 1791/796/243 1615/795/243 1787/794/243
f 1747/763/243 1773/762/243 1603/761/243 1802/760/243 1698/759/243 1803/758/243 1620/757/243 1769/756/243 1751/755/243 1770/754/243 1759/802/243 1666/813/243 1665/812/243 1618/800/243 1617/801/243 1668/811/243 1667/810/243 1604/805/243 1612/806/243 1658/809/243 1657/808/243 1614/803/243 1613/804/243 1660/807/243 1659/829/243 1793/768/243 1712/767/243 1794/766/243 1616/765/243 1772/764/243
f 1748/673/243 1826/672/243 1645/671/243 1801/670/243 1699/669/243 1816/668/243 1671/667/243 1768/666/243 1752/665/243 1827/664/243 1763/753/243 1750/752/243 1749/751/243 1672/750/243 1695/749/243 1697/748/243 1696/747/243 1646/746/243 1744/745/243 1746/744/243 1745/743/243 1664/742/243 1709/741/243 1711/740/243 1710/769/243 1792/678/243 1713/677/243 1819/676/243 1663/675/243 1771/674/243
f 1737/733/243 1779/732/243 1594/731/243 1808/730/243 1689/729/243 1809/728/243 1623/727/243 1805/726/243 1693/725/243 1806/724/243 1758/663/243 1630/662/243 1629/661/243 1600/660/243 1599/659/243 1642/658/243 1641/657/243 1592/656/243 1591/655/243 1632/654/243 1631/653/243 1602/652/243 1601/651/243 1644/650/243 1643/679/243 1781/738/243 1732/737/243 1782/736/243 1610/735/243 1778/734/243
f 1567/640/1 1468/639/1 1690/639/1 1807/640/1
f 1541/738/1 1503/737/1 1732/737/1 1781/738/1
f 1485/741/4 1379/740/4 1711/740/4 1709/741/4
f 1434/641/1 1567/640/1 1807/640/1 1635/641/1
f 1338/574/4 1390/573/4 1757/573/4 1626/574/4
f 1426/575/4 1338/574/4 1626/574/4 1625/575/4
f 1442/679/5 1541/738/5 1781/738/5 1643/679/5
f 1568/730/1 1467/729/1 1689/729/1 1808/730/1
f 1542/736/1 1411/735/1 1610/735/1 1782/736/1
f 1489/771/4 1380/770/4 1716/770/4 1714/771/4
f 1398/731/1 1568/730/1 1808/730/1 1594/731/1
f 1503/737/1 1542/736/1 1782/736/1 1732/737/1
f 1341/582/4 1393/581/4 1589/581/4 1628/582/4
f 1429/583/4 1341/582/4 1628/582/4 1627/583/4
f 1569/728/1 1423/727/1 1623/727/1 1809/728/1
f 1543/619/1 1500/618/1 1728/618/1 1783/619/1
f 1493/775/4 1381/774/4 1721/774/4 1719/775/4
f 1395/663/4 1343/662/4 1630/662/4 1758/663/4
f 1343/662/4 1431/661/4 1629/661/4 1630/662/4
f 1467/729/1 1569/728/1 1809/728/1 1689/729/1
f 1494/773/4 1363/772/4 1662/772/4 1720/773/4
f 1396/655/4 1344/654/4 1632/654/4 1591/655/4
f 1344/654/4 1432/653/4 1631/653/4 1632/654/4
f 1498/709/5 1543/619/5 1783/619/5 1725/709/5
f 1570/611/1 1464/610/1 1685/610/1 1810/611/1
f 1544/708/1 1499/707/1 1727/707/1 1784/708/1
f 1497/681/4 1382/680/4 1726/680/4 1724/681/4
f 1444/612/1 1570/611/1 1810/611/1 1647/612/1
f 1348/578/4 1400/577/4 1595/577/4 1638/578/4
f 1436/579/4 1348/578/4 1638/578/4 1637/579/4
f 1446/649/5 1544/708/5 1784/708/5 1651/649/5
f 1571/700/1 1463/699/1 1684/699/1 1811/700/1
f 1545/706/1 1412/705/1 1611/705/1 1785/706/1
f 1501/711/4 1383/710/4 1731/710/4 1729/711/4
f 1408/701/1 1571/700/1 1811/700/1 1605/701/1
f 1499/707/1 1545/706/1 1785/706/1 1727/707/1
f 1351/586/4 1403/585/4 1597/585/4 1640/586/4
f 1439/587/4 1351/586/4 1640/586/4 1639/587/4
f 1572/698/1 1424/697/1 1624/697/1 1812/698/1
f 1546/824/1 1496/823/1 1723/823/1 1786/824/1
f 1505/715/4 1384/714/4 1736/714/4 1734/715/4
f 1405/659/4 1353/658/4 1642/658/4 1599/659/4
f 1353/658/4 1441/657/4 1641/657/4 1642/658/4
f 1463/699/1 1572/698/1 1812/698/1 1684/699/1
f 1451/825/1 1546/824/1 1786/824/1 1661/825/1
f 1506/713/4 1359/712/4 1654/712/4 1735/713/4
f 1406/651/4 1354/650/4 1644/650/4 1601/651/4
f 1354/650/4 1442/679/4 1643/679/4 1644/650/4
f 1573/609/1 1460/608/1 1679/608/1 1813/609/1
f 1547/794/1 1495/793/1 1722/793/1 1787/794/1
f 1509/685/4 1385/684/4 1741/684/4 1739/685/4
f 1409/625/4 1357/624/4 1650/624/4 1607/625/4
f 1357/624/4 1445/623/4 1649/623/4 1650/624/4
f 1464/610/1 1573/609/1 1813/609/1 1685/610/1
f 1415/795/1 1547/794/1 1787/794/1 1615/795/1
f 1510/683/4 1360/682/4 1656/682/4 1740/683/4
f 1410/621/4 1358/620/4 1652/620/4 1608/621/4
f 1358/620/4 1446/649/4 1651/649/4 1652/620/4
f 1574/638/1 1459/637/1 1677/637/1 1814/638/1
f 1548/792/1 1397/791/1 1593/791/1 1788/792/1
f 1513/745/4 1386/744/4 1746/744/4 1744/745/4
f 1413/806/4 1361/809/4 1658/809/4 1612/806/4
f 1361/809/4 1449/808/4 1657/808/4 1658/809/4
f 1468/639/1 1574/638/1 1814/638/1 1690/639/1
f 1495/793/1 1548/792/1 1788/792/1 1722/793/1
f 1514/743/4 1364/742/4 1664/742/4 1745/743/4
f 1414/804/4 1362/807/4 1660/807/4 1613/804/4
f 1362/807/4 1450/829/4 1659/829/4 1660/807/4
f 1549/828/1 1492/827/1 1718/827/1 1789/828/1
f 1517/753/4 1387/752/4 1750/752/4 1763/753/4
f 1417/802/4 1365/813/4 1666/813/4 1759/802/4
f 1365/813/4 1453/812/4 1665/812/4 1666/813/4
f 1472/635/1 1575/634/1 1815/634/1 1694/635/1
f 1518/751/4 1368/750/4 1672/750/4 1749/751/4
f 1418/801/4 1366/811/4 1668/811/4 1617/801/4
f 1366/811/4 1454/810/4 1667/810/4 1668/811/4
f 1575/634/7 1469/723/7 1761/723/7 1815/634/7
f 1490/799/5 1549/828/5 1789/828/5 1715/799/5
f 1576/668/1 1456/667/1 1671/667/1 1816/668/1
f 1550/798/1 1491/797/1 1717/797/1 1790/798/1
f 1521/693/4 1388/692/4 1754/692/4 1764/693/4
f 1421/633/4 1369/632/4 1674/632/4 1760/633/4
f 1369/632/4 1457/631/4 1673/631/4 1674/632/4
f 1476/669/1 1576/668/1 1816/668/1 1699/669/1
f 1522/691/4 1372/690/4 1680/690/4 1753/691/4
f 1422/629/4 1370/628/4 1676/628/4 1621/629/4
f 1370/628/4 1458/627/4 1675/627/4 1676/628/4
f 1390/573/5 1550/798/5 1790/798/5 1757/573/5
f 1577/818/1 1455/817/1 1669/817/1 1817/818/1
f 1551/796/1 1415/795/1 1615/795/1 1791/796/1
f 1525/607/1 1524/606/1 1756/606/1 1765/607/1
f 1372/690/4 1461/689/4 1681/689/4 1680/690/4
f 1480/819/1 1577/818/1 1817/818/1 1704/819/1
f 1491/797/1 1551/796/1 1791/796/1 1717/797/1
f 1460/608/1 1525/607/1 1765/607/1 1679/608/1
f 1324/576/4 1426/575/4 1625/575/4 1596/576/4
f 1373/688/4 1462/687/4 1682/687/4 1683/688/4
f 1552/678/1 1488/677/1 1713/677/1 1792/678/1
f 1526/696/1 1523/695/1 1755/695/1 1766/696/1
f 1371/720/4 1465/719/4 1686/719/4 1678/720/4
f 1484/815/1 1578/814/1 1818/814/1 1708/815/1
f 1424/697/1 1526/696/1 1766/696/1 1624/697/1
f 1327/584/4 1429/583/4 1627/583/4 1598/584/4
f 1374/718/4 1466/717/4 1687/717/4 1688/718/4
f 1578/814/7 1481/783/7 1762/783/7 1818/814/7
f 1486/769/5 1552/678/5 1792/678/5 1710/769/5
f 1579/676/1 1452/675/1 1663/675/1 1819/676/1
f 1553/768/1 1487/767/1 1712/767/1 1793/768/1
f 1431/661/4 1329/660/4 1600/660/4 1629/661/4
f 1488/677/1 1579/676/1 1819/676/1 1713/677/1
f 1523/695/1 1527/694/1 1767/694/1 1755/695/1
f 1432/653/4 1330/652/4 1602/652/4 1631/653/4
f 1375/722/4 1470/721/4 1691/721/4 1692/722/4
f 1450/829/5 1553/768/5 1793/768/5 1659/829/5
f 1527/694/7 1421/633/7 1760/633/7 1767/694/7
f 1580/826/1 1451/825/1 1661/825/1 1820/826/1
f 1554/766/1 1416/765/1 1616/765/1 1794/766/1
f 1528/666/1 1520/665/1 1752/665/1 1768/666/1
f 1368/750/4 1473/749/4 1695/749/4 1672/750/4
f 1492/827/1 1580/826/1 1820/826/1 1718/827/1
f 1487/767/1 1554/766/1 1794/766/1 1712/767/1
f 1456/667/1 1528/666/1 1768/666/1 1671/667/1
f 1320/580/4 1436/579/4 1637/579/4 1590/580/4
f 1376/748/4 1474/747/4 1696/747/4 1697/748/4
f 1581/822/1 1433/821/1 1633/821/1 1821/822/1
f 1555/816/1 1484/815/1 1708/815/1 1795/816/1
f 1529/756/1 1519/755/1 1751/755/1 1769/756/1
f 1367/780/4 1477/779/4 1700/779/4 1670/780/4
f 1862/1070/6 1843/1071/6 1851/1071/6 1884/1070/6
f 1861/1074/7 1842/1075/7 1846/1066/7 1859/1065/7
f 1842/1075/7 1843/1071/7 1847/1068/7 1846/1066/7
f 1844/1076/7 1841/1077/7 1845/1061/7 1848/1062/7
f 1874/1078/7 1844/1076/7 1848/1062/7 1872/1069/7
f 1843/1071/4 1842/1075/4 1850/1075/4 1851/1071/4
f 1841/1077/1 1844/1076/1 1878/1076/1 1877/1077/1
f 1873/1081/8 1841/1077/8 1877/1077/8 1881/1081/8
f 1842/1075/8 1861/1074/8 1882/1074/8 1850/1075/8
f 1843/1071/7 1862/1070/7 1860/1073/7 1847/1068/7
f 1873/1081/7 1861/1074/7 1859/1065/7 1871/1072/7
f 1874/1078/6 1862/1070/6 1884/1070/6 1883/1078/6
f 1844/1076/6 1874/1078/6 1883/1078/6 1878/1076/6
f 1841/1077/7 1873/1081/7 1871/1072/7 1845/1061/7
f 1861/1074/8 1873/1081/8 1881/1081/8 1882/1074/8
f 1862/1070/7 1874/1078/7 1872/1069/7 1860/1073/7
f 1886/1091/7 1885/1095/7 1893/1087/7 1894/1086/7
f 1885/1095/7 1887/1096/7 1895/1088/7 1893/1087/7
f 1888/1092/7 1886/1091/7 1894/1086/7 1896/1089/7
f 1887/1096/7 1888/1092/7 1896/1089/7 1895/1088/7
f 1889/1094/7 1890/1093/7 1898/1079/7 1897/1080/7
f 1892/1097/7 1891/1098/7 1899/1090/7 1900/1085/7
f 1891/1098/7 1889/1094/7 1897/1080/7 1899/1090/7
f 1892/1097/4 1890/1093/4 1914/1093/4 1916/1097/4
f 1958/1070/8 1939/1071/8 1947/1071/8 1980/1070/8
f 1957/1074/5 1938/1075/5 1942/1066/5 1955/1065/5
f 1938/1075/5 1939/1071/5 1943/1068/5 1942/1066/5
f 1940/1076/5 1937/1077/5 1941/1061/5 1944/1062/5
f 1970/1078/5 1940/1076/5 1944/1062/5 1968/1069/5
f 1939/1071/4 1938/1075/4 1946/1075/4 1947/1071/4
f 1937/1077/1 1940/1076/1 1974/1076/1 1973/1077/1
f 1969/1081/6 1937/1077/6 1973/1077/6 1977/1081/6
f 1938/1075/6 1957/1074/6 1978/1074/6 1946/1075/6
f 1939/1071/5 1958/1070/5 1956/1073/5 1943/1068/5
f 1969/1081/5 1957/1074/5 1955/1065/5 1967/1072/5
f 1970/1078/8 1958/1070/8 1980/1070/8 1979/1078/8
f 1940/1076/8 1970/1078/8 1979/1078/8 1974/1076/8
f 1937/1077/5 1969/1081/5 1967/1072/5 1941/1061/5
f 1957/1074/6 1969/1081/6 1977/1081/6 1978/1074/6
f 1958/1070/5 1970/1078/5 1968/1069/5 1956/1073/5
f 1982/1091/5 1981/1095/5 1989/1087/5 1990/1086/5
f 1981/1095/5 1983/1096/5 1991/1088/5 1989/1087/5
f 1984/1092/5 1982/1091/5 1990/1086/5 1992/1089/5
f 1983/1096/5 1984/1092/5 1992/1089/5 1991/1088/5
f 1985/1094/5 1986/1093/5 1994/1079/5 1993/1080/5
f 1988/1097/5 1987/1098/5 1995/1090/5 1996/1085/5
f 1987/1098/5 1985/1094/5 1993/1080/5 1995/1090/5
f 1988/1097/4 1986/1093/4 2010/1093/4 2012/1097/4
usemtl M_Jaune
f 2029/1107/244 2034/1108/244 2024/547/244 2023/548/244
f 2041/1109/8 2046/1110/8 2028/550/8 2027/549/8
f 2035/1111/245 2040/1112/245 2026/551/245 2025/552/245
f 2047/1113/6 2052/1114/6 2022/553/6 2021/428/6
f 2068/1115/5 2035/1111/5 2025/552/5 2049/1116/5
f 2059/1117/7 2032/1118/7 2022/555/7 2052/1119/7
f 2044/1120/7 2024/518/7 2034/1121/7 2053/1122/7
f 2053/1122/7 2034/1121/7 2033/1123/7 2056/1124/7
f 2056/1124/7 2033/1123/7 2032/1118/7 2059/1117/7
f 2041/1125/5 2027/549/5 2037/1126/5 2062/1127/5
f 2062/1127/5 2037/1126/5 2036/1128/5 2065/1129/5
f 2065/1129/5 2036/1128/5 2035/1111/5 2068/1115/5
f 2027/549/246 2028/550/246 2038/1130/246 2037/1126/246
f 2037/1126/4 2038/1130/4 2039/1131/4 2036/1128/4
f 2036/1128/4 2039/1131/4 2040/1112/4 2035/1111/4
f 2021/379/247 2022/546/247 2032/1132/247 2031/1133/247
f 2031/1133/1 2032/1132/1 2033/1134/1 2030/1135/1
f 2030/1135/1 2033/1134/1 2034/1108/1 2029/1107/1
f 2030/1136/5 2067/1137/5 2070/1138/5 2031/1139/5
f 2067/1137/5 2066/1140/5 2069/1141/5 2070/1138/5
f 2066/1140/5 2065/1129/5 2068/1115/5 2069/1141/5
f 2029/1142/5 2064/1143/5 2067/1137/5 2030/1136/5
f 2064/1143/5 2063/1144/5 2066/1140/5 2067/1137/5
f 2063/1144/5 2062/1127/5 2065/1129/5 2066/1140/5
f 2023/554/5 2043/1145/5 2064/1143/5 2029/1142/5
f 2043/1145/5 2042/1146/5 2063/1144/5 2064/1143/5
f 2042/1146/5 2041/1125/5 2062/1127/5 2063/1144/5
f 2039/1131/7 2058/1147/7 2061/1148/7 2040/1112/7
f 2058/1147/7 2057/1149/7 2060/1150/7 2061/1148/7
f 2057/1149/7 2056/1124/7 2059/1117/7 2060/1150/7
f 2038/1130/7 2055/1151/7 2058/1147/7 2039/1131/7
f 2055/1151/7 2054/1152/7 2057/1149/7 2058/1147/7
f 2054/1152/7 2053/1122/7 2056/1124/7 2057/1149/7
f 2028/550/7 2046/1153/7 2055/1151/7 2038/1130/7
f 2046/1153/7 2045/1154/7 2054/1152/7 2055/1151/7
f 2045/1154/7 2044/1120/7 2053/1122/7 2054/1152/7
f 2040/1112/7 2061/1148/7 2050/1155/7 2026/551/7
f 2061/1148/7 2060/1150/7 2051/1156/7 2050/1155/7
f 2060/1150/7 2059/1117/7 2052/1119/7 2051/1156/7
f 2031/1139/5 2070/1138/5 2047/1157/5 2021/503/5
f 2070/1138/5 2069/1141/5 2048/1158/5 2047/1157/5
f 2069/1141/248 2068/1115/248 2049/1116/248 2048/1158/248
f 2025/552/6 2026/551/6 2050/1159/6 2049/1160/6
f 2049/1160/249 2050/1159/249 2051/1161/249 2048/1162/249
f 2048/1162/6 2051/1161/6 2052/1114/6 2047/1113/6
f 2023/548/8 2024/547/8 2044/1163/8 2043/1164/8
f 2043/1164/250 2044/1163/250 2045/1165/250 2042/1166/250
f 2042/1166/8 2045/1165/8 2046/1110/8 2041/1109/8
f 2079/1107/251 2084/1108/251 2074/547/251 2073/548/251
f 2091/1109/6 2096/1110/6 2078/550/6 2077/549/6
f 2085/1111/252 2090/1112/252 2076/551/252 2075/552/252
f 2097/1113/8 2102/1114/8 2072/553/8 2071/428/8
f 2118/1115/7 2085/1111/7 2075/552/7 2099/1116/7
f 2109/1117/5 2082/1118/5 2072/555/5 2102/1119/5
f 2094/1120/5 2074/518/5 2084/1121/5 2103/1122/5
f 2103/1122/5 2084/1121/5 2083/1123/5 2106/1124/5
f 2106/1124/5 2083/1123/5 2082/1118/5 2109/1117/5
f 2091/1125/7 2077/549/7 2087/1126/7 2112/1127/7
f 2112/1127/7 2087/1126/7 2086/1128/7 2115/1129/7
f 2115/1129/7 2086/1128/7 2085/1111/7 2118/1115/7
f 2077/549/253 2078/550/253 2088/1130/253 2087/1126/253
f 2087/1126/4 2088/1130/4 2089/1131/4 2086/1128/4
f 2086/1128/4 2089/1131/4 2090/1112/4 2085/1111/4
f 2071/379/254 2072/546/254 2082/1132/254 2081/1133/254
f 2081/1133/1 2082/1132/1 2083/1134/1 2080/1135/1
f 2080/1135/1 2083/1134/1 2084/1108/1 2079/1107/1
f 2080/1136/7 2117/1137/7 2120/1138/7 2081/1139/7
f 2117/1137/7 2116/1140/7 2119/1141/7 2120/1138/7
f 2116/1140/7 2115/1129/7 2118/1115/7 2119/1141/7
f 2079/1142/7 2114/1143/7 2117/1137/7 2080/1136/7
f 2114/1143/7 2113/1144/7 2116/1140/7 2117/1137/7
f 2113/1144/7 2112/1127/7 2115/1129/7 2116/1140/7
f 2073/554/7 2093/1145/7 2114/1143/7 2079/1142/7
f 2093/1145/7 2092/1146/7 2113/1144/7 2114/1143/7
f 2092/1146/7 2091/1125/7 2112/1127/7 2113/1144/7
f 2089/1131/5 2108/1147/5 2111/1148/5 2090/1112/5
f 2108/1147/5 2107/1149/5 2110/1150/5 2111/1148/5
f 2107/1149/5 2106/1124/5 2109/1117/5 2110/1150/5
f 2088/1130/5 2105/1151/5 2108/1147/5 2089/1131/5
f 2105/1151/5 2104/1152/5 2107/1149/5 2108/1147/5
f 2104/1152/5 2103/1122/5 2106/1124/5 2107/1149/5
f 2078/550/5 2096/1153/5 2105/1151/5 2088/1130/5
f 2096/1153/5 2095/1154/5 2104/1152/5 2105/1151/5
f 2095/1154/5 2094/1120/5 2103/1122/5 2104/1152/5
f 2090/1112/5 2111/1148/5 2100/1155/5 2076/551/5
f 2111/1148/5 2110/1150/5 2101/1156/5 2100/1155/5
f 2110/1150/5 2109/1117/5 2102/1119/5 2101/1156/5
f 2081/1139/7 2120/1138/7 2097/1157/7 2071/503/7
f 2120/1138/7 2119/1141/7 2098/1158/7 2097/1157/7
f 2119/1141/7 2118/1115/7 2099/1116/7 2098/1158/7
f 2075/552/8 2076/551/8 2100/1159/8 2099/1160/8
f 2099/1160/255 2100/1159/255 2101/1161/255 2098/1162/255
f 2098/1162/8 2101/1161/8 2102/1114/8 2097/1113/8
f 2073/548/6 2074/547/6 2094/1163/6 2093/1164/6
f 2093/1164/256 2094/1163/256 2095/1165/256 2092/1166/256
f 2092/1166/6 2095/1165/6 2096/1110/6 2091/1109/6
