# Blender 4.2.3 LTS
# www.blender.org
mtllib SM_Fuse_Box.mtl
o SM_Fuse_Box_Base
v -0.053699 -0.275775 0.400000
v -0.053699 0.275775 0.400000
v -0.053699 -0.275775 -0.400000
v -0.053699 0.275775 -0.400000
v 0.112000 -0.323194 0.373729
v 0.112000 -0.373729 0.323194
v 0.112000 0.373729 0.323194
v 0.112000 0.323194 0.373729
v 0.112000 -0.373729 -0.323194
v 0.112000 -0.323194 -0.373729
v 0.112000 0.323194 -0.373729
v 0.112000 0.373729 -0.323194
v 0.053699 -0.275775 -0.400000
v 0.053699 0.275775 -0.400000
v 0.053699 -0.275775 0.400000
v 0.053699 0.275775 0.400000
v 0.102446 -0.320275 -0.366682
v 0.102446 -0.366682 -0.320275
v 0.102446 0.366682 -0.320275
v 0.102446 0.320275 -0.366682
v 0.102446 -0.366682 0.320275
v 0.102446 -0.320275 0.366682
v 0.102446 0.320275 0.366682
v 0.102446 0.366682 0.320275
v 0.102446 -0.323194 -0.373729
v 0.102446 -0.373729 -0.323194
v 0.102446 0.373729 -0.323194
v 0.102446 0.323194 -0.373729
v 0.102446 -0.373729 0.323194
v 0.102446 -0.323194 0.373729
v 0.102446 0.323194 0.373729
v 0.102446 0.373729 0.323194
v 0.108832 -0.312951 -0.349000
v 0.108832 -0.349000 -0.312951
v 0.108832 0.349000 -0.312951
v 0.108832 0.312951 -0.349000
v 0.108832 -0.349000 0.312951
v 0.108832 -0.312951 0.349000
v 0.108832 0.312951 0.349000
v 0.108832 0.349000 0.312951
v 0.108832 -0.320275 -0.366682
v 0.108832 -0.366682 -0.320275
v 0.108832 0.366682 -0.320275
v 0.108832 0.320275 -0.366682
v 0.108832 -0.366682 0.320275
v 0.108832 -0.320275 0.366682
v 0.108832 0.320275 0.366682
v 0.108832 0.366682 0.320275
v 0.101200 -0.309812 -0.341423
v 0.101200 -0.341423 -0.309812
v 0.101200 0.341423 -0.309812
v 0.101200 0.309812 -0.341423
v 0.101200 -0.341423 0.309812
v 0.101200 -0.309812 0.341423
v 0.101200 0.309812 0.341423
v 0.101200 0.341423 0.309812
v 0.101200 -0.312951 -0.349000
v 0.101200 -0.349000 -0.312951
v 0.101200 0.349000 -0.312951
v 0.101200 0.312951 -0.349000
v 0.101200 -0.349000 0.312951
v 0.101200 -0.312951 0.349000
v 0.101200 0.312951 0.349000
v 0.101200 0.349000 0.312951
v 0.112013 -0.309812 -0.341423
v 0.112013 -0.341423 -0.309812
v 0.112013 0.341423 -0.309812
v 0.112013 0.309812 -0.341423
v 0.112013 -0.341423 0.309812
v 0.112013 -0.309812 0.341423
v 0.112013 0.309812 0.341423
v 0.112013 0.341423 0.309812
v -0.074318 -0.298720 -0.314643
v -0.074318 -0.314643 -0.298720
v -0.074318 0.314643 -0.298720
v -0.074318 0.298720 -0.314643
v -0.074318 -0.314643 0.298720
v -0.074318 -0.298720 0.314643
v -0.074318 0.298720 0.314643
v -0.074318 0.314643 0.298720
v -0.014845 -0.236920 -0.392706
v 0.014845 -0.236920 -0.392706
v 0.014845 0.236920 -0.392706
v -0.014845 0.236920 -0.392706
v 0.014845 -0.236920 0.392706
v -0.014845 -0.236920 0.392706
v -0.014845 0.236920 0.392706
v 0.014845 0.236920 0.392706
v -0.053699 -0.275775 -0.392706
v 0.053699 -0.275775 -0.392706
v 0.053699 0.275775 -0.392706
v -0.053699 0.275775 -0.392706
v 0.053699 -0.275775 0.392706
v -0.053699 -0.275775 0.392706
v -0.053699 0.275775 0.392706
v 0.053699 0.275775 0.392706
v -0.014845 -0.236920 -0.386343
v 0.014845 -0.236920 -0.386343
v 0.014845 0.236920 -0.386343
v -0.014845 0.236920 -0.386343
v 0.014845 -0.236920 0.386343
v -0.014845 -0.236920 0.386343
v -0.014845 0.236920 0.386343
v 0.014845 0.236920 0.386343
v -0.112000 -0.389172 0.329590
v -0.101172 -0.400000 0.334076
v -0.112000 0.389172 0.329590
v -0.101172 0.400000 0.334076
v -0.112000 -0.389172 -0.329590
v -0.101172 -0.400000 -0.334076
v -0.112000 0.389172 -0.329590
v -0.101172 0.400000 -0.334076
v 0.112000 -0.389172 -0.329590
v 0.101172 -0.400000 -0.334076
v 0.101172 0.400000 -0.334076
v 0.112000 0.389172 -0.329590
v 0.101172 -0.400000 0.334076
v 0.112000 -0.389172 0.329590
v 0.112000 0.389172 0.329590
v 0.101172 0.400000 0.334076
v 0.112013 -0.303205 -0.325471
v 0.101184 -0.298720 -0.314643
v 0.101184 -0.314643 -0.298720
v 0.112013 -0.325471 -0.303205
v 0.112013 0.325471 -0.303205
v 0.101184 0.314643 -0.298720
v 0.101184 0.298720 -0.314643
v 0.112013 0.303205 -0.325471
v 0.112013 -0.325471 0.303205
v 0.101184 -0.314643 0.298720
v 0.101184 -0.298720 0.314643
v 0.112013 -0.303205 0.325471
v 0.112013 0.303205 0.325471
v 0.101184 0.298720 0.314643
v 0.101184 0.314643 0.298720
v 0.112013 0.325471 0.303205
v -0.112000 -0.329590 -0.389172
v -0.101172 -0.334076 -0.400000
v 0.101172 -0.334076 -0.400000
v 0.112000 -0.329590 -0.389172
v 0.112000 0.329590 -0.389172
v 0.101172 0.334076 -0.400000
v -0.112000 0.329590 -0.389172
v -0.101172 0.334076 -0.400000
v 0.112000 -0.329590 0.389172
v 0.101172 -0.334076 0.400000
v -0.112000 -0.329590 0.389172
v -0.101172 -0.334076 0.400000
v -0.112000 0.329590 0.389172
v -0.101172 0.334076 0.400000
v 0.101172 0.334076 0.400000
v 0.112000 0.329590 0.389172
vn -1.0000 -0.0000 -0.0000
vn -0.0000 -0.0000 1.0000
vn -0.0000 -0.7071 -0.7071
vn -0.0000 0.7071 0.7071
vn -0.0000 1.0000 -0.0000
vn -0.0000 0.7071 -0.7071
vn 1.0000 -0.0000 -0.0000
vn -0.0000 -1.0000 -0.0000
vn -0.0000 -0.0000 -1.0000
vn -0.0000 -0.7071 0.7071
vn 0.7071 -0.5000 -0.5000
vn -0.7071 -0.5000 -0.5000
vn -0.7071 0.5000 -0.5000
vn 0.7071 0.5000 -0.5000
vn -0.7071 -0.5000 0.5000
vn 0.7071 -0.5000 0.5000
vn 0.7071 0.5000 0.5000
vn -0.7071 0.5000 0.5000
vn -0.7071 -0.7071 -0.0000
vn 0.7071 -0.7071 -0.0000
vn -0.7071 -0.0000 0.7071
vn -0.7071 0.7071 -0.0000
vn -0.7071 -0.0000 -0.7071
vn 0.7071 -0.0000 0.7071
vn 0.7071 0.7071 -0.0000
vn 0.7071 -0.0000 -0.7071
vt 0.586180 0.434932
vt 0.413820 0.434932
vt 0.784186 0.859779
vt 0.955353 0.446548
vt 0.362915 0.520601
vt 0.137085 0.520601
vt 0.137085 0.500000
vt 0.362915 0.500000
vt 0.625000 0.762085
vt 0.625000 0.987915
vt 0.604399 0.987915
vt 0.604399 0.762085
vt 0.413820 0.315068
vt 0.625000 0.262085
vt 0.625000 0.487915
vt 0.604399 0.487915
vt 0.604399 0.262085
vt 0.553452 0.955353
vt 0.522032 0.981598
vt 0.824962 0.856120
vt 0.362915 0.520601
vt 0.362915 0.729399
vt 0.137085 0.729399
vt 0.637085 0.520601
vt 0.862915 0.520601
vt 0.862915 0.729399
vt 0.637085 0.729399
vt 0.378384 0.022003
vt 0.397003 0.003384
vt 0.602997 0.003384
vt 0.621616 0.022003
vt 0.621616 0.227997
vt 0.602997 0.246616
vt 0.397003 0.246616
vt 0.378384 0.227997
vt 0.140221 0.784186
vt 0.143880 0.824962
vt 0.522032 0.981597
vt 0.446548 0.044647
vt 0.859779 0.215814
vt 0.856120 0.175038
vt 0.477968 0.018403
vt 0.215813 0.140221
vt 0.477968 0.018403
vt 0.175038 0.143880
vt 0.627969 0.869803
vt 0.671002 0.851978
vt 0.671002 0.851978
vt 0.981598 0.477968
vt 0.413820 0.934932
vt 0.586180 0.934932
vt 0.395601 0.987915
vt 0.044647 0.553452
vt 0.018403 0.522032
vt 0.143880 0.824962
vt 0.586180 0.315068
vt 0.767437 0.860360
vt 0.943920 0.434294
vt 0.565706 0.943920
vt 0.860360 0.232563
vt 0.139640 0.767437
vt 0.056080 0.565706
vt 0.232563 0.139640
vt 0.434294 0.056080
vt 0.407518 0.083275
vt 0.270725 0.139937
vt 0.729275 0.860063
vt 0.592481 0.916725
vt 0.860063 0.270725
vt 0.916725 0.407518
vt 0.139937 0.729275
vt 0.083275 0.592482
vt 0.397719 0.094413
vt 0.285530 0.140883
vt 0.714470 0.859117
vt 0.602280 0.905587
vt 0.859117 0.285530
vt 0.905587 0.397719
vt 0.140883 0.714470
vt 0.094413 0.602281
vt 0.395601 0.487915
vt 0.395601 0.262085
vt 0.869803 0.372031
vt 0.869803 0.372031
vt 0.851978 0.328998
vt 0.372031 0.130197
vt 0.328998 0.148022
vt 0.130197 0.627969
vt 0.328998 0.148022
vt 0.851978 0.328998
vt 0.311422 0.145136
vt 0.382418 0.115728
vt 0.148022 0.671002
vt 0.148022 0.671002
vt 0.627969 0.869803
vt 0.854864 0.311422
vt 0.884272 0.382418
vt 0.617582 0.884272
vt 0.145136 0.688578
vt 0.145136 0.688578
vt 0.115728 0.617582
vt 0.688578 0.854864
vt 0.617582 0.884272
vt 0.884272 0.382418
vt 0.688578 0.854864
vt 0.311422 0.145136
vt 0.604398 0.262085
vt 0.413820 0.815068
vt 0.395601 0.762085
vt 0.586180 0.815067
vt 0.395601 0.762085
vt 0.604398 0.762085
vt 0.018403 0.522032
vt 0.981597 0.477968
vt 0.425962 0.358432
vt 0.574037 0.358432
vt 0.574037 0.391568
vt 0.425963 0.391568
vt 0.425962 0.858432
vt 0.425963 0.891568
vt 0.574037 0.891568
vt 0.574037 0.858432
vt 0.375000 0.500991
vt 0.375000 0.519610
vt 0.125000 0.519610
vt 0.125000 0.500991
vt 0.625000 0.229399
vt 0.604399 0.250000
vt 0.624009 0.500000
vt 0.605390 0.500000
vt 0.125000 0.749009
vt 0.125000 0.730390
vt 0.137085 0.750000
vt 0.375000 0.730390
vt 0.375000 0.749009
vt 0.362915 0.750000
vt 0.500000 0.000000
vt 0.146447 0.146447
vt 0.604399 0.000000
vt 0.625000 0.020601
vt 0.125000 0.727997
vt 0.125000 0.522003
vt 0.375000 0.522003
vt 0.375000 0.727997
vt 0.395601 0.000000
vt 0.875000 0.522003
vt 0.875000 0.727997
vt 0.000000 0.500000
vt 0.625000 0.727997
vt 0.625000 0.522003
vt 0.602997 0.500000
vt 0.397003 0.500000
s 0
usemtl M_Noir_Bleuté
f 14/1/1 13/2/1 90/2/1 91/1/1
f 10/3/2 11/4/2 28/4/2 25/3/2
f 114/5/3 110/6/3 138/7/3 139/8/3
f 120/9/4 108/10/4 150/11/4 151/12/4
f 13/2/5 3/13/5 89/13/5 90/2/5
f 112/14/6 115/15/6 142/16/6 144/17/6
f 10/3/7 9/18/7 113/19/7 140/20/7
f 110/6/8 114/21/8 117/22/8 106/23/8
f 115/24/5 112/25/5 108/26/5 120/27/5
f 105/28/1 147/29/1 149/30/1 107/31/1 111/32/1 143/33/1 137/34/1 109/35/1
f 9/18/7 6/36/7 118/37/7 113/38/7
f 7/39/7 12/40/7 116/41/7 119/42/7
f 8/43/7 7/39/7 119/44/7 152/45/7
f 123/46/4 122/47/4 73/48/4 74/46/4
f 12/40/7 11/4/7 141/49/7 116/41/7
f 1/50/2 2/51/2 150/11/2 148/52/2
f 6/36/7 5/53/7 145/54/7 118/55/7
f 14/1/9 4/56/9 144/17/9 142/16/9
f 8/43/9 5/53/9 30/53/9 31/43/9
f 7/39/3 8/43/3 31/43/3 32/39/3
f 11/4/10 12/40/10 27/40/10 28/4/10
f 12/40/8 7/39/8 32/39/8 27/40/8
f 6/36/5 9/18/5 26/18/5 29/36/5
f 5/53/6 6/36/6 29/36/6 30/53/6
f 9/18/4 10/3/4 25/3/4 26/18/4
f 3/13/9 13/2/9 139/81/9 138/82/9
f 122/48/2 127/83/2 76/84/2 73/48/2
f 126/85/8 135/86/8 80/86/8 75/85/8
f 134/87/9 131/88/9 78/88/9 79/87/9
f 135/86/3 134/89/3 79/87/3 80/86/3
f 127/84/10 126/90/10 75/85/10 76/84/10
f 133/91/7 136/92/7 72/73/7 71/74/7
f 131/88/6 130/93/6 77/94/6 78/88/6
f 130/94/5 123/95/5 74/46/5 77/94/5
f 125/96/7 128/97/7 68/78/7 67/77/7
f 136/92/7 125/96/7 67/77/7 72/73/7
f 124/98/7 129/99/7 69/79/7 66/76/7
f 129/100/7 132/101/7 70/80/7 69/79/7
f 121/102/7 124/103/7 66/76/7 65/75/7
f 128/104/7 121/105/7 65/75/7 68/78/7
f 132/101/7 133/106/7 71/74/7 70/80/7
f 4/56/9 3/13/9 138/82/9 144/107/9
f 15/108/2 1/50/2 148/52/2 146/109/2
f 16/110/2 15/108/2 146/111/2 151/112/2
f 2/51/2 16/110/2 151/12/2 150/11/2
f 13/2/9 14/1/9 142/16/9 139/81/9
f 5/53/7 8/43/7 152/45/7 145/113/7
f 11/4/7 10/3/7 140/20/7 141/114/7
f 3/13/7 4/56/7 92/56/7 89/13/7
f 16/110/8 2/51/8 95/51/8 96/110/8
f 4/56/8 14/1/8 91/1/8 92/56/8
f 15/108/1 16/110/1 96/110/1 93/108/1
f 2/51/7 1/50/7 94/50/7 95/51/7
f 1/50/5 15/108/5 93/108/5 94/50/5
f 140/123/11 113/124/11 114/5/11 139/8/11
f 109/125/12 137/126/12 138/7/12 110/6/12
f 143/33/13 111/32/13 112/127/13 144/128/13
f 116/129/14 141/130/14 142/16/14 115/15/14
f 147/131/15 105/132/15 106/23/15 148/133/15
f 118/134/16 145/135/16 146/136/16 117/22/16
f 152/45/17 119/44/17 120/137/17 151/138/17
f 107/31/18 149/30/18 150/139/18 108/140/18
f 105/141/19 109/142/19 110/6/19 106/23/19
f 113/143/20 118/144/20 117/22/20 114/21/20
f 148/145/21 150/139/21 149/30/21 147/29/21
f 108/26/22 112/25/22 111/146/22 107/147/22
f 144/107/23 138/82/23 137/34/23 143/33/23
f 145/113/24 152/45/24 151/138/24 146/148/24
f 119/149/25 116/150/25 115/24/25 120/27/25
f 141/151/26 140/152/26 139/81/26 142/16/26
f 122/47/17 123/46/17 124/103/17 121/102/17
f 126/90/16 127/84/16 128/97/16 125/96/16
f 130/93/14 131/88/14 132/101/14 129/100/14
f 134/89/11 135/86/11 136/92/11 133/91/11
f 123/95/25 130/94/25 129/99/25 124/98/25
f 131/88/26 134/87/26 133/106/26 132/101/26
f 135/86/20 126/85/20 125/96/20 136/92/20
f 127/83/24 122/48/24 121/105/24 128/104/24
f 106/23/10 117/22/10 146/136/10 148/133/10
usemtl M_Noir_Profond
f 17/57/7 18/59/7 26/18/7 25/3/7
f 19/60/7 20/58/7 28/4/7 27/40/7
f 21/61/7 22/62/7 30/53/7 29/36/7
f 23/63/7 24/64/7 32/39/7 31/43/7
f 18/59/7 21/61/7 29/36/7 26/18/7
f 22/62/7 23/63/7 31/43/7 30/53/7
f 24/64/7 19/60/7 27/40/7 32/39/7
f 20/58/7 17/57/7 25/3/7 28/4/7
f 22/62/10 21/61/10 45/61/10 46/62/10
f 56/73/4 55/74/4 71/74/4 72/73/4
f 49/75/7 50/76/7 58/68/7 57/67/7
f 51/77/7 52/78/7 60/70/7 59/69/7
f 53/79/7 54/80/7 62/72/7 61/71/7
f 55/74/7 56/73/7 64/65/7 63/66/7
f 50/76/7 53/79/7 61/71/7 58/68/7
f 54/80/7 55/74/7 63/66/7 62/72/7
f 56/73/7 51/77/7 59/69/7 64/65/7
f 52/78/7 49/75/7 57/67/7 60/70/7
f 52/78/6 51/77/6 67/77/6 68/78/6
f 51/77/5 56/73/5 72/73/5 67/77/5
f 53/79/8 50/76/8 66/76/8 69/79/8
f 54/80/10 53/79/10 69/79/10 70/80/10
f 50/76/3 49/75/3 65/75/3 66/76/3
f 49/75/9 52/78/9 68/78/9 65/75/9
f 55/74/2 54/80/2 70/80/2 71/74/2
f 74/46/7 73/48/7 76/84/7 75/85/7 80/86/7 79/87/7 78/88/7 77/94/7
f 81/115/7 84/116/7 100/116/7 97/115/7
f 83/117/1 82/118/1 98/118/1 99/117/1
f 81/115/9 82/118/9 90/2/9 89/13/9
f 83/117/9 84/116/9 92/56/9 91/1/9
f 85/119/2 86/120/2 94/50/2 93/108/2
f 87/121/2 88/122/2 96/110/2 95/51/2
f 86/120/2 87/121/2 95/51/2 94/50/2
f 84/116/9 81/115/9 89/13/9 92/56/9
f 88/122/2 85/119/2 93/108/2 96/110/2
f 82/118/9 83/117/9 91/1/9 90/2/9
f 88/122/8 87/121/8 103/121/8 104/122/8
f 84/116/8 83/117/8 99/117/8 100/116/8
f 85/119/1 88/122/1 104/122/1 101/119/1
f 87/121/7 86/120/7 102/120/7 103/121/7
f 86/120/5 85/119/5 101/119/5 102/120/5
f 82/118/5 81/115/5 97/115/5 98/118/5
usemtl M_Orange
f 17/57/9 20/58/9 44/58/9 41/57/9
f 40/65/3 39/66/3 63/66/3 64/65/3
f 23/63/2 22/62/2 46/62/2 47/63/2
f 24/64/4 23/63/4 47/63/4 48/64/4
f 20/58/6 19/60/6 43/60/6 44/58/6
f 19/60/5 24/64/5 48/64/5 43/60/5
f 21/61/8 18/59/8 42/59/8 45/61/8
f 18/59/3 17/57/3 41/57/3 42/59/3
f 33/67/7 34/68/7 42/59/7 41/57/7
f 35/69/7 36/70/7 44/58/7 43/60/7
f 37/71/7 38/72/7 46/62/7 45/61/7
f 39/66/7 40/65/7 48/64/7 47/63/7
f 34/68/7 37/71/7 45/61/7 42/59/7
f 38/72/7 39/66/7 47/63/7 46/62/7
f 40/65/7 35/69/7 43/60/7 48/64/7
f 36/70/7 33/67/7 41/57/7 44/58/7
f 36/70/10 35/69/10 59/69/10 60/70/10
f 35/69/8 40/65/8 64/65/8 59/69/8
f 37/71/5 34/68/5 58/68/5 61/71/5
f 38/72/6 37/71/6 61/71/6 62/72/6
f 34/68/4 33/67/4 57/67/4 58/68/4
f 33/67/2 36/70/2 60/70/2 57/67/2
f 39/66/9 38/72/9 62/72/9 63/66/9
usemtl M_Cyan
f 101/119/2 104/122/2 103/121/2 102/120/2
f 97/115/9 100/116/9 99/117/9 98/118/9
o SM_Fuse_Box_Fuse
v 0.015758 -0.159139 0.134232
v 0.015758 0.159139 0.134232
v 0.028588 -0.159139 0.135496
v 0.028588 0.159139 0.135496
v 0.040926 -0.159139 0.139238
v 0.040926 0.159139 0.139238
v 0.052296 -0.159139 0.145316
v 0.052296 0.159139 0.145316
v 0.062262 -0.159139 0.153495
v 0.062262 0.159139 0.153495
v 0.070442 -0.159139 0.163461
v 0.070442 0.159139 0.163461
v 0.076519 -0.159139 0.174832
v 0.076519 0.159139 0.174832
v 0.080262 -0.159139 0.187169
v 0.080262 0.159139 0.187169
v 0.081525 -0.159139 0.200000
v 0.081525 0.159139 0.200000
v 0.080262 -0.159139 0.212830
v 0.080262 0.159139 0.212830
v 0.076519 -0.159139 0.225168
v 0.076519 0.159139 0.225168
v 0.070442 -0.159139 0.236538
v 0.070442 0.159139 0.236538
v 0.062262 -0.159139 0.246505
v 0.062262 0.159139 0.246505
v 0.052296 -0.159139 0.254684
v 0.052296 0.159139 0.254684
v 0.040926 -0.159139 0.260761
v 0.040926 0.159139 0.260761
v 0.028588 -0.159139 0.264504
v 0.028588 0.159139 0.264504
v 0.015758 -0.159139 0.265768
v 0.015758 0.159139 0.265768
v 0.002927 -0.159139 0.264504
v 0.002927 0.159139 0.264504
v -0.009411 -0.159139 0.260761
v -0.009411 0.159139 0.260761
v -0.020781 -0.159139 0.254684
v -0.020781 0.159139 0.254684
v -0.030747 -0.159139 0.246505
v -0.030747 0.159139 0.246505
v -0.038926 -0.159139 0.236538
v -0.038926 0.159139 0.236538
v -0.045004 -0.159139 0.225168
v -0.045004 0.159139 0.225168
v -0.048747 -0.159139 0.212830
v -0.048747 0.159139 0.212830
v -0.050010 -0.159139 0.200000
v -0.050010 0.159139 0.200000
v -0.048747 -0.159139 0.187169
v -0.048747 0.159139 0.187169
v -0.045004 -0.159139 0.174832
v -0.045004 0.159139 0.174832
v -0.038926 -0.159139 0.163461
v -0.038926 0.159139 0.163461
v -0.030747 -0.159139 0.153495
v -0.030747 0.159139 0.153495
v -0.020781 -0.159139 0.145316
v -0.020781 0.159139 0.145316
v -0.009411 -0.159139 0.139238
v -0.009411 0.159139 0.139238
v 0.002927 -0.159139 0.135496
v 0.002927 0.159139 0.135496
v 0.015758 -0.163768 0.122372
v 0.030902 -0.163768 0.123864
v 0.030902 0.163768 0.123864
v 0.015758 0.163768 0.122372
v 0.045464 -0.163768 0.128281
v 0.045464 0.163768 0.128281
v 0.058885 -0.163768 0.135455
v 0.058885 0.163768 0.135455
v 0.070648 -0.163768 0.145109
v 0.070648 0.163768 0.145109
v 0.080302 -0.163768 0.156872
v 0.080302 0.163768 0.156872
v 0.087476 -0.163768 0.170293
v 0.087476 0.163768 0.170293
v 0.091893 -0.163768 0.184855
v 0.091893 0.163768 0.184855
v 0.093385 -0.163768 0.200000
v 0.093385 0.163768 0.200000
v 0.091893 -0.163768 0.215144
v 0.091893 0.163768 0.215144
v 0.087476 -0.163768 0.229707
v 0.087476 0.163768 0.229707
v 0.080302 -0.163768 0.243127
v 0.080302 0.163768 0.243127
v 0.070648 -0.163768 0.254891
v 0.070648 0.163768 0.254891
v 0.058885 -0.163768 0.264545
v 0.058885 0.163768 0.264545
v 0.045464 -0.163768 0.271718
v 0.045464 0.163768 0.271718
v 0.030902 -0.163768 0.276136
v 0.030902 0.163768 0.276136
v 0.015758 -0.163768 0.277627
v 0.015758 0.163768 0.277627
v 0.000613 -0.163768 0.276136
v 0.000613 0.163768 0.276136
v -0.013949 -0.163768 0.271718
v -0.013949 0.163768 0.271718
v -0.027370 -0.163768 0.264545
v -0.027370 0.163768 0.264545
v -0.039133 -0.163768 0.254891
v -0.039133 0.163768 0.254891
v -0.048787 -0.163768 0.243127
v -0.048787 0.163768 0.243127
v -0.055961 -0.163768 0.229707
v -0.055961 0.163768 0.229707
v -0.060378 -0.163768 0.215144
v -0.060378 0.163768 0.215144
v -0.061870 -0.163768 0.200000
v -0.061870 0.163768 0.200000
v -0.060378 -0.163768 0.184855
v -0.060378 0.163768 0.184855
v -0.055961 -0.163768 0.170293
v -0.055961 0.163768 0.170293
v -0.048787 -0.163768 0.156872
v -0.048787 0.163768 0.156872
v -0.039133 -0.163768 0.145109
v -0.039133 0.163768 0.145109
v -0.027370 -0.163768 0.135455
v -0.027370 0.163768 0.135455
v -0.013949 -0.163768 0.128281
v -0.013949 0.163768 0.128281
v 0.000613 -0.163768 0.123864
v 0.000613 0.163768 0.123864
v 0.015758 -0.199825 0.122372
v 0.030902 -0.199825 0.123864
v 0.030902 0.199825 0.123864
v 0.015758 0.199825 0.122372
v 0.045464 -0.199825 0.128281
v 0.045464 0.199825 0.128281
v 0.058885 -0.199825 0.135455
v 0.058885 0.199825 0.135455
v 0.070648 -0.199825 0.145109
v 0.070648 0.199825 0.145109
v 0.080302 -0.199825 0.156872
v 0.080302 0.199825 0.156872
v 0.087476 -0.199825 0.170293
v 0.087476 0.199825 0.170293
v 0.091893 -0.199825 0.184855
v 0.091893 0.199825 0.184855
v 0.093385 -0.199825 0.200000
v 0.093385 0.199825 0.200000
v 0.091893 -0.199825 0.215144
v 0.091893 0.199825 0.215144
v 0.087476 -0.199825 0.229707
v 0.087476 0.199825 0.229707
v 0.080302 -0.199825 0.243127
v 0.080302 0.199825 0.243127
v 0.070648 -0.199825 0.254891
v 0.070648 0.199825 0.254891
v 0.058885 -0.199825 0.264545
v 0.058885 0.199825 0.264545
v 0.045464 -0.199825 0.271718
v 0.045464 0.199825 0.271718
v 0.030902 -0.199825 0.276136
v 0.030902 0.199825 0.276136
v 0.015758 -0.199825 0.277627
v 0.015758 0.199825 0.277627
v 0.000613 -0.199825 0.276136
v 0.000613 0.199825 0.276136
v -0.013949 -0.199825 0.271718
v -0.013949 0.199825 0.271718
v -0.027370 -0.199825 0.264545
v -0.027370 0.199825 0.264545
v -0.039133 -0.199825 0.254891
v -0.039133 0.199825 0.254891
v -0.048787 -0.199825 0.243127
v -0.048787 0.199825 0.243127
v -0.055961 -0.199825 0.229707
v -0.055961 0.199825 0.229707
v -0.060378 -0.199825 0.215144
v -0.060378 0.199825 0.215144
v -0.061870 -0.199825 0.200000
v -0.061870 0.199825 0.200000
v -0.060378 -0.199825 0.184855
v -0.060378 0.199825 0.184855
v -0.055961 -0.199825 0.170293
v -0.055961 0.199825 0.170293
v -0.048787 -0.199825 0.156872
v -0.048787 0.199825 0.156872
v -0.039133 -0.199825 0.145109
v -0.039133 0.199825 0.145109
v -0.027370 -0.199825 0.135455
v -0.027370 0.199825 0.135455
v -0.013949 -0.199825 0.128281
v -0.013949 0.199825 0.128281
v 0.000613 -0.199825 0.123864
v 0.000613 0.199825 0.123864
v 0.015758 -0.209609 0.114891
v 0.032361 -0.209609 0.116527
v 0.032361 0.209609 0.116527
v 0.015758 0.209609 0.114891
v 0.048327 -0.209609 0.121370
v 0.048327 0.209609 0.121370
v 0.063041 -0.209609 0.129235
v 0.063041 0.209609 0.129235
v 0.075938 -0.209609 0.139819
v 0.075938 0.209609 0.139819
v 0.086523 -0.209609 0.152716
v 0.086523 0.209609 0.152716
v 0.094387 -0.209609 0.167430
v 0.094387 0.209609 0.167430
v 0.099231 -0.209609 0.183396
v 0.099231 0.209609 0.183396
v 0.100866 -0.209609 0.200000
v 0.100866 0.209609 0.200000
v 0.099231 -0.209609 0.216604
v 0.099231 0.209609 0.216604
v 0.094387 -0.209609 0.232569
v 0.094387 0.209609 0.232569
v 0.086523 -0.209609 0.247283
v 0.086523 0.209609 0.247283
v 0.075938 -0.209609 0.260181
v 0.075938 0.209609 0.260181
v 0.063041 -0.209609 0.270765
v 0.063041 0.209609 0.270765
v 0.048327 -0.209609 0.278630
v 0.048327 0.209609 0.278630
v 0.032361 -0.209609 0.283473
v 0.032361 0.209609 0.283473
v 0.015758 -0.209609 0.285108
v 0.015758 0.209609 0.285108
v -0.000846 -0.209609 0.283473
v -0.000846 0.209609 0.283473
v -0.016812 -0.209609 0.278630
v -0.016812 0.209609 0.278630
v -0.031526 -0.209609 0.270765
v -0.031526 0.209609 0.270765
v -0.044423 -0.209609 0.260181
v -0.044423 0.209609 0.260181
v -0.055007 -0.209609 0.247283
v -0.055007 0.209609 0.247283
v -0.062872 -0.209609 0.232569
v -0.062872 0.209609 0.232569
v -0.067715 -0.209609 0.216604
v -0.067715 0.209609 0.216604
v -0.069351 -0.209609 0.200000
v -0.069351 0.209609 0.200000
v -0.067715 -0.209609 0.183396
v -0.067715 0.209609 0.183396
v -0.062872 -0.209609 0.167430
v -0.062872 0.209609 0.167430
v -0.055007 -0.209609 0.152716
v -0.055007 0.209609 0.152716
v -0.044423 -0.209609 0.139819
v -0.044423 0.209609 0.139819
v -0.031526 -0.209609 0.129235
v -0.031526 0.209609 0.129235
v -0.016812 -0.209609 0.121370
v -0.016812 0.209609 0.121370
v -0.000846 -0.209609 0.116527
v -0.000846 0.209609 0.116527
v 0.015758 -0.288411 0.114891
v 0.032361 -0.288411 0.116527
v 0.032361 0.288411 0.116527
v 0.015758 0.288411 0.114891
v 0.048327 -0.288411 0.121370
v 0.048327 0.288411 0.121370
v 0.063041 -0.288411 0.129235
v 0.063041 0.288411 0.129235
v 0.075938 -0.288411 0.139819
v 0.075938 0.288411 0.139819
v 0.086523 -0.288411 0.152716
v 0.086523 0.288411 0.152716
v 0.094387 -0.288411 0.167430
v 0.094387 0.288411 0.167430
v 0.099231 -0.288411 0.183396
v 0.099231 0.288411 0.183396
v 0.100866 -0.288411 0.200000
v 0.100866 0.288411 0.200000
v 0.099231 -0.288411 0.216604
v 0.099231 0.288411 0.216604
v 0.094387 -0.288411 0.232569
v 0.094387 0.288411 0.232569
v 0.086523 -0.288411 0.247283
v 0.086523 0.288411 0.247283
v 0.075938 -0.288411 0.260181
v 0.075938 0.288411 0.260181
v 0.063041 -0.288411 0.270765
v 0.063041 0.288411 0.270765
v 0.048327 -0.288411 0.278630
v 0.048327 0.288411 0.278630
v 0.032361 -0.288411 0.283473
v 0.032361 0.288411 0.283473
v 0.015758 -0.288411 0.285108
v 0.015758 0.288411 0.285108
v -0.000846 -0.288411 0.283473
v -0.000846 0.288411 0.283473
v -0.016812 -0.288411 0.278630
v -0.016812 0.288411 0.278630
v -0.031526 -0.288411 0.270765
v -0.031526 0.288411 0.270765
v -0.044423 -0.288411 0.260181
v -0.044423 0.288411 0.260181
v -0.055007 -0.288411 0.247283
v -0.055007 0.288411 0.247283
v -0.062872 -0.288411 0.232569
v -0.062872 0.288411 0.232569
v -0.067715 -0.288411 0.216604
v -0.067715 0.288411 0.216604
v -0.069351 -0.288411 0.200000
v -0.069351 0.288411 0.200000
v -0.067715 -0.288411 0.183396
v -0.067715 0.288411 0.183396
v -0.062872 -0.288411 0.167430
v -0.062872 0.288411 0.167430
v -0.055007 -0.288411 0.152716
v -0.055007 0.288411 0.152716
v -0.044423 -0.288411 0.139819
v -0.044423 0.288411 0.139819
v -0.031526 -0.288411 0.129235
v -0.031526 0.288411 0.129235
v -0.016812 -0.288411 0.121370
v -0.016812 0.288411 0.121370
v -0.000846 -0.288411 0.116527
v -0.000846 0.288411 0.116527
v 0.015758 -0.306616 0.173709
v 0.020887 -0.306616 0.174214
v 0.020887 0.306616 0.174214
v 0.015758 0.306616 0.173709
v 0.025819 -0.306616 0.175710
v 0.025819 0.306616 0.175710
v 0.030364 -0.306616 0.178140
v 0.030364 0.306616 0.178140
v 0.034348 -0.306616 0.181409
v 0.034348 0.306616 0.181409
v 0.037618 -0.306616 0.185393
v 0.037618 0.306616 0.185393
v 0.040047 -0.306616 0.189939
v 0.040047 0.306616 0.189939
v 0.041543 -0.306616 0.194871
v 0.041543 0.306616 0.194871
v 0.042048 -0.306616 0.200000
v 0.042048 0.306616 0.200000
v 0.041543 -0.306616 0.205129
v 0.041543 0.306616 0.205129
v 0.040047 -0.306616 0.210061
v 0.040047 0.306616 0.210061
v 0.037618 -0.306616 0.214606
v 0.037618 0.306616 0.214606
v 0.034348 -0.306616 0.218590
v 0.034348 0.306616 0.218590
v 0.030364 -0.306616 0.221860
v 0.030364 0.306616 0.221860
v 0.025819 -0.306616 0.224289
v 0.025819 0.306616 0.224289
v 0.020887 -0.306616 0.225785
v 0.020887 0.306616 0.225785
v 0.015758 -0.306616 0.226291
v 0.015758 0.306616 0.226291
v 0.010628 -0.306616 0.225785
v 0.010628 0.306616 0.225785
v 0.005697 -0.306616 0.224289
v 0.005697 0.306616 0.224289
v 0.001151 -0.306616 0.221860
v 0.001151 0.306616 0.221860
v -0.002833 -0.306616 0.218590
v -0.002833 0.306616 0.218590
v -0.006102 -0.306616 0.214606
v -0.006102 0.306616 0.214606
v -0.008532 -0.306616 0.210061
v -0.008532 0.306616 0.210061
v -0.010028 -0.306616 0.205129
v -0.010028 0.306616 0.205129
v -0.010533 -0.306616 0.200000
v -0.010533 0.306616 0.200000
v -0.010028 -0.306616 0.194871
v -0.010028 0.306616 0.194871
v -0.008532 -0.306616 0.189939
v -0.008532 0.306616 0.189939
v -0.006102 -0.306616 0.185393
v -0.006102 0.306616 0.185393
v -0.002833 -0.306616 0.181409
v -0.002833 0.306616 0.181409
v 0.001151 -0.306616 0.178140
v 0.001151 0.306616 0.178140
v 0.005697 -0.306616 0.175710
v 0.005697 0.306616 0.175710
v 0.010628 -0.306616 0.174214
v 0.010628 0.306616 0.174214
v 0.015758 -0.306616 0.142414
v 0.026992 -0.306616 0.143520
v 0.026992 0.306616 0.143520
v 0.015758 0.306616 0.142414
v 0.037795 -0.306616 0.146797
v 0.037795 0.306616 0.146797
v 0.047751 -0.306616 0.152119
v 0.047751 0.306616 0.152119
v 0.056477 -0.306616 0.159280
v 0.056477 0.306616 0.159280
v 0.063639 -0.306616 0.168007
v 0.063639 0.306616 0.168007
v 0.068960 -0.306616 0.177963
v 0.068960 0.306616 0.177963
v 0.072237 -0.306616 0.188765
v 0.072237 0.306616 0.188765
v 0.073344 -0.306616 0.200000
v 0.073344 0.306616 0.200000
v 0.072237 -0.306616 0.211234
v 0.072237 0.306616 0.211234
v 0.068960 -0.306616 0.222037
v 0.068960 0.306616 0.222037
v 0.063639 -0.306616 0.231993
v 0.063639 0.306616 0.231993
v 0.056477 -0.306616 0.240719
v 0.056477 0.306616 0.240719
v 0.047751 -0.306616 0.247881
v 0.047751 0.306616 0.247881
v 0.037795 -0.306616 0.253202
v 0.037795 0.306616 0.253202
v 0.026992 -0.306616 0.256479
v 0.026992 0.306616 0.256479
v 0.015758 -0.306616 0.257586
v 0.015758 0.306616 0.257586
v 0.004523 -0.306616 0.256479
v 0.004523 0.306616 0.256479
v -0.006280 -0.306616 0.253202
v -0.006280 0.306616 0.253202
v -0.016236 -0.306616 0.247881
v -0.016236 0.306616 0.247881
v -0.024962 -0.306616 0.240719
v -0.024962 0.306616 0.240719
v -0.032124 -0.306616 0.231993
v -0.032124 0.306616 0.231993
v -0.037445 -0.306616 0.222037
v -0.037445 0.306616 0.222037
v -0.040722 -0.306616 0.211234
v -0.040722 0.306616 0.211234
v -0.041829 -0.306616 0.200000
v -0.041829 0.306616 0.200000
v -0.040722 -0.306616 0.188765
v -0.040722 0.306616 0.188765
v -0.037445 -0.306616 0.177963
v -0.037445 0.306616 0.177963
v -0.032124 -0.306616 0.168007
v -0.032124 0.306616 0.168007
v -0.024962 -0.306616 0.159280
v -0.024962 0.306616 0.159280
v -0.016236 -0.306616 0.152119
v -0.016236 0.306616 0.152119
v -0.006280 -0.306616 0.146797
v -0.006280 0.306616 0.146797
v 0.004523 -0.306616 0.143520
v 0.004523 0.306616 0.143520
v 0.015758 -0.314672 0.179032
v 0.019848 -0.314672 0.179435
v 0.019848 0.314672 0.179435
v 0.015758 0.314672 0.179032
v 0.023782 -0.314672 0.180628
v 0.023782 0.314672 0.180628
v 0.027407 -0.314672 0.182566
v 0.027407 0.314672 0.182566
v 0.030584 -0.314672 0.185173
v 0.030584 0.314672 0.185173
v 0.033192 -0.314672 0.188351
v 0.033192 0.314672 0.188351
v 0.035130 -0.314672 0.191976
v 0.035130 0.314672 0.191976
v 0.036323 -0.314672 0.195909
v 0.036323 0.314672 0.195909
v 0.036726 -0.314672 0.200000
v 0.036726 0.314672 0.200000
v 0.036323 -0.314672 0.204090
v 0.036323 0.314672 0.204090
v 0.035130 -0.314672 0.208024
v 0.035130 0.314672 0.208024
v 0.033192 -0.314672 0.211649
v 0.033192 0.314672 0.211649
v 0.030584 -0.314672 0.214826
v 0.030584 0.314672 0.214826
v 0.027407 -0.314672 0.217434
v 0.027407 0.314672 0.217434
v 0.023782 -0.314672 0.219372
v 0.023782 0.314672 0.219372
v 0.019848 -0.314672 0.220565
v 0.019848 0.314672 0.220565
v 0.015758 -0.314672 0.220968
v 0.015758 0.314672 0.220968
v 0.011667 -0.314672 0.220565
v 0.011667 0.314672 0.220565
v 0.007733 -0.314672 0.219372
v 0.007733 0.314672 0.219372
v 0.004108 -0.314672 0.217434
v 0.004108 0.314672 0.217434
v 0.000931 -0.314672 0.214826
v 0.000931 0.314672 0.214826
v -0.001677 -0.314672 0.211649
v -0.001677 0.314672 0.211649
v -0.003614 -0.314672 0.208024
v -0.003614 0.314672 0.208024
v -0.004808 -0.314672 0.204090
v -0.004808 0.314672 0.204090
v -0.005210 -0.314672 0.200000
v -0.005210 0.314672 0.200000
v -0.004808 -0.314672 0.195909
v -0.004808 0.314672 0.195909
v -0.003614 -0.314672 0.191976
v -0.003614 0.314672 0.191976
v -0.001677 -0.314672 0.188351
v -0.001677 0.314672 0.188351
v 0.000931 -0.314672 0.185173
v 0.000931 0.314672 0.185173
v 0.004108 -0.314672 0.182565
v 0.004108 0.314672 0.182565
v 0.007733 -0.314672 0.180628
v 0.007733 0.314672 0.180628
v 0.011667 -0.314672 0.179435
v 0.011667 0.314672 0.179435
vn 0.0980 -0.0000 -0.9952
vn 0.2903 -0.0000 -0.9569
vn 0.4714 -0.0000 -0.8819
vn 0.6344 -0.0000 -0.7730
vn 0.7730 -0.0000 -0.6344
vn 0.8819 -0.0000 -0.4714
vn 0.9569 -0.0000 -0.2903
vn 0.9952 -0.0000 -0.0980
vn 0.9952 -0.0000 0.0980
vn 0.9569 -0.0000 0.2903
vn 0.8819 -0.0000 0.4714
vn 0.7730 -0.0000 0.6344
vn 0.6344 -0.0000 0.7730
vn 0.4714 -0.0000 0.8819
vn 0.2903 -0.0000 0.9569
vn 0.0980 -0.0000 0.9952
vn -0.0980 -0.0000 0.9952
vn -0.2903 -0.0000 0.9569
vn -0.4714 -0.0000 0.8819
vn -0.6344 -0.0000 0.7730
vn -0.7730 -0.0000 0.6344
vn -0.8819 -0.0000 0.4714
vn -0.9569 -0.0000 0.2903
vn -0.9952 -0.0000 0.0980
vn -0.9952 -0.0000 -0.0980
vn -0.9569 -0.0000 -0.2903
vn -0.8819 -0.0000 -0.4714
vn -0.7730 -0.0000 -0.6344
vn -0.6344 -0.0000 -0.7730
vn -0.4714 -0.0000 -0.8819
vn 0.3634 -0.9309 -0.0358
vn -0.2903 -0.0000 -0.9569
vn -0.0980 -0.0000 -0.9952
vn -0.0358 0.9309 0.3634
vn -0.3494 0.9309 -0.1060
vn -0.0358 -0.9309 0.3634
vn -0.3494 -0.9309 -0.1060
vn 0.3634 0.9309 0.0358
vn -0.1060 0.9309 0.3494
vn 0.3634 -0.9309 0.0358
vn 0.0358 0.9309 -0.3634
vn -0.3221 0.9309 -0.1721
vn -0.1060 -0.9309 0.3494
vn 0.0358 -0.9309 -0.3634
vn -0.3221 -0.9309 -0.1721
vn 0.3494 0.9309 0.1060
vn -0.1721 0.9309 0.3221
vn 0.3494 -0.9309 0.1060
vn -0.2823 0.9309 -0.2317
vn -0.1721 -0.9309 0.3221
vn 0.1060 0.9309 -0.3494
vn -0.2823 -0.9309 -0.2317
vn 0.3221 0.9309 0.1721
vn 0.1060 -0.9309 -0.3494
vn -0.2317 0.9309 0.2823
vn 0.3221 -0.9309 0.1721
vn -0.2317 0.9309 -0.2823
vn -0.2317 -0.9309 0.2823
vn 0.1721 0.9309 -0.3221
vn -0.2317 -0.9309 -0.2823
vn 0.2823 0.9309 0.2317
vn 0.1721 -0.9309 -0.3221
vn -0.2823 0.9309 0.2317
vn 0.2823 -0.9309 0.2317
vn -0.1721 0.9309 -0.3221
vn -0.2823 -0.9309 0.2317
vn 0.2317 0.9309 -0.2823
vn -0.1721 -0.9309 -0.3221
vn 0.2317 0.9309 0.2823
vn 0.2317 -0.9309 -0.2823
vn -0.3221 0.9309 0.1721
vn 0.2317 -0.9309 0.2823
vn -0.1060 0.9309 -0.3494
vn -0.3221 -0.9309 0.1721
vn 0.2823 0.9309 -0.2317
vn -0.1060 -0.9309 -0.3494
vn 0.1721 0.9309 0.3221
vn 0.2823 -0.9309 -0.2317
vn -0.3494 0.9309 0.1060
vn 0.1721 -0.9309 0.3221
vn -0.0358 0.9309 -0.3634
vn -0.3494 -0.9309 0.1060
vn 0.3221 0.9309 -0.1721
vn -0.0358 -0.9309 -0.3634
vn 0.1060 0.9309 0.3494
vn 0.3221 -0.9309 -0.1721
vn -0.3634 0.9309 0.0358
vn 0.1060 -0.9309 0.3494
vn -0.3634 -0.9309 0.0358
vn 0.3494 0.9309 -0.1060
vn 0.0358 0.9309 0.3634
vn 0.3494 -0.9309 -0.1060
vn -0.3634 0.9309 -0.0358
vn 0.0358 -0.9309 0.3634
vn -0.3634 -0.9309 -0.0358
vn 0.3634 0.9309 -0.0358
vn -0.2310 -0.6055 0.7615
vn -0.2310 -0.6055 -0.7615
vn 0.6152 -0.6055 -0.5049
vn -0.0780 0.6055 -0.7920
vn -0.3751 0.6055 0.7018
vn 0.7018 0.6055 -0.3751
vn -0.0780 -0.6055 -0.7920
vn -0.3751 -0.6055 0.7018
vn 0.7018 -0.6055 -0.3751
vn -0.5049 0.6055 0.6152
vn 0.7615 0.6055 -0.2310
vn -0.5049 -0.6055 0.6152
vn 0.7615 -0.6055 -0.2310
vn -0.6152 0.6055 0.5049
vn 0.7920 0.6055 -0.0780
vn -0.6152 -0.6055 0.5049
vn 0.7920 -0.6055 -0.0780
vn -0.7018 0.6055 0.3751
vn 0.7920 0.6055 0.0780
vn -0.7018 -0.6055 0.3751
vn 0.7920 -0.6055 0.0780
vn -0.7615 0.6055 0.2310
vn 0.7615 0.6055 0.2310
vn -0.7615 -0.6055 0.2310
vn 0.7615 -0.6055 0.2310
vn -0.7920 0.6055 0.0780
vn 0.7018 0.6055 0.3751
vn -0.7920 -0.6055 0.0780
vn 0.7018 -0.6055 0.3751
vn -0.7920 0.6055 -0.0780
vn 0.6152 0.6055 0.5049
vn -0.7920 -0.6055 -0.0780
vn 0.6152 -0.6055 0.5049
vn -0.7615 0.6055 -0.2310
vn 0.5049 0.6055 0.6152
vn -0.7615 -0.6055 -0.2310
vn 0.5049 -0.6055 0.6152
vn -0.7018 0.6055 -0.3751
vn 0.3751 0.6055 0.7018
vn 0.0780 0.6055 -0.7920
vn -0.7018 -0.6055 -0.3751
vn 0.3751 -0.6055 0.7018
vn 0.0780 -0.6055 -0.7920
vn -0.6152 0.6055 -0.5049
vn 0.2310 0.6055 0.7615
vn 0.2310 0.6055 -0.7615
vn -0.6152 -0.6055 -0.5049
vn 0.2310 -0.6055 0.7615
vn 0.2310 -0.6055 -0.7615
vn -0.5049 0.6055 -0.6152
vn 0.0780 0.6055 0.7920
vn 0.3751 0.6055 -0.7018
vn -0.5049 -0.6055 -0.6152
vn 0.0780 -0.6055 0.7920
vn 0.3751 -0.6055 -0.7018
vn -0.3751 0.6055 -0.7018
vn -0.0780 0.6055 0.7920
vn 0.5049 0.6055 -0.6152
vn -0.3751 -0.6055 -0.7018
vn -0.0780 -0.6055 0.7920
vn 0.5049 -0.6055 -0.6152
vn -0.2310 0.6055 -0.7615
vn -0.2310 0.6055 0.7615
vn 0.6152 0.6055 -0.5049
vn 0.5509 0.8328 -0.0543
vn -0.4279 0.8328 0.3512
vn 0.8315 0.5494 0.0819
vn -0.7369 0.5494 0.3939
vn -0.4882 -0.8328 0.2609
vn 0.5509 -0.8328 0.0543
vn -0.4882 0.8328 0.2609
vn 0.5509 0.8328 0.0543
vn -0.5297 -0.8328 0.1607
vn 0.5297 -0.8328 0.1607
vn -0.5297 0.8328 0.1607
vn 0.5297 0.8328 0.1607
vn -0.5509 -0.8328 0.0543
vn 0.4882 -0.8328 0.2609
vn -0.5509 0.8328 0.0543
vn 0.4882 0.8328 0.2609
vn -0.5509 -0.8328 -0.0543
vn 0.4279 -0.8328 0.3512
vn -0.5509 0.8328 -0.0543
vn 0.4279 0.8328 0.3512
vn -0.5297 -0.8328 -0.1607
vn 0.3512 -0.8328 0.4279
vn -0.5297 0.8328 -0.1607
vn 0.3512 0.8328 0.4279
vn -0.4882 -0.8328 -0.2609
vn 0.2609 -0.8328 0.4882
vn 0.0543 -0.8328 -0.5509
vn -0.4882 0.8328 -0.2609
vn 0.2609 0.8328 0.4882
vn 0.0543 0.8328 -0.5509
vn -0.4279 -0.8328 -0.3512
vn 0.1607 -0.8328 0.5297
vn 0.1607 -0.8328 -0.5297
vn -0.4279 0.8328 -0.3512
vn 0.1607 0.8328 0.5297
vn 0.1607 0.8328 -0.5297
vn -0.3512 -0.8328 -0.4279
vn 0.0543 -0.8328 0.5509
vn 0.2609 -0.8328 -0.4882
vn -0.3512 0.8328 -0.4279
vn 0.0543 0.8328 0.5509
vn 0.2609 0.8328 -0.4882
vn -0.2609 -0.8328 -0.4882
vn -0.0543 -0.8328 0.5509
vn 0.3512 -0.8328 -0.4279
vn -0.2609 0.8328 -0.4882
vn -0.0543 0.8328 0.5509
vn 0.3512 0.8328 -0.4279
vn -0.1607 -0.8328 -0.5297
vn -0.1607 -0.8328 0.5297
vn 0.4279 -0.8328 -0.3512
vn -0.1607 0.8328 -0.5297
vn -0.1607 0.8328 0.5297
vn 0.4279 0.8328 -0.3512
vn -0.0543 -0.8328 -0.5509
vn -0.2609 -0.8328 0.4882
vn 0.4882 -0.8328 -0.2609
vn -0.0543 0.8328 -0.5509
vn -0.2609 0.8328 0.4882
vn 0.4882 0.8328 -0.2609
vn -0.3512 -0.8328 0.4279
vn 0.5297 -0.8328 -0.1607
vn -0.3512 0.8328 0.4279
vn 0.5297 0.8328 -0.1607
vn -0.4279 -0.8328 0.3512
vn 0.5509 -0.8328 -0.0543
vn -0.0000 -1.0000 -0.0000
vn -0.0000 1.0000 -0.0000
vn -0.7996 -0.5494 0.2425
vn 0.7996 -0.5494 0.2425
vn -0.7996 0.5494 0.2425
vn 0.7996 0.5494 0.2425
vn -0.8315 -0.5494 0.0819
vn 0.7369 -0.5494 0.3939
vn -0.8315 0.5494 0.0819
vn 0.7369 0.5494 0.3939
vn -0.8315 -0.5494 -0.0819
vn 0.6459 -0.5494 0.5301
vn -0.8315 0.5494 -0.0819
vn 0.6459 0.5494 0.5301
vn -0.7996 -0.5494 -0.2425
vn 0.5301 -0.5494 0.6459
vn -0.7996 0.5494 -0.2425
vn 0.5301 0.5494 0.6459
vn -0.7369 -0.5494 -0.3939
vn 0.3939 -0.5494 0.7369
vn 0.0819 -0.5494 -0.8315
vn -0.7369 0.5494 -0.3939
vn 0.3939 0.5494 0.7369
vn 0.0819 0.5494 -0.8315
vn -0.6459 -0.5494 -0.5301
vn 0.2425 -0.5494 0.7996
vn 0.2425 -0.5494 -0.7996
vn -0.6459 0.5494 -0.5301
vn 0.2425 0.5494 0.7996
vn 0.2425 0.5494 -0.7996
vn -0.5301 -0.5494 -0.6459
vn 0.0819 -0.5494 0.8315
vn 0.3939 -0.5494 -0.7369
vn -0.5301 0.5494 -0.6459
vn 0.0819 0.5494 0.8315
vn 0.3939 0.5494 -0.7369
vn -0.3939 -0.5494 -0.7369
vn -0.0819 -0.5494 0.8315
vn 0.5301 -0.5494 -0.6459
vn -0.3939 0.5494 -0.7369
vn -0.0819 0.5494 0.8315
vn 0.5301 0.5494 -0.6459
vn -0.2425 -0.5494 -0.7996
vn -0.2425 -0.5494 0.7996
vn 0.6459 -0.5494 -0.5301
vn -0.2425 0.5494 -0.7996
vn -0.2425 0.5494 0.7996
vn 0.6459 0.5494 -0.5301
vn -0.0819 -0.5494 -0.8315
vn -0.3939 -0.5494 0.7369
vn 0.7369 -0.5494 -0.3939
vn -0.0819 0.5494 -0.8315
vn -0.3939 0.5494 0.7369
vn 0.7369 0.5494 -0.3939
vn -0.5301 -0.5494 0.6459
vn 0.7996 -0.5494 -0.2425
vn -0.5301 0.5494 0.6459
vn 0.7996 0.5494 -0.2425
vn -0.6459 -0.5494 0.5301
vn 0.8315 -0.5494 -0.0819
vn -0.6459 0.5494 0.5301
vn 0.8315 0.5494 -0.0819
vn -0.7369 -0.5494 0.3939
vn 0.8315 -0.5494 0.0819
vt 1.000000 0.500000
vt 1.000000 1.000000
vt 0.968750 1.000000
vt 0.968750 0.500000
vt 0.937500 1.000000
vt 0.937500 0.500000
vt 0.906250 1.000000
vt 0.906250 0.500000
vt 0.875000 1.000000
vt 0.875000 0.500000
vt 0.843750 1.000000
vt 0.843750 0.500000
vt 0.812500 1.000000
vt 0.812500 0.500000
vt 0.781250 1.000000
vt 0.781250 0.500000
vt 0.750000 1.000000
vt 0.750000 0.500000
vt 0.718750 1.000000
vt 0.718750 0.500000
vt 0.687500 1.000000
vt 0.687500 0.500000
vt 0.656250 1.000000
vt 0.656250 0.500000
vt 0.625000 1.000000
vt 0.625000 0.500000
vt 0.593750 1.000000
vt 0.593750 0.500000
vt 0.562500 1.000000
vt 0.562500 0.500000
vt 0.531250 1.000000
vt 0.531250 0.500000
vt 0.500000 1.000000
vt 0.500000 0.500000
vt 0.468750 1.000000
vt 0.468750 0.500000
vt 0.437500 1.000000
vt 0.437500 0.500000
vt 0.406250 1.000000
vt 0.406250 0.500000
vt 0.375000 1.000000
vt 0.375000 0.500000
vt 0.343750 1.000000
vt 0.343750 0.500000
vt 0.312500 1.000000
vt 0.312500 0.500000
vt 0.281250 1.000000
vt 0.281250 0.500000
vt 0.250000 1.000000
vt 0.250000 0.500000
vt 0.218750 1.000000
vt 0.218750 0.500000
vt 0.187500 1.000000
vt 0.187500 0.500000
vt 0.156250 1.000000
vt 0.156250 0.500000
vt 0.125000 1.000000
vt 0.125000 0.500000
vt 0.093750 1.000000
vt 0.093750 0.500000
vt 0.062500 1.000000
vt 0.062500 0.500000
vt 0.031250 1.000000
vt 0.031250 0.500000
vt 0.000000 1.000000
vt 0.000000 0.500000
vt 0.357466 0.228624
vt 0.359571 0.250000
vt 0.148769 0.208069
vt 0.158895 0.189125
vt 0.771376 0.357466
vt 0.750000 0.359571
vt 0.750000 0.490000
vt 0.796822 0.485388
vt 0.250000 0.359571
vt 0.271376 0.357466
vt 0.296822 0.485388
vt 0.250000 0.490000
vt 0.791931 0.351231
vt 0.841844 0.471731
vt 0.291931 0.351231
vt 0.341844 0.471731
vt 0.810875 0.341105
vt 0.883337 0.449553
vt 0.310875 0.341105
vt 0.383337 0.449553
vt 0.827479 0.327478
vt 0.919706 0.419706
vt 0.327479 0.327479
vt 0.419706 0.419706
vt 0.841105 0.310875
vt 0.949553 0.383337
vt 0.341105 0.310875
vt 0.449553 0.383337
vt 0.851231 0.291931
vt 0.971731 0.341844
vt 0.351231 0.291931
vt 0.471731 0.341844
vt 0.857466 0.271376
vt 0.985388 0.296822
vt 0.357466 0.271376
vt 0.485388 0.296822
vt 0.859572 0.250000
vt 0.990000 0.250000
vt 0.490000 0.250000
vt 0.857466 0.228624
vt 0.985388 0.203178
vt 0.485388 0.203178
vt 0.851231 0.208069
vt 0.971731 0.158156
vt 0.351231 0.208069
vt 0.471731 0.158156
vt 0.841105 0.189125
vt 0.949553 0.116663
vt 0.341105 0.189125
vt 0.449553 0.116663
vt 0.827479 0.172521
vt 0.919706 0.080294
vt 0.327479 0.172521
vt 0.419706 0.080294
vt 0.810875 0.158895
vt 0.883337 0.050447
vt 0.310875 0.158895
vt 0.383337 0.050447
vt 0.791931 0.148769
vt 0.841844 0.028269
vt 0.291931 0.148769
vt 0.341844 0.028269
vt 0.771376 0.142534
vt 0.796822 0.014612
vt 0.271376 0.142534
vt 0.296822 0.014612
vt 0.750000 0.140429
vt 0.750000 0.010000
vt 0.250000 0.140429
vt 0.250000 0.010000
vt 0.728624 0.142534
vt 0.703178 0.014612
vt 0.228624 0.142534
vt 0.203178 0.014612
vt 0.708069 0.148769
vt 0.658156 0.028269
vt 0.208069 0.148769
vt 0.158156 0.028269
vt 0.689126 0.158895
vt 0.616663 0.050447
vt 0.189126 0.158895
vt 0.116663 0.050447
vt 0.672521 0.172521
vt 0.580294 0.080294
vt 0.172521 0.172521
vt 0.080294 0.080294
vt 0.658895 0.189125
vt 0.550447 0.116663
vt 0.050447 0.116663
vt 0.648769 0.208069
vt 0.528269 0.158156
vt 0.028269 0.158156
vt 0.642534 0.228624
vt 0.514612 0.203178
vt 0.142534 0.228624
vt 0.014612 0.203178
vt 0.640429 0.250000
vt 0.510000 0.250000
vt 0.140429 0.250000
vt 0.010000 0.250000
vt 0.642534 0.271376
vt 0.514612 0.296822
vt 0.142534 0.271376
vt 0.014612 0.296822
vt 0.648769 0.291931
vt 0.528269 0.341844
vt 0.148769 0.291931
vt 0.028269 0.341844
vt 0.658895 0.310875
vt 0.550447 0.383337
vt 0.158895 0.310874
vt 0.050447 0.383337
vt 0.672521 0.327479
vt 0.580294 0.419706
vt 0.172521 0.327479
vt 0.080294 0.419706
vt 0.689125 0.341105
vt 0.616663 0.449553
vt 0.189125 0.341105
vt 0.116663 0.449553
vt 0.708069 0.351231
vt 0.658156 0.471731
vt 0.208069 0.351231
vt 0.158156 0.471731
vt 0.728624 0.357466
vt 0.703178 0.485388
vt 0.228624 0.357466
vt 0.203178 0.485388
s 0
usemtl M_Cyan
f 153/153/27 154/154/27 156/155/27 155/156/27
f 155/156/28 156/155/28 158/157/28 157/158/28
f 157/158/29 158/157/29 160/159/29 159/160/29
f 159/160/30 160/159/30 162/161/30 161/162/30
f 161/162/31 162/161/31 164/163/31 163/164/31
f 163/164/32 164/163/32 166/165/32 165/166/32
f 165/166/33 166/165/33 168/167/33 167/168/33
f 167/168/34 168/167/34 170/169/34 169/170/34
f 169/170/35 170/169/35 172/171/35 171/172/35
f 171/172/36 172/171/36 174/173/36 173/174/36
f 173/174/37 174/173/37 176/175/37 175/176/37
f 175/176/38 176/175/38 178/177/38 177/178/38
f 177/178/39 178/177/39 180/179/39 179/180/39
f 179/180/40 180/179/40 182/181/40 181/182/40
f 181/182/41 182/181/41 184/183/41 183/184/41
f 183/184/42 184/183/42 186/185/42 185/186/42
f 185/186/43 186/185/43 188/187/43 187/188/43
f 187/188/44 188/187/44 190/189/44 189/190/44
f 189/190/45 190/189/45 192/191/45 191/192/45
f 191/192/46 192/191/46 194/193/46 193/194/46
f 193/194/47 194/193/47 196/195/47 195/196/47
f 195/196/48 196/195/48 198/197/48 197/198/48
f 197/198/49 198/197/49 200/199/49 199/200/49
f 199/200/50 200/199/50 202/201/50 201/202/50
f 201/202/51 202/201/51 204/203/51 203/204/51
f 203/204/52 204/203/52 206/205/52 205/206/52
f 205/206/53 206/205/53 208/207/53 207/208/53
f 207/208/54 208/207/54 210/209/54 209/210/54
f 209/210/55 210/209/55 212/211/55 211/212/55
f 211/212/56 212/211/56 214/213/56 213/214/56
f 213/214/58 214/213/58 216/215/58 215/216/58
f 215/216/59 216/215/59 154/217/59 153/218/59
usemtl M_Noir_Bleuté
f 170/169/57 168/167/57 232/167/57 234/169/57
f 185/186/60 187/188/60 251/188/60 249/186/60
f 249/186/43 251/188/43 315/188/43 313/186/43
f 275/212/56 277/214/56 341/214/56 339/212/56
f 203/204/61 205/206/61 269/206/61 267/204/61
f 188/187/62 186/185/62 250/185/62 252/187/62
f 206/205/63 204/203/63 268/203/63 270/205/63
f 169/170/64 171/172/64 235/172/64 233/170/64
f 187/188/65 189/190/65 253/190/65 251/188/65
f 172/171/66 170/169/66 234/169/66 236/171/66
f 153/153/67 155/156/67 218/156/67 217/153/67
f 205/206/68 207/208/68 271/208/68 269/206/68
f 190/189/69 188/187/69 252/187/69 254/189/69
f 156/155/70 154/154/70 220/154/70 219/155/70
f 208/207/71 206/205/71 270/205/71 272/207/71
f 171/172/72 173/174/72 237/174/72 235/172/72
f 189/190/73 191/192/73 255/192/73 253/190/73
f 174/173/74 172/171/74 236/171/74 238/173/74
f 207/208/75 209/210/75 273/210/75 271/208/75
f 192/191/76 190/189/76 254/189/76 256/191/76
f 155/156/77 157/158/77 221/158/77 218/156/77
f 210/209/78 208/207/78 272/207/78 274/209/78
f 173/174/79 175/176/79 239/176/79 237/174/79
f 158/157/80 156/155/80 219/155/80 222/157/80
f 191/192/81 193/194/81 257/194/81 255/192/81
f 176/175/82 174/173/82 238/173/82 240/175/82
f 209/210/83 211/212/83 275/212/83 273/210/83
f 194/193/84 192/191/84 256/191/84 258/193/84
f 157/158/85 159/160/85 223/160/85 221/158/85
f 212/211/86 210/209/86 274/209/86 276/211/86
f 175/176/87 177/178/87 241/178/87 239/176/87
f 160/159/88 158/157/88 222/157/88 224/159/88
f 193/194/89 195/196/89 259/196/89 257/194/89
f 178/177/90 176/175/90 240/175/90 242/177/90
f 211/212/91 213/214/91 277/214/91 275/212/91
f 196/195/92 194/193/92 258/193/92 260/195/92
f 159/160/93 161/162/93 225/162/93 223/160/93
f 214/213/94 212/211/94 276/211/94 278/213/94
f 177/178/95 179/180/95 243/180/95 241/178/95
f 162/161/96 160/159/96 224/159/96 226/161/96
f 195/196/97 197/198/97 261/198/97 259/196/97
f 180/179/98 178/177/98 242/177/98 244/179/98
f 213/214/99 215/216/99 279/216/99 277/214/99
f 198/197/100 196/195/100 260/195/100 262/197/100
f 161/162/101 163/164/101 227/164/101 225/162/101
f 216/215/102 214/213/102 278/213/102 280/215/102
f 179/180/103 181/182/103 245/182/103 243/180/103
f 164/163/104 162/161/104 226/161/104 228/163/104
f 197/198/105 199/200/105 263/200/105 261/198/105
f 182/181/106 180/179/106 244/179/106 246/181/106
f 215/216/107 153/218/107 217/218/107 279/216/107
f 200/199/108 198/197/108 262/197/108 264/199/108
f 163/164/109 165/166/109 229/166/109 227/164/109
f 154/217/110 216/215/110 280/215/110 220/217/110
f 181/182/111 183/184/111 247/184/111 245/182/111
f 166/165/112 164/163/112 228/163/112 230/165/112
f 199/200/113 201/202/113 265/202/113 263/200/113
f 184/183/114 182/181/114 246/181/114 248/183/114
f 202/201/115 200/199/115 264/199/115 266/201/115
f 165/166/116 167/168/116 231/168/116 229/166/116
f 183/184/117 185/186/117 249/186/117 247/184/117
f 168/167/118 166/165/118 230/165/118 232/167/118
f 201/202/119 203/204/119 267/204/119 265/202/119
f 186/185/120 184/183/120 248/183/120 250/185/120
f 204/203/121 202/201/121 266/201/121 268/203/121
f 167/168/122 169/170/122 233/170/122 231/168/122
f 223/160/30 225/162/30 289/162/30 287/160/30
f 278/213/56 276/211/56 340/211/56 342/213/56
f 252/187/43 250/185/43 314/185/43 316/187/43
f 226/161/30 224/159/30 288/159/30 290/161/30
f 277/214/58 279/216/58 343/216/58 341/214/58
f 251/188/44 253/190/44 317/190/44 315/188/44
f 225/162/31 227/164/31 291/164/31 289/162/31
f 280/215/58 278/213/58 342/213/58 344/215/58
f 254/189/44 252/187/44 316/187/44 318/189/44
f 228/163/31 226/161/31 290/161/31 292/163/31
f 279/216/59 217/218/59 281/218/59 343/216/59
f 253/190/45 255/192/45 319/192/45 317/190/45
f 227/164/32 229/166/32 293/166/32 291/164/32
f 220/217/59 280/215/59 344/215/59 284/217/59
f 256/191/45 254/189/45 318/189/45 320/191/45
f 230/165/32 228/163/32 292/163/32 294/165/32
f 255/192/46 257/194/46 321/194/46 319/192/46
f 229/166/33 231/168/33 295/168/33 293/166/33
f 258/193/46 256/191/46 320/191/46 322/193/46
f 232/167/33 230/165/33 294/165/33 296/167/33
f 257/194/47 259/196/47 323/196/47 321/194/47
f 231/168/34 233/170/34 297/170/34 295/168/34
f 260/195/47 258/193/47 322/193/47 324/195/47
f 234/169/34 232/167/34 296/167/34 298/169/34
f 259/196/48 261/198/48 325/198/48 323/196/48
f 233/170/35 235/172/35 299/172/35 297/170/35
f 262/197/48 260/195/48 324/195/48 326/197/48
f 236/171/35 234/169/35 298/169/35 300/171/35
f 261/198/49 263/200/49 327/200/49 325/198/49
f 235/172/36 237/174/36 301/174/36 299/172/36
f 264/199/49 262/197/49 326/197/49 328/199/49
f 238/173/36 236/171/36 300/171/36 302/173/36
f 263/200/50 265/202/50 329/202/50 327/200/50
f 237/174/37 239/176/37 303/176/37 301/174/37
f 266/201/50 264/199/50 328/199/50 330/201/50
f 240/175/37 238/173/37 302/173/37 304/175/37
f 265/202/51 267/204/51 331/204/51 329/202/51
f 239/176/38 241/178/38 305/178/38 303/176/38
f 268/203/51 266/201/51 330/201/51 332/203/51
f 242/177/38 240/175/38 304/175/38 306/177/38
f 267/204/52 269/206/52 333/206/52 331/204/52
f 241/178/39 243/180/39 307/180/39 305/178/39
f 270/205/52 268/203/52 332/203/52 334/205/52
f 244/179/39 242/177/39 306/177/39 308/179/39
f 269/206/53 271/208/53 335/208/53 333/206/53
f 243/180/40 245/182/40 309/182/40 307/180/40
f 217/153/27 218/156/27 282/156/27 281/153/27
f 272/207/53 270/205/53 334/205/53 336/207/53
f 246/181/40 244/179/40 308/179/40 310/181/40
f 219/155/27 220/154/27 284/154/27 283/155/27
f 271/208/54 273/210/54 337/210/54 335/208/54
f 245/182/41 247/184/41 311/184/41 309/182/41
f 218/156/28 221/158/28 285/158/28 282/156/28
f 274/209/54 272/207/54 336/207/54 338/209/54
f 248/183/41 246/181/41 310/181/41 312/183/41
f 222/157/28 219/155/28 283/155/28 286/157/28
f 273/210/55 275/212/55 339/212/55 337/210/55
f 247/184/42 249/186/42 313/186/42 311/184/42
f 221/158/29 223/160/29 287/160/29 285/158/29
f 276/211/55 274/209/55 338/209/55 340/211/55
f 250/185/42 248/183/42 312/183/42 314/185/42
f 224/159/29 222/157/29 286/157/29 288/159/29
f 492/219/189 490/220/189 618/220/189 620/219/189
f 518/221/190 516/222/190 644/222/190 646/221/190
f 603/228/254 604/227/254 664/345/254 662/341/254 660/337/254 658/333/254 656/329/254 654/325/254 652/321/254 650/317/254 648/313/254 646/221/254 644/222/254 642/303/254 640/299/254 638/295/254 636/291/254 634/287/254 632/283/254 630/279/254 628/275/254 626/271/254 624/267/254 622/263/254 620/219/254 618/220/254 616/253/254 614/249/254 612/245/254 610/241/254 608/237/254 606/233/254
f 601/224/253 602/223/253 605/231/253 607/235/253 609/239/253 611/243/253 613/247/253 615/251/253 617/255/253 619/258/253 621/261/253 623/265/253 625/269/253 627/273/253 629/277/253 631/281/253 633/285/253 635/289/253 637/293/253 639/297/253 641/301/253 643/305/253 645/308/253 647/311/253 649/315/253 651/319/253 653/323/253 655/327/253 657/331/253 659/335/253 661/339/253 663/343/253
f 517/308/255 519/311/255 647/311/255 645/308/255
f 491/258/256 493/261/256 621/261/256 619/258/256
f 520/313/257 518/221/257 646/221/257 648/313/257
f 494/263/258 492/219/258 620/219/258 622/263/258
f 519/311/259 521/315/259 649/315/259 647/311/259
f 493/261/260 495/265/260 623/265/260 621/261/260
f 522/317/261 520/313/261 648/313/261 650/317/261
f 496/267/262 494/263/262 622/263/262 624/267/262
f 521/315/263 523/319/263 651/319/263 649/315/263
f 495/265/264 497/269/264 625/269/264 623/265/264
f 524/321/265 522/317/265 650/317/265 652/321/265
f 498/271/266 496/267/266 624/267/266 626/271/266
f 523/319/267 525/323/267 653/323/267 651/319/267
f 497/269/268 499/273/268 627/273/268 625/269/268
f 526/325/269 524/321/269 652/321/269 654/325/269
f 500/275/270 498/271/270 626/271/270 628/275/270
f 525/323/271 527/327/271 655/327/271 653/323/271
f 499/273/272 501/277/272 629/277/272 627/273/272
f 473/224/273 474/223/273 602/223/273 601/224/273
f 528/329/274 526/325/274 654/325/274 656/329/274
f 502/279/275 500/275/275 628/275/275 630/279/275
f 475/228/276 476/227/276 604/227/276 603/228/276
f 527/327/277 529/331/277 657/331/277 655/327/277
f 501/277/278 503/281/278 631/281/278 629/277/278
f 474/223/279 477/231/279 605/231/279 602/223/279
f 530/333/280 528/329/280 656/329/280 658/333/280
f 504/283/281 502/279/281 630/279/281 632/283/281
f 478/233/282 475/228/282 603/228/282 606/233/282
f 529/331/283 531/335/283 659/335/283 657/331/283
f 503/281/284 505/285/284 633/285/284 631/281/284
f 477/231/285 479/235/285 607/235/285 605/231/285
f 532/337/286 530/333/286 658/333/286 660/337/286
f 506/287/287 504/283/287 632/283/287 634/287/287
f 480/237/288 478/233/288 606/233/288 608/237/288
f 531/335/289 533/339/289 661/339/289 659/335/289
f 505/285/290 507/289/290 635/289/290 633/285/290
f 479/235/291 481/239/291 609/239/291 607/235/291
f 534/341/292 532/337/292 660/337/292 662/341/292
f 508/291/293 506/287/293 634/287/293 636/291/293
f 482/241/294 480/237/294 608/237/294 610/241/294
f 533/339/295 535/343/295 663/343/295 661/339/295
f 507/289/296 509/293/296 637/293/296 635/289/296
f 481/239/297 483/243/297 611/243/297 609/239/297
f 536/345/298 534/341/298 662/341/298 664/345/298
f 510/295/299 508/291/299 636/291/299 638/295/299
f 484/245/300 482/241/300 610/241/300 612/245/300
f 535/343/301 473/224/301 601/224/301 663/343/301
f 509/293/302 511/297/302 639/297/302 637/293/302
f 483/243/303 485/247/303 613/247/303 611/243/303
f 476/227/304 536/345/304 664/345/304 604/227/304
f 512/299/305 510/295/305 638/295/305 640/299/305
f 486/249/306 484/245/306 612/245/306 614/249/306
f 511/297/307 513/301/307 641/301/307 639/297/307
f 485/247/308 487/251/308 615/251/308 613/247/308
f 514/303/309 512/299/309 640/299/309 642/303/309
f 488/253/310 486/249/310 614/249/310 616/253/310
f 513/301/311 515/305/311 643/305/311 641/301/311
f 487/251/312 489/255/312 617/255/312 615/251/312
f 516/222/313 514/303/313 642/303/313 644/222/313
f 490/220/314 488/253/314 616/253/314 618/220/314
f 515/305/315 517/308/315 645/308/315 643/305/315
f 489/255/316 491/258/316 619/258/316 617/255/316
usemtl M_Orange
f 318/189/123 316/187/123 380/187/123 382/189/123
f 344/215/124 342/213/124 406/213/124 408/215/124
f 357/166/33 359/168/33 423/168/33 421/166/33
f 383/192/46 385/194/46 449/194/46 447/192/46
f 292/163/125 290/161/125 354/161/125 356/163/125
f 343/216/126 281/218/126 345/218/126 407/216/126
f 317/190/127 319/192/127 383/192/127 381/190/127
f 291/164/128 293/166/128 357/166/128 355/164/128
f 284/217/129 344/215/129 408/215/129 348/217/129
f 320/191/130 318/189/130 382/189/130 384/191/130
f 294/165/131 292/163/131 356/163/131 358/165/131
f 319/192/132 321/194/132 385/194/132 383/192/132
f 293/166/133 295/168/133 359/168/133 357/166/133
f 322/193/134 320/191/134 384/191/134 386/193/134
f 296/167/135 294/165/135 358/165/135 360/167/135
f 321/194/136 323/196/136 387/196/136 385/194/136
f 295/168/137 297/170/137 361/170/137 359/168/137
f 324/195/138 322/193/138 386/193/138 388/195/138
f 298/169/139 296/167/139 360/167/139 362/169/139
f 323/196/140 325/198/140 389/198/140 387/196/140
f 297/170/141 299/172/141 363/172/141 361/170/141
f 326/197/142 324/195/142 388/195/142 390/197/142
f 300/171/143 298/169/143 362/169/143 364/171/143
f 325/198/144 327/200/144 391/200/144 389/198/144
f 299/172/145 301/174/145 365/174/145 363/172/145
f 328/199/146 326/197/146 390/197/146 392/199/146
f 302/173/147 300/171/147 364/171/147 366/173/147
f 327/200/148 329/202/148 393/202/148 391/200/148
f 301/174/149 303/176/149 367/176/149 365/174/149
f 330/201/150 328/199/150 392/199/150 394/201/150
f 304/175/151 302/173/151 366/173/151 368/175/151
f 329/202/152 331/204/152 395/204/152 393/202/152
f 303/176/153 305/178/153 369/178/153 367/176/153
f 332/203/154 330/201/154 394/201/154 396/203/154
f 306/177/155 304/175/155 368/175/155 370/177/155
f 331/204/156 333/206/156 397/206/156 395/204/156
f 305/178/157 307/180/157 371/180/157 369/178/157
f 334/205/158 332/203/158 396/203/158 398/205/158
f 308/179/159 306/177/159 370/177/159 372/179/159
f 333/206/160 335/208/160 399/208/160 397/206/160
f 307/180/161 309/182/161 373/182/161 371/180/161
f 281/153/162 282/156/162 346/156/162 345/153/162
f 336/207/163 334/205/163 398/205/163 400/207/163
f 310/181/164 308/179/164 372/179/164 374/181/164
f 283/155/165 284/154/165 348/154/165 347/155/165
f 335/208/166 337/210/166 401/210/166 399/208/166
f 309/182/167 311/184/167 375/184/167 373/182/167
f 282/156/168 285/158/168 349/158/168 346/156/168
f 338/209/169 336/207/169 400/207/169 402/209/169
f 312/183/170 310/181/170 374/181/170 376/183/170
f 286/157/171 283/155/171 347/155/171 350/157/171
f 337/210/172 339/212/172 403/212/172 401/210/172
f 311/184/173 313/186/173 377/186/173 375/184/173
f 285/158/174 287/160/174 351/160/174 349/158/174
f 340/211/175 338/209/175 402/209/175 404/211/175
f 314/185/176 312/183/176 376/183/176 378/185/176
f 288/159/177 286/157/177 350/157/177 352/159/177
f 339/212/178 341/214/178 405/214/178 403/212/178
f 313/186/179 315/188/179 379/188/179 377/186/179
f 287/160/180 289/162/180 353/162/180 351/160/180
f 342/213/181 340/211/181 404/211/181 406/213/181
f 316/187/182 314/185/182 378/185/182 380/187/182
f 290/161/183 288/159/183 352/159/183 354/161/183
f 341/214/184 343/216/184 407/216/184 405/214/184
f 315/188/185 317/190/185 381/190/185 379/188/185
f 289/162/186 291/164/186 355/164/186 353/162/186
f 426/169/187 424/167/187 552/167/187 554/169/187
f 452/195/188 450/193/188 578/193/188 580/195/188
f 386/193/46 384/191/46 448/191/46 450/193/46
f 360/167/33 358/165/33 422/165/33 424/167/33
f 385/194/47 387/196/47 451/196/47 449/194/47
f 359/168/34 361/170/34 425/170/34 423/168/34
f 388/195/47 386/193/47 450/193/47 452/195/47
f 362/169/34 360/167/34 424/167/34 426/169/34
f 387/196/48 389/198/48 453/198/48 451/196/48
f 361/170/35 363/172/35 427/172/35 425/170/35
f 390/197/48 388/195/48 452/195/48 454/197/48
f 364/171/35 362/169/35 426/169/35 428/171/35
f 389/198/49 391/200/49 455/200/49 453/198/49
f 363/172/36 365/174/36 429/174/36 427/172/36
f 392/199/49 390/197/49 454/197/49 456/199/49
f 366/173/36 364/171/36 428/171/36 430/173/36
f 391/200/50 393/202/50 457/202/50 455/200/50
f 365/174/37 367/176/37 431/176/37 429/174/37
f 394/201/50 392/199/50 456/199/50 458/201/50
f 368/175/37 366/173/37 430/173/37 432/175/37
f 393/202/51 395/204/51 459/204/51 457/202/51
f 367/176/38 369/178/38 433/178/38 431/176/38
f 396/203/51 394/201/51 458/201/51 460/203/51
f 370/177/38 368/175/38 432/175/38 434/177/38
f 395/204/52 397/206/52 461/206/52 459/204/52
f 369/178/39 371/180/39 435/180/39 433/178/39
f 398/205/52 396/203/52 460/203/52 462/205/52
f 372/179/39 370/177/39 434/177/39 436/179/39
f 397/206/53 399/208/53 463/208/53 461/206/53
f 371/180/40 373/182/40 437/182/40 435/180/40
f 345/153/27 346/156/27 410/156/27 409/153/27
f 400/207/53 398/205/53 462/205/53 464/207/53
f 374/181/40 372/179/40 436/179/40 438/181/40
f 347/155/27 348/154/27 412/154/27 411/155/27
f 399/208/54 401/210/54 465/210/54 463/208/54
f 373/182/41 375/184/41 439/184/41 437/182/41
f 346/156/28 349/158/28 413/158/28 410/156/28
f 402/209/54 400/207/54 464/207/54 466/209/54
f 376/183/41 374/181/41 438/181/41 440/183/41
f 350/157/28 347/155/28 411/155/28 414/157/28
f 401/210/55 403/212/55 467/212/55 465/210/55
f 375/184/42 377/186/42 441/186/42 439/184/42
f 349/158/29 351/160/29 415/160/29 413/158/29
f 404/211/55 402/209/55 466/209/55 468/211/55
f 378/185/42 376/183/42 440/183/42 442/185/42
f 352/159/29 350/157/29 414/157/29 416/159/29
f 403/212/56 405/214/56 469/214/56 467/212/56
f 377/186/43 379/188/43 443/188/43 441/186/43
f 351/160/30 353/162/30 417/162/30 415/160/30
f 406/213/56 404/211/56 468/211/56 470/213/56
f 380/187/43 378/185/43 442/185/43 444/187/43
f 354/161/30 352/159/30 416/159/30 418/161/30
f 405/214/58 407/216/58 471/216/58 469/214/58
f 379/188/44 381/190/44 445/190/44 443/188/44
f 353/162/31 355/164/31 419/164/31 417/162/31
f 408/215/58 406/213/58 470/213/58 472/215/58
f 382/189/44 380/187/44 444/187/44 446/189/44
f 356/163/31 354/161/31 418/161/31 420/163/31
f 407/216/59 345/218/59 409/218/59 471/216/59
f 381/190/45 383/192/45 447/192/45 445/190/45
f 355/164/32 357/166/32 421/166/32 419/164/32
f 348/217/59 408/215/59 472/215/59 412/217/59
f 384/191/45 382/189/45 446/189/45 448/191/45
f 358/165/32 356/163/32 420/163/32 422/165/32
f 451/196/191 453/198/191 581/198/191 579/196/191
f 425/170/192 427/172/192 555/172/192 553/170/192
f 454/197/193 452/195/193 580/195/193 582/197/193
f 428/171/194 426/169/194 554/169/194 556/171/194
f 453/198/195 455/200/195 583/200/195 581/198/195
f 427/172/196 429/174/196 557/174/196 555/172/196
f 456/199/197 454/197/197 582/197/197 584/199/197
f 430/173/198 428/171/198 556/171/198 558/173/198
f 455/200/199 457/202/199 585/202/199 583/200/199
f 429/174/200 431/176/200 559/176/200 557/174/200
f 458/201/201 456/199/201 584/199/201 586/201/201
f 432/175/202 430/173/202 558/173/202 560/175/202
f 457/202/203 459/204/203 587/204/203 585/202/203
f 431/176/204 433/178/204 561/178/204 559/176/204
f 460/203/205 458/201/205 586/201/205 588/203/205
f 434/177/206 432/175/206 560/175/206 562/177/206
f 459/204/207 461/206/207 589/206/207 587/204/207
f 433/178/208 435/180/208 563/180/208 561/178/208
f 462/205/209 460/203/209 588/203/209 590/205/209
f 436/179/210 434/177/210 562/177/210 564/179/210
f 461/206/211 463/208/211 591/208/211 589/206/211
f 435/180/212 437/182/212 565/182/212 563/180/212
f 409/153/213 410/156/213 538/156/213 537/153/213
f 464/207/214 462/205/214 590/205/214 592/207/214
f 438/181/215 436/179/215 564/179/215 566/181/215
f 411/155/216 412/154/216 540/154/216 539/155/216
f 463/208/217 465/210/217 593/210/217 591/208/217
f 437/182/218 439/184/218 567/184/218 565/182/218
f 410/156/219 413/158/219 541/158/219 538/156/219
f 466/209/220 464/207/220 592/207/220 594/209/220
f 440/183/221 438/181/221 566/181/221 568/183/221
f 414/157/222 411/155/222 539/155/222 542/157/222
f 465/210/223 467/212/223 595/212/223 593/210/223
f 439/184/224 441/186/224 569/186/224 567/184/224
f 413/158/225 415/160/225 543/160/225 541/158/225
f 468/211/226 466/209/226 594/209/226 596/211/226
f 442/185/227 440/183/227 568/183/227 570/185/227
f 416/159/228 414/157/228 542/157/228 544/159/228
f 467/212/229 469/214/229 597/214/229 595/212/229
f 441/186/230 443/188/230 571/188/230 569/186/230
f 415/160/231 417/162/231 545/162/231 543/160/231
f 470/213/232 468/211/232 596/211/232 598/213/232
f 444/187/233 442/185/233 570/185/233 572/187/233
f 418/161/234 416/159/234 544/159/234 546/161/234
f 469/214/235 471/216/235 599/216/235 597/214/235
f 443/188/236 445/190/236 573/190/236 571/188/236
f 417/162/237 419/164/237 547/164/237 545/162/237
f 472/215/238 470/213/238 598/213/238 600/215/238
f 446/189/239 444/187/239 572/187/239 574/189/239
f 420/163/240 418/161/240 546/161/240 548/163/240
f 471/216/241 409/218/241 537/218/241 599/216/241
f 445/190/242 447/192/242 575/192/242 573/190/242
f 419/164/243 421/166/243 549/166/243 547/164/243
f 412/217/244 472/215/244 600/215/244 540/217/244
f 448/191/245 446/189/245 574/189/245 576/191/245
f 422/165/246 420/163/246 548/163/246 550/165/246
f 447/192/247 449/194/247 577/194/247 575/192/247
f 421/166/248 423/168/248 551/168/248 549/166/248
f 450/193/249 448/191/249 576/191/249 578/193/249
f 424/167/250 422/165/250 550/165/250 552/167/250
f 449/194/251 451/196/251 579/196/251 577/194/251
f 423/168/252 425/170/252 553/170/252 551/168/252
f 474/223/253 473/224/253 537/225/253 538/226/253
f 476/227/254 475/228/254 539/229/254 540/230/254
f 477/231/253 474/223/253 538/226/253 541/232/253
f 475/228/254 478/233/254 542/234/254 539/229/254
f 479/235/253 477/231/253 541/232/253 543/236/253
f 478/233/254 480/237/254 544/238/254 542/234/254
f 481/239/253 479/235/253 543/236/253 545/240/253
f 480/237/254 482/241/254 546/242/254 544/238/254
f 483/243/253 481/239/253 545/240/253 547/244/253
f 482/241/254 484/245/254 548/246/254 546/242/254
f 485/247/253 483/243/253 547/244/253 549/248/253
f 484/245/254 486/249/254 550/250/254 548/246/254
f 487/251/253 485/247/253 549/248/253 551/252/253
f 486/249/254 488/253/254 552/254/254 550/250/254
f 489/255/253 487/251/253 551/252/253 553/256/253
f 488/253/254 490/220/254 554/257/254 552/254/254
f 491/258/253 489/255/253 553/256/253 555/259/253
f 490/220/254 492/219/254 556/260/254 554/257/254
f 493/261/253 491/258/253 555/259/253 557/262/253
f 492/219/254 494/263/254 558/264/254 556/260/254
f 495/265/253 493/261/253 557/262/253 559/266/253
f 494/263/254 496/267/254 560/268/254 558/264/254
f 497/269/253 495/265/253 559/266/253 561/270/253
f 496/267/254 498/271/254 562/272/254 560/268/254
f 499/273/253 497/269/253 561/270/253 563/274/253
f 498/271/254 500/275/254 564/276/254 562/272/254
f 501/277/253 499/273/253 563/274/253 565/278/253
f 500/275/254 502/279/254 566/280/254 564/276/254
f 503/281/253 501/277/253 565/278/253 567/282/253
f 502/279/254 504/283/254 568/284/254 566/280/254
f 505/285/253 503/281/253 567/282/253 569/286/253
f 504/283/254 506/287/254 570/288/254 568/284/254
f 507/289/253 505/285/253 569/286/253 571/290/253
f 506/287/254 508/291/254 572/292/254 570/288/254
f 509/293/253 507/289/253 571/290/253 573/294/253
f 508/291/254 510/295/254 574/296/254 572/292/254
f 511/297/253 509/293/253 573/294/253 575/298/253
f 510/295/254 512/299/254 576/300/254 574/296/254
f 513/301/253 511/297/253 575/298/253 577/302/253
f 512/299/254 514/303/254 578/304/254 576/300/254
f 515/305/253 513/301/253 577/302/253 579/306/253
f 514/303/254 516/222/254 580/307/254 578/304/254
f 517/308/253 515/305/253 579/306/253 581/309/253
f 516/222/254 518/221/254 582/310/254 580/307/254
f 519/311/253 517/308/253 581/309/253 583/312/253
f 518/221/254 520/313/254 584/314/254 582/310/254
f 521/315/253 519/311/253 583/312/253 585/316/253
f 520/313/254 522/317/254 586/318/254 584/314/254
f 523/319/253 521/315/253 585/316/253 587/320/253
f 522/317/254 524/321/254 588/322/254 586/318/254
f 525/323/253 523/319/253 587/320/253 589/324/253
f 524/321/254 526/325/254 590/326/254 588/322/254
f 527/327/253 525/323/253 589/324/253 591/328/253
f 526/325/254 528/329/254 592/330/254 590/326/254
f 529/331/253 527/327/253 591/328/253 593/332/253
f 528/329/254 530/333/254 594/334/254 592/330/254
f 531/335/253 529/331/253 593/332/253 595/336/253
f 530/333/254 532/337/254 596/338/254 594/334/254
f 533/339/253 531/335/253 595/336/253 597/340/253
f 532/337/254 534/341/254 598/342/254 596/338/254
f 535/343/253 533/339/253 597/340/253 599/344/253
f 534/341/254 536/345/254 600/346/254 598/342/254
f 473/224/253 535/343/253 599/344/253 537/225/253
f 536/345/254 476/227/254 540/230/254 600/346/254
o SM_Fuse_Box_Fuse.001
v 0.015758 -0.159139 -0.065768
v 0.015758 0.159139 -0.065768
v 0.028588 -0.159139 -0.064504
v 0.028588 0.159139 -0.064504
v 0.040926 -0.159139 -0.060762
v 0.040926 0.159139 -0.060762
v 0.052296 -0.159139 -0.054684
v 0.052296 0.159139 -0.054684
v 0.062262 -0.159139 -0.046505
v 0.062262 0.159139 -0.046505
v 0.070442 -0.159139 -0.036539
v 0.070442 0.159139 -0.036539
v 0.076519 -0.159139 -0.025168
v 0.076519 0.159139 -0.025168
v 0.080262 -0.159139 -0.012831
v 0.080262 0.159139 -0.012831
v 0.081525 -0.159139 -0.000000
v 0.081525 0.159139 -0.000000
v 0.080262 -0.159139 0.012831
v 0.080262 0.159139 0.012831
v 0.076519 -0.159139 0.025168
v 0.076519 0.159139 0.025168
v 0.070442 -0.159139 0.036539
v 0.070442 0.159139 0.036539
v 0.062262 -0.159139 0.046505
v 0.062262 0.159139 0.046505
v 0.052296 -0.159139 0.054684
v 0.052296 0.159139 0.054684
v 0.040926 -0.159139 0.060762
v 0.040926 0.159139 0.060762
v 0.028588 -0.159139 0.064504
v 0.028588 0.159139 0.064504
v 0.015758 -0.159139 0.065768
v 0.015758 0.159139 0.065768
v 0.002927 -0.159139 0.064504
v 0.002927 0.159139 0.064504
v -0.009411 -0.159139 0.060762
v -0.009411 0.159139 0.060762
v -0.020781 -0.159139 0.054684
v -0.020781 0.159139 0.054684
v -0.030747 -0.159139 0.046505
v -0.030747 0.159139 0.046505
v -0.038926 -0.159139 0.036539
v -0.038926 0.159139 0.036539
v -0.045004 -0.159139 0.025168
v -0.045004 0.159139 0.025168
v -0.048747 -0.159139 0.012831
v -0.048747 0.159139 0.012831
v -0.050010 -0.159139 -0.000000
v -0.050010 0.159139 -0.000000
v -0.048747 -0.159139 -0.012831
v -0.048747 0.159139 -0.012831
v -0.045004 -0.159139 -0.025168
v -0.045004 0.159139 -0.025168
v -0.038926 -0.159139 -0.036539
v -0.038926 0.159139 -0.036539
v -0.030747 -0.159139 -0.046505
v -0.030747 0.159139 -0.046505
v -0.020781 -0.159139 -0.054684
v -0.020781 0.159139 -0.054684
v -0.009411 -0.159139 -0.060762
v -0.009411 0.159139 -0.060762
v 0.002927 -0.159139 -0.064504
v 0.002927 0.159139 -0.064504
v 0.015758 -0.163768 -0.077627
v 0.030902 -0.163768 -0.076136
v 0.030902 0.163768 -0.076136
v 0.015758 0.163768 -0.077627
v 0.045464 -0.163768 -0.071718
v 0.045464 0.163768 -0.071718
v 0.058885 -0.163768 -0.064545
v 0.058885 0.163768 -0.064545
v 0.070648 -0.163768 -0.054891
v 0.070648 0.163768 -0.054891
v 0.080302 -0.163768 -0.043127
v 0.080302 0.163768 -0.043127
v 0.087476 -0.163768 -0.029707
v 0.087476 0.163768 -0.029707
v 0.091893 -0.163768 -0.015144
v 0.091893 0.163768 -0.015144
v 0.093385 -0.163768 -0.000000
v 0.093385 0.163768 -0.000000
v 0.091893 -0.163768 0.015144
v 0.091893 0.163768 0.015144
v 0.087476 -0.163768 0.029707
v 0.087476 0.163768 0.029707
v 0.080302 -0.163768 0.043127
v 0.080302 0.163768 0.043127
v 0.070648 -0.163768 0.054891
v 0.070648 0.163768 0.054891
v 0.058885 -0.163768 0.064545
v 0.058885 0.163768 0.064545
v 0.045464 -0.163768 0.071718
v 0.045464 0.163768 0.071718
v 0.030902 -0.163768 0.076136
v 0.030902 0.163768 0.076136
v 0.015758 -0.163768 0.077627
v 0.015758 0.163768 0.077627
v 0.000613 -0.163768 0.076136
v 0.000613 0.163768 0.076136
v -0.013949 -0.163768 0.071718
v -0.013949 0.163768 0.071718
v -0.027370 -0.163768 0.064545
v -0.027370 0.163768 0.064545
v -0.039133 -0.163768 0.054891
v -0.039133 0.163768 0.054891
v -0.048787 -0.163768 0.043127
v -0.048787 0.163768 0.043127
v -0.055961 -0.163768 0.029707
v -0.055961 0.163768 0.029707
v -0.060378 -0.163768 0.015144
v -0.060378 0.163768 0.015144
v -0.061870 -0.163768 -0.000000
v -0.061870 0.163768 -0.000000
v -0.060378 -0.163768 -0.015144
v -0.060378 0.163768 -0.015144
v -0.055961 -0.163768 -0.029707
v -0.055961 0.163768 -0.029707
v -0.048787 -0.163768 -0.043127
v -0.048787 0.163768 -0.043127
v -0.039133 -0.163768 -0.054891
v -0.039133 0.163768 -0.054891
v -0.027370 -0.163768 -0.064545
v -0.027370 0.163768 -0.064545
v -0.013949 -0.163768 -0.071718
v -0.013949 0.163768 -0.071718
v 0.000613 -0.163768 -0.076136
v 0.000613 0.163768 -0.076136
v 0.015758 -0.199825 -0.077627
v 0.030902 -0.199825 -0.076136
v 0.030902 0.199825 -0.076136
v 0.015758 0.199825 -0.077627
v 0.045464 -0.199825 -0.071718
v 0.045464 0.199825 -0.071718
v 0.058885 -0.199825 -0.064545
v 0.058885 0.199825 -0.064545
v 0.070648 -0.199825 -0.054891
v 0.070648 0.199825 -0.054891
v 0.080302 -0.199825 -0.043127
v 0.080302 0.199825 -0.043127
v 0.087476 -0.199825 -0.029707
v 0.087476 0.199825 -0.029707
v 0.091893 -0.199825 -0.015144
v 0.091893 0.199825 -0.015144
v 0.093385 -0.199825 -0.000000
v 0.093385 0.199825 -0.000000
v 0.091893 -0.199825 0.015144
v 0.091893 0.199825 0.015144
v 0.087476 -0.199825 0.029707
v 0.087476 0.199825 0.029707
v 0.080302 -0.199825 0.043127
v 0.080302 0.199825 0.043127
v 0.070648 -0.199825 0.054891
v 0.070648 0.199825 0.054891
v 0.058885 -0.199825 0.064545
v 0.058885 0.199825 0.064545
v 0.045464 -0.199825 0.071718
v 0.045464 0.199825 0.071718
v 0.030902 -0.199825 0.076136
v 0.030902 0.199825 0.076136
v 0.015758 -0.199825 0.077627
v 0.015758 0.199825 0.077627
v 0.000613 -0.199825 0.076136
v 0.000613 0.199825 0.076136
v -0.013949 -0.199825 0.071718
v -0.013949 0.199825 0.071718
v -0.027370 -0.199825 0.064545
v -0.027370 0.199825 0.064545
v -0.039133 -0.199825 0.054891
v -0.039133 0.199825 0.054891
v -0.048787 -0.199825 0.043127
v -0.048787 0.199825 0.043127
v -0.055961 -0.199825 0.029707
v -0.055961 0.199825 0.029707
v -0.060378 -0.199825 0.015144
v -0.060378 0.199825 0.015144
v -0.061870 -0.199825 -0.000000
v -0.061870 0.199825 -0.000000
v -0.060378 -0.199825 -0.015144
v -0.060378 0.199825 -0.015144
v -0.055961 -0.199825 -0.029707
v -0.055961 0.199825 -0.029707
v -0.048787 -0.199825 -0.043127
v -0.048787 0.199825 -0.043127
v -0.039133 -0.199825 -0.054891
v -0.039133 0.199825 -0.054891
v -0.027370 -0.199825 -0.064545
v -0.027370 0.199825 -0.064545
v -0.013949 -0.199825 -0.071718
v -0.013949 0.199825 -0.071718
v 0.000613 -0.199825 -0.076136
v 0.000613 0.199825 -0.076136
v 0.015758 -0.209609 -0.085108
v 0.032361 -0.209609 -0.083473
v 0.032361 0.209609 -0.083473
v 0.015758 0.209609 -0.085108
v 0.048327 -0.209609 -0.078630
v 0.048327 0.209609 -0.078630
v 0.063041 -0.209609 -0.070765
v 0.063041 0.209609 -0.070765
v 0.075938 -0.209609 -0.060181
v 0.075938 0.209609 -0.060181
v 0.086523 -0.209609 -0.047284
v 0.086523 0.209609 -0.047284
v 0.094387 -0.209609 -0.032570
v 0.094387 0.209609 -0.032570
v 0.099231 -0.209609 -0.016604
v 0.099231 0.209609 -0.016604
v 0.100866 -0.209609 -0.000000
v 0.100866 0.209609 -0.000000
v 0.099231 -0.209609 0.016604
v 0.099231 0.209609 0.016604
v 0.094387 -0.209609 0.032570
v 0.094387 0.209609 0.032570
v 0.086523 -0.209609 0.047284
v 0.086523 0.209609 0.047284
v 0.075938 -0.209609 0.060181
v 0.075938 0.209609 0.060181
v 0.063041 -0.209609 0.070765
v 0.063041 0.209609 0.070765
v 0.048327 -0.209609 0.078630
v 0.048327 0.209609 0.078630
v 0.032361 -0.209609 0.083473
v 0.032361 0.209609 0.083473
v 0.015758 -0.209609 0.085108
v 0.015758 0.209609 0.085108
v -0.000846 -0.209609 0.083473
v -0.000846 0.209609 0.083473
v -0.016812 -0.209609 0.078630
v -0.016812 0.209609 0.078630
v -0.031526 -0.209609 0.070765
v -0.031526 0.209609 0.070765
v -0.044423 -0.209609 0.060181
v -0.044423 0.209609 0.060181
v -0.055007 -0.209609 0.047284
v -0.055007 0.209609 0.047284
v -0.062872 -0.209609 0.032570
v -0.062872 0.209609 0.032570
v -0.067715 -0.209609 0.016604
v -0.067715 0.209609 0.016604
v -0.069351 -0.209609 -0.000000
v -0.069351 0.209609 -0.000000
v -0.067715 -0.209609 -0.016604
v -0.067715 0.209609 -0.016604
v -0.062872 -0.209609 -0.032570
v -0.062872 0.209609 -0.032570
v -0.055007 -0.209609 -0.047284
v -0.055007 0.209609 -0.047284
v -0.044423 -0.209609 -0.060181
v -0.044423 0.209609 -0.060181
v -0.031526 -0.209609 -0.070765
v -0.031526 0.209609 -0.070765
v -0.016812 -0.209609 -0.078630
v -0.016812 0.209609 -0.078630
v -0.000846 -0.209609 -0.083473
v -0.000846 0.209609 -0.083473
v 0.015758 -0.288411 -0.085108
v 0.032361 -0.288411 -0.083473
v 0.032361 0.288411 -0.083473
v 0.015758 0.288411 -0.085108
v 0.048327 -0.288411 -0.078630
v 0.048327 0.288411 -0.078630
v 0.063041 -0.288411 -0.070765
v 0.063041 0.288411 -0.070765
v 0.075938 -0.288411 -0.060181
v 0.075938 0.288411 -0.060181
v 0.086523 -0.288411 -0.047284
v 0.086523 0.288411 -0.047284
v 0.094387 -0.288411 -0.032570
v 0.094387 0.288411 -0.032570
v 0.099231 -0.288411 -0.016604
v 0.099231 0.288411 -0.016604
v 0.100866 -0.288411 -0.000000
v 0.100866 0.288411 -0.000000
v 0.099231 -0.288411 0.016604
v 0.099231 0.288411 0.016604
v 0.094387 -0.288411 0.032570
v 0.094387 0.288411 0.032570
v 0.086523 -0.288411 0.047284
v 0.086523 0.288411 0.047284
v 0.075938 -0.288411 0.060181
v 0.075938 0.288411 0.060181
v 0.063041 -0.288411 0.070765
v 0.063041 0.288411 0.070765
v 0.048327 -0.288411 0.078630
v 0.048327 0.288411 0.078630
v 0.032361 -0.288411 0.083473
v 0.032361 0.288411 0.083473
v 0.015758 -0.288411 0.085108
v 0.015758 0.288411 0.085108
v -0.000846 -0.288411 0.083473
v -0.000846 0.288411 0.083473
v -0.016812 -0.288411 0.078630
v -0.016812 0.288411 0.078630
v -0.031526 -0.288411 0.070765
v -0.031526 0.288411 0.070765
v -0.044423 -0.288411 0.060181
v -0.044423 0.288411 0.060181
v -0.055007 -0.288411 0.047284
v -0.055007 0.288411 0.047284
v -0.062872 -0.288411 0.032570
v -0.062872 0.288411 0.032570
v -0.067715 -0.288411 0.016604
v -0.067715 0.288411 0.016604
v -0.069351 -0.288411 -0.000000
v -0.069351 0.288411 -0.000000
v -0.067715 -0.288411 -0.016604
v -0.067715 0.288411 -0.016604
v -0.062872 -0.288411 -0.032570
v -0.062872 0.288411 -0.032570
v -0.055007 -0.288411 -0.047284
v -0.055007 0.288411 -0.047284
v -0.044423 -0.288411 -0.060181
v -0.044423 0.288411 -0.060181
v -0.031526 -0.288411 -0.070765
v -0.031526 0.288411 -0.070765
v -0.016812 -0.288411 -0.078630
v -0.016812 0.288411 -0.078630
v -0.000846 -0.288411 -0.083473
v -0.000846 0.288411 -0.083473
v 0.015758 -0.306616 -0.026291
v 0.020887 -0.306616 -0.025786
v 0.020887 0.306616 -0.025786
v 0.015758 0.306616 -0.026291
v 0.025819 -0.306616 -0.024290
v 0.025819 0.306616 -0.024290
v 0.030364 -0.306616 -0.021860
v 0.030364 0.306616 -0.021860
v 0.034348 -0.306616 -0.018590
v 0.034348 0.306616 -0.018590
v 0.037618 -0.306616 -0.014606
v 0.037618 0.306616 -0.014606
v 0.040047 -0.306616 -0.010061
v 0.040047 0.306616 -0.010061
v 0.041543 -0.306616 -0.005129
v 0.041543 0.306616 -0.005129
v 0.042048 -0.306616 -0.000000
v 0.042048 0.306616 -0.000000
v 0.041543 -0.306616 0.005129
v 0.041543 0.306616 0.005129
v 0.040047 -0.306616 0.010061
v 0.040047 0.306616 0.010061
v 0.037618 -0.306616 0.014606
v 0.037618 0.306616 0.014606
v 0.034348 -0.306616 0.018590
v 0.034348 0.306616 0.018590
v 0.030364 -0.306616 0.021860
v 0.030364 0.306616 0.021860
v 0.025819 -0.306616 0.024289
v 0.025819 0.306616 0.024289
v 0.020887 -0.306616 0.025786
v 0.020887 0.306616 0.025786
v 0.015758 -0.306616 0.026291
v 0.015758 0.306616 0.026291
v 0.010628 -0.306616 0.025786
v 0.010628 0.306616 0.025786
v 0.005697 -0.306616 0.024289
v 0.005697 0.306616 0.024290
v 0.001151 -0.306616 0.021860
v 0.001151 0.306616 0.021860
v -0.002833 -0.306616 0.018590
v -0.002833 0.306616 0.018590
v -0.006102 -0.306616 0.014606
v -0.006102 0.306616 0.014606
v -0.008532 -0.306616 0.010061
v -0.008532 0.306616 0.010061
v -0.010028 -0.306616 0.005129
v -0.010028 0.306616 0.005129
v -0.010533 -0.306616 -0.000000
v -0.010533 0.306616 -0.000000
v -0.010028 -0.306616 -0.005129
v -0.010028 0.306616 -0.005129
v -0.008532 -0.306616 -0.010061
v -0.008532 0.306616 -0.010061
v -0.006102 -0.306616 -0.014606
v -0.006102 0.306616 -0.014606
v -0.002833 -0.306616 -0.018590
v -0.002833 0.306616 -0.018590
v 0.001151 -0.306616 -0.021860
v 0.001151 0.306616 -0.021860
v 0.005697 -0.306616 -0.024290
v 0.005697 0.306616 -0.024290
v 0.010628 -0.306616 -0.025786
v 0.010628 0.306616 -0.025786
v 0.015758 -0.306616 -0.057586
v 0.026992 -0.306616 -0.056480
v 0.026992 0.306616 -0.056480
v 0.015758 0.306616 -0.057586
v 0.037795 -0.306616 -0.053203
v 0.037795 0.306616 -0.053203
v 0.047751 -0.306616 -0.047881
v 0.047751 0.306616 -0.047881
v 0.056477 -0.306616 -0.040720
v 0.056477 0.306616 -0.040720
v 0.063639 -0.306616 -0.031993
v 0.063639 0.306616 -0.031993
v 0.068960 -0.306616 -0.022037
v 0.068960 0.306616 -0.022037
v 0.072237 -0.306616 -0.011234
v 0.072237 0.306616 -0.011234
v 0.073344 -0.306616 -0.000000
v 0.073344 0.306616 -0.000000
v 0.072237 -0.306616 0.011234
v 0.072237 0.306616 0.011234
v 0.068960 -0.306616 0.022037
v 0.068960 0.306616 0.022037
v 0.063639 -0.306616 0.031993
v 0.063639 0.306616 0.031993
v 0.056477 -0.306616 0.040720
v 0.056477 0.306616 0.040720
v 0.047751 -0.306616 0.047881
v 0.047751 0.306616 0.047881
v 0.037795 -0.306616 0.053203
v 0.037795 0.306616 0.053203
v 0.026992 -0.306616 0.056480
v 0.026992 0.306616 0.056480
v 0.015758 -0.306616 0.057586
v 0.015758 0.306616 0.057586
v 0.004523 -0.306616 0.056480
v 0.004523 0.306616 0.056480
v -0.006280 -0.306616 0.053203
v -0.006280 0.306616 0.053203
v -0.016236 -0.306616 0.047881
v -0.016236 0.306616 0.047881
v -0.024962 -0.306616 0.040720
v -0.024962 0.306616 0.040720
v -0.032124 -0.306616 0.031993
v -0.032124 0.306616 0.031993
v -0.037445 -0.306616 0.022037
v -0.037445 0.306616 0.022037
v -0.040722 -0.306616 0.011234
v -0.040722 0.306616 0.011234
v -0.041829 -0.306616 -0.000000
v -0.041829 0.306616 -0.000000
v -0.040722 -0.306616 -0.011234
v -0.040722 0.306616 -0.011234
v -0.037445 -0.306616 -0.022037
v -0.037445 0.306616 -0.022037
v -0.032124 -0.306616 -0.031993
v -0.032124 0.306616 -0.031993
v -0.024962 -0.306616 -0.040720
v -0.024962 0.306616 -0.040720
v -0.016236 -0.306616 -0.047881
v -0.016236 0.306616 -0.047881
v -0.006280 -0.306616 -0.053203
v -0.006280 0.306616 -0.053203
v 0.004523 -0.306616 -0.056480
v 0.004523 0.306616 -0.056480
v 0.015758 -0.314672 -0.020968
v 0.019848 -0.314672 -0.020565
v 0.019848 0.314672 -0.020565
v 0.015758 0.314672 -0.020968
v 0.023782 -0.314672 -0.019372
v 0.023782 0.314672 -0.019372
v 0.027407 -0.314672 -0.017434
v 0.027407 0.314672 -0.017434
v 0.030584 -0.314672 -0.014827
v 0.030584 0.314672 -0.014827
v 0.033192 -0.314672 -0.011649
v 0.033192 0.314672 -0.011649
v 0.035130 -0.314672 -0.008024
v 0.035130 0.314672 -0.008024
v 0.036323 -0.314672 -0.004091
v 0.036323 0.314672 -0.004091
v 0.036726 -0.314672 -0.000000
v 0.036726 0.314672 -0.000000
v 0.036323 -0.314672 0.004091
v 0.036323 0.314672 0.004091
v 0.035130 -0.314672 0.008024
v 0.035130 0.314672 0.008024
v 0.033192 -0.314672 0.011649
v 0.033192 0.314672 0.011649
v 0.030584 -0.314672 0.014827
v 0.030584 0.314672 0.014827
v 0.027407 -0.314672 0.017434
v 0.027407 0.314672 0.017434
v 0.023782 -0.314672 0.019372
v 0.023782 0.314672 0.019372
v 0.019848 -0.314672 0.020565
v 0.019848 0.314672 0.020565
v 0.015758 -0.314672 0.020968
v 0.015758 0.314672 0.020968
v 0.011667 -0.314672 0.020565
v 0.011667 0.314672 0.020565
v 0.007733 -0.314672 0.019372
v 0.007733 0.314672 0.019372
v 0.004108 -0.314672 0.017434
v 0.004108 0.314672 0.017434
v 0.000931 -0.314672 0.014827
v 0.000931 0.314672 0.014827
v -0.001677 -0.314672 0.011649
v -0.001677 0.314672 0.011649
v -0.003614 -0.314672 0.008024
v -0.003614 0.314672 0.008024
v -0.004808 -0.314672 0.004091
v -0.004808 0.314672 0.004091
v -0.005210 -0.314672 -0.000000
v -0.005210 0.314672 -0.000000
v -0.004808 -0.314672 -0.004091
v -0.004808 0.314672 -0.004091
v -0.003614 -0.314672 -0.008024
v -0.003614 0.314672 -0.008024
v -0.001677 -0.314672 -0.011649
v -0.001677 0.314672 -0.011649
v 0.000931 -0.314672 -0.014827
v 0.000931 0.314672 -0.014827
v 0.004108 -0.314672 -0.017434
v 0.004108 0.314672 -0.017434
v 0.007733 -0.314672 -0.019372
v 0.007733 0.314672 -0.019372
v 0.011667 -0.314672 -0.020565
v 0.011667 0.314672 -0.020565
vn 0.0980 -0.0000 -0.9952
vn 0.2903 -0.0000 -0.9569
vn 0.4714 -0.0000 -0.8819
vn 0.6344 -0.0000 -0.7730
vn 0.7730 -0.0000 -0.6344
vn 0.8819 -0.0000 -0.4714
vn 0.9569 -0.0000 -0.2903
vn 0.9952 -0.0000 -0.0980
vn 0.9952 -0.0000 0.0980
vn 0.9569 -0.0000 0.2903
vn 0.8819 -0.0000 0.4714
vn 0.7730 -0.0000 0.6344
vn 0.6344 -0.0000 0.7730
vn 0.4714 -0.0000 0.8819
vn 0.2903 -0.0000 0.9569
vn 0.0980 -0.0000 0.9952
vn -0.0980 -0.0000 0.9952
vn -0.2903 -0.0000 0.9569
vn -0.4714 -0.0000 0.8819
vn -0.6344 -0.0000 0.7730
vn -0.7730 -0.0000 0.6344
vn -0.8819 -0.0000 0.4714
vn -0.9569 -0.0000 0.2903
vn -0.9952 -0.0000 0.0980
vn -0.9952 -0.0000 -0.0980
vn -0.9569 -0.0000 -0.2903
vn -0.8819 -0.0000 -0.4714
vn -0.7730 -0.0000 -0.6344
vn -0.6344 -0.0000 -0.7730
vn -0.4714 -0.0000 -0.8819
vn 0.3634 -0.9309 -0.0358
vn -0.2903 -0.0000 -0.9569
vn -0.0980 -0.0000 -0.9952
vn -0.0358 0.9309 0.3634
vn -0.3494 0.9309 -0.1060
vn -0.0358 -0.9309 0.3634
vn -0.3494 -0.9309 -0.1060
vn 0.3634 0.9309 0.0358
vn -0.1060 0.9309 0.3494
vn 0.3634 -0.9309 0.0358
vn 0.0358 0.9309 -0.3634
vn -0.3221 0.9309 -0.1721
vn -0.1060 -0.9309 0.3494
vn 0.0358 -0.9309 -0.3634
vn -0.3221 -0.9309 -0.1721
vn 0.3494 0.9309 0.1060
vn -0.1721 0.9309 0.3221
vn 0.3494 -0.9309 0.1060
vn -0.2823 0.9309 -0.2317
vn -0.1721 -0.9309 0.3221
vn 0.1060 0.9309 -0.3494
vn -0.2823 -0.9309 -0.2317
vn 0.3221 0.9309 0.1721
vn 0.1060 -0.9309 -0.3494
vn -0.2317 0.9309 0.2823
vn 0.3221 -0.9309 0.1721
vn -0.2317 0.9309 -0.2823
vn -0.2317 -0.9309 0.2823
vn 0.1721 0.9309 -0.3221
vn -0.2317 -0.9309 -0.2823
vn 0.2823 0.9309 0.2317
vn 0.1721 -0.9309 -0.3221
vn -0.2823 0.9309 0.2317
vn 0.2823 -0.9309 0.2317
vn -0.1721 0.9309 -0.3221
vn -0.2823 -0.9309 0.2317
vn 0.2317 0.9309 -0.2823
vn -0.1721 -0.9309 -0.3221
vn 0.2317 0.9309 0.2823
vn 0.2317 -0.9309 -0.2823
vn -0.3221 0.9309 0.1721
vn 0.2317 -0.9309 0.2823
vn -0.1060 0.9309 -0.3494
vn -0.3221 -0.9309 0.1721
vn 0.2823 0.9309 -0.2317
vn -0.1060 -0.9309 -0.3494
vn 0.1721 0.9309 0.3221
vn 0.2823 -0.9309 -0.2317
vn -0.3494 0.9309 0.1060
vn 0.1721 -0.9309 0.3221
vn -0.0358 0.9309 -0.3634
vn -0.3494 -0.9309 0.1060
vn 0.3221 0.9309 -0.1721
vn -0.0358 -0.9309 -0.3634
vn 0.1060 0.9309 0.3494
vn 0.3221 -0.9309 -0.1721
vn -0.3634 0.9309 0.0358
vn 0.1060 -0.9309 0.3494
vn -0.3634 -0.9309 0.0358
vn 0.3494 0.9309 -0.1060
vn 0.0358 0.9309 0.3634
vn 0.3494 -0.9309 -0.1060
vn -0.3634 0.9309 -0.0358
vn 0.0358 -0.9309 0.3634
vn -0.3634 -0.9309 -0.0358
vn 0.3634 0.9309 -0.0358
vn -0.2310 -0.6055 0.7615
vn -0.2310 -0.6055 -0.7615
vn 0.6152 -0.6055 -0.5049
vn -0.0780 0.6055 -0.7920
vn -0.3751 0.6055 0.7018
vn 0.7018 0.6055 -0.3751
vn -0.0780 -0.6055 -0.7920
vn -0.3751 -0.6055 0.7018
vn 0.7018 -0.6055 -0.3751
vn -0.5049 0.6055 0.6152
vn 0.7615 0.6055 -0.2310
vn -0.5049 -0.6055 0.6152
vn 0.7615 -0.6055 -0.2310
vn -0.6152 0.6055 0.5049
vn 0.7920 0.6055 -0.0780
vn -0.6152 -0.6055 0.5049
vn 0.7920 -0.6055 -0.0780
vn -0.7018 0.6055 0.3751
vn 0.7920 0.6055 0.0780
vn -0.7018 -0.6055 0.3751
vn 0.7920 -0.6055 0.0780
vn -0.7615 0.6055 0.2310
vn 0.7615 0.6055 0.2310
vn -0.7615 -0.6055 0.2310
vn 0.7615 -0.6055 0.2310
vn -0.7920 0.6055 0.0780
vn 0.7018 0.6055 0.3751
vn -0.7920 -0.6055 0.0780
vn 0.7018 -0.6055 0.3751
vn -0.7920 0.6055 -0.0780
vn 0.6152 0.6055 0.5049
vn -0.7920 -0.6055 -0.0780
vn 0.6152 -0.6055 0.5049
vn -0.7615 0.6055 -0.2310
vn 0.5049 0.6055 0.6152
vn -0.7615 -0.6055 -0.2310
vn 0.5049 -0.6055 0.6152
vn -0.7018 0.6055 -0.3751
vn 0.3751 0.6055 0.7018
vn 0.0780 0.6055 -0.7920
vn -0.7018 -0.6055 -0.3751
vn 0.3751 -0.6055 0.7018
vn 0.0780 -0.6055 -0.7920
vn -0.6152 0.6055 -0.5049
vn 0.2310 0.6055 0.7615
vn 0.2310 0.6055 -0.7615
vn -0.6152 -0.6055 -0.5049
vn 0.2310 -0.6055 0.7615
vn 0.2310 -0.6055 -0.7615
vn -0.5049 0.6055 -0.6152
vn 0.0780 0.6055 0.7920
vn 0.3751 0.6055 -0.7018
vn -0.5049 -0.6055 -0.6152
vn 0.0780 -0.6055 0.7920
vn 0.3751 -0.6055 -0.7018
vn -0.3751 0.6055 -0.7018
vn -0.0780 0.6055 0.7920
vn 0.5049 0.6055 -0.6152
vn -0.3751 -0.6055 -0.7018
vn -0.0780 -0.6055 0.7920
vn 0.5049 -0.6055 -0.6152
vn -0.2310 0.6055 -0.7615
vn -0.2310 0.6055 0.7615
vn 0.6152 0.6055 -0.5049
vn 0.5509 0.8328 -0.0543
vn -0.4279 0.8328 0.3512
vn 0.8315 0.5494 0.0819
vn -0.7369 0.5494 0.3939
vn -0.4882 -0.8328 0.2609
vn 0.5509 -0.8328 0.0543
vn -0.4882 0.8328 0.2609
vn 0.5509 0.8328 0.0543
vn -0.5297 -0.8328 0.1607
vn 0.5297 -0.8328 0.1607
vn -0.5297 0.8328 0.1607
vn 0.5297 0.8328 0.1607
vn -0.5509 -0.8328 0.0543
vn 0.4882 -0.8328 0.2609
vn -0.5509 0.8328 0.0543
vn 0.4882 0.8328 0.2609
vn -0.5509 -0.8328 -0.0543
vn 0.4279 -0.8328 0.3512
vn -0.5509 0.8328 -0.0543
vn 0.4279 0.8328 0.3512
vn -0.5297 -0.8328 -0.1607
vn 0.3512 -0.8328 0.4279
vn -0.5297 0.8328 -0.1607
vn 0.3512 0.8328 0.4279
vn -0.4882 -0.8328 -0.2609
vn 0.2609 -0.8328 0.4882
vn 0.0543 -0.8328 -0.5509
vn -0.4882 0.8328 -0.2609
vn 0.2609 0.8328 0.4882
vn 0.0543 0.8328 -0.5509
vn -0.4279 -0.8328 -0.3512
vn 0.1607 -0.8328 0.5297
vn 0.1607 -0.8328 -0.5297
vn -0.4279 0.8328 -0.3512
vn 0.1607 0.8328 0.5297
vn 0.1607 0.8328 -0.5297
vn -0.3512 -0.8328 -0.4279
vn 0.0543 -0.8328 0.5509
vn 0.2609 -0.8328 -0.4882
vn -0.3512 0.8328 -0.4279
vn 0.0543 0.8328 0.5509
vn 0.2609 0.8328 -0.4882
vn -0.2609 -0.8328 -0.4882
vn -0.0543 -0.8328 0.5509
vn 0.3512 -0.8328 -0.4279
vn -0.2609 0.8328 -0.4882
vn -0.0543 0.8328 0.5509
vn 0.3512 0.8328 -0.4279
vn -0.1607 -0.8328 -0.5297
vn -0.1607 -0.8328 0.5297
vn 0.4279 -0.8328 -0.3512
vn -0.1607 0.8328 -0.5297
vn -0.1607 0.8328 0.5297
vn 0.4279 0.8328 -0.3512
vn -0.0543 -0.8328 -0.5509
vn -0.2609 -0.8328 0.4882
vn 0.4882 -0.8328 -0.2609
vn -0.0543 0.8328 -0.5509
vn -0.2609 0.8328 0.4882
vn 0.4882 0.8328 -0.2609
vn -0.3512 -0.8328 0.4279
vn 0.5297 -0.8328 -0.1607
vn -0.3512 0.8328 0.4279
vn 0.5297 0.8328 -0.1607
vn -0.4279 -0.8328 0.3512
vn 0.5509 -0.8328 -0.0543
vn -0.0000 -1.0000 -0.0000
vn -0.0000 1.0000 -0.0000
vn -0.7996 -0.5494 0.2425
vn 0.7996 -0.5494 0.2425
vn -0.7996 0.5494 0.2425
vn 0.7996 0.5494 0.2425
vn -0.8315 -0.5494 0.0819
vn 0.7369 -0.5494 0.3939
vn -0.8315 0.5494 0.0819
vn 0.7369 0.5494 0.3939
vn -0.8315 -0.5494 -0.0819
vn 0.6459 -0.5494 0.5301
vn -0.8315 0.5494 -0.0819
vn 0.6459 0.5494 0.5301
vn -0.7996 -0.5494 -0.2425
vn 0.5301 -0.5494 0.6459
vn -0.7996 0.5494 -0.2425
vn 0.5301 0.5494 0.6459
vn -0.7369 -0.5494 -0.3939
vn 0.3939 -0.5494 0.7369
vn 0.0819 -0.5494 -0.8315
vn -0.7369 0.5494 -0.3939
vn 0.3939 0.5494 0.7369
vn 0.0819 0.5494 -0.8315
vn -0.6459 -0.5494 -0.5301
vn 0.2425 -0.5494 0.7996
vn 0.2425 -0.5494 -0.7996
vn -0.6459 0.5494 -0.5301
vn 0.2425 0.5494 0.7996
vn 0.2425 0.5494 -0.7996
vn -0.5301 -0.5494 -0.6459
vn 0.0819 -0.5494 0.8315
vn 0.3939 -0.5494 -0.7369
vn -0.5301 0.5494 -0.6459
vn 0.0819 0.5494 0.8315
vn 0.3939 0.5494 -0.7369
vn -0.3939 -0.5494 -0.7369
vn -0.0819 -0.5494 0.8315
vn 0.5301 -0.5494 -0.6459
vn -0.3939 0.5494 -0.7369
vn -0.0819 0.5494 0.8315
vn 0.5301 0.5494 -0.6459
vn -0.2425 -0.5494 -0.7996
vn -0.2425 -0.5494 0.7996
vn 0.6459 -0.5494 -0.5301
vn -0.2425 0.5494 -0.7996
vn -0.2425 0.5494 0.7996
vn 0.6459 0.5494 -0.5301
vn -0.0819 -0.5494 -0.8315
vn -0.3939 -0.5494 0.7369
vn 0.7369 -0.5494 -0.3939
vn -0.0819 0.5494 -0.8315
vn -0.3939 0.5494 0.7369
vn 0.7369 0.5494 -0.3939
vn -0.5301 -0.5494 0.6459
vn 0.7996 -0.5494 -0.2425
vn -0.5301 0.5494 0.6459
vn 0.7996 0.5494 -0.2425
vn -0.6459 -0.5494 0.5301
vn 0.8315 -0.5494 -0.0819
vn -0.6459 0.5494 0.5301
vn 0.8315 0.5494 -0.0819
vn -0.7369 -0.5494 0.3939
vn 0.8315 -0.5494 0.0819
vt 1.000000 0.500000
vt 1.000000 1.000000
vt 0.968750 1.000000
vt 0.968750 0.500000
vt 0.937500 1.000000
vt 0.937500 0.500000
vt 0.906250 1.000000
vt 0.906250 0.500000
vt 0.875000 1.000000
vt 0.875000 0.500000
vt 0.843750 1.000000
vt 0.843750 0.500000
vt 0.812500 1.000000
vt 0.812500 0.500000
vt 0.781250 1.000000
vt 0.781250 0.500000
vt 0.750000 1.000000
vt 0.750000 0.500000
vt 0.718750 1.000000
vt 0.718750 0.500000
vt 0.687500 1.000000
vt 0.687500 0.500000
vt 0.656250 1.000000
vt 0.656250 0.500000
vt 0.625000 1.000000
vt 0.625000 0.500000
vt 0.593750 1.000000
vt 0.593750 0.500000
vt 0.562500 1.000000
vt 0.562500 0.500000
vt 0.531250 1.000000
vt 0.531250 0.500000
vt 0.500000 1.000000
vt 0.500000 0.500000
vt 0.468750 1.000000
vt 0.468750 0.500000
vt 0.437500 1.000000
vt 0.437500 0.500000
vt 0.406250 1.000000
vt 0.406250 0.500000
vt 0.375000 1.000000
vt 0.375000 0.500000
vt 0.343750 1.000000
vt 0.343750 0.500000
vt 0.312500 1.000000
vt 0.312500 0.500000
vt 0.281250 1.000000
vt 0.281250 0.500000
vt 0.250000 1.000000
vt 0.250000 0.500000
vt 0.218750 1.000000
vt 0.218750 0.500000
vt 0.187500 1.000000
vt 0.187500 0.500000
vt 0.156250 1.000000
vt 0.156250 0.500000
vt 0.125000 1.000000
vt 0.125000 0.500000
vt 0.093750 1.000000
vt 0.093750 0.500000
vt 0.062500 1.000000
vt 0.062500 0.500000
vt 0.031250 1.000000
vt 0.031250 0.500000
vt 0.000000 1.000000
vt 0.000000 0.500000
vt 0.357466 0.228624
vt 0.359571 0.250000
vt 0.148769 0.208069
vt 0.158895 0.189125
vt 0.771376 0.357466
vt 0.750000 0.359571
vt 0.750000 0.490000
vt 0.796822 0.485388
vt 0.250000 0.359571
vt 0.271376 0.357466
vt 0.296822 0.485388
vt 0.250000 0.490000
vt 0.791931 0.351231
vt 0.841844 0.471731
vt 0.291931 0.351231
vt 0.341844 0.471731
vt 0.810875 0.341105
vt 0.883337 0.449553
vt 0.310875 0.341105
vt 0.383337 0.449553
vt 0.827479 0.327478
vt 0.919706 0.419706
vt 0.327479 0.327479
vt 0.419706 0.419706
vt 0.841105 0.310875
vt 0.949553 0.383337
vt 0.341105 0.310875
vt 0.449553 0.383337
vt 0.851231 0.291931
vt 0.971731 0.341844
vt 0.351231 0.291931
vt 0.471731 0.341844
vt 0.857466 0.271376
vt 0.985388 0.296822
vt 0.357466 0.271376
vt 0.485388 0.296822
vt 0.859572 0.250000
vt 0.990000 0.250000
vt 0.490000 0.250000
vt 0.857466 0.228624
vt 0.985388 0.203178
vt 0.485388 0.203178
vt 0.851231 0.208069
vt 0.971731 0.158156
vt 0.351231 0.208069
vt 0.471731 0.158156
vt 0.841105 0.189125
vt 0.949553 0.116663
vt 0.341105 0.189125
vt 0.449553 0.116663
vt 0.827479 0.172521
vt 0.919706 0.080294
vt 0.327479 0.172521
vt 0.419706 0.080294
vt 0.810875 0.158895
vt 0.883337 0.050447
vt 0.310875 0.158895
vt 0.383337 0.050447
vt 0.791931 0.148769
vt 0.841844 0.028269
vt 0.291931 0.148769
vt 0.341844 0.028269
vt 0.771376 0.142534
vt 0.796822 0.014612
vt 0.271376 0.142534
vt 0.296822 0.014612
vt 0.750000 0.140429
vt 0.750000 0.010000
vt 0.250000 0.140429
vt 0.250000 0.010000
vt 0.728624 0.142534
vt 0.703178 0.014612
vt 0.228624 0.142534
vt 0.203178 0.014612
vt 0.708069 0.148769
vt 0.658156 0.028269
vt 0.208069 0.148769
vt 0.158156 0.028269
vt 0.689126 0.158895
vt 0.616663 0.050447
vt 0.189126 0.158895
vt 0.116663 0.050447
vt 0.672521 0.172521
vt 0.580294 0.080294
vt 0.172521 0.172521
vt 0.080294 0.080294
vt 0.658895 0.189125
vt 0.550447 0.116663
vt 0.050447 0.116663
vt 0.648769 0.208069
vt 0.528269 0.158156
vt 0.028269 0.158156
vt 0.642534 0.228624
vt 0.514612 0.203178
vt 0.142534 0.228624
vt 0.014612 0.203178
vt 0.640429 0.250000
vt 0.510000 0.250000
vt 0.140429 0.250000
vt 0.010000 0.250000
vt 0.642534 0.271376
vt 0.514612 0.296822
vt 0.142534 0.271376
vt 0.014612 0.296822
vt 0.648769 0.291931
vt 0.528269 0.341844
vt 0.148769 0.291931
vt 0.028269 0.341844
vt 0.658895 0.310875
vt 0.550447 0.383337
vt 0.158895 0.310874
vt 0.050447 0.383337
vt 0.672521 0.327479
vt 0.580294 0.419706
vt 0.172521 0.327479
vt 0.080294 0.419706
vt 0.689125 0.341105
vt 0.616663 0.449553
vt 0.189125 0.341105
vt 0.116663 0.449553
vt 0.708069 0.351231
vt 0.658156 0.471731
vt 0.208069 0.351231
vt 0.158156 0.471731
vt 0.728624 0.357466
vt 0.703178 0.485388
vt 0.228624 0.357466
vt 0.203178 0.485388
s 0
usemtl M_Cyan
f 665/347/317 666/348/317 668/349/317 667/350/317
f 667/350/318 668/349/318 670/351/318 669/352/318
f 669/352/319 670/351/319 672/353/319 671/354/319
f 671/354/320 672/353/320 674/355/320 673/356/320
f 673/356/321 674/355/321 676/357/321 675/358/321
f 675/358/322 676/357/322 678/359/322 677/360/322
f 677/360/323 678/359/323 680/361/323 679/362/323
f 679/362/324 680/361/324 682/363/324 681/364/324
f 681/364/325 682/363/325 684/365/325 683/366/325
f 683/366/326 684/365/326 686/367/326 685/368/326
f 685/368/327 686/367/327 688/369/327 687/370/327
f 687/370/328 688/369/328 690/371/328 689/372/328
f 689/372/329 690/371/329 692/373/329 691/374/329
f 691/374/330 692/373/330 694/375/330 693/376/330
f 693/376/331 694/375/331 696/377/331 695/378/331
f 695/378/332 696/377/332 698/379/332 697/380/332
f 697/380/333 698/379/333 700/381/333 699/382/333
f 699/382/334 700/381/334 702/383/334 701/384/334
f 701/384/335 702/383/335 704/385/335 703/386/335
f 703/386/336 704/385/336 706/387/336 705/388/336
f 705/388/337 706/387/337 708/389/337 707/390/337
f 707/390/338 708/389/338 710/391/338 709/392/338
f 709/392/339 710/391/339 712/393/339 711/394/339
f 711/394/340 712/393/340 714/395/340 713/396/340
f 713/396/341 714/395/341 716/397/341 715/398/341
f 715/398/342 716/397/342 718/399/342 717/400/342
f 717/400/343 718/399/343 720/401/343 719/402/343
f 719/402/344 720/401/344 722/403/344 721/404/344
f 721/404/345 722/403/345 724/405/345 723/406/345
f 723/406/346 724/405/346 726/407/346 725/408/346
f 725/408/348 726/407/348 728/409/348 727/410/348
f 727/410/349 728/409/349 666/411/349 665/412/349
usemtl M_Noir_Bleuté
f 682/363/347 680/361/347 744/361/347 746/363/347
f 697/380/350 699/382/350 763/382/350 761/380/350
f 761/380/333 763/382/333 827/382/333 825/380/333
f 787/406/346 789/408/346 853/408/346 851/406/346
f 715/398/351 717/400/351 781/400/351 779/398/351
f 700/381/352 698/379/352 762/379/352 764/381/352
f 718/399/353 716/397/353 780/397/353 782/399/353
f 681/364/354 683/366/354 747/366/354 745/364/354
f 699/382/355 701/384/355 765/384/355 763/382/355
f 684/365/356 682/363/356 746/363/356 748/365/356
f 665/347/357 667/350/357 730/350/357 729/347/357
f 717/400/358 719/402/358 783/402/358 781/400/358
f 702/383/359 700/381/359 764/381/359 766/383/359
f 668/349/360 666/348/360 732/348/360 731/349/360
f 720/401/361 718/399/361 782/399/361 784/401/361
f 683/366/362 685/368/362 749/368/362 747/366/362
f 701/384/363 703/386/363 767/386/363 765/384/363
f 686/367/364 684/365/364 748/365/364 750/367/364
f 719/402/365 721/404/365 785/404/365 783/402/365
f 704/385/366 702/383/366 766/383/366 768/385/366
f 667/350/367 669/352/367 733/352/367 730/350/367
f 722/403/368 720/401/368 784/401/368 786/403/368
f 685/368/369 687/370/369 751/370/369 749/368/369
f 670/351/370 668/349/370 731/349/370 734/351/370
f 703/386/371 705/388/371 769/388/371 767/386/371
f 688/369/372 686/367/372 750/367/372 752/369/372
f 721/404/373 723/406/373 787/406/373 785/404/373
f 706/387/374 704/385/374 768/385/374 770/387/374
f 669/352/375 671/354/375 735/354/375 733/352/375
f 724/405/376 722/403/376 786/403/376 788/405/376
f 687/370/377 689/372/377 753/372/377 751/370/377
f 672/353/378 670/351/378 734/351/378 736/353/378
f 705/388/379 707/390/379 771/390/379 769/388/379
f 690/371/380 688/369/380 752/369/380 754/371/380
f 723/406/381 725/408/381 789/408/381 787/406/381
f 708/389/382 706/387/382 770/387/382 772/389/382
f 671/354/383 673/356/383 737/356/383 735/354/383
f 726/407/384 724/405/384 788/405/384 790/407/384
f 689/372/385 691/374/385 755/374/385 753/372/385
f 674/355/386 672/353/386 736/353/386 738/355/386
f 707/390/387 709/392/387 773/392/387 771/390/387
f 692/373/388 690/371/388 754/371/388 756/373/388
f 725/408/389 727/410/389 791/410/389 789/408/389
f 710/391/390 708/389/390 772/389/390 774/391/390
f 673/356/391 675/358/391 739/358/391 737/356/391
f 728/409/392 726/407/392 790/407/392 792/409/392
f 691/374/393 693/376/393 757/376/393 755/374/393
f 676/357/394 674/355/394 738/355/394 740/357/394
f 709/392/395 711/394/395 775/394/395 773/392/395
f 694/375/396 692/373/396 756/373/396 758/375/396
f 727/410/397 665/412/397 729/412/397 791/410/397
f 712/393/398 710/391/398 774/391/398 776/393/398
f 675/358/399 677/360/399 741/360/399 739/358/399
f 666/411/400 728/409/400 792/409/400 732/411/400
f 693/376/401 695/378/401 759/378/401 757/376/401
f 678/359/402 676/357/402 740/357/402 742/359/402
f 711/394/403 713/396/403 777/396/403 775/394/403
f 696/377/404 694/375/404 758/375/404 760/377/404
f 714/395/405 712/393/405 776/393/405 778/395/405
f 677/360/406 679/362/406 743/362/406 741/360/406
f 695/378/407 697/380/407 761/380/407 759/378/407
f 680/361/408 678/359/408 742/359/408 744/361/408
f 713/396/409 715/398/409 779/398/409 777/396/409
f 698/379/410 696/377/410 760/377/410 762/379/410
f 716/397/411 714/395/411 778/395/411 780/397/411
f 679/362/412 681/364/412 745/364/412 743/362/412
f 735/354/320 737/356/320 801/356/320 799/354/320
f 790/407/346 788/405/346 852/405/346 854/407/346
f 764/381/333 762/379/333 826/379/333 828/381/333
f 738/355/320 736/353/320 800/353/320 802/355/320
f 789/408/348 791/410/348 855/410/348 853/408/348
f 763/382/334 765/384/334 829/384/334 827/382/334
f 737/356/321 739/358/321 803/358/321 801/356/321
f 792/409/348 790/407/348 854/407/348 856/409/348
f 766/383/334 764/381/334 828/381/334 830/383/334
f 740/357/321 738/355/321 802/355/321 804/357/321
f 791/410/349 729/412/349 793/412/349 855/410/349
f 765/384/335 767/386/335 831/386/335 829/384/335
f 739/358/322 741/360/322 805/360/322 803/358/322
f 732/411/349 792/409/349 856/409/349 796/411/349
f 768/385/335 766/383/335 830/383/335 832/385/335
f 742/359/322 740/357/322 804/357/322 806/359/322
f 767/386/336 769/388/336 833/388/336 831/386/336
f 741/360/323 743/362/323 807/362/323 805/360/323
f 770/387/336 768/385/336 832/385/336 834/387/336
f 744/361/323 742/359/323 806/359/323 808/361/323
f 769/388/337 771/390/337 835/390/337 833/388/337
f 743/362/324 745/364/324 809/364/324 807/362/324
f 772/389/337 770/387/337 834/387/337 836/389/337
f 746/363/324 744/361/324 808/361/324 810/363/324
f 771/390/338 773/392/338 837/392/338 835/390/338
f 745/364/325 747/366/325 811/366/325 809/364/325
f 774/391/338 772/389/338 836/389/338 838/391/338
f 748/365/325 746/363/325 810/363/325 812/365/325
f 773/392/339 775/394/339 839/394/339 837/392/339
f 747/366/326 749/368/326 813/368/326 811/366/326
f 776/393/339 774/391/339 838/391/339 840/393/339
f 750/367/326 748/365/326 812/365/326 814/367/326
f 775/394/340 777/396/340 841/396/340 839/394/340
f 749/368/327 751/370/327 815/370/327 813/368/327
f 778/395/340 776/393/340 840/393/340 842/395/340
f 752/369/327 750/367/327 814/367/327 816/369/327
f 777/396/341 779/398/341 843/398/341 841/396/341
f 751/370/328 753/372/328 817/372/328 815/370/328
f 780/397/341 778/395/341 842/395/341 844/397/341
f 754/371/328 752/369/328 816/369/328 818/371/328
f 779/398/342 781/400/342 845/400/342 843/398/342
f 753/372/329 755/374/329 819/374/329 817/372/329
f 782/399/342 780/397/342 844/397/342 846/399/342
f 756/373/329 754/371/329 818/371/329 820/373/329
f 781/400/343 783/402/343 847/402/343 845/400/343
f 755/374/330 757/376/330 821/376/330 819/374/330
f 729/347/317 730/350/317 794/350/317 793/347/317
f 784/401/343 782/399/343 846/399/343 848/401/343
f 758/375/330 756/373/330 820/373/330 822/375/330
f 731/349/317 732/348/317 796/348/317 795/349/317
f 783/402/344 785/404/344 849/404/344 847/402/344
f 757/376/331 759/378/331 823/378/331 821/376/331
f 730/350/318 733/352/318 797/352/318 794/350/318
f 786/403/344 784/401/344 848/401/344 850/403/344
f 760/377/331 758/375/331 822/375/331 824/377/331
f 734/351/318 731/349/318 795/349/318 798/351/318
f 785/404/345 787/406/345 851/406/345 849/404/345
f 759/378/332 761/380/332 825/380/332 823/378/332
f 733/352/319 735/354/319 799/354/319 797/352/319
f 788/405/345 786/403/345 850/403/345 852/405/345
f 762/379/332 760/377/332 824/377/332 826/379/332
f 736/353/319 734/351/319 798/351/319 800/353/319
f 1004/413/479 1002/414/479 1130/414/479 1132/413/479
f 1030/415/480 1028/416/480 1156/416/480 1158/415/480
f 1115/422/544 1116/421/544 1176/539/544 1174/535/544 1172/531/544 1170/527/544 1168/523/544 1166/519/544 1164/515/544 1162/511/544 1160/507/544 1158/415/544 1156/416/544 1154/497/544 1152/493/544 1150/489/544 1148/485/544 1146/481/544 1144/477/544 1142/473/544 1140/469/544 1138/465/544 1136/461/544 1134/457/544 1132/413/544 1130/414/544 1128/447/544 1126/443/544 1124/439/544 1122/435/544 1120/431/544 1118/427/544
f 1113/418/543 1114/417/543 1117/425/543 1119/429/543 1121/433/543 1123/437/543 1125/441/543 1127/445/543 1129/449/543 1131/452/543 1133/455/543 1135/459/543 1137/463/543 1139/467/543 1141/471/543 1143/475/543 1145/479/543 1147/483/543 1149/487/543 1151/491/543 1153/495/543 1155/499/543 1157/502/543 1159/505/543 1161/509/543 1163/513/543 1165/517/543 1167/521/543 1169/525/543 1171/529/543 1173/533/543 1175/537/543
f 1029/502/545 1031/505/545 1159/505/545 1157/502/545
f 1003/452/546 1005/455/546 1133/455/546 1131/452/546
f 1032/507/547 1030/415/547 1158/415/547 1160/507/547
f 1006/457/548 1004/413/548 1132/413/548 1134/457/548
f 1031/505/549 1033/509/549 1161/509/549 1159/505/549
f 1005/455/550 1007/459/550 1135/459/550 1133/455/550
f 1034/511/551 1032/507/551 1160/507/551 1162/511/551
f 1008/461/552 1006/457/552 1134/457/552 1136/461/552
f 1033/509/553 1035/513/553 1163/513/553 1161/509/553
f 1007/459/554 1009/463/554 1137/463/554 1135/459/554
f 1036/515/555 1034/511/555 1162/511/555 1164/515/555
f 1010/465/556 1008/461/556 1136/461/556 1138/465/556
f 1035/513/557 1037/517/557 1165/517/557 1163/513/557
f 1009/463/558 1011/467/558 1139/467/558 1137/463/558
f 1038/519/559 1036/515/559 1164/515/559 1166/519/559
f 1012/469/560 1010/465/560 1138/465/560 1140/469/560
f 1037/517/561 1039/521/561 1167/521/561 1165/517/561
f 1011/467/562 1013/471/562 1141/471/562 1139/467/562
f 985/418/563 986/417/563 1114/417/563 1113/418/563
f 1040/523/564 1038/519/564 1166/519/564 1168/523/564
f 1014/473/565 1012/469/565 1140/469/565 1142/473/565
f 987/422/566 988/421/566 1116/421/566 1115/422/566
f 1039/521/567 1041/525/567 1169/525/567 1167/521/567
f 1013/471/568 1015/475/568 1143/475/568 1141/471/568
f 986/417/569 989/425/569 1117/425/569 1114/417/569
f 1042/527/570 1040/523/570 1168/523/570 1170/527/570
f 1016/477/571 1014/473/571 1142/473/571 1144/477/571
f 990/427/572 987/422/572 1115/422/572 1118/427/572
f 1041/525/573 1043/529/573 1171/529/573 1169/525/573
f 1015/475/574 1017/479/574 1145/479/574 1143/475/574
f 989/425/575 991/429/575 1119/429/575 1117/425/575
f 1044/531/576 1042/527/576 1170/527/576 1172/531/576
f 1018/481/577 1016/477/577 1144/477/577 1146/481/577
f 992/431/578 990/427/578 1118/427/578 1120/431/578
f 1043/529/579 1045/533/579 1173/533/579 1171/529/579
f 1017/479/580 1019/483/580 1147/483/580 1145/479/580
f 991/429/581 993/433/581 1121/433/581 1119/429/581
f 1046/535/582 1044/531/582 1172/531/582 1174/535/582
f 1020/485/583 1018/481/583 1146/481/583 1148/485/583
f 994/435/584 992/431/584 1120/431/584 1122/435/584
f 1045/533/585 1047/537/585 1175/537/585 1173/533/585
f 1019/483/586 1021/487/586 1149/487/586 1147/483/586
f 993/433/587 995/437/587 1123/437/587 1121/433/587
f 1048/539/588 1046/535/588 1174/535/588 1176/539/588
f 1022/489/589 1020/485/589 1148/485/589 1150/489/589
f 996/439/590 994/435/590 1122/435/590 1124/439/590
f 1047/537/591 985/418/591 1113/418/591 1175/537/591
f 1021/487/592 1023/491/592 1151/491/592 1149/487/592
f 995/437/593 997/441/593 1125/441/593 1123/437/593
f 988/421/594 1048/539/594 1176/539/594 1116/421/594
f 1024/493/595 1022/489/595 1150/489/595 1152/493/595
f 998/443/596 996/439/596 1124/439/596 1126/443/596
f 1023/491/597 1025/495/597 1153/495/597 1151/491/597
f 997/441/598 999/445/598 1127/445/598 1125/441/598
f 1026/497/599 1024/493/599 1152/493/599 1154/497/599
f 1000/447/600 998/443/600 1126/443/600 1128/447/600
f 1025/495/601 1027/499/601 1155/499/601 1153/495/601
f 999/445/602 1001/449/602 1129/449/602 1127/445/602
f 1028/416/603 1026/497/603 1154/497/603 1156/416/603
f 1002/414/604 1000/447/604 1128/447/604 1130/414/604
f 1027/499/605 1029/502/605 1157/502/605 1155/499/605
f 1001/449/606 1003/452/606 1131/452/606 1129/449/606
usemtl M_Orange
f 830/383/413 828/381/413 892/381/413 894/383/413
f 856/409/414 854/407/414 918/407/414 920/409/414
f 869/360/323 871/362/323 935/362/323 933/360/323
f 895/386/336 897/388/336 961/388/336 959/386/336
f 804/357/415 802/355/415 866/355/415 868/357/415
f 855/410/416 793/412/416 857/412/416 919/410/416
f 829/384/417 831/386/417 895/386/417 893/384/417
f 803/358/418 805/360/418 869/360/418 867/358/418
f 796/411/419 856/409/419 920/409/419 860/411/419
f 832/385/420 830/383/420 894/383/420 896/385/420
f 806/359/421 804/357/421 868/357/421 870/359/421
f 831/386/422 833/388/422 897/388/422 895/386/422
f 805/360/423 807/362/423 871/362/423 869/360/423
f 834/387/424 832/385/424 896/385/424 898/387/424
f 808/361/425 806/359/425 870/359/425 872/361/425
f 833/388/426 835/390/426 899/390/426 897/388/426
f 807/362/427 809/364/427 873/364/427 871/362/427
f 836/389/428 834/387/428 898/387/428 900/389/428
f 810/363/429 808/361/429 872/361/429 874/363/429
f 835/390/430 837/392/430 901/392/430 899/390/430
f 809/364/431 811/366/431 875/366/431 873/364/431
f 838/391/432 836/389/432 900/389/432 902/391/432
f 812/365/433 810/363/433 874/363/433 876/365/433
f 837/392/434 839/394/434 903/394/434 901/392/434
f 811/366/435 813/368/435 877/368/435 875/366/435
f 840/393/436 838/391/436 902/391/436 904/393/436
f 814/367/437 812/365/437 876/365/437 878/367/437
f 839/394/438 841/396/438 905/396/438 903/394/438
f 813/368/439 815/370/439 879/370/439 877/368/439
f 842/395/440 840/393/440 904/393/440 906/395/440
f 816/369/441 814/367/441 878/367/441 880/369/441
f 841/396/442 843/398/442 907/398/442 905/396/442
f 815/370/443 817/372/443 881/372/443 879/370/443
f 844/397/444 842/395/444 906/395/444 908/397/444
f 818/371/445 816/369/445 880/369/445 882/371/445
f 843/398/446 845/400/446 909/400/446 907/398/446
f 817/372/447 819/374/447 883/374/447 881/372/447
f 846/399/448 844/397/448 908/397/448 910/399/448
f 820/373/449 818/371/449 882/371/449 884/373/449
f 845/400/450 847/402/450 911/402/450 909/400/450
f 819/374/451 821/376/451 885/376/451 883/374/451
f 793/347/452 794/350/452 858/350/452 857/347/452
f 848/401/453 846/399/453 910/399/453 912/401/453
f 822/375/454 820/373/454 884/373/454 886/375/454
f 795/349/455 796/348/455 860/348/455 859/349/455
f 847/402/456 849/404/456 913/404/456 911/402/456
f 821/376/457 823/378/457 887/378/457 885/376/457
f 794/350/458 797/352/458 861/352/458 858/350/458
f 850/403/459 848/401/459 912/401/459 914/403/459
f 824/377/460 822/375/460 886/375/460 888/377/460
f 798/351/461 795/349/461 859/349/461 862/351/461
f 849/404/462 851/406/462 915/406/462 913/404/462
f 823/378/463 825/380/463 889/380/463 887/378/463
f 797/352/464 799/354/464 863/354/464 861/352/464
f 852/405/465 850/403/465 914/403/465 916/405/465
f 826/379/466 824/377/466 888/377/466 890/379/466
f 800/353/467 798/351/467 862/351/467 864/353/467
f 851/406/468 853/408/468 917/408/468 915/406/468
f 825/380/469 827/382/469 891/382/469 889/380/469
f 799/354/470 801/356/470 865/356/470 863/354/470
f 854/407/471 852/405/471 916/405/471 918/407/471
f 828/381/472 826/379/472 890/379/472 892/381/472
f 802/355/473 800/353/473 864/353/473 866/355/473
f 853/408/474 855/410/474 919/410/474 917/408/474
f 827/382/475 829/384/475 893/384/475 891/382/475
f 801/356/476 803/358/476 867/358/476 865/356/476
f 938/363/477 936/361/477 1064/361/477 1066/363/477
f 964/389/478 962/387/478 1090/387/478 1092/389/478
f 898/387/336 896/385/336 960/385/336 962/387/336
f 872/361/323 870/359/323 934/359/323 936/361/323
f 897/388/337 899/390/337 963/390/337 961/388/337
f 871/362/324 873/364/324 937/364/324 935/362/324
f 900/389/337 898/387/337 962/387/337 964/389/337
f 874/363/324 872/361/324 936/361/324 938/363/324
f 899/390/338 901/392/338 965/392/338 963/390/338
f 873/364/325 875/366/325 939/366/325 937/364/325
f 902/391/338 900/389/338 964/389/338 966/391/338
f 876/365/325 874/363/325 938/363/325 940/365/325
f 901/392/339 903/394/339 967/394/339 965/392/339
f 875/366/326 877/368/326 941/368/326 939/366/326
f 904/393/339 902/391/339 966/391/339 968/393/339
f 878/367/326 876/365/326 940/365/326 942/367/326
f 903/394/340 905/396/340 969/396/340 967/394/340
f 877/368/327 879/370/327 943/370/327 941/368/327
f 906/395/340 904/393/340 968/393/340 970/395/340
f 880/369/327 878/367/327 942/367/327 944/369/327
f 905/396/341 907/398/341 971/398/341 969/396/341
f 879/370/328 881/372/328 945/372/328 943/370/328
f 908/397/341 906/395/341 970/395/341 972/397/341
f 882/371/328 880/369/328 944/369/328 946/371/328
f 907/398/342 909/400/342 973/400/342 971/398/342
f 881/372/329 883/374/329 947/374/329 945/372/329
f 910/399/342 908/397/342 972/397/342 974/399/342
f 884/373/329 882/371/329 946/371/329 948/373/329
f 909/400/343 911/402/343 975/402/343 973/400/343
f 883/374/330 885/376/330 949/376/330 947/374/330
f 857/347/317 858/350/317 922/350/317 921/347/317
f 912/401/343 910/399/343 974/399/343 976/401/343
f 886/375/330 884/373/330 948/373/330 950/375/330
f 859/349/317 860/348/317 924/348/317 923/349/317
f 911/402/344 913/404/344 977/404/344 975/402/344
f 885/376/331 887/378/331 951/378/331 949/376/331
f 858/350/318 861/352/318 925/352/318 922/350/318
f 914/403/344 912/401/344 976/401/344 978/403/344
f 888/377/331 886/375/331 950/375/331 952/377/331
f 862/351/318 859/349/318 923/349/318 926/351/318
f 913/404/345 915/406/345 979/406/345 977/404/345
f 887/378/332 889/380/332 953/380/332 951/378/332
f 861/352/319 863/354/319 927/354/319 925/352/319
f 916/405/345 914/403/345 978/403/345 980/405/345
f 890/379/332 888/377/332 952/377/332 954/379/332
f 864/353/319 862/351/319 926/351/319 928/353/319
f 915/406/346 917/408/346 981/408/346 979/406/346
f 889/380/333 891/382/333 955/382/333 953/380/333
f 863/354/320 865/356/320 929/356/320 927/354/320
f 918/407/346 916/405/346 980/405/346 982/407/346
f 892/381/333 890/379/333 954/379/333 956/381/333
f 866/355/320 864/353/320 928/353/320 930/355/320
f 917/408/348 919/410/348 983/410/348 981/408/348
f 891/382/334 893/384/334 957/384/334 955/382/334
f 865/356/321 867/358/321 931/358/321 929/356/321
f 920/409/348 918/407/348 982/407/348 984/409/348
f 894/383/334 892/381/334 956/381/334 958/383/334
f 868/357/321 866/355/321 930/355/321 932/357/321
f 919/410/349 857/412/349 921/412/349 983/410/349
f 893/384/335 895/386/335 959/386/335 957/384/335
f 867/358/322 869/360/322 933/360/322 931/358/322
f 860/411/349 920/409/349 984/409/349 924/411/349
f 896/385/335 894/383/335 958/383/335 960/385/335
f 870/359/322 868/357/322 932/357/322 934/359/322
f 963/390/481 965/392/481 1093/392/481 1091/390/481
f 937/364/482 939/366/482 1067/366/482 1065/364/482
f 966/391/483 964/389/483 1092/389/483 1094/391/483
f 940/365/484 938/363/484 1066/363/484 1068/365/484
f 965/392/485 967/394/485 1095/394/485 1093/392/485
f 939/366/486 941/368/486 1069/368/486 1067/366/486
f 968/393/487 966/391/487 1094/391/487 1096/393/487
f 942/367/488 940/365/488 1068/365/488 1070/367/488
f 967/394/489 969/396/489 1097/396/489 1095/394/489
f 941/368/490 943/370/490 1071/370/490 1069/368/490
f 970/395/491 968/393/491 1096/393/491 1098/395/491
f 944/369/492 942/367/492 1070/367/492 1072/369/492
f 969/396/493 971/398/493 1099/398/493 1097/396/493
f 943/370/494 945/372/494 1073/372/494 1071/370/494
f 972/397/495 970/395/495 1098/395/495 1100/397/495
f 946/371/496 944/369/496 1072/369/496 1074/371/496
f 971/398/497 973/400/497 1101/400/497 1099/398/497
f 945/372/498 947/374/498 1075/374/498 1073/372/498
f 974/399/499 972/397/499 1100/397/499 1102/399/499
f 948/373/500 946/371/500 1074/371/500 1076/373/500
f 973/400/501 975/402/501 1103/402/501 1101/400/501
f 947/374/502 949/376/502 1077/376/502 1075/374/502
f 921/347/503 922/350/503 1050/350/503 1049/347/503
f 976/401/504 974/399/504 1102/399/504 1104/401/504
f 950/375/505 948/373/505 1076/373/505 1078/375/505
f 923/349/506 924/348/506 1052/348/506 1051/349/506
f 975/402/507 977/404/507 1105/404/507 1103/402/507
f 949/376/508 951/378/508 1079/378/508 1077/376/508
f 922/350/509 925/352/509 1053/352/509 1050/350/509
f 978/403/510 976/401/510 1104/401/510 1106/403/510
f 952/377/511 950/375/511 1078/375/511 1080/377/511
f 926/351/512 923/349/512 1051/349/512 1054/351/512
f 977/404/513 979/406/513 1107/406/513 1105/404/513
f 951/378/514 953/380/514 1081/380/514 1079/378/514
f 925/352/515 927/354/515 1055/354/515 1053/352/515
f 980/405/516 978/403/516 1106/403/516 1108/405/516
f 954/379/517 952/377/517 1080/377/517 1082/379/517
f 928/353/518 926/351/518 1054/351/518 1056/353/518
f 979/406/519 981/408/519 1109/408/519 1107/406/519
f 953/380/520 955/382/520 1083/382/520 1081/380/520
f 927/354/521 929/356/521 1057/356/521 1055/354/521
f 982/407/522 980/405/522 1108/405/522 1110/407/522
f 956/381/523 954/379/523 1082/379/523 1084/381/523
f 930/355/524 928/353/524 1056/353/524 1058/355/524
f 981/408/525 983/410/525 1111/410/525 1109/408/525
f 955/382/526 957/384/526 1085/384/526 1083/382/526
f 929/356/527 931/358/527 1059/358/527 1057/356/527
f 984/409/528 982/407/528 1110/407/528 1112/409/528
f 958/383/529 956/381/529 1084/381/529 1086/383/529
f 932/357/530 930/355/530 1058/355/530 1060/357/530
f 983/410/531 921/412/531 1049/412/531 1111/410/531
f 957/384/532 959/386/532 1087/386/532 1085/384/532
f 931/358/533 933/360/533 1061/360/533 1059/358/533
f 924/411/534 984/409/534 1112/409/534 1052/411/534
f 960/385/535 958/383/535 1086/383/535 1088/385/535
f 934/359/536 932/357/536 1060/357/536 1062/359/536
f 959/386/537 961/388/537 1089/388/537 1087/386/537
f 933/360/538 935/362/538 1063/362/538 1061/360/538
f 962/387/539 960/385/539 1088/385/539 1090/387/539
f 936/361/540 934/359/540 1062/359/540 1064/361/540
f 961/388/541 963/390/541 1091/390/541 1089/388/541
f 935/362/542 937/364/542 1065/364/542 1063/362/542
f 986/417/543 985/418/543 1049/419/543 1050/420/543
f 988/421/544 987/422/544 1051/423/544 1052/424/544
f 989/425/543 986/417/543 1050/420/543 1053/426/543
f 987/422/544 990/427/544 1054/428/544 1051/423/544
f 991/429/543 989/425/543 1053/426/543 1055/430/543
f 990/427/544 992/431/544 1056/432/544 1054/428/544
f 993/433/543 991/429/543 1055/430/543 1057/434/543
f 992/431/544 994/435/544 1058/436/544 1056/432/544
f 995/437/543 993/433/543 1057/434/543 1059/438/543
f 994/435/544 996/439/544 1060/440/544 1058/436/544
f 997/441/543 995/437/543 1059/438/543 1061/442/543
f 996/439/544 998/443/544 1062/444/544 1060/440/544
f 999/445/543 997/441/543 1061/442/543 1063/446/543
f 998/443/544 1000/447/544 1064/448/544 1062/444/544
f 1001/449/543 999/445/543 1063/446/543 1065/450/543
f 1000/447/544 1002/414/544 1066/451/544 1064/448/544
f 1003/452/543 1001/449/543 1065/450/543 1067/453/543
f 1002/414/544 1004/413/544 1068/454/544 1066/451/544
f 1005/455/543 1003/452/543 1067/453/543 1069/456/543
f 1004/413/544 1006/457/544 1070/458/544 1068/454/544
f 1007/459/543 1005/455/543 1069/456/543 1071/460/543
f 1006/457/544 1008/461/544 1072/462/544 1070/458/544
f 1009/463/543 1007/459/543 1071/460/543 1073/464/543
f 1008/461/544 1010/465/544 1074/466/544 1072/462/544
f 1011/467/543 1009/463/543 1073/464/543 1075/468/543
f 1010/465/544 1012/469/544 1076/470/544 1074/466/544
f 1013/471/543 1011/467/543 1075/468/543 1077/472/543
f 1012/469/544 1014/473/544 1078/474/544 1076/470/544
f 1015/475/543 1013/471/543 1077/472/543 1079/476/543
f 1014/473/544 1016/477/544 1080/478/544 1078/474/544
f 1017/479/543 1015/475/543 1079/476/543 1081/480/543
f 1016/477/544 1018/481/544 1082/482/544 1080/478/544
f 1019/483/543 1017/479/543 1081/480/543 1083/484/543
f 1018/481/544 1020/485/544 1084/486/544 1082/482/544
f 1021/487/543 1019/483/543 1083/484/543 1085/488/543
f 1020/485/544 1022/489/544 1086/490/544 1084/486/544
f 1023/491/543 1021/487/543 1085/488/543 1087/492/543
f 1022/489/544 1024/493/544 1088/494/544 1086/490/544
f 1025/495/543 1023/491/543 1087/492/543 1089/496/543
f 1024/493/544 1026/497/544 1090/498/544 1088/494/544
f 1027/499/543 1025/495/543 1089/496/543 1091/500/543
f 1026/497/544 1028/416/544 1092/501/544 1090/498/544
f 1029/502/543 1027/499/543 1091/500/543 1093/503/543
f 1028/416/544 1030/415/544 1094/504/544 1092/501/544
f 1031/505/543 1029/502/543 1093/503/543 1095/506/543
f 1030/415/544 1032/507/544 1096/508/544 1094/504/544
f 1033/509/543 1031/505/543 1095/506/543 1097/510/543
f 1032/507/544 1034/511/544 1098/512/544 1096/508/544
f 1035/513/543 1033/509/543 1097/510/543 1099/514/543
f 1034/511/544 1036/515/544 1100/516/544 1098/512/544
f 1037/517/543 1035/513/543 1099/514/543 1101/518/543
f 1036/515/544 1038/519/544 1102/520/544 1100/516/544
f 1039/521/543 1037/517/543 1101/518/543 1103/522/543
f 1038/519/544 1040/523/544 1104/524/544 1102/520/544
f 1041/525/543 1039/521/543 1103/522/543 1105/526/543
f 1040/523/544 1042/527/544 1106/528/544 1104/524/544
f 1043/529/543 1041/525/543 1105/526/543 1107/530/543
f 1042/527/544 1044/531/544 1108/532/544 1106/528/544
f 1045/533/543 1043/529/543 1107/530/543 1109/534/543
f 1044/531/544 1046/535/544 1110/536/544 1108/532/544
f 1047/537/543 1045/533/543 1109/534/543 1111/538/543
f 1046/535/544 1048/539/544 1112/540/544 1110/536/544
f 985/418/543 1047/537/543 1111/538/543 1049/419/543
f 1048/539/544 988/421/544 1052/424/544 1112/540/544
o SM_Fuse_Box_Fuse.002
v 0.015758 -0.159139 -0.265768
v 0.015758 0.159139 -0.265768
v 0.028588 -0.159139 -0.264504
v 0.028588 0.159139 -0.264504
v 0.040926 -0.159139 -0.260761
v 0.040926 0.159139 -0.260761
v 0.052296 -0.159139 -0.254684
v 0.052296 0.159139 -0.254684
v 0.062262 -0.159139 -0.246505
v 0.062262 0.159139 -0.246505
v 0.070442 -0.159139 -0.236538
v 0.070442 0.159139 -0.236538
v 0.076519 -0.159139 -0.225168
v 0.076519 0.159139 -0.225168
v 0.080262 -0.159139 -0.212830
v 0.080262 0.159139 -0.212830
v 0.081525 -0.159139 -0.200000
v 0.081525 0.159139 -0.200000
v 0.080262 -0.159139 -0.187169
v 0.080262 0.159139 -0.187169
v 0.076519 -0.159139 -0.174832
v 0.076519 0.159139 -0.174832
v 0.070442 -0.159139 -0.163461
v 0.070442 0.159139 -0.163461
v 0.062262 -0.159139 -0.153495
v 0.062262 0.159139 -0.153495
v 0.052296 -0.159139 -0.145316
v 0.052296 0.159139 -0.145316
v 0.040926 -0.159139 -0.139238
v 0.040926 0.159139 -0.139238
v 0.028588 -0.159139 -0.135496
v 0.028588 0.159139 -0.135496
v 0.015758 -0.159139 -0.134232
v 0.015758 0.159139 -0.134232
v 0.002927 -0.159139 -0.135496
v 0.002927 0.159139 -0.135496
v -0.009411 -0.159139 -0.139238
v -0.009411 0.159139 -0.139238
v -0.020781 -0.159139 -0.145316
v -0.020781 0.159139 -0.145316
v -0.030747 -0.159139 -0.153495
v -0.030747 0.159139 -0.153495
v -0.038926 -0.159139 -0.163461
v -0.038926 0.159139 -0.163461
v -0.045004 -0.159139 -0.174832
v -0.045004 0.159139 -0.174832
v -0.048747 -0.159139 -0.187169
v -0.048747 0.159139 -0.187169
v -0.050010 -0.159139 -0.200000
v -0.050010 0.159139 -0.200000
v -0.048747 -0.159139 -0.212830
v -0.048747 0.159139 -0.212830
v -0.045004 -0.159139 -0.225168
v -0.045004 0.159139 -0.225168
v -0.038926 -0.159139 -0.236538
v -0.038926 0.159139 -0.236538
v -0.030747 -0.159139 -0.246505
v -0.030747 0.159139 -0.246505
v -0.020781 -0.159139 -0.254684
v -0.020781 0.159139 -0.254684
v -0.009411 -0.159139 -0.260761
v -0.009411 0.159139 -0.260761
v 0.002927 -0.159139 -0.264504
v 0.002927 0.159139 -0.264504
v 0.015758 -0.163768 -0.277627
v 0.030902 -0.163768 -0.276136
v 0.030902 0.163768 -0.276136
v 0.015758 0.163768 -0.277627
v 0.045464 -0.163768 -0.271718
v 0.045464 0.163768 -0.271718
v 0.058885 -0.163768 -0.264545
v 0.058885 0.163768 -0.264545
v 0.070648 -0.163768 -0.254891
v 0.070648 0.163768 -0.254891
v 0.080302 -0.163768 -0.243127
v 0.080302 0.163768 -0.243127
v 0.087476 -0.163768 -0.229707
v 0.087476 0.163768 -0.229707
v 0.091893 -0.163768 -0.215144
v 0.091893 0.163768 -0.215144
v 0.093385 -0.163768 -0.200000
v 0.093385 0.163768 -0.200000
v 0.091893 -0.163768 -0.184855
v 0.091893 0.163768 -0.184855
v 0.087476 -0.163768 -0.170293
v 0.087476 0.163768 -0.170293
v 0.080302 -0.163768 -0.156872
v 0.080302 0.163768 -0.156872
v 0.070648 -0.163768 -0.145109
v 0.070648 0.163768 -0.145109
v 0.058885 -0.163768 -0.135455
v 0.058885 0.163768 -0.135455
v 0.045464 -0.163768 -0.128281
v 0.045464 0.163768 -0.128281
v 0.030902 -0.163768 -0.123864
v 0.030902 0.163768 -0.123864
v 0.015758 -0.163768 -0.122372
v 0.015758 0.163768 -0.122372
v 0.000613 -0.163768 -0.123864
v 0.000613 0.163768 -0.123864
v -0.013949 -0.163768 -0.128281
v -0.013949 0.163768 -0.128281
v -0.027370 -0.163768 -0.135455
v -0.027370 0.163768 -0.135455
v -0.039133 -0.163768 -0.145109
v -0.039133 0.163768 -0.145109
v -0.048787 -0.163768 -0.156872
v -0.048787 0.163768 -0.156872
v -0.055961 -0.163768 -0.170293
v -0.055961 0.163768 -0.170293
v -0.060378 -0.163768 -0.184855
v -0.060378 0.163768 -0.184855
v -0.061870 -0.163768 -0.200000
v -0.061870 0.163768 -0.200000
v -0.060378 -0.163768 -0.215144
v -0.060378 0.163768 -0.215144
v -0.055961 -0.163768 -0.229707
v -0.055961 0.163768 -0.229707
v -0.048787 -0.163768 -0.243127
v -0.048787 0.163768 -0.243127
v -0.039133 -0.163768 -0.254891
v -0.039133 0.163768 -0.254891
v -0.027370 -0.163768 -0.264545
v -0.027370 0.163768 -0.264545
v -0.013949 -0.163768 -0.271718
v -0.013949 0.163768 -0.271718
v 0.000613 -0.163768 -0.276136
v 0.000613 0.163768 -0.276136
v 0.015758 -0.199825 -0.277627
v 0.030902 -0.199825 -0.276136
v 0.030902 0.199825 -0.276136
v 0.015758 0.199825 -0.277627
v 0.045464 -0.199825 -0.271718
v 0.045464 0.199825 -0.271718
v 0.058885 -0.199825 -0.264545
v 0.058885 0.199825 -0.264545
v 0.070648 -0.199825 -0.254891
v 0.070648 0.199825 -0.254891
v 0.080302 -0.199825 -0.243127
v 0.080302 0.199825 -0.243127
v 0.087476 -0.199825 -0.229707
v 0.087476 0.199825 -0.229707
v 0.091893 -0.199825 -0.215144
v 0.091893 0.199825 -0.215144
v 0.093385 -0.199825 -0.200000
v 0.093385 0.199825 -0.200000
v 0.091893 -0.199825 -0.184855
v 0.091893 0.199825 -0.184855
v 0.087476 -0.199825 -0.170293
v 0.087476 0.199825 -0.170293
v 0.080302 -0.199825 -0.156872
v 0.080302 0.199825 -0.156872
v 0.070648 -0.199825 -0.145109
v 0.070648 0.199825 -0.145109
v 0.058885 -0.199825 -0.135455
v 0.058885 0.199825 -0.135455
v 0.045464 -0.199825 -0.128281
v 0.045464 0.199825 -0.128281
v 0.030902 -0.199825 -0.123864
v 0.030902 0.199825 -0.123864
v 0.015758 -0.199825 -0.122372
v 0.015758 0.199825 -0.122372
v 0.000613 -0.199825 -0.123864
v 0.000613 0.199825 -0.123864
v -0.013949 -0.199825 -0.128281
v -0.013949 0.199825 -0.128281
v -0.027370 -0.199825 -0.135455
v -0.027370 0.199825 -0.135455
v -0.039133 -0.199825 -0.145109
v -0.039133 0.199825 -0.145109
v -0.048787 -0.199825 -0.156872
v -0.048787 0.199825 -0.156872
v -0.055961 -0.199825 -0.170293
v -0.055961 0.199825 -0.170293
v -0.060378 -0.199825 -0.184855
v -0.060378 0.199825 -0.184855
v -0.061870 -0.199825 -0.200000
v -0.061870 0.199825 -0.200000
v -0.060378 -0.199825 -0.215144
v -0.060378 0.199825 -0.215144
v -0.055961 -0.199825 -0.229707
v -0.055961 0.199825 -0.229707
v -0.048787 -0.199825 -0.243127
v -0.048787 0.199825 -0.243127
v -0.039133 -0.199825 -0.254891
v -0.039133 0.199825 -0.254891
v -0.027370 -0.199825 -0.264545
v -0.027370 0.199825 -0.264545
v -0.013949 -0.199825 -0.271718
v -0.013949 0.199825 -0.271718
v 0.000613 -0.199825 -0.276136
v 0.000613 0.199825 -0.276136
v 0.015758 -0.209609 -0.285108
v 0.032361 -0.209609 -0.283473
v 0.032361 0.209609 -0.283473
v 0.015758 0.209609 -0.285108
v 0.048327 -0.209609 -0.278630
v 0.048327 0.209609 -0.278630
v 0.063041 -0.209609 -0.270765
v 0.063041 0.209609 -0.270765
v 0.075938 -0.209609 -0.260181
v 0.075938 0.209609 -0.260181
v 0.086523 -0.209609 -0.247283
v 0.086523 0.209609 -0.247283
v 0.094387 -0.209609 -0.232569
v 0.094387 0.209609 -0.232569
v 0.099231 -0.209609 -0.216604
v 0.099231 0.209609 -0.216604
v 0.100866 -0.209609 -0.200000
v 0.100866 0.209609 -0.200000
v 0.099231 -0.209609 -0.183396
v 0.099231 0.209609 -0.183396
v 0.094387 -0.209609 -0.167430
v 0.094387 0.209609 -0.167430
v 0.086523 -0.209609 -0.152716
v 0.086523 0.209609 -0.152716
v 0.075938 -0.209609 -0.139819
v 0.075938 0.209609 -0.139819
v 0.063041 -0.209609 -0.129235
v 0.063041 0.209609 -0.129235
v 0.048327 -0.209609 -0.121370
v 0.048327 0.209609 -0.121370
v 0.032361 -0.209609 -0.116527
v 0.032361 0.209609 -0.116527
v 0.015758 -0.209609 -0.114891
v 0.015758 0.209609 -0.114891
v -0.000846 -0.209609 -0.116527
v -0.000846 0.209609 -0.116527
v -0.016812 -0.209609 -0.121370
v -0.016812 0.209609 -0.121370
v -0.031526 -0.209609 -0.129235
v -0.031526 0.209609 -0.129235
v -0.044423 -0.209609 -0.139819
v -0.044423 0.209609 -0.139819
v -0.055007 -0.209609 -0.152716
v -0.055007 0.209609 -0.152716
v -0.062872 -0.209609 -0.167430
v -0.062872 0.209609 -0.167430
v -0.067715 -0.209609 -0.183396
v -0.067715 0.209609 -0.183396
v -0.069351 -0.209609 -0.200000
v -0.069351 0.209609 -0.200000
v -0.067715 -0.209609 -0.216604
v -0.067715 0.209609 -0.216604
v -0.062872 -0.209609 -0.232569
v -0.062872 0.209609 -0.232569
v -0.055007 -0.209609 -0.247283
v -0.055007 0.209609 -0.247283
v -0.044423 -0.209609 -0.260181
v -0.044423 0.209609 -0.260181
v -0.031526 -0.209609 -0.270765
v -0.031526 0.209609 -0.270765
v -0.016812 -0.209609 -0.278630
v -0.016812 0.209609 -0.278630
v -0.000846 -0.209609 -0.283473
v -0.000846 0.209609 -0.283473
v 0.015758 -0.288411 -0.285108
v 0.032361 -0.288411 -0.283473
v 0.032361 0.288411 -0.283473
v 0.015758 0.288411 -0.285108
v 0.048327 -0.288411 -0.278630
v 0.048327 0.288411 -0.278630
v 0.063041 -0.288411 -0.270765
v 0.063041 0.288411 -0.270765
v 0.075938 -0.288411 -0.260181
v 0.075938 0.288411 -0.260181
v 0.086523 -0.288411 -0.247283
v 0.086523 0.288411 -0.247283
v 0.094387 -0.288411 -0.232569
v 0.094387 0.288411 -0.232569
v 0.099231 -0.288411 -0.216604
v 0.099231 0.288411 -0.216604
v 0.100866 -0.288411 -0.200000
v 0.100866 0.288411 -0.200000
v 0.099231 -0.288411 -0.183396
v 0.099231 0.288411 -0.183396
v 0.094387 -0.288411 -0.167430
v 0.094387 0.288411 -0.167430
v 0.086523 -0.288411 -0.152716
v 0.086523 0.288411 -0.152716
v 0.075938 -0.288411 -0.139819
v 0.075938 0.288411 -0.139819
v 0.063041 -0.288411 -0.129235
v 0.063041 0.288411 -0.129235
v 0.048327 -0.288411 -0.121370
v 0.048327 0.288411 -0.121370
v 0.032361 -0.288411 -0.116527
v 0.032361 0.288411 -0.116527
v 0.015758 -0.288411 -0.114891
v 0.015758 0.288411 -0.114891
v -0.000846 -0.288411 -0.116527
v -0.000846 0.288411 -0.116527
v -0.016812 -0.288411 -0.121370
v -0.016812 0.288411 -0.121370
v -0.031526 -0.288411 -0.129235
v -0.031526 0.288411 -0.129235
v -0.044423 -0.288411 -0.139819
v -0.044423 0.288411 -0.139819
v -0.055007 -0.288411 -0.152716
v -0.055007 0.288411 -0.152716
v -0.062872 -0.288411 -0.167430
v -0.062872 0.288411 -0.167430
v -0.067715 -0.288411 -0.183396
v -0.067715 0.288411 -0.183396
v -0.069351 -0.288411 -0.200000
v -0.069351 0.288411 -0.200000
v -0.067715 -0.288411 -0.216604
v -0.067715 0.288411 -0.216604
v -0.062872 -0.288411 -0.232569
v -0.062872 0.288411 -0.232569
v -0.055007 -0.288411 -0.247283
v -0.055007 0.288411 -0.247283
v -0.044423 -0.288411 -0.260181
v -0.044423 0.288411 -0.260181
v -0.031526 -0.288411 -0.270765
v -0.031526 0.288411 -0.270765
v -0.016812 -0.288411 -0.278630
v -0.016812 0.288411 -0.278630
v -0.000846 -0.288411 -0.283473
v -0.000846 0.288411 -0.283473
v 0.015758 -0.306616 -0.226291
v 0.020887 -0.306616 -0.225785
v 0.020887 0.306616 -0.225785
v 0.015758 0.306616 -0.226291
v 0.025819 -0.306616 -0.224289
v 0.025819 0.306616 -0.224289
v 0.030364 -0.306616 -0.221860
v 0.030364 0.306616 -0.221860
v 0.034348 -0.306616 -0.218590
v 0.034348 0.306616 -0.218590
v 0.037618 -0.306616 -0.214606
v 0.037618 0.306616 -0.214606
v 0.040047 -0.306616 -0.210061
v 0.040047 0.306616 -0.210061
v 0.041543 -0.306616 -0.205129
v 0.041543 0.306616 -0.205129
v 0.042048 -0.306616 -0.200000
v 0.042048 0.306616 -0.200000
v 0.041543 -0.306616 -0.194871
v 0.041543 0.306616 -0.194871
v 0.040047 -0.306616 -0.189939
v 0.040047 0.306616 -0.189939
v 0.037618 -0.306616 -0.185393
v 0.037618 0.306616 -0.185393
v 0.034348 -0.306616 -0.181409
v 0.034348 0.306616 -0.181409
v 0.030364 -0.306616 -0.178140
v 0.030364 0.306616 -0.178140
v 0.025819 -0.306616 -0.175710
v 0.025819 0.306616 -0.175710
v 0.020887 -0.306616 -0.174214
v 0.020887 0.306616 -0.174214
v 0.015758 -0.306616 -0.173709
v 0.015758 0.306616 -0.173709
v 0.010628 -0.306616 -0.174214
v 0.010628 0.306616 -0.174214
v 0.005697 -0.306616 -0.175710
v 0.005697 0.306616 -0.175710
v 0.001151 -0.306616 -0.178140
v 0.001151 0.306616 -0.178140
v -0.002833 -0.306616 -0.181409
v -0.002833 0.306616 -0.181409
v -0.006102 -0.306616 -0.185393
v -0.006102 0.306616 -0.185393
v -0.008532 -0.306616 -0.189939
v -0.008532 0.306616 -0.189939
v -0.010028 -0.306616 -0.194871
v -0.010028 0.306616 -0.194871
v -0.010533 -0.306616 -0.200000
v -0.010533 0.306616 -0.200000
v -0.010028 -0.306616 -0.205129
v -0.010028 0.306616 -0.205129
v -0.008532 -0.306616 -0.210061
v -0.008532 0.306616 -0.210061
v -0.006102 -0.306616 -0.214606
v -0.006102 0.306616 -0.214606
v -0.002833 -0.306616 -0.218590
v -0.002833 0.306616 -0.218590
v 0.001151 -0.306616 -0.221860
v 0.001151 0.306616 -0.221860
v 0.005697 -0.306616 -0.224289
v 0.005697 0.306616 -0.224289
v 0.010628 -0.306616 -0.225785
v 0.010628 0.306616 -0.225785
v 0.015758 -0.306616 -0.257586
v 0.026992 -0.306616 -0.256479
v 0.026992 0.306616 -0.256479
v 0.015758 0.306616 -0.257586
v 0.037795 -0.306616 -0.253202
v 0.037795 0.306616 -0.253202
v 0.047751 -0.306616 -0.247881
v 0.047751 0.306616 -0.247881
v 0.056477 -0.306616 -0.240719
v 0.056477 0.306616 -0.240719
v 0.063639 -0.306616 -0.231993
v 0.063639 0.306616 -0.231993
v 0.068960 -0.306616 -0.222037
v 0.068960 0.306616 -0.222037
v 0.072237 -0.306616 -0.211234
v 0.072237 0.306616 -0.211234
v 0.073344 -0.306616 -0.200000
v 0.073344 0.306616 -0.200000
v 0.072237 -0.306616 -0.188765
v 0.072237 0.306616 -0.188765
v 0.068960 -0.306616 -0.177963
v 0.068960 0.306616 -0.177963
v 0.063639 -0.306616 -0.168007
v 0.063639 0.306616 -0.168007
v 0.056477 -0.306616 -0.159280
v 0.056477 0.306616 -0.159280
v 0.047751 -0.306616 -0.152119
v 0.047751 0.306616 -0.152119
v 0.037795 -0.306616 -0.146797
v 0.037795 0.306616 -0.146797
v 0.026992 -0.306616 -0.143520
v 0.026992 0.306616 -0.143520
v 0.015758 -0.306616 -0.142414
v 0.015758 0.306616 -0.142414
v 0.004523 -0.306616 -0.143520
v 0.004523 0.306616 -0.143520
v -0.006280 -0.306616 -0.146797
v -0.006280 0.306616 -0.146797
v -0.016236 -0.306616 -0.152119
v -0.016236 0.306616 -0.152119
v -0.024962 -0.306616 -0.159280
v -0.024962 0.306616 -0.159280
v -0.032124 -0.306616 -0.168007
v -0.032124 0.306616 -0.168007
v -0.037445 -0.306616 -0.177963
v -0.037445 0.306616 -0.177963
v -0.040722 -0.306616 -0.188765
v -0.040722 0.306616 -0.188765
v -0.041829 -0.306616 -0.200000
v -0.041829 0.306616 -0.200000
v -0.040722 -0.306616 -0.211234
v -0.040722 0.306616 -0.211234
v -0.037445 -0.306616 -0.222037
v -0.037445 0.306616 -0.222037
v -0.032124 -0.306616 -0.231993
v -0.032124 0.306616 -0.231993
v -0.024962 -0.306616 -0.240719
v -0.024962 0.306616 -0.240719
v -0.016236 -0.306616 -0.247881
v -0.016236 0.306616 -0.247881
v -0.006280 -0.306616 -0.253202
v -0.006280 0.306616 -0.253202
v 0.004523 -0.306616 -0.256479
v 0.004523 0.306616 -0.256479
v 0.015758 -0.314672 -0.220968
v 0.019848 -0.314672 -0.220565
v 0.019848 0.314672 -0.220565
v 0.015758 0.314672 -0.220968
v 0.023782 -0.314672 -0.219372
v 0.023782 0.314672 -0.219372
v 0.027407 -0.314672 -0.217434
v 0.027407 0.314672 -0.217434
v 0.030584 -0.314672 -0.214826
v 0.030584 0.314672 -0.214826
v 0.033192 -0.314672 -0.211649
v 0.033192 0.314672 -0.211649
v 0.035130 -0.314672 -0.208024
v 0.035130 0.314672 -0.208024
v 0.036323 -0.314672 -0.204090
v 0.036323 0.314672 -0.204090
v 0.036726 -0.314672 -0.200000
v 0.036726 0.314672 -0.200000
v 0.036323 -0.314672 -0.195909
v 0.036323 0.314672 -0.195909
v 0.035130 -0.314672 -0.191976
v 0.035130 0.314672 -0.191976
v 0.033192 -0.314672 -0.188351
v 0.033192 0.314672 -0.188351
v 0.030584 -0.314672 -0.185173
v 0.030584 0.314672 -0.185173
v 0.027407 -0.314672 -0.182566
v 0.027407 0.314672 -0.182566
v 0.023782 -0.314672 -0.180628
v 0.023782 0.314672 -0.180628
v 0.019848 -0.314672 -0.179435
v 0.019848 0.314672 -0.179435
v 0.015758 -0.314672 -0.179032
v 0.015758 0.314672 -0.179032
v 0.011667 -0.314672 -0.179435
v 0.011667 0.314672 -0.179435
v 0.007733 -0.314672 -0.180628
v 0.007733 0.314672 -0.180628
v 0.004108 -0.314672 -0.182566
v 0.004108 0.314672 -0.182566
v 0.000931 -0.314672 -0.185173
v 0.000931 0.314672 -0.185173
v -0.001677 -0.314672 -0.188351
v -0.001677 0.314672 -0.188351
v -0.003614 -0.314672 -0.191976
v -0.003614 0.314672 -0.191976
v -0.004808 -0.314672 -0.195909
v -0.004808 0.314672 -0.195909
v -0.005210 -0.314672 -0.200000
v -0.005210 0.314672 -0.200000
v -0.004808 -0.314672 -0.204090
v -0.004808 0.314672 -0.204090
v -0.003614 -0.314672 -0.208024
v -0.003614 0.314672 -0.208024
v -0.001677 -0.314672 -0.211649
v -0.001677 0.314672 -0.211649
v 0.000931 -0.314672 -0.214826
v 0.000931 0.314672 -0.214826
v 0.004108 -0.314672 -0.217434
v 0.004108 0.314672 -0.217434
v 0.007733 -0.314672 -0.219372
v 0.007733 0.314672 -0.219372
v 0.011667 -0.314672 -0.220565
v 0.011667 0.314672 -0.220565
vn 0.0980 -0.0000 -0.9952
vn 0.2903 -0.0000 -0.9569
vn 0.4714 -0.0000 -0.8819
vn 0.6344 -0.0000 -0.7730
vn 0.7730 -0.0000 -0.6344
vn 0.8819 -0.0000 -0.4714
vn 0.9569 -0.0000 -0.2903
vn 0.9952 -0.0000 -0.0980
vn 0.9952 -0.0000 0.0980
vn 0.9569 -0.0000 0.2903
vn 0.8819 -0.0000 0.4714
vn 0.7730 -0.0000 0.6344
vn 0.6344 -0.0000 0.7730
vn 0.4714 -0.0000 0.8819
vn 0.2903 -0.0000 0.9569
vn 0.0980 -0.0000 0.9952
vn -0.0980 -0.0000 0.9952
vn -0.2903 -0.0000 0.9569
vn -0.4714 -0.0000 0.8819
vn -0.6344 -0.0000 0.7730
vn -0.7730 -0.0000 0.6344
vn -0.8819 -0.0000 0.4714
vn -0.9569 -0.0000 0.2903
vn -0.9952 -0.0000 0.0980
vn -0.9952 -0.0000 -0.0980
vn -0.9569 -0.0000 -0.2903
vn -0.8819 -0.0000 -0.4714
vn -0.7730 -0.0000 -0.6344
vn -0.6344 -0.0000 -0.7730
vn -0.4714 -0.0000 -0.8819
vn 0.3634 -0.9309 -0.0358
vn -0.2903 -0.0000 -0.9569
vn -0.0980 -0.0000 -0.9952
vn -0.0358 0.9309 0.3634
vn -0.3494 0.9309 -0.1060
vn -0.0358 -0.9309 0.3634
vn -0.3494 -0.9309 -0.1060
vn 0.3634 0.9309 0.0358
vn -0.1060 0.9309 0.3494
vn 0.3634 -0.9309 0.0358
vn 0.0358 0.9309 -0.3634
vn -0.3221 0.9309 -0.1721
vn -0.1060 -0.9309 0.3494
vn 0.0358 -0.9309 -0.3634
vn -0.3221 -0.9309 -0.1721
vn 0.3494 0.9309 0.1060
vn -0.1721 0.9309 0.3221
vn 0.3494 -0.9309 0.1060
vn -0.2823 0.9309 -0.2317
vn -0.1721 -0.9309 0.3221
vn 0.1060 0.9309 -0.3494
vn -0.2823 -0.9309 -0.2317
vn 0.3221 0.9309 0.1721
vn 0.1060 -0.9309 -0.3494
vn -0.2317 0.9309 0.2823
vn 0.3221 -0.9309 0.1721
vn -0.2317 0.9309 -0.2823
vn -0.2317 -0.9309 0.2823
vn 0.1721 0.9309 -0.3221
vn -0.2317 -0.9309 -0.2823
vn 0.2823 0.9309 0.2317
vn 0.1721 -0.9309 -0.3221
vn -0.2823 0.9309 0.2317
vn 0.2823 -0.9309 0.2317
vn -0.1721 0.9309 -0.3221
vn -0.2823 -0.9309 0.2317
vn 0.2317 0.9309 -0.2823
vn -0.1721 -0.9309 -0.3221
vn 0.2317 0.9309 0.2823
vn 0.2317 -0.9309 -0.2823
vn -0.3221 0.9309 0.1721
vn 0.2317 -0.9309 0.2823
vn -0.1060 0.9309 -0.3494
vn -0.3221 -0.9309 0.1721
vn 0.2823 0.9309 -0.2317
vn -0.1060 -0.9309 -0.3494
vn 0.1721 0.9309 0.3221
vn 0.2823 -0.9309 -0.2317
vn -0.3494 0.9309 0.1060
vn 0.1721 -0.9309 0.3221
vn -0.0358 0.9309 -0.3634
vn -0.3494 -0.9309 0.1060
vn 0.3221 0.9309 -0.1721
vn -0.0358 -0.9309 -0.3634
vn 0.1060 0.9309 0.3494
vn 0.3221 -0.9309 -0.1721
vn -0.3634 0.9309 0.0358
vn 0.1060 -0.9309 0.3494
vn -0.3634 -0.9309 0.0358
vn 0.3494 0.9309 -0.1060
vn 0.0358 0.9309 0.3634
vn 0.3494 -0.9309 -0.1060
vn -0.3634 0.9309 -0.0358
vn 0.0358 -0.9309 0.3634
vn -0.3634 -0.9309 -0.0358
vn 0.3634 0.9309 -0.0358
vn -0.2310 -0.6055 0.7615
vn -0.2310 -0.6055 -0.7615
vn 0.6152 -0.6055 -0.5049
vn -0.0780 0.6055 -0.7920
vn -0.3751 0.6055 0.7018
vn 0.7018 0.6055 -0.3751
vn -0.0780 -0.6055 -0.7920
vn -0.3751 -0.6055 0.7018
vn 0.7018 -0.6055 -0.3751
vn -0.5049 0.6055 0.6152
vn 0.7615 0.6055 -0.2310
vn -0.5049 -0.6055 0.6152
vn 0.7615 -0.6055 -0.2310
vn -0.6152 0.6055 0.5049
vn 0.7920 0.6055 -0.0780
vn -0.6152 -0.6055 0.5049
vn 0.7920 -0.6055 -0.0780
vn -0.7018 0.6055 0.3751
vn 0.7920 0.6055 0.0780
vn -0.7018 -0.6055 0.3751
vn 0.7920 -0.6055 0.0780
vn -0.7615 0.6055 0.2310
vn 0.7615 0.6055 0.2310
vn -0.7615 -0.6055 0.2310
vn 0.7615 -0.6055 0.2310
vn -0.7920 0.6055 0.0780
vn 0.7018 0.6055 0.3751
vn -0.7920 -0.6055 0.0780
vn 0.7018 -0.6055 0.3751
vn -0.7920 0.6055 -0.0780
vn 0.6152 0.6055 0.5049
vn -0.7920 -0.6055 -0.0780
vn 0.6152 -0.6055 0.5049
vn -0.7615 0.6055 -0.2310
vn 0.5049 0.6055 0.6152
vn -0.7615 -0.6055 -0.2310
vn 0.5049 -0.6055 0.6152
vn -0.7018 0.6055 -0.3751
vn 0.3751 0.6055 0.7018
vn 0.0780 0.6055 -0.7920
vn -0.7018 -0.6055 -0.3751
vn 0.3751 -0.6055 0.7018
vn 0.0780 -0.6055 -0.7920
vn -0.6152 0.6055 -0.5049
vn 0.2310 0.6055 0.7615
vn 0.2310 0.6055 -0.7615
vn -0.6152 -0.6055 -0.5049
vn 0.2310 -0.6055 0.7615
vn 0.2310 -0.6055 -0.7615
vn -0.5049 0.6055 -0.6152
vn 0.0780 0.6055 0.7920
vn 0.3751 0.6055 -0.7018
vn -0.5049 -0.6055 -0.6152
vn 0.0780 -0.6055 0.7920
vn 0.3751 -0.6055 -0.7018
vn -0.3751 0.6055 -0.7018
vn -0.0780 0.6055 0.7920
vn 0.5049 0.6055 -0.6152
vn -0.3751 -0.6055 -0.7018
vn -0.0780 -0.6055 0.7920
vn 0.5049 -0.6055 -0.6152
vn -0.2310 0.6055 -0.7615
vn -0.2310 0.6055 0.7615
vn 0.6152 0.6055 -0.5049
vn 0.5509 0.8328 -0.0543
vn -0.4279 0.8328 0.3512
vn 0.8315 0.5494 0.0819
vn -0.7369 0.5494 0.3939
vn -0.4882 -0.8328 0.2609
vn 0.5509 -0.8328 0.0543
vn -0.4882 0.8328 0.2609
vn 0.5509 0.8328 0.0543
vn -0.5297 -0.8328 0.1607
vn 0.5297 -0.8328 0.1607
vn -0.5297 0.8328 0.1607
vn 0.5297 0.8328 0.1607
vn -0.5509 -0.8328 0.0543
vn 0.4882 -0.8328 0.2609
vn -0.5509 0.8328 0.0543
vn 0.4882 0.8328 0.2609
vn -0.5509 -0.8328 -0.0543
vn 0.4279 -0.8328 0.3512
vn -0.5509 0.8328 -0.0543
vn 0.4279 0.8328 0.3512
vn -0.5297 -0.8328 -0.1607
vn 0.3512 -0.8328 0.4279
vn -0.5297 0.8328 -0.1607
vn 0.3512 0.8328 0.4279
vn -0.4882 -0.8328 -0.2609
vn 0.2609 -0.8328 0.4882
vn 0.0543 -0.8328 -0.5509
vn -0.4882 0.8328 -0.2609
vn 0.2609 0.8328 0.4882
vn 0.0543 0.8328 -0.5509
vn -0.4279 -0.8328 -0.3512
vn 0.1607 -0.8328 0.5297
vn 0.1607 -0.8328 -0.5297
vn -0.4279 0.8328 -0.3512
vn 0.1607 0.8328 0.5297
vn 0.1607 0.8328 -0.5297
vn -0.3512 -0.8328 -0.4279
vn 0.0543 -0.8328 0.5509
vn 0.2609 -0.8328 -0.4882
vn -0.3512 0.8328 -0.4279
vn 0.0543 0.8328 0.5509
vn 0.2609 0.8328 -0.4882
vn -0.2609 -0.8328 -0.4882
vn -0.0543 -0.8328 0.5509
vn 0.3512 -0.8328 -0.4279
vn -0.2609 0.8328 -0.4882
vn -0.0543 0.8328 0.5509
vn 0.3512 0.8328 -0.4279
vn -0.1607 -0.8328 -0.5297
vn -0.1607 -0.8328 0.5297
vn 0.4279 -0.8328 -0.3512
vn -0.1607 0.8328 -0.5297
vn -0.1607 0.8328 0.5297
vn 0.4279 0.8328 -0.3512
vn -0.0543 -0.8328 -0.5509
vn -0.2609 -0.8328 0.4882
vn 0.4882 -0.8328 -0.2609
vn -0.0543 0.8328 -0.5509
vn -0.2609 0.8328 0.4882
vn 0.4882 0.8328 -0.2609
vn -0.3512 -0.8328 0.4279
vn 0.5297 -0.8328 -0.1607
vn -0.3512 0.8328 0.4279
vn 0.5297 0.8328 -0.1607
vn -0.4279 -0.8328 0.3512
vn 0.5509 -0.8328 -0.0543
vn -0.0000 -1.0000 -0.0000
vn -0.0000 1.0000 -0.0000
vn -0.7996 -0.5494 0.2425
vn 0.7996 -0.5494 0.2425
vn -0.7996 0.5494 0.2425
vn 0.7996 0.5494 0.2425
vn -0.8315 -0.5494 0.0819
vn 0.7369 -0.5494 0.3939
vn -0.8315 0.5494 0.0819
vn 0.7369 0.5494 0.3939
vn -0.8315 -0.5494 -0.0819
vn 0.6459 -0.5494 0.5301
vn -0.8315 0.5494 -0.0819
vn 0.6459 0.5494 0.5301
vn -0.7996 -0.5494 -0.2425
vn 0.5301 -0.5494 0.6459
vn -0.7996 0.5494 -0.2425
vn 0.5301 0.5494 0.6459
vn -0.7369 -0.5494 -0.3939
vn 0.3939 -0.5494 0.7369
vn 0.0819 -0.5494 -0.8315
vn -0.7369 0.5494 -0.3939
vn 0.3939 0.5494 0.7369
vn 0.0819 0.5494 -0.8315
vn -0.6459 -0.5494 -0.5301
vn 0.2425 -0.5494 0.7996
vn 0.2425 -0.5494 -0.7996
vn -0.6459 0.5494 -0.5301
vn 0.2425 0.5494 0.7996
vn 0.2425 0.5494 -0.7996
vn -0.5301 -0.5494 -0.6459
vn 0.0819 -0.5494 0.8315
vn 0.3939 -0.5494 -0.7369
vn -0.5301 0.5494 -0.6459
vn 0.0819 0.5494 0.8315
vn 0.3939 0.5494 -0.7369
vn -0.3939 -0.5494 -0.7369
vn -0.0819 -0.5494 0.8315
vn 0.5301 -0.5494 -0.6459
vn -0.3939 0.5494 -0.7369
vn -0.0819 0.5494 0.8315
vn 0.5301 0.5494 -0.6459
vn -0.2425 -0.5494 -0.7996
vn -0.2425 -0.5494 0.7996
vn 0.6459 -0.5494 -0.5301
vn -0.2425 0.5494 -0.7996
vn -0.2425 0.5494 0.7996
vn 0.6459 0.5494 -0.5301
vn -0.0819 -0.5494 -0.8315
vn -0.3939 -0.5494 0.7369
vn 0.7369 -0.5494 -0.3939
vn -0.0819 0.5494 -0.8315
vn -0.3939 0.5494 0.7369
vn 0.7369 0.5494 -0.3939
vn -0.5301 -0.5494 0.6459
vn 0.7996 -0.5494 -0.2425
vn -0.5301 0.5494 0.6459
vn 0.7996 0.5494 -0.2425
vn -0.6459 -0.5494 0.5301
vn 0.8315 -0.5494 -0.0819
vn -0.6459 0.5494 0.5301
vn 0.8315 0.5494 -0.0819
vn -0.7369 -0.5494 0.3939
vn 0.8315 -0.5494 0.0819
vt 1.000000 0.500000
vt 1.000000 1.000000
vt 0.968750 1.000000
vt 0.968750 0.500000
vt 0.937500 1.000000
vt 0.937500 0.500000
vt 0.906250 1.000000
vt 0.906250 0.500000
vt 0.875000 1.000000
vt 0.875000 0.500000
vt 0.843750 1.000000
vt 0.843750 0.500000
vt 0.812500 1.000000
vt 0.812500 0.500000
vt 0.781250 1.000000
vt 0.781250 0.500000
vt 0.750000 1.000000
vt 0.750000 0.500000
vt 0.718750 1.000000
vt 0.718750 0.500000
vt 0.687500 1.000000
vt 0.687500 0.500000
vt 0.656250 1.000000
vt 0.656250 0.500000
vt 0.625000 1.000000
vt 0.625000 0.500000
vt 0.593750 1.000000
vt 0.593750 0.500000
vt 0.562500 1.000000
vt 0.562500 0.500000
vt 0.531250 1.000000
vt 0.531250 0.500000
vt 0.500000 1.000000
vt 0.500000 0.500000
vt 0.468750 1.000000
vt 0.468750 0.500000
vt 0.437500 1.000000
vt 0.437500 0.500000
vt 0.406250 1.000000
vt 0.406250 0.500000
vt 0.375000 1.000000
vt 0.375000 0.500000
vt 0.343750 1.000000
vt 0.343750 0.500000
vt 0.312500 1.000000
vt 0.312500 0.500000
vt 0.281250 1.000000
vt 0.281250 0.500000
vt 0.250000 1.000000
vt 0.250000 0.500000
vt 0.218750 1.000000
vt 0.218750 0.500000
vt 0.187500 1.000000
vt 0.187500 0.500000
vt 0.156250 1.000000
vt 0.156250 0.500000
vt 0.125000 1.000000
vt 0.125000 0.500000
vt 0.093750 1.000000
vt 0.093750 0.500000
vt 0.062500 1.000000
vt 0.062500 0.500000
vt 0.031250 1.000000
vt 0.031250 0.500000
vt 0.000000 1.000000
vt 0.000000 0.500000
vt 0.357466 0.228624
vt 0.359571 0.250000
vt 0.148769 0.208069
vt 0.158895 0.189125
vt 0.771376 0.357466
vt 0.750000 0.359571
vt 0.750000 0.490000
vt 0.796822 0.485388
vt 0.250000 0.359571
vt 0.271376 0.357466
vt 0.296822 0.485388
vt 0.250000 0.490000
vt 0.791931 0.351231
vt 0.841844 0.471731
vt 0.291931 0.351231
vt 0.341844 0.471731
vt 0.810875 0.341105
vt 0.883337 0.449553
vt 0.310875 0.341105
vt 0.383337 0.449553
vt 0.827479 0.327478
vt 0.919706 0.419706
vt 0.327479 0.327479
vt 0.419706 0.419706
vt 0.841105 0.310875
vt 0.949553 0.383337
vt 0.341105 0.310875
vt 0.449553 0.383337
vt 0.851231 0.291931
vt 0.971731 0.341844
vt 0.351231 0.291931
vt 0.471731 0.341844
vt 0.857466 0.271376
vt 0.985388 0.296822
vt 0.357466 0.271376
vt 0.485388 0.296822
vt 0.859572 0.250000
vt 0.990000 0.250000
vt 0.490000 0.250000
vt 0.857466 0.228624
vt 0.985388 0.203178
vt 0.485388 0.203178
vt 0.851231 0.208069
vt 0.971731 0.158156
vt 0.351231 0.208069
vt 0.471731 0.158156
vt 0.841105 0.189125
vt 0.949553 0.116663
vt 0.341105 0.189125
vt 0.449553 0.116663
vt 0.827479 0.172521
vt 0.919706 0.080294
vt 0.327479 0.172521
vt 0.419706 0.080294
vt 0.810875 0.158895
vt 0.883337 0.050447
vt 0.310875 0.158895
vt 0.383337 0.050447
vt 0.791931 0.148769
vt 0.841844 0.028269
vt 0.291931 0.148769
vt 0.341844 0.028269
vt 0.771376 0.142534
vt 0.796822 0.014612
vt 0.271376 0.142534
vt 0.296822 0.014612
vt 0.750000 0.140429
vt 0.750000 0.010000
vt 0.250000 0.140429
vt 0.250000 0.010000
vt 0.728624 0.142534
vt 0.703178 0.014612
vt 0.228624 0.142534
vt 0.203178 0.014612
vt 0.708069 0.148769
vt 0.658156 0.028269
vt 0.208069 0.148769
vt 0.158156 0.028269
vt 0.689126 0.158895
vt 0.616663 0.050447
vt 0.189126 0.158895
vt 0.116663 0.050447
vt 0.672521 0.172521
vt 0.580294 0.080294
vt 0.172521 0.172521
vt 0.080294 0.080294
vt 0.658895 0.189125
vt 0.550447 0.116663
vt 0.050447 0.116663
vt 0.648769 0.208069
vt 0.528269 0.158156
vt 0.028269 0.158156
vt 0.642534 0.228624
vt 0.514612 0.203178
vt 0.142534 0.228624
vt 0.014612 0.203178
vt 0.640429 0.250000
vt 0.510000 0.250000
vt 0.140429 0.250000
vt 0.010000 0.250000
vt 0.642534 0.271376
vt 0.514612 0.296822
vt 0.142534 0.271376
vt 0.014612 0.296822
vt 0.648769 0.291931
vt 0.528269 0.341844
vt 0.148769 0.291931
vt 0.028269 0.341844
vt 0.658895 0.310875
vt 0.550447 0.383337
vt 0.158895 0.310874
vt 0.050447 0.383337
vt 0.672521 0.327479
vt 0.580294 0.419706
vt 0.172521 0.327479
vt 0.080294 0.419706
vt 0.689125 0.341105
vt 0.616663 0.449553
vt 0.189125 0.341105
vt 0.116663 0.449553
vt 0.708069 0.351231
vt 0.658156 0.471731
vt 0.208069 0.351231
vt 0.158156 0.471731
vt 0.728624 0.357466
vt 0.703178 0.485388
vt 0.228624 0.357466
vt 0.203178 0.485388
s 0
usemtl M_Cyan
f 1177/541/607 1178/542/607 1180/543/607 1179/544/607
f 1179/544/608 1180/543/608 1182/545/608 1181/546/608
f 1181/546/609 1182/545/609 1184/547/609 1183/548/609
f 1183/548/610 1184/547/610 1186/549/610 1185/550/610
f 1185/550/611 1186/549/611 1188/551/611 1187/552/611
f 1187/552/612 1188/551/612 1190/553/612 1189/554/612
f 1189/554/613 1190/553/613 1192/555/613 1191/556/613
f 1191/556/614 1192/555/614 1194/557/614 1193/558/614
f 1193/558/615 1194/557/615 1196/559/615 1195/560/615
f 1195/560/616 1196/559/616 1198/561/616 1197/562/616
f 1197/562/617 1198/561/617 1200/563/617 1199/564/617
f 1199/564/618 1200/563/618 1202/565/618 1201/566/618
f 1201/566/619 1202/565/619 1204/567/619 1203/568/619
f 1203/568/620 1204/567/620 1206/569/620 1205/570/620
f 1205/570/621 1206/569/621 1208/571/621 1207/572/621
f 1207/572/622 1208/571/622 1210/573/622 1209/574/622
f 1209/574/623 1210/573/623 1212/575/623 1211/576/623
f 1211/576/624 1212/575/624 1214/577/624 1213/578/624
f 1213/578/625 1214/577/625 1216/579/625 1215/580/625
f 1215/580/626 1216/579/626 1218/581/626 1217/582/626
f 1217/582/627 1218/581/627 1220/583/627 1219/584/627
f 1219/584/628 1220/583/628 1222/585/628 1221/586/628
f 1221/586/629 1222/585/629 1224/587/629 1223/588/629
f 1223/588/630 1224/587/630 1226/589/630 1225/590/630
f 1225/590/631 1226/589/631 1228/591/631 1227/592/631
f 1227/592/632 1228/591/632 1230/593/632 1229/594/632
f 1229/594/633 1230/593/633 1232/595/633 1231/596/633
f 1231/596/634 1232/595/634 1234/597/634 1233/598/634
f 1233/598/635 1234/597/635 1236/599/635 1235/600/635
f 1235/600/636 1236/599/636 1238/601/636 1237/602/636
f 1237/602/638 1238/601/638 1240/603/638 1239/604/638
f 1239/604/639 1240/603/639 1178/605/639 1177/606/639
usemtl M_Noir_Bleuté
f 1194/557/637 1192/555/637 1256/555/637 1258/557/637
f 1209/574/640 1211/576/640 1275/576/640 1273/574/640
f 1273/574/623 1275/576/623 1339/576/623 1337/574/623
f 1299/600/636 1301/602/636 1365/602/636 1363/600/636
f 1227/592/641 1229/594/641 1293/594/641 1291/592/641
f 1212/575/642 1210/573/642 1274/573/642 1276/575/642
f 1230/593/643 1228/591/643 1292/591/643 1294/593/643
f 1193/558/644 1195/560/644 1259/560/644 1257/558/644
f 1211/576/645 1213/578/645 1277/578/645 1275/576/645
f 1196/559/646 1194/557/646 1258/557/646 1260/559/646
f 1177/541/647 1179/544/647 1242/544/647 1241/541/647
f 1229/594/648 1231/596/648 1295/596/648 1293/594/648
f 1214/577/649 1212/575/649 1276/575/649 1278/577/649
f 1180/543/650 1178/542/650 1244/542/650 1243/543/650
f 1232/595/651 1230/593/651 1294/593/651 1296/595/651
f 1195/560/652 1197/562/652 1261/562/652 1259/560/652
f 1213/578/653 1215/580/653 1279/580/653 1277/578/653
f 1198/561/654 1196/559/654 1260/559/654 1262/561/654
f 1231/596/655 1233/598/655 1297/598/655 1295/596/655
f 1216/579/656 1214/577/656 1278/577/656 1280/579/656
f 1179/544/657 1181/546/657 1245/546/657 1242/544/657
f 1234/597/658 1232/595/658 1296/595/658 1298/597/658
f 1197/562/659 1199/564/659 1263/564/659 1261/562/659
f 1182/545/660 1180/543/660 1243/543/660 1246/545/660
f 1215/580/661 1217/582/661 1281/582/661 1279/580/661
f 1200/563/662 1198/561/662 1262/561/662 1264/563/662
f 1233/598/663 1235/600/663 1299/600/663 1297/598/663
f 1218/581/664 1216/579/664 1280/579/664 1282/581/664
f 1181/546/665 1183/548/665 1247/548/665 1245/546/665
f 1236/599/666 1234/597/666 1298/597/666 1300/599/666
f 1199/564/667 1201/566/667 1265/566/667 1263/564/667
f 1184/547/668 1182/545/668 1246/545/668 1248/547/668
f 1217/582/669 1219/584/669 1283/584/669 1281/582/669
f 1202/565/670 1200/563/670 1264/563/670 1266/565/670
f 1235/600/671 1237/602/671 1301/602/671 1299/600/671
f 1220/583/672 1218/581/672 1282/581/672 1284/583/672
f 1183/548/673 1185/550/673 1249/550/673 1247/548/673
f 1238/601/674 1236/599/674 1300/599/674 1302/601/674
f 1201/566/675 1203/568/675 1267/568/675 1265/566/675
f 1186/549/676 1184/547/676 1248/547/676 1250/549/676
f 1219/584/677 1221/586/677 1285/586/677 1283/584/677
f 1204/567/678 1202/565/678 1266/565/678 1268/567/678
f 1237/602/679 1239/604/679 1303/604/679 1301/602/679
f 1222/585/680 1220/583/680 1284/583/680 1286/585/680
f 1185/550/681 1187/552/681 1251/552/681 1249/550/681
f 1240/603/682 1238/601/682 1302/601/682 1304/603/682
f 1203/568/683 1205/570/683 1269/570/683 1267/568/683
f 1188/551/684 1186/549/684 1250/549/684 1252/551/684
f 1221/586/685 1223/588/685 1287/588/685 1285/586/685
f 1206/569/686 1204/567/686 1268/567/686 1270/569/686
f 1239/604/687 1177/606/687 1241/606/687 1303/604/687
f 1224/587/688 1222/585/688 1286/585/688 1288/587/688
f 1187/552/689 1189/554/689 1253/554/689 1251/552/689
f 1178/605/690 1240/603/690 1304/603/690 1244/605/690
f 1205/570/691 1207/572/691 1271/572/691 1269/570/691
f 1190/553/692 1188/551/692 1252/551/692 1254/553/692
f 1223/588/693 1225/590/693 1289/590/693 1287/588/693
f 1208/571/694 1206/569/694 1270/569/694 1272/571/694
f 1226/589/695 1224/587/695 1288/587/695 1290/589/695
f 1189/554/696 1191/556/696 1255/556/696 1253/554/696
f 1207/572/697 1209/574/697 1273/574/697 1271/572/697
f 1192/555/698 1190/553/698 1254/553/698 1256/555/698
f 1225/590/699 1227/592/699 1291/592/699 1289/590/699
f 1210/573/700 1208/571/700 1272/571/700 1274/573/700
f 1228/591/701 1226/589/701 1290/589/701 1292/591/701
f 1191/556/702 1193/558/702 1257/558/702 1255/556/702
f 1247/548/610 1249/550/610 1313/550/610 1311/548/610
f 1302/601/636 1300/599/636 1364/599/636 1366/601/636
f 1276/575/623 1274/573/623 1338/573/623 1340/575/623
f 1250/549/610 1248/547/610 1312/547/610 1314/549/610
f 1301/602/638 1303/604/638 1367/604/638 1365/602/638
f 1275/576/624 1277/578/624 1341/578/624 1339/576/624
f 1249/550/611 1251/552/611 1315/552/611 1313/550/611
f 1304/603/638 1302/601/638 1366/601/638 1368/603/638
f 1278/577/624 1276/575/624 1340/575/624 1342/577/624
f 1252/551/611 1250/549/611 1314/549/611 1316/551/611
f 1303/604/639 1241/606/639 1305/606/639 1367/604/639
f 1277/578/625 1279/580/625 1343/580/625 1341/578/625
f 1251/552/612 1253/554/612 1317/554/612 1315/552/612
f 1244/605/639 1304/603/639 1368/603/639 1308/605/639
f 1280/579/625 1278/577/625 1342/577/625 1344/579/625
f 1254/553/612 1252/551/612 1316/551/612 1318/553/612
f 1279/580/626 1281/582/626 1345/582/626 1343/580/626
f 1253/554/613 1255/556/613 1319/556/613 1317/554/613
f 1282/581/626 1280/579/626 1344/579/626 1346/581/626
f 1256/555/613 1254/553/613 1318/553/613 1320/555/613
f 1281/582/627 1283/584/627 1347/584/627 1345/582/627
f 1255/556/614 1257/558/614 1321/558/614 1319/556/614
f 1284/583/627 1282/581/627 1346/581/627 1348/583/627
f 1258/557/614 1256/555/614 1320/555/614 1322/557/614
f 1283/584/628 1285/586/628 1349/586/628 1347/584/628
f 1257/558/615 1259/560/615 1323/560/615 1321/558/615
f 1286/585/628 1284/583/628 1348/583/628 1350/585/628
f 1260/559/615 1258/557/615 1322/557/615 1324/559/615
f 1285/586/629 1287/588/629 1351/588/629 1349/586/629
f 1259/560/616 1261/562/616 1325/562/616 1323/560/616
f 1288/587/629 1286/585/629 1350/585/629 1352/587/629
f 1262/561/616 1260/559/616 1324/559/616 1326/561/616
f 1287/588/630 1289/590/630 1353/590/630 1351/588/630
f 1261/562/617 1263/564/617 1327/564/617 1325/562/617
f 1290/589/630 1288/587/630 1352/587/630 1354/589/630
f 1264/563/617 1262/561/617 1326/561/617 1328/563/617
f 1289/590/631 1291/592/631 1355/592/631 1353/590/631
f 1263/564/618 1265/566/618 1329/566/618 1327/564/618
f 1292/591/631 1290/589/631 1354/589/631 1356/591/631
f 1266/565/618 1264/563/618 1328/563/618 1330/565/618
f 1291/592/632 1293/594/632 1357/594/632 1355/592/632
f 1265/566/619 1267/568/619 1331/568/619 1329/566/619
f 1294/593/632 1292/591/632 1356/591/632 1358/593/632
f 1268/567/619 1266/565/619 1330/565/619 1332/567/619
f 1293/594/633 1295/596/633 1359/596/633 1357/594/633
f 1267/568/620 1269/570/620 1333/570/620 1331/568/620
f 1241/541/607 1242/544/607 1306/544/607 1305/541/607
f 1296/595/633 1294/593/633 1358/593/633 1360/595/633
f 1270/569/620 1268/567/620 1332/567/620 1334/569/620
f 1243/543/607 1244/542/607 1308/542/607 1307/543/607
f 1295/596/634 1297/598/634 1361/598/634 1359/596/634
f 1269/570/621 1271/572/621 1335/572/621 1333/570/621
f 1242/544/608 1245/546/608 1309/546/608 1306/544/608
f 1298/597/634 1296/595/634 1360/595/634 1362/597/634
f 1272/571/621 1270/569/621 1334/569/621 1336/571/621
f 1246/545/608 1243/543/608 1307/543/608 1310/545/608
f 1297/598/635 1299/600/635 1363/600/635 1361/598/635
f 1271/572/622 1273/574/622 1337/574/622 1335/572/622
f 1245/546/609 1247/548/609 1311/548/609 1309/546/609
f 1300/599/635 1298/597/635 1362/597/635 1364/599/635
f 1274/573/622 1272/571/622 1336/571/622 1338/573/622
f 1248/547/609 1246/545/609 1310/545/609 1312/547/609
f 1516/607/769 1514/608/769 1642/608/769 1644/607/769
f 1542/609/770 1540/610/770 1668/610/770 1670/609/770
f 1627/616/834 1628/615/834 1688/733/834 1686/729/834 1684/725/834 1682/721/834 1680/717/834 1678/713/834 1676/709/834 1674/705/834 1672/701/834 1670/609/834 1668/610/834 1666/691/834 1664/687/834 1662/683/834 1660/679/834 1658/675/834 1656/671/834 1654/667/834 1652/663/834 1650/659/834 1648/655/834 1646/651/834 1644/607/834 1642/608/834 1640/641/834 1638/637/834 1636/633/834 1634/629/834 1632/625/834 1630/621/834
f 1625/612/833 1626/611/833 1629/619/833 1631/623/833 1633/627/833 1635/631/833 1637/635/833 1639/639/833 1641/643/833 1643/646/833 1645/649/833 1647/653/833 1649/657/833 1651/661/833 1653/665/833 1655/669/833 1657/673/833 1659/677/833 1661/681/833 1663/685/833 1665/689/833 1667/693/833 1669/696/833 1671/699/833 1673/703/833 1675/707/833 1677/711/833 1679/715/833 1681/719/833 1683/723/833 1685/727/833 1687/731/833
f 1541/696/835 1543/699/835 1671/699/835 1669/696/835
f 1515/646/836 1517/649/836 1645/649/836 1643/646/836
f 1544/701/837 1542/609/837 1670/609/837 1672/701/837
f 1518/651/838 1516/607/838 1644/607/838 1646/651/838
f 1543/699/839 1545/703/839 1673/703/839 1671/699/839
f 1517/649/840 1519/653/840 1647/653/840 1645/649/840
f 1546/705/841 1544/701/841 1672/701/841 1674/705/841
f 1520/655/842 1518/651/842 1646/651/842 1648/655/842
f 1545/703/843 1547/707/843 1675/707/843 1673/703/843
f 1519/653/844 1521/657/844 1649/657/844 1647/653/844
f 1548/709/845 1546/705/845 1674/705/845 1676/709/845
f 1522/659/846 1520/655/846 1648/655/846 1650/659/846
f 1547/707/847 1549/711/847 1677/711/847 1675/707/847
f 1521/657/848 1523/661/848 1651/661/848 1649/657/848
f 1550/713/849 1548/709/849 1676/709/849 1678/713/849
f 1524/663/850 1522/659/850 1650/659/850 1652/663/850
f 1549/711/851 1551/715/851 1679/715/851 1677/711/851
f 1523/661/852 1525/665/852 1653/665/852 1651/661/852
f 1497/612/853 1498/611/853 1626/611/853 1625/612/853
f 1552/717/854 1550/713/854 1678/713/854 1680/717/854
f 1526/667/855 1524/663/855 1652/663/855 1654/667/855
f 1499/616/856 1500/615/856 1628/615/856 1627/616/856
f 1551/715/857 1553/719/857 1681/719/857 1679/715/857
f 1525/665/858 1527/669/858 1655/669/858 1653/665/858
f 1498/611/859 1501/619/859 1629/619/859 1626/611/859
f 1554/721/860 1552/717/860 1680/717/860 1682/721/860
f 1528/671/861 1526/667/861 1654/667/861 1656/671/861
f 1502/621/862 1499/616/862 1627/616/862 1630/621/862
f 1553/719/863 1555/723/863 1683/723/863 1681/719/863
f 1527/669/864 1529/673/864 1657/673/864 1655/669/864
f 1501/619/865 1503/623/865 1631/623/865 1629/619/865
f 1556/725/866 1554/721/866 1682/721/866 1684/725/866
f 1530/675/867 1528/671/867 1656/671/867 1658/675/867
f 1504/625/868 1502/621/868 1630/621/868 1632/625/868
f 1555/723/869 1557/727/869 1685/727/869 1683/723/869
f 1529/673/870 1531/677/870 1659/677/870 1657/673/870
f 1503/623/871 1505/627/871 1633/627/871 1631/623/871
f 1558/729/872 1556/725/872 1684/725/872 1686/729/872
f 1532/679/873 1530/675/873 1658/675/873 1660/679/873
f 1506/629/874 1504/625/874 1632/625/874 1634/629/874
f 1557/727/875 1559/731/875 1687/731/875 1685/727/875
f 1531/677/876 1533/681/876 1661/681/876 1659/677/876
f 1505/627/877 1507/631/877 1635/631/877 1633/627/877
f 1560/733/878 1558/729/878 1686/729/878 1688/733/878
f 1534/683/879 1532/679/879 1660/679/879 1662/683/879
f 1508/633/880 1506/629/880 1634/629/880 1636/633/880
f 1559/731/881 1497/612/881 1625/612/881 1687/731/881
f 1533/681/882 1535/685/882 1663/685/882 1661/681/882
f 1507/631/883 1509/635/883 1637/635/883 1635/631/883
f 1500/615/884 1560/733/884 1688/733/884 1628/615/884
f 1536/687/885 1534/683/885 1662/683/885 1664/687/885
f 1510/637/886 1508/633/886 1636/633/886 1638/637/886
f 1535/685/887 1537/689/887 1665/689/887 1663/685/887
f 1509/635/888 1511/639/888 1639/639/888 1637/635/888
f 1538/691/889 1536/687/889 1664/687/889 1666/691/889
f 1512/641/890 1510/637/890 1638/637/890 1640/641/890
f 1537/689/891 1539/693/891 1667/693/891 1665/689/891
f 1511/639/892 1513/643/892 1641/643/892 1639/639/892
f 1540/610/893 1538/691/893 1666/691/893 1668/610/893
f 1514/608/894 1512/641/894 1640/641/894 1642/608/894
f 1539/693/895 1541/696/895 1669/696/895 1667/693/895
f 1513/643/896 1515/646/896 1643/646/896 1641/643/896
usemtl M_Orange
f 1342/577/703 1340/575/703 1404/575/703 1406/577/703
f 1368/603/704 1366/601/704 1430/601/704 1432/603/704
f 1381/554/613 1383/556/613 1447/556/613 1445/554/613
f 1407/580/626 1409/582/626 1473/582/626 1471/580/626
f 1316/551/705 1314/549/705 1378/549/705 1380/551/705
f 1367/604/706 1305/606/706 1369/606/706 1431/604/706
f 1341/578/707 1343/580/707 1407/580/707 1405/578/707
f 1315/552/708 1317/554/708 1381/554/708 1379/552/708
f 1308/605/709 1368/603/709 1432/603/709 1372/605/709
f 1344/579/710 1342/577/710 1406/577/710 1408/579/710
f 1318/553/711 1316/551/711 1380/551/711 1382/553/711
f 1343/580/712 1345/582/712 1409/582/712 1407/580/712
f 1317/554/713 1319/556/713 1383/556/713 1381/554/713
f 1346/581/714 1344/579/714 1408/579/714 1410/581/714
f 1320/555/715 1318/553/715 1382/553/715 1384/555/715
f 1345/582/716 1347/584/716 1411/584/716 1409/582/716
f 1319/556/717 1321/558/717 1385/558/717 1383/556/717
f 1348/583/718 1346/581/718 1410/581/718 1412/583/718
f 1322/557/719 1320/555/719 1384/555/719 1386/557/719
f 1347/584/720 1349/586/720 1413/586/720 1411/584/720
f 1321/558/721 1323/560/721 1387/560/721 1385/558/721
f 1350/585/722 1348/583/722 1412/583/722 1414/585/722
f 1324/559/723 1322/557/723 1386/557/723 1388/559/723
f 1349/586/724 1351/588/724 1415/588/724 1413/586/724
f 1323/560/725 1325/562/725 1389/562/725 1387/560/725
f 1352/587/726 1350/585/726 1414/585/726 1416/587/726
f 1326/561/727 1324/559/727 1388/559/727 1390/561/727
f 1351/588/728 1353/590/728 1417/590/728 1415/588/728
f 1325/562/729 1327/564/729 1391/564/729 1389/562/729
f 1354/589/730 1352/587/730 1416/587/730 1418/589/730
f 1328/563/731 1326/561/731 1390/561/731 1392/563/731
f 1353/590/732 1355/592/732 1419/592/732 1417/590/732
f 1327/564/733 1329/566/733 1393/566/733 1391/564/733
f 1356/591/734 1354/589/734 1418/589/734 1420/591/734
f 1330/565/735 1328/563/735 1392/563/735 1394/565/735
f 1355/592/736 1357/594/736 1421/594/736 1419/592/736
f 1329/566/737 1331/568/737 1395/568/737 1393/566/737
f 1358/593/738 1356/591/738 1420/591/738 1422/593/738
f 1332/567/739 1330/565/739 1394/565/739 1396/567/739
f 1357/594/740 1359/596/740 1423/596/740 1421/594/740
f 1331/568/741 1333/570/741 1397/570/741 1395/568/741
f 1305/541/742 1306/544/742 1370/544/742 1369/541/742
f 1360/595/743 1358/593/743 1422/593/743 1424/595/743
f 1334/569/744 1332/567/744 1396/567/744 1398/569/744
f 1307/543/745 1308/542/745 1372/542/745 1371/543/745
f 1359/596/746 1361/598/746 1425/598/746 1423/596/746
f 1333/570/747 1335/572/747 1399/572/747 1397/570/747
f 1306/544/748 1309/546/748 1373/546/748 1370/544/748
f 1362/597/749 1360/595/749 1424/595/749 1426/597/749
f 1336/571/750 1334/569/750 1398/569/750 1400/571/750
f 1310/545/751 1307/543/751 1371/543/751 1374/545/751
f 1361/598/752 1363/600/752 1427/600/752 1425/598/752
f 1335/572/753 1337/574/753 1401/574/753 1399/572/753
f 1309/546/754 1311/548/754 1375/548/754 1373/546/754
f 1364/599/755 1362/597/755 1426/597/755 1428/599/755
f 1338/573/756 1336/571/756 1400/571/756 1402/573/756
f 1312/547/757 1310/545/757 1374/545/757 1376/547/757
f 1363/600/758 1365/602/758 1429/602/758 1427/600/758
f 1337/574/759 1339/576/759 1403/576/759 1401/574/759
f 1311/548/760 1313/550/760 1377/550/760 1375/548/760
f 1366/601/761 1364/599/761 1428/599/761 1430/601/761
f 1340/575/762 1338/573/762 1402/573/762 1404/575/762
f 1314/549/763 1312/547/763 1376/547/763 1378/549/763
f 1365/602/764 1367/604/764 1431/604/764 1429/602/764
f 1339/576/765 1341/578/765 1405/578/765 1403/576/765
f 1313/550/766 1315/552/766 1379/552/766 1377/550/766
f 1450/557/767 1448/555/767 1576/555/767 1578/557/767
f 1476/583/768 1474/581/768 1602/581/768 1604/583/768
f 1410/581/626 1408/579/626 1472/579/626 1474/581/626
f 1384/555/613 1382/553/613 1446/553/613 1448/555/613
f 1409/582/627 1411/584/627 1475/584/627 1473/582/627
f 1383/556/614 1385/558/614 1449/558/614 1447/556/614
f 1412/583/627 1410/581/627 1474/581/627 1476/583/627
f 1386/557/614 1384/555/614 1448/555/614 1450/557/614
f 1411/584/628 1413/586/628 1477/586/628 1475/584/628
f 1385/558/615 1387/560/615 1451/560/615 1449/558/615
f 1414/585/628 1412/583/628 1476/583/628 1478/585/628
f 1388/559/615 1386/557/615 1450/557/615 1452/559/615
f 1413/586/629 1415/588/629 1479/588/629 1477/586/629
f 1387/560/616 1389/562/616 1453/562/616 1451/560/616
f 1416/587/629 1414/585/629 1478/585/629 1480/587/629
f 1390/561/616 1388/559/616 1452/559/616 1454/561/616
f 1415/588/630 1417/590/630 1481/590/630 1479/588/630
f 1389/562/617 1391/564/617 1455/564/617 1453/562/617
f 1418/589/630 1416/587/630 1480/587/630 1482/589/630
f 1392/563/617 1390/561/617 1454/561/617 1456/563/617
f 1417/590/631 1419/592/631 1483/592/631 1481/590/631
f 1391/564/618 1393/566/618 1457/566/618 1455/564/618
f 1420/591/631 1418/589/631 1482/589/631 1484/591/631
f 1394/565/618 1392/563/618 1456/563/618 1458/565/618
f 1419/592/632 1421/594/632 1485/594/632 1483/592/632
f 1393/566/619 1395/568/619 1459/568/619 1457/566/619
f 1422/593/632 1420/591/632 1484/591/632 1486/593/632
f 1396/567/619 1394/565/619 1458/565/619 1460/567/619
f 1421/594/633 1423/596/633 1487/596/633 1485/594/633
f 1395/568/620 1397/570/620 1461/570/620 1459/568/620
f 1369/541/607 1370/544/607 1434/544/607 1433/541/607
f 1424/595/633 1422/593/633 1486/593/633 1488/595/633
f 1398/569/620 1396/567/620 1460/567/620 1462/569/620
f 1371/543/607 1372/542/607 1436/542/607 1435/543/607
f 1423/596/634 1425/598/634 1489/598/634 1487/596/634
f 1397/570/621 1399/572/621 1463/572/621 1461/570/621
f 1370/544/608 1373/546/608 1437/546/608 1434/544/608
f 1426/597/634 1424/595/634 1488/595/634 1490/597/634
f 1400/571/621 1398/569/621 1462/569/621 1464/571/621
f 1374/545/608 1371/543/608 1435/543/608 1438/545/608
f 1425/598/635 1427/600/635 1491/600/635 1489/598/635
f 1399/572/622 1401/574/622 1465/574/622 1463/572/622
f 1373/546/609 1375/548/609 1439/548/609 1437/546/609
f 1428/599/635 1426/597/635 1490/597/635 1492/599/635
f 1402/573/622 1400/571/622 1464/571/622 1466/573/622
f 1376/547/609 1374/545/609 1438/545/609 1440/547/609
f 1427/600/636 1429/602/636 1493/602/636 1491/600/636
f 1401/574/623 1403/576/623 1467/576/623 1465/574/623
f 1375/548/610 1377/550/610 1441/550/610 1439/548/610
f 1430/601/636 1428/599/636 1492/599/636 1494/601/636
f 1404/575/623 1402/573/623 1466/573/623 1468/575/623
f 1378/549/610 1376/547/610 1440/547/610 1442/549/610
f 1429/602/638 1431/604/638 1495/604/638 1493/602/638
f 1403/576/624 1405/578/624 1469/578/624 1467/576/624
f 1377/550/611 1379/552/611 1443/552/611 1441/550/611
f 1432/603/638 1430/601/638 1494/601/638 1496/603/638
f 1406/577/624 1404/575/624 1468/575/624 1470/577/624
f 1380/551/611 1378/549/611 1442/549/611 1444/551/611
f 1431/604/639 1369/606/639 1433/606/639 1495/604/639
f 1405/578/625 1407/580/625 1471/580/625 1469/578/625
f 1379/552/612 1381/554/612 1445/554/612 1443/552/612
f 1372/605/639 1432/603/639 1496/603/639 1436/605/639
f 1408/579/625 1406/577/625 1470/577/625 1472/579/625
f 1382/553/612 1380/551/612 1444/551/612 1446/553/612
f 1475/584/771 1477/586/771 1605/586/771 1603/584/771
f 1449/558/772 1451/560/772 1579/560/772 1577/558/772
f 1478/585/773 1476/583/773 1604/583/773 1606/585/773
f 1452/559/774 1450/557/774 1578/557/774 1580/559/774
f 1477/586/775 1479/588/775 1607/588/775 1605/586/775
f 1451/560/776 1453/562/776 1581/562/776 1579/560/776
f 1480/587/777 1478/585/777 1606/585/777 1608/587/777
f 1454/561/778 1452/559/778 1580/559/778 1582/561/778
f 1479/588/779 1481/590/779 1609/590/779 1607/588/779
f 1453/562/780 1455/564/780 1583/564/780 1581/562/780
f 1482/589/781 1480/587/781 1608/587/781 1610/589/781
f 1456/563/782 1454/561/782 1582/561/782 1584/563/782
f 1481/590/783 1483/592/783 1611/592/783 1609/590/783
f 1455/564/784 1457/566/784 1585/566/784 1583/564/784
f 1484/591/785 1482/589/785 1610/589/785 1612/591/785
f 1458/565/786 1456/563/786 1584/563/786 1586/565/786
f 1483/592/787 1485/594/787 1613/594/787 1611/592/787
f 1457/566/788 1459/568/788 1587/568/788 1585/566/788
f 1486/593/789 1484/591/789 1612/591/789 1614/593/789
f 1460/567/790 1458/565/790 1586/565/790 1588/567/790
f 1485/594/791 1487/596/791 1615/596/791 1613/594/791
f 1459/568/792 1461/570/792 1589/570/792 1587/568/792
f 1433/541/793 1434/544/793 1562/544/793 1561/541/793
f 1488/595/794 1486/593/794 1614/593/794 1616/595/794
f 1462/569/795 1460/567/795 1588/567/795 1590/569/795
f 1435/543/796 1436/542/796 1564/542/796 1563/543/796
f 1487/596/797 1489/598/797 1617/598/797 1615/596/797
f 1461/570/798 1463/572/798 1591/572/798 1589/570/798
f 1434/544/799 1437/546/799 1565/546/799 1562/544/799
f 1490/597/800 1488/595/800 1616/595/800 1618/597/800
f 1464/571/801 1462/569/801 1590/569/801 1592/571/801
f 1438/545/802 1435/543/802 1563/543/802 1566/545/802
f 1489/598/803 1491/600/803 1619/600/803 1617/598/803
f 1463/572/804 1465/574/804 1593/574/804 1591/572/804
f 1437/546/805 1439/548/805 1567/548/805 1565/546/805
f 1492/599/806 1490/597/806 1618/597/806 1620/599/806
f 1466/573/807 1464/571/807 1592/571/807 1594/573/807
f 1440/547/808 1438/545/808 1566/545/808 1568/547/808
f 1491/600/809 1493/602/809 1621/602/809 1619/600/809
f 1465/574/810 1467/576/810 1595/576/810 1593/574/810
f 1439/548/811 1441/550/811 1569/550/811 1567/548/811
f 1494/601/812 1492/599/812 1620/599/812 1622/601/812
f 1468/575/813 1466/573/813 1594/573/813 1596/575/813
f 1442/549/814 1440/547/814 1568/547/814 1570/549/814
f 1493/602/815 1495/604/815 1623/604/815 1621/602/815
f 1467/576/816 1469/578/816 1597/578/816 1595/576/816
f 1441/550/817 1443/552/817 1571/552/817 1569/550/817
f 1496/603/818 1494/601/818 1622/601/818 1624/603/818
f 1470/577/819 1468/575/819 1596/575/819 1598/577/819
f 1444/551/820 1442/549/820 1570/549/820 1572/551/820
f 1495/604/821 1433/606/821 1561/606/821 1623/604/821
f 1469/578/822 1471/580/822 1599/580/822 1597/578/822
f 1443/552/823 1445/554/823 1573/554/823 1571/552/823
f 1436/605/824 1496/603/824 1624/603/824 1564/605/824
f 1472/579/825 1470/577/825 1598/577/825 1600/579/825
f 1446/553/826 1444/551/826 1572/551/826 1574/553/826
f 1471/580/827 1473/582/827 1601/582/827 1599/580/827
f 1445/554/828 1447/556/828 1575/556/828 1573/554/828
f 1474/581/829 1472/579/829 1600/579/829 1602/581/829
f 1448/555/830 1446/553/830 1574/553/830 1576/555/830
f 1473/582/831 1475/584/831 1603/584/831 1601/582/831
f 1447/556/832 1449/558/832 1577/558/832 1575/556/832
f 1498/611/833 1497/612/833 1561/613/833 1562/614/833
f 1500/615/834 1499/616/834 1563/617/834 1564/618/834
f 1501/619/833 1498/611/833 1562/614/833 1565/620/833
f 1499/616/834 1502/621/834 1566/622/834 1563/617/834
f 1503/623/833 1501/619/833 1565/620/833 1567/624/833
f 1502/621/834 1504/625/834 1568/626/834 1566/622/834
f 1505/627/833 1503/623/833 1567/624/833 1569/628/833
f 1504/625/834 1506/629/834 1570/630/834 1568/626/834
f 1507/631/833 1505/627/833 1569/628/833 1571/632/833
f 1506/629/834 1508/633/834 1572/634/834 1570/630/834
f 1509/635/833 1507/631/833 1571/632/833 1573/636/833
f 1508/633/834 1510/637/834 1574/638/834 1572/634/834
f 1511/639/833 1509/635/833 1573/636/833 1575/640/833
f 1510/637/834 1512/641/834 1576/642/834 1574/638/834
f 1513/643/833 1511/639/833 1575/640/833 1577/644/833
f 1512/641/834 1514/608/834 1578/645/834 1576/642/834
f 1515/646/833 1513/643/833 1577/644/833 1579/647/833
f 1514/608/834 1516/607/834 1580/648/834 1578/645/834
f 1517/649/833 1515/646/833 1579/647/833 1581/650/833
f 1516/607/834 1518/651/834 1582/652/834 1580/648/834
f 1519/653/833 1517/649/833 1581/650/833 1583/654/833
f 1518/651/834 1520/655/834 1584/656/834 1582/652/834
f 1521/657/833 1519/653/833 1583/654/833 1585/658/833
f 1520/655/834 1522/659/834 1586/660/834 1584/656/834
f 1523/661/833 1521/657/833 1585/658/833 1587/662/833
f 1522/659/834 1524/663/834 1588/664/834 1586/660/834
f 1525/665/833 1523/661/833 1587/662/833 1589/666/833
f 1524/663/834 1526/667/834 1590/668/834 1588/664/834
f 1527/669/833 1525/665/833 1589/666/833 1591/670/833
f 1526/667/834 1528/671/834 1592/672/834 1590/668/834
f 1529/673/833 1527/669/833 1591/670/833 1593/674/833
f 1528/671/834 1530/675/834 1594/676/834 1592/672/834
f 1531/677/833 1529/673/833 1593/674/833 1595/678/833
f 1530/675/834 1532/679/834 1596/680/834 1594/676/834
f 1533/681/833 1531/677/833 1595/678/833 1597/682/833
f 1532/679/834 1534/683/834 1598/684/834 1596/680/834
f 1535/685/833 1533/681/833 1597/682/833 1599/686/833
f 1534/683/834 1536/687/834 1600/688/834 1598/684/834
f 1537/689/833 1535/685/833 1599/686/833 1601/690/833
f 1536/687/834 1538/691/834 1602/692/834 1600/688/834
f 1539/693/833 1537/689/833 1601/690/833 1603/694/833
f 1538/691/834 1540/610/834 1604/695/834 1602/692/834
f 1541/696/833 1539/693/833 1603/694/833 1605/697/833
f 1540/610/834 1542/609/834 1606/698/834 1604/695/834
f 1543/699/833 1541/696/833 1605/697/833 1607/700/833
f 1542/609/834 1544/701/834 1608/702/834 1606/698/834
f 1545/703/833 1543/699/833 1607/700/833 1609/704/833
f 1544/701/834 1546/705/834 1610/706/834 1608/702/834
f 1547/707/833 1545/703/833 1609/704/833 1611/708/833
f 1546/705/834 1548/709/834 1612/710/834 1610/706/834
f 1549/711/833 1547/707/833 1611/708/833 1613/712/833
f 1548/709/834 1550/713/834 1614/714/834 1612/710/834
f 1551/715/833 1549/711/833 1613/712/833 1615/716/833
f 1550/713/834 1552/717/834 1616/718/834 1614/714/834
f 1553/719/833 1551/715/833 1615/716/833 1617/720/833
f 1552/717/834 1554/721/834 1618/722/834 1616/718/834
f 1555/723/833 1553/719/833 1617/720/833 1619/724/833
f 1554/721/834 1556/725/834 1620/726/834 1618/722/834
f 1557/727/833 1555/723/833 1619/724/833 1621/728/833
f 1556/725/834 1558/729/834 1622/730/834 1620/726/834
f 1559/731/833 1557/727/833 1621/728/833 1623/732/833
f 1558/729/834 1560/733/834 1624/734/834 1622/730/834
f 1497/612/833 1559/731/833 1623/732/833 1561/613/833
f 1560/733/834 1500/615/834 1564/618/834 1624/734/834
o SM_Fuse_Box_Support
v -0.074011 0.169646 0.314088
v -0.074011 0.192565 0.314088
v -0.074011 0.169646 -0.314088
v -0.074011 0.192565 -0.314088
v 0.011666 0.169646 0.314088
v 0.015034 0.176311 0.310791
v 0.015034 0.185900 0.310791
v 0.011666 0.192565 0.314088
v 0.015034 0.176311 -0.310791
v 0.011666 0.169646 -0.314088
v 0.011666 0.192565 -0.314088
v 0.015034 0.185900 -0.310791
v 0.011666 0.192565 0.080608
v 0.015034 0.185900 0.080853
v 0.011666 0.192565 -0.080608
v 0.015034 0.185900 -0.080853
v 0.011666 0.169646 -0.080608
v 0.015034 0.176311 -0.080853
v 0.011666 0.169646 0.080608
v 0.015034 0.176311 0.080853
v -0.027370 0.173014 -0.064545
v -0.029250 0.169646 -0.067358
v -0.013949 0.173014 0.071718
v -0.015244 0.169646 0.074844
v -0.013949 0.173014 -0.071718
v -0.015244 0.169646 -0.074844
v 0.000613 0.173014 0.076136
v -0.000047 0.169646 0.079454
v 0.000613 0.173014 -0.076136
v -0.000047 0.169646 -0.079454
v -0.061870 0.173014 -0.000000
v -0.065253 0.169646 -0.000000
v -0.060378 0.173014 0.015144
v -0.063697 0.169646 0.015804
v -0.055961 0.173014 0.029707
v -0.059087 0.169646 0.031001
v -0.060378 0.173014 -0.015144
v -0.063697 0.169646 -0.015804
v -0.055961 0.173014 -0.029707
v -0.059087 0.169646 -0.031001
v -0.048787 0.173014 -0.043127
v -0.051601 0.169646 -0.045007
v -0.027370 0.173014 0.064545
v -0.029250 0.169646 0.067358
v -0.039133 0.173014 0.054891
v -0.041526 0.169646 0.057283
v -0.039133 0.173014 -0.054891
v -0.041526 0.169646 -0.057283
v -0.048787 0.173014 0.043127
v -0.051601 0.169646 0.045007
v -0.061870 0.189198 -0.000000
v -0.065253 0.192565 -0.000000
v -0.060378 0.189198 0.015144
v -0.063697 0.192565 0.015804
v -0.055961 0.189198 -0.029707
v -0.059087 0.192565 -0.031001
v -0.055961 0.189198 0.029707
v -0.059087 0.192565 0.031001
v -0.060378 0.189198 -0.015144
v -0.063697 0.192565 -0.015804
v -0.048787 0.189198 0.043127
v -0.051601 0.192565 0.045007
v -0.027370 0.189198 -0.064545
v -0.029250 0.192565 -0.067358
v -0.039133 0.189198 0.054891
v -0.041526 0.192565 0.057283
v -0.039133 0.189198 -0.054891
v -0.041526 0.192565 -0.057283
v -0.048787 0.189198 -0.043127
v -0.051601 0.192565 -0.045007
v -0.027370 0.189198 0.064545
v -0.029250 0.192565 0.067358
v -0.013949 0.189198 -0.071718
v -0.015244 0.192565 -0.074844
v -0.013949 0.189198 0.071718
v -0.015244 0.192565 0.074844
v 0.000613 0.189198 0.076136
v -0.000047 0.192565 0.079454
v 0.000613 0.189198 -0.076136
v -0.000047 0.192565 -0.079454
v 0.011666 0.192565 0.119392
v 0.015034 0.185900 0.119147
v 0.011666 0.192565 0.280608
v 0.015034 0.185900 0.280853
v 0.011666 0.169646 0.280608
v 0.015034 0.176311 0.280853
v 0.011666 0.169646 0.119392
v 0.015034 0.176311 0.119147
v -0.039133 0.173014 0.254891
v -0.041526 0.169646 0.257283
v -0.013949 0.173014 0.271718
v -0.015244 0.169646 0.274844
v -0.027370 0.173014 0.264545
v -0.029250 0.169646 0.267358
v 0.000613 0.173014 0.276136
v -0.000047 0.169646 0.279454
v 0.000613 0.173014 0.123864
v -0.000047 0.169646 0.120546
v -0.048787 0.173014 0.243127
v -0.051601 0.169646 0.245007
v -0.013949 0.173014 0.128282
v -0.015244 0.169646 0.125156
v -0.027370 0.173014 0.135455
v -0.029250 0.169646 0.132642
v -0.055961 0.173014 0.229707
v -0.059087 0.169646 0.231001
v -0.039133 0.173014 0.145109
v -0.041526 0.169646 0.142717
v -0.060378 0.173014 0.215144
v -0.063697 0.169646 0.215804
v -0.048787 0.173014 0.156873
v -0.051601 0.169646 0.154993
v -0.061870 0.173014 0.200000
v -0.065253 0.169646 0.200000
v -0.055961 0.173014 0.170293
v -0.059087 0.169646 0.168999
v -0.060378 0.173014 0.184856
v -0.063697 0.169646 0.184196
v -0.039133 0.189198 0.254891
v -0.041526 0.192565 0.257283
v -0.027370 0.189198 0.264545
v -0.029250 0.192565 0.267358
v -0.013949 0.189198 0.271718
v -0.015244 0.192565 0.274844
v 0.000613 0.189198 0.276136
v -0.000047 0.192565 0.279454
v 0.000613 0.189198 0.123864
v -0.000047 0.192565 0.120546
v -0.048787 0.189198 0.243127
v -0.051601 0.192565 0.245007
v -0.013949 0.189198 0.128282
v -0.015244 0.192565 0.125156
v -0.027370 0.189198 0.135455
v -0.029250 0.192565 0.132642
v -0.055961 0.189198 0.229707
v -0.059087 0.192565 0.231001
v -0.039133 0.189198 0.145109
v -0.041526 0.192565 0.142717
v -0.060378 0.189198 0.215144
v -0.063697 0.192565 0.215804
v -0.048787 0.189198 0.156873
v -0.051601 0.192565 0.154993
v -0.061870 0.189198 0.200000
v -0.065253 0.192565 0.200000
v -0.055961 0.189198 0.170293
v -0.059087 0.192565 0.168999
v -0.060378 0.189198 0.184856
v -0.063697 0.192565 0.184196
v 0.011666 0.192565 -0.119392
v 0.015034 0.185900 -0.119147
v 0.011666 0.192565 -0.280608
v 0.015034 0.185900 -0.280853
v 0.011666 0.169646 -0.280608
v 0.015034 0.176311 -0.280853
v 0.011666 0.169646 -0.119392
v 0.015034 0.176311 -0.119147
v -0.039133 0.173014 -0.254891
v -0.041526 0.169646 -0.257283
v -0.027370 0.173014 -0.264545
v -0.029250 0.169646 -0.267358
v -0.013949 0.173014 -0.271718
v -0.015244 0.169646 -0.274844
v 0.000613 0.173014 -0.123864
v -0.000047 0.169646 -0.120546
v 0.000613 0.173014 -0.276136
v -0.000047 0.169646 -0.279454
v -0.048787 0.173014 -0.243127
v -0.051601 0.169646 -0.245007
v -0.013949 0.173014 -0.128282
v -0.015244 0.169646 -0.125156
v -0.027370 0.173014 -0.135455
v -0.029250 0.169646 -0.132642
v -0.055961 0.173014 -0.229707
v -0.059087 0.169646 -0.231001
v -0.039133 0.173014 -0.145109
v -0.041526 0.169646 -0.142717
v -0.060378 0.173014 -0.215144
v -0.063697 0.169646 -0.215804
v -0.048787 0.173014 -0.156873
v -0.051601 0.169646 -0.154993
v -0.061870 0.173014 -0.200000
v -0.065253 0.169646 -0.200000
v -0.055961 0.173014 -0.170293
v -0.059087 0.169646 -0.168999
v -0.060378 0.173014 -0.184856
v -0.063697 0.169646 -0.184196
v -0.048787 0.189198 -0.243127
v -0.051601 0.192565 -0.245007
v -0.039133 0.189198 -0.254891
v -0.041526 0.192565 -0.257283
v -0.027370 0.189198 -0.264545
v -0.029250 0.192565 -0.267358
v -0.013949 0.189198 -0.128282
v -0.015244 0.192565 -0.125156
v -0.000047 0.192565 -0.279454
v 0.000613 0.189198 -0.276136
v 0.000613 0.189198 -0.123864
v -0.000047 0.192565 -0.120546
v -0.013949 0.189198 -0.271718
v -0.015244 0.192565 -0.274844
v -0.027370 0.189198 -0.135455
v -0.029250 0.192565 -0.132642
v -0.055961 0.189198 -0.229707
v -0.059087 0.192565 -0.231001
v -0.039133 0.189198 -0.145109
v -0.041526 0.192565 -0.142717
v -0.060378 0.189198 -0.215144
v -0.063697 0.192565 -0.215804
v -0.048787 0.189198 -0.156873
v -0.051601 0.192565 -0.154993
v -0.061870 0.189198 -0.200000
v -0.065253 0.192565 -0.200000
v -0.060378 0.189198 -0.184856
v -0.063697 0.192565 -0.184196
v -0.055961 0.189198 -0.170293
v -0.059087 0.192565 -0.168999
v 0.015034 0.189198 0.314088
v 0.015034 0.189198 0.277556
v 0.015034 0.173014 0.277556
v 0.015034 0.173014 0.314088
v 0.015034 0.173014 0.077556
v 0.015034 0.173014 0.122444
v 0.015034 0.189198 0.122444
v 0.015034 0.189198 0.077556
v 0.015034 0.189198 -0.077556
v 0.015034 0.189198 -0.122444
v 0.015034 0.173014 -0.122444
v 0.015034 0.173014 -0.077556
v 0.015034 0.173014 -0.314088
v 0.015034 0.173014 -0.277556
v 0.015034 0.189198 -0.277556
v 0.015034 0.189198 -0.314088
v 0.013039 0.185900 0.310791
v 0.013039 0.185900 0.280853
v 0.013039 0.176311 0.280853
v 0.013039 0.176311 0.310791
v 0.013039 0.176311 0.080853
v 0.013039 0.176311 0.119147
v 0.013039 0.185900 0.119147
v 0.013039 0.185900 0.080853
v 0.013039 0.185900 -0.080853
v 0.013039 0.185900 -0.119147
v 0.013039 0.176311 -0.119147
v 0.013039 0.176311 -0.080853
v 0.013039 0.176311 -0.310791
v 0.013039 0.176311 -0.280853
v 0.013039 0.185900 -0.280853
v 0.013039 0.185900 -0.310791
vn -1.0000 -0.0000 -0.0000
vn -0.0000 -0.0000 1.0000
vn -0.0000 -1.0000 -0.0000
vn 0.0980 -0.0000 0.9952
vn 0.0980 -0.0000 -0.9952
vn -0.0000 -0.0000 -1.0000
vn -0.0000 1.0000 -0.0000
vn 0.6344 -0.0000 0.7730
vn 0.9952 -0.0000 0.0980
vn 0.2903 -0.0000 0.9569
vn 0.4714 -0.0000 0.8819
vn 0.2903 -0.0000 -0.9569
vn 0.7730 -0.0000 -0.6344
vn 0.9569 -0.0000 0.2903
vn 0.8819 -0.0000 -0.4714
vn 0.9569 -0.0000 -0.2903
vn 0.9952 -0.0000 -0.0980
vn 0.8819 -0.0000 0.4714
vn 0.7730 -0.0000 0.6344
vn 0.6344 -0.0000 -0.7730
vn 0.4714 -0.0000 -0.8819
vn 0.7071 0.7071 -0.0000
vn 0.7071 -0.7071 -0.0000
vn 0.0693 -0.7071 0.7037
vn 0.2053 -0.7071 0.6767
vn 0.3333 -0.7071 0.6236
vn 0.4486 -0.7071 0.5466
vn 0.5466 -0.7071 0.4486
vn 0.6236 -0.7071 0.3333
vn 0.6767 -0.7071 0.2053
vn 0.7037 -0.7071 0.0693
vn 0.7037 -0.7071 -0.0693
vn 0.6767 -0.7071 -0.2053
vn 0.6236 -0.7071 -0.3333
vn 0.5466 -0.7071 -0.4486
vn 0.4486 -0.7071 -0.5466
vn 0.3333 -0.7071 -0.6236
vn 0.2053 -0.7071 -0.6767
vn 0.0693 -0.7071 -0.7037
vn 0.0693 0.7071 0.7037
vn 0.0693 0.7071 -0.7037
vn 0.2053 0.7071 -0.6767
vn 0.3333 0.7071 -0.6236
vn 0.4486 0.7071 -0.5466
vn 0.5466 0.7071 -0.4486
vn 0.6236 0.7071 -0.3333
vn 0.6767 0.7071 -0.2053
vn 0.7037 0.7071 -0.0693
vn 0.7037 0.7071 0.0693
vn 0.6767 0.7071 0.2053
vn 0.6236 0.7071 0.3333
vn 0.5466 0.7071 0.4486
vn 0.4486 0.7071 0.5466
vn 0.3333 0.7071 0.6236
vn 0.2053 0.7071 0.6767
vn 1.0000 -0.0000 -0.0000
vt 0.375000 0.000000
vt 0.625000 0.000000
vt 0.625000 0.250000
vt 0.375000 0.250000
vt 0.447697 0.657178
vt 0.552303 0.657178
vt 0.365547 0.592920
vt 0.332660 0.593379
vt 0.289993 0.595214
vt 0.250671 0.598193
vt 0.216205 0.602203
vt 0.187919 0.607088
vt 0.166901 0.612662
vt 0.153958 0.618710
vt 0.149588 0.625000
vt 0.153958 0.631290
vt 0.166901 0.637338
vt 0.187919 0.642912
vt 0.216205 0.647798
vt 0.250671 0.651807
vt 0.289993 0.654786
vt 0.332660 0.656621
vt 0.365547 0.657080
vt 0.365547 0.672515
vt 0.332660 0.672975
vt 0.289994 0.674809
vt 0.250671 0.677788
vt 0.216205 0.681798
vt 0.187919 0.686684
vt 0.166901 0.692258
vt 0.153958 0.698306
vt 0.149588 0.704595
vt 0.153958 0.710885
vt 0.166901 0.716933
vt 0.187919 0.722507
vt 0.216205 0.727393
vt 0.250671 0.731402
vt 0.289993 0.734382
vt 0.332660 0.736217
vt 0.365547 0.736676
vt 0.365547 0.750000
vt 0.125000 0.750000
vt 0.125000 0.500000
vt 0.365547 0.500000
vt 0.365547 0.513324
vt 0.332660 0.513784
vt 0.289993 0.515618
vt 0.250671 0.518597
vt 0.216205 0.522607
vt 0.187920 0.527493
vt 0.166901 0.533066
vt 0.153958 0.539115
vt 0.149588 0.545405
vt 0.153958 0.551694
vt 0.166901 0.557742
vt 0.187919 0.563317
vt 0.216205 0.568202
vt 0.250671 0.572212
vt 0.289993 0.575191
vt 0.332660 0.577026
vt 0.365547 0.577485
vt 0.552303 0.577582
vt 0.552303 0.592822
vt 0.001494 1.000000
vt 0.001494 1.000000
vt 0.031250 1.000000
vt 0.498506 1.000000
vt 0.468750 1.000000
vt 0.498506 1.000000
vt 0.552303 0.513227
vt 0.447697 0.513227
vt 0.634453 0.513324
vt 0.634453 0.500000
vt 0.875000 0.500000
vt 0.875000 0.750000
vt 0.634453 0.750000
vt 0.634454 0.736676
vt 0.667340 0.736217
vt 0.710007 0.734382
vt 0.749329 0.731402
vt 0.783795 0.727393
vt 0.812081 0.722508
vt 0.833098 0.716933
vt 0.846042 0.710885
vt 0.850412 0.704595
vt 0.846041 0.698306
vt 0.833098 0.692257
vt 0.812081 0.686684
vt 0.783795 0.681798
vt 0.749329 0.677788
vt 0.710007 0.674809
vt 0.667340 0.672975
vt 0.634454 0.672515
vt 0.634453 0.657080
vt 0.667340 0.656621
vt 0.710007 0.654787
vt 0.749329 0.651807
vt 0.783795 0.647798
vt 0.812081 0.642912
vt 0.833099 0.637338
vt 0.846041 0.631290
vt 0.850412 0.625000
vt 0.846042 0.618710
vt 0.833099 0.612662
vt 0.812080 0.607088
vt 0.783795 0.602203
vt 0.749329 0.598193
vt 0.710007 0.595214
vt 0.667340 0.593379
vt 0.634453 0.592920
vt 0.634453 0.577485
vt 0.667340 0.577025
vt 0.710007 0.575191
vt 0.749329 0.572211
vt 0.783795 0.568202
vt 0.812081 0.563316
vt 0.833099 0.557742
vt 0.846041 0.551694
vt 0.850412 0.545404
vt 0.846042 0.539115
vt 0.833098 0.533066
vt 0.812080 0.527492
vt 0.783795 0.522607
vt 0.749329 0.518597
vt 0.710007 0.515618
vt 0.667340 0.513784
vt 0.625000 0.490547
vt 0.588270 0.500000
vt 0.411730 0.500000
vt 0.375000 0.490547
vt 0.125000 1.000000
vt 0.093750 1.000000
vt 0.552303 0.672418
vt 0.250000 1.000000
vt 0.218750 1.000000
vt 0.062500 1.000000
vt 0.437500 1.000000
vt 0.375000 1.000000
vt 0.343750 1.000000
vt 0.001494 1.000000
vt 0.001494 1.000000
vt 0.187500 1.000000
vt 0.312500 1.000000
vt 0.281250 1.000000
vt 0.156250 1.000000
vt 0.406250 1.000000
vt 0.001494 1.000000
vt 0.001494 1.000000
vt 0.588270 0.750000
vt 0.588270 0.735461
vt 0.411730 0.735461
vt 0.411730 0.750000
vt 0.411730 0.655866
vt 0.411730 0.673730
vt 0.588270 0.673730
vt 0.588270 0.655866
vt 0.588270 0.594134
vt 0.588270 0.576270
vt 0.411730 0.576270
vt 0.411730 0.594134
vt 0.411730 0.514539
vt 0.588270 0.514539
vt 0.375000 0.594134
vt 0.334513 0.594700
vt 0.293628 0.596458
vt 0.255949 0.599313
vt 0.222922 0.603155
vt 0.195818 0.607836
vt 0.175677 0.613177
vt 0.163275 0.618973
vt 0.159087 0.625000
vt 0.163275 0.631027
vt 0.175677 0.636823
vt 0.195818 0.642164
vt 0.222922 0.646845
vt 0.255949 0.650687
vt 0.293628 0.653542
vt 0.334513 0.655300
vt 0.375000 0.655866
vt 0.375000 0.673730
vt 0.334513 0.674295
vt 0.293628 0.676053
vt 0.255949 0.678908
vt 0.222922 0.682750
vt 0.195818 0.687432
vt 0.175677 0.692773
vt 0.163275 0.698568
vt 0.159087 0.704596
vt 0.163275 0.710623
vt 0.175677 0.716418
vt 0.195818 0.721759
vt 0.222922 0.726441
vt 0.255949 0.730283
vt 0.293628 0.733138
vt 0.334513 0.734896
vt 0.375000 0.735461
vt 0.375000 0.514539
vt 0.334513 0.515104
vt 0.293628 0.516862
vt 0.255949 0.519717
vt 0.222922 0.523559
vt 0.195818 0.528241
vt 0.175677 0.533582
vt 0.163275 0.539377
vt 0.159087 0.545404
vt 0.163275 0.551432
vt 0.175677 0.557227
vt 0.195818 0.562569
vt 0.222922 0.567250
vt 0.255949 0.571092
vt 0.293629 0.573947
vt 0.334513 0.575705
vt 0.375000 0.576270
vt 0.665487 0.515104
vt 0.625000 0.514539
vt 0.625000 0.735461
vt 0.665487 0.734896
vt 0.706372 0.733138
vt 0.744051 0.730283
vt 0.777078 0.726441
vt 0.804182 0.721759
vt 0.824322 0.716418
vt 0.836725 0.710623
vt 0.840913 0.704596
vt 0.836725 0.698568
vt 0.824323 0.692773
vt 0.804182 0.687432
vt 0.777078 0.682750
vt 0.744051 0.678908
vt 0.706372 0.676053
vt 0.665487 0.674295
vt 0.625000 0.673730
vt 0.625000 0.655866
vt 0.665487 0.655300
vt 0.706372 0.653542
vt 0.744051 0.650687
vt 0.777078 0.646845
vt 0.804182 0.642164
vt 0.824323 0.636823
vt 0.836725 0.631027
vt 0.840913 0.625000
vt 0.836725 0.618973
vt 0.824323 0.613177
vt 0.804182 0.607836
vt 0.777078 0.603155
vt 0.744051 0.599313
vt 0.706372 0.596458
vt 0.665487 0.594700
vt 0.625000 0.594134
vt 0.625000 0.576270
vt 0.665487 0.575705
vt 0.706372 0.573947
vt 0.744052 0.571092
vt 0.777078 0.567250
vt 0.804182 0.562568
vt 0.824323 0.557227
vt 0.836725 0.551432
vt 0.840913 0.545405
vt 0.836725 0.539377
vt 0.824323 0.533582
vt 0.804182 0.528241
vt 0.777078 0.523559
vt 0.744051 0.519717
vt 0.706372 0.516862
vt 0.375000 0.759453
vt 0.625000 0.759453
vt 0.625000 1.000000
vt 0.552303 0.748688
vt 0.552303 0.736773
vt 0.447697 0.736773
vt 0.447697 0.748688
vt 0.447697 0.672418
vt 0.447697 0.577582
vt 0.447697 0.592822
vt 0.447697 0.501312
vt 0.552303 0.501312
s 0
usemtl M_Gris_Metal
f 1689/735/897 1690/736/897 1692/737/897 1691/738/897
f 1708/739/898 1702/740/898 1928/740/898 1925/739/898
f 1705/741/899 1718/742/899 1714/743/899 1710/744/899 1736/745/899 1730/746/899 1728/747/899 1726/748/899 1720/749/899 1722/750/899 1724/751/899 1738/752/899 1734/753/899 1732/754/899 1712/755/899 1716/756/899 1707/757/899 1775/758/899 1786/759/899 1790/760/899 1792/761/899 1796/762/899 1800/763/899 1804/764/899 1806/765/899 1802/766/899 1798/767/899 1794/768/899 1788/769/899 1778/770/899 1782/771/899 1780/772/899 1784/773/899 1773/774/899 1693/775/899 1689/776/899 1691/777/899 1698/778/899 1841/779/899 1854/780/899 1850/781/899 1848/782/899 1846/783/899 1856/784/899 1862/785/899 1866/786/899 1870/787/899 1874/788/899 1872/789/899 1868/790/899 1864/791/899 1860/792/899 1858/793/899 1852/794/899 1843/795/899
f 1838/796/899 1704/797/899 1929/797/899 1930/796/899
f 1916/798/900 1913/799/900 1767/800/900 1717/800/900
f 1909/801/901 1715/802/901 1765/802/901 1912/803/901
f 1840/804/902 1842/805/902 1934/805/902 1935/804/902
f 1839/806/903 1699/807/903 1692/808/903 1690/809/903 1696/810/903 1771/811/903 1814/812/903 1812/813/903 1810/814/903 1808/815/903 1818/816/903 1824/817/903 1828/818/903 1832/819/903 1836/820/903 1834/821/903 1830/822/903 1826/823/903 1822/824/903 1820/825/903 1816/826/903 1769/827/903 1701/828/903 1766/829/903 1764/830/903 1760/831/903 1754/832/903 1750/833/903 1746/834/903 1742/835/903 1740/836/903 1748/837/903 1744/838/903 1758/839/903 1756/840/903 1752/841/903 1762/842/903 1768/843/903 1703/844/903 1837/845/903 1886/846/903 1882/847/903 1890/848/903 1894/849/903 1898/850/903 1904/851/903 1902/852/903 1900/853/903 1896/854/903 1892/855/903 1876/856/903 1878/857/903 1880/858/903 1888/859/903 1883/860/903
f 1691/738/902 1692/737/902 1699/861/902 1920/862/902 1917/863/902 1698/864/902
f 1755/865/904 1735/865/904 1709/866/904 1751/866/904
f 1702/740/899 1770/867/899 1927/867/899 1928/740/899
f 1739/868/905 1719/868/905 1725/869/905 1747/869/905
f 1761/870/906 1713/870/906 1717/800/906 1767/800/906
f 1751/866/907 1709/866/907 1713/870/907 1761/870/907
f 1715/802/908 1711/871/908 1763/871/908 1765/802/908
f 1753/872/909 1733/872/909 1737/873/909 1749/873/909
f 1910/874/900 1911/875/900 1815/800/900 1785/800/900
f 1747/869/910 1725/869/910 1727/876/910 1743/876/910
f 1749/873/911 1737/873/911 1723/877/911 1745/877/911
f 1745/877/912 1723/877/912 1721/878/912 1741/878/912
f 1741/878/913 1721/878/913 1719/868/913 1739/868/913
f 1743/876/914 1727/876/914 1729/879/914 1757/879/914
f 1757/879/915 1729/879/915 1735/865/915 1755/865/915
f 1731/880/916 1733/872/916 1753/872/916 1759/880/916
f 1711/871/917 1731/880/917 1759/880/917 1763/871/917
f 1825/865/904 1795/865/904 1791/866/904 1821/866/904
f 1807/872/909 1777/872/909 1787/873/909 1817/873/909
f 1817/873/911 1787/873/911 1793/877/911 1823/877/911
f 1819/870/906 1789/870/906 1785/800/906 1815/800/906
f 1907/803/901 1783/802/901 1813/802/901 1906/801/901
f 1783/802/908 1779/871/908 1811/871/908 1813/802/908
f 1779/871/917 1781/880/917 1809/880/917 1811/871/917
f 1781/880/916 1777/872/916 1807/872/916 1809/880/916
f 1821/866/907 1791/866/907 1789/870/907 1819/870/907
f 1829/879/915 1799/879/915 1795/865/915 1825/865/915
f 1833/876/914 1803/876/914 1799/879/914 1829/879/914
f 1835/869/910 1805/869/910 1803/876/910 1833/876/910
f 1915/801/901 1851/802/901 1885/802/901 1914/801/901
f 1831/868/905 1801/868/905 1805/869/905 1835/869/905
f 1827/878/913 1797/878/913 1801/868/913 1831/868/913
f 1823/877/912 1793/877/912 1797/878/912 1827/878/912
f 1887/870/906 1849/870/906 1853/800/906 1884/800/906
f 1918/881/900 1919/882/900 1884/800/900 1853/800/900
f 1851/802/908 1857/871/908 1881/871/908 1885/802/908
f 1891/876/914 1861/876/914 1855/879/914 1875/879/914
f 1877/865/904 1845/865/904 1847/866/904 1879/866/904
f 1859/880/916 1863/872/916 1893/872/916 1889/880/916
f 1895/869/910 1865/869/910 1861/876/910 1891/876/910
f 1899/868/905 1869/868/905 1865/869/905 1895/869/905
f 1901/878/913 1873/878/913 1869/868/913 1899/868/913
f 1903/877/912 1871/877/912 1873/878/912 1901/878/912
f 1897/873/911 1867/873/911 1871/877/911 1903/877/911
f 1893/872/909 1863/872/909 1867/873/909 1897/873/909
f 1857/871/917 1859/880/917 1889/880/917 1881/871/917
f 1879/866/907 1847/866/907 1849/870/907 1887/870/907
f 1875/879/915 1855/879/915 1845/865/915 1877/865/915
f 1905/883/918 1906/884/918 1771/811/918 1696/810/918
f 1693/775/919 1773/774/919 1907/885/919 1908/886/919
f 1909/887/919 1910/888/919 1775/758/919 1707/757/919
f 1701/828/918 1769/827/918 1911/889/918 1912/890/918
f 1913/891/918 1914/892/918 1837/845/918 1703/844/918
f 1705/741/919 1843/795/919 1915/893/919 1916/894/919
f 1917/863/919 1918/895/919 1841/779/919 1698/778/919
f 1699/807/918 1839/806/918 1919/896/918 1920/862/918
f 1916/897/920 1717/898/920 1718/742/920 1705/741/920
f 1714/743/921 1718/742/921 1717/898/921 1713/899/921
f 1710/744/922 1714/743/922 1713/899/922 1709/900/922
f 1709/900/923 1735/901/923 1736/745/923 1710/744/923
f 1730/746/924 1736/745/924 1735/901/924 1729/902/924
f 1728/747/925 1730/746/925 1729/902/925 1727/903/925
f 1726/748/926 1728/747/926 1727/903/926 1725/904/926
f 1720/749/927 1726/748/927 1725/904/927 1719/905/927
f 1719/905/928 1721/906/928 1722/750/928 1720/749/928
f 1721/906/929 1723/907/929 1724/751/929 1722/750/929
f 1723/907/930 1737/908/930 1738/752/930 1724/751/930
f 1734/753/931 1738/752/931 1737/908/931 1733/909/931
f 1732/754/932 1734/753/932 1733/909/932 1731/910/932
f 1712/755/933 1732/754/933 1731/910/933 1711/911/933
f 1711/911/934 1715/912/934 1716/756/934 1712/755/934
f 1707/757/935 1716/756/935 1715/912/935 1909/913/935
f 1910/914/920 1785/915/920 1786/759/920 1775/758/920
f 1785/915/921 1789/916/921 1790/760/921 1786/759/921
f 1789/916/922 1791/917/922 1792/761/922 1790/760/922
f 1791/917/923 1795/918/923 1796/762/923 1792/761/923
f 1795/918/924 1799/919/924 1800/763/924 1796/762/924
f 1799/919/925 1803/920/925 1804/764/925 1800/763/925
f 1803/920/926 1805/921/926 1806/765/926 1804/764/926
f 1802/766/927 1806/765/927 1805/921/927 1801/922/927
f 1798/767/928 1802/766/928 1801/922/928 1797/923/928
f 1794/768/929 1798/767/929 1797/923/929 1793/924/929
f 1788/769/930 1794/768/930 1793/924/930 1787/925/930
f 1778/770/931 1788/769/931 1787/925/931 1777/926/931
f 1777/926/932 1781/927/932 1782/771/932 1778/770/932
f 1780/772/933 1782/771/933 1781/927/933 1779/928/933
f 1779/928/934 1783/929/934 1784/773/934 1780/772/934
f 1773/774/935 1784/773/935 1783/929/935 1907/930/935
f 1918/931/920 1853/932/920 1854/780/920 1841/779/920
f 1850/781/921 1854/780/921 1853/932/921 1849/933/921
f 1848/782/922 1850/781/922 1849/933/922 1847/934/922
f 1846/783/923 1848/782/923 1847/934/923 1845/935/923
f 1845/935/924 1855/936/924 1856/784/924 1846/783/924
f 1855/936/925 1861/937/925 1862/785/925 1856/784/925
f 1861/937/926 1865/938/926 1866/786/926 1862/785/926
f 1865/938/927 1869/939/927 1870/787/927 1866/786/927
f 1869/939/928 1873/940/928 1874/788/928 1870/787/928
f 1872/789/929 1874/788/929 1873/940/929 1871/941/929
f 1868/790/930 1872/789/930 1871/941/930 1867/942/930
f 1864/791/931 1868/790/931 1867/942/931 1863/943/931
f 1860/792/932 1864/791/932 1863/943/932 1859/944/932
f 1858/793/933 1860/792/933 1859/944/933 1857/945/933
f 1852/794/934 1858/793/934 1857/945/934 1851/946/934
f 1843/795/935 1852/794/935 1851/946/935 1915/947/935
f 1839/806/936 1883/860/936 1884/948/936 1919/949/936
f 1906/950/937 1813/951/937 1814/812/937 1771/811/937
f 1812/813/938 1814/812/938 1813/951/938 1811/952/938
f 1810/814/939 1812/813/939 1811/952/939 1809/953/939
f 1808/815/940 1810/814/940 1809/953/940 1807/954/940
f 1807/954/941 1817/955/941 1818/816/941 1808/815/941
f 1817/955/942 1823/956/942 1824/817/942 1818/816/942
f 1823/956/943 1827/957/943 1828/818/943 1824/817/943
f 1827/957/944 1831/958/944 1832/819/944 1828/818/944
f 1831/958/945 1835/959/945 1836/820/945 1832/819/945
f 1834/821/946 1836/820/946 1835/959/946 1833/960/946
f 1830/822/947 1834/821/947 1833/960/947 1829/961/947
f 1826/823/948 1830/822/948 1829/961/948 1825/962/948
f 1822/824/949 1826/823/949 1825/962/949 1821/963/949
f 1820/825/950 1822/824/950 1821/963/950 1819/964/950
f 1816/826/951 1820/825/951 1819/964/951 1815/965/951
f 1769/827/936 1816/826/936 1815/965/936 1911/966/936
f 1912/967/937 1765/968/937 1766/829/937 1701/828/937
f 1764/830/938 1766/829/938 1765/968/938 1763/969/938
f 1760/831/939 1764/830/939 1763/969/939 1759/970/939
f 1754/832/940 1760/831/940 1759/970/940 1753/971/940
f 1750/833/941 1754/832/941 1753/971/941 1749/972/941
f 1746/834/942 1750/833/942 1749/972/942 1745/973/942
f 1742/835/943 1746/834/943 1745/973/943 1741/974/943
f 1740/836/944 1742/835/944 1741/974/944 1739/975/944
f 1739/975/945 1747/976/945 1748/837/945 1740/836/945
f 1744/838/946 1748/837/946 1747/976/946 1743/977/946
f 1743/977/947 1757/978/947 1758/839/947 1744/838/947
f 1756/840/948 1758/839/948 1757/978/948 1755/979/948
f 1752/841/949 1756/840/949 1755/979/949 1751/980/949
f 1751/980/950 1761/981/950 1762/842/950 1752/841/950
f 1761/981/951 1767/982/951 1768/843/951 1762/842/951
f 1703/844/936 1768/843/936 1767/982/936 1913/983/936
f 1914/984/937 1885/985/937 1886/846/937 1837/845/937
f 1882/847/938 1886/846/938 1885/985/938 1881/986/938
f 1881/986/939 1889/987/939 1890/848/939 1882/847/939
f 1889/987/940 1893/988/940 1894/849/940 1890/848/940
f 1893/988/941 1897/989/941 1898/850/941 1894/849/941
f 1897/989/942 1903/990/942 1904/851/942 1898/850/942
f 1902/852/943 1904/851/943 1903/990/943 1901/991/943
f 1900/853/944 1902/852/944 1901/991/944 1899/992/944
f 1896/854/945 1900/853/945 1899/992/945 1895/993/945
f 1892/855/946 1896/854/946 1895/993/946 1891/994/946
f 1876/856/947 1892/855/947 1891/994/947 1875/995/947
f 1875/995/948 1877/996/948 1878/857/948 1876/856/948
f 1877/996/949 1879/997/949 1880/858/949 1878/857/949
f 1879/997/950 1887/998/950 1888/859/950 1880/858/950
f 1883/860/951 1888/859/951 1887/998/951 1884/948/951
f 1693/999/898 1908/886/898 1905/883/898 1696/1000/898 1690/1001/898 1689/872/898
f 1695/1002/952 1772/1003/952 1906/884/952 1905/883/952
f 1774/1004/952 1694/1005/952 1908/886/952 1907/885/952
f 1708/739/952 1776/1006/952 1910/888/952 1909/887/952
f 1770/867/952 1702/740/952 1912/890/952 1911/889/952
f 1704/797/952 1838/796/952 1914/892/952 1913/891/952
f 1844/1007/952 1706/1008/952 1916/894/952 1915/893/952
f 1697/1009/952 1842/805/952 1918/895/952 1917/863/952
f 1840/804/952 1700/1010/952 1920/862/952 1919/896/952
f 1694/1005/952 1695/1002/952 1905/883/952 1908/886/952
f 1772/1003/952 1774/1004/952 1907/885/952 1906/884/952
f 1700/1010/952 1697/1009/952 1917/863/952 1920/862/952
f 1842/805/952 1840/804/952 1919/896/952 1918/895/952
f 1702/740/952 1708/739/952 1909/887/952 1912/890/952
f 1776/1006/952 1770/867/952 1911/889/952 1910/888/952
f 1838/796/952 1844/1007/952 1915/893/952 1914/892/952
f 1706/1008/952 1704/797/952 1913/891/952 1916/894/952
f 1706/1008/903 1844/1007/903 1931/1007/903 1932/1008/903
f 1770/867/902 1776/1006/902 1926/1006/902 1927/867/902
f 1842/805/903 1697/1009/903 1933/1009/903 1934/805/903
f 1844/1007/898 1838/796/898 1930/796/898 1931/1007/898
f 1700/1010/899 1840/804/899 1935/804/899 1936/1010/899
f 1772/1003/899 1695/1002/899 1921/1002/899 1922/1003/899
f 1704/797/902 1706/1008/902 1932/1008/902 1929/797/902
f 1695/1002/902 1694/1005/902 1924/1005/902 1921/1002/902
f 1694/1005/903 1774/1004/903 1923/1004/903 1924/1005/903
f 1774/1004/898 1772/1003/898 1922/1003/898 1923/1004/898
f 1776/1006/903 1708/739/903 1925/739/903 1926/1006/903
f 1697/1009/898 1700/1010/898 1936/1010/898 1933/1009/898
usemtl M_Orange
f 1933/1009/952 1936/1010/952 1935/804/952 1934/805/952
f 1930/796/952 1929/797/952 1932/1008/952 1931/1007/952
f 1922/1003/952 1921/1002/952 1924/1005/952 1923/1004/952
f 1926/1006/952 1925/739/952 1928/740/952 1927/867/952
o SM_Fuse_Box_Support.001
v -0.074011 -0.194198 0.314088
v -0.074011 -0.171280 0.314088
v -0.074011 -0.194198 -0.314088
v -0.074011 -0.171280 -0.314088
v 0.011666 -0.194198 0.314088
v 0.015034 -0.187533 0.310791
v 0.015034 -0.177944 0.310791
v 0.011666 -0.171280 0.314088
v 0.015034 -0.187533 -0.310791
v 0.011666 -0.194198 -0.314088
v 0.011666 -0.171280 -0.314088
v 0.015034 -0.177944 -0.310791
v 0.011666 -0.171280 0.080608
v 0.015034 -0.177944 0.080853
v 0.011666 -0.171280 -0.080608
v 0.015034 -0.177944 -0.080853
v 0.011666 -0.194198 -0.080608
v 0.015034 -0.187533 -0.080853
v 0.011666 -0.194198 0.080608
v 0.015034 -0.187533 0.080853
v -0.027370 -0.190831 -0.064545
v -0.029250 -0.194198 -0.067358
v -0.013949 -0.190831 0.071718
v -0.015244 -0.194198 0.074844
v -0.013949 -0.190831 -0.071718
v -0.015244 -0.194198 -0.074844
v 0.000613 -0.190831 0.076136
v -0.000047 -0.194198 0.079454
v 0.000613 -0.190831 -0.076136
v -0.000047 -0.194198 -0.079454
v -0.061870 -0.190831 -0.000000
v -0.065253 -0.194198 -0.000000
v -0.060378 -0.190831 0.015144
v -0.063697 -0.194198 0.015804
v -0.055961 -0.190831 0.029707
v -0.059087 -0.194198 0.031001
v -0.060378 -0.190831 -0.015144
v -0.063697 -0.194198 -0.015804
v -0.055961 -0.190831 -0.029707
v -0.059087 -0.194198 -0.031001
v -0.048787 -0.190831 -0.043127
v -0.051601 -0.194198 -0.045007
v -0.027370 -0.190831 0.064545
v -0.029250 -0.194198 0.067358
v -0.039133 -0.190831 0.054891
v -0.041526 -0.194198 0.057283
v -0.039133 -0.190831 -0.054891
v -0.041526 -0.194198 -0.057283
v -0.048787 -0.190831 0.043127
v -0.051601 -0.194198 0.045007
v -0.061870 -0.174647 -0.000000
v -0.065253 -0.171280 -0.000000
v -0.060378 -0.174647 0.015144
v -0.063697 -0.171280 0.015804
v -0.055961 -0.174647 -0.029707
v -0.059087 -0.171280 -0.031001
v -0.055961 -0.174647 0.029707
v -0.059087 -0.171280 0.031001
v -0.060378 -0.174647 -0.015144
v -0.063697 -0.171280 -0.015804
v -0.048787 -0.174647 0.043127
v -0.051601 -0.171280 0.045007
v -0.027370 -0.174647 -0.064545
v -0.029250 -0.171280 -0.067358
v -0.039133 -0.174647 0.054891
v -0.041526 -0.171280 0.057283
v -0.039133 -0.174647 -0.054891
v -0.041526 -0.171280 -0.057283
v -0.048787 -0.174647 -0.043127
v -0.051601 -0.171280 -0.045007
v -0.027370 -0.174647 0.064545
v -0.029250 -0.171280 0.067358
v -0.013949 -0.174647 -0.071718
v -0.015244 -0.171280 -0.074844
v -0.013949 -0.174647 0.071718
v -0.015244 -0.171280 0.074844
v 0.000613 -0.174647 0.076136
v -0.000047 -0.171280 0.079454
v 0.000613 -0.174647 -0.076136
v -0.000047 -0.171280 -0.079454
v 0.011666 -0.171280 0.119392
v 0.015034 -0.177944 0.119147
v 0.011666 -0.171280 0.280608
v 0.015034 -0.177944 0.280853
v 0.011666 -0.194198 0.280608
v 0.015034 -0.187533 0.280853
v 0.011666 -0.194198 0.119392
v 0.015034 -0.187533 0.119147
v -0.039133 -0.190831 0.254891
v -0.041526 -0.194198 0.257283
v -0.013949 -0.190831 0.271718
v -0.015244 -0.194198 0.274844
v -0.027370 -0.190831 0.264545
v -0.029250 -0.194198 0.267358
v 0.000613 -0.190831 0.276136
v -0.000047 -0.194198 0.279454
v 0.000613 -0.190831 0.123864
v -0.000047 -0.194198 0.120546
v -0.048787 -0.190831 0.243127
v -0.051601 -0.194198 0.245007
v -0.013949 -0.190831 0.128282
v -0.015244 -0.194198 0.125156
v -0.027370 -0.190831 0.135455
v -0.029250 -0.194198 0.132642
v -0.055961 -0.190831 0.229707
v -0.059087 -0.194198 0.231001
v -0.039133 -0.190831 0.145109
v -0.041526 -0.194198 0.142717
v -0.060378 -0.190831 0.215144
v -0.063697 -0.194198 0.215804
v -0.048787 -0.190831 0.156873
v -0.051601 -0.194198 0.154993
v -0.061870 -0.190831 0.200000
v -0.065253 -0.194198 0.200000
v -0.055961 -0.190831 0.170293
v -0.059087 -0.194198 0.168999
v -0.060378 -0.190831 0.184856
v -0.063697 -0.194198 0.184196
v -0.039133 -0.174647 0.254891
v -0.041526 -0.171280 0.257283
v -0.027370 -0.174647 0.264545
v -0.029250 -0.171280 0.267358
v -0.013949 -0.174647 0.271718
v -0.015244 -0.171280 0.274844
v 0.000613 -0.174647 0.276136
v -0.000047 -0.171280 0.279454
v 0.000613 -0.174647 0.123864
v -0.000047 -0.171280 0.120546
v -0.048787 -0.174647 0.243127
v -0.051601 -0.171280 0.245007
v -0.013949 -0.174647 0.128282
v -0.015244 -0.171280 0.125156
v -0.027370 -0.174647 0.135455
v -0.029250 -0.171280 0.132642
v -0.055961 -0.174647 0.229707
v -0.059087 -0.171280 0.231001
v -0.039133 -0.174647 0.145109
v -0.041526 -0.171280 0.142717
v -0.060378 -0.174647 0.215144
v -0.063697 -0.171280 0.215804
v -0.048787 -0.174647 0.156873
v -0.051601 -0.171280 0.154993
v -0.061870 -0.174647 0.200000
v -0.065253 -0.171280 0.200000
v -0.055961 -0.174647 0.170293
v -0.059087 -0.171280 0.168999
v -0.060378 -0.174647 0.184856
v -0.063697 -0.171280 0.184196
v 0.011666 -0.171280 -0.119392
v 0.015034 -0.177944 -0.119147
v 0.011666 -0.171280 -0.280608
v 0.015034 -0.177944 -0.280853
v 0.011666 -0.194198 -0.280608
v 0.015034 -0.187533 -0.280853
v 0.011666 -0.194198 -0.119392
v 0.015034 -0.187533 -0.119147
v -0.039133 -0.190831 -0.254891
v -0.041526 -0.194198 -0.257283
v -0.027370 -0.190831 -0.264545
v -0.029250 -0.194198 -0.267358
v -0.013949 -0.190831 -0.271718
v -0.015244 -0.194198 -0.274844
v 0.000613 -0.190831 -0.123864
v -0.000047 -0.194198 -0.120546
v 0.000613 -0.190831 -0.276136
v -0.000047 -0.194198 -0.279454
v -0.048787 -0.190831 -0.243127
v -0.051601 -0.194198 -0.245007
v -0.013949 -0.190831 -0.128282
v -0.015244 -0.194198 -0.125156
v -0.027370 -0.190831 -0.135455
v -0.029250 -0.194198 -0.132642
v -0.055961 -0.190831 -0.229707
v -0.059087 -0.194198 -0.231001
v -0.039133 -0.190831 -0.145109
v -0.041526 -0.194198 -0.142717
v -0.060378 -0.190831 -0.215144
v -0.063697 -0.194198 -0.215804
v -0.048787 -0.190831 -0.156873
v -0.051601 -0.194198 -0.154993
v -0.061870 -0.190831 -0.200000
v -0.065253 -0.194198 -0.200000
v -0.055961 -0.190831 -0.170293
v -0.059087 -0.194198 -0.168999
v -0.060378 -0.190831 -0.184856
v -0.063697 -0.194198 -0.184196
v -0.048787 -0.174647 -0.243127
v -0.051601 -0.171280 -0.245007
v -0.039133 -0.174647 -0.254891
v -0.041526 -0.171280 -0.257283
v -0.027370 -0.174647 -0.264545
v -0.029250 -0.171280 -0.267358
v -0.013949 -0.174647 -0.128282
v -0.015244 -0.171280 -0.125156
v -0.000047 -0.171280 -0.279454
v 0.000613 -0.174647 -0.276136
v 0.000613 -0.174647 -0.123864
v -0.000047 -0.171280 -0.120546
v -0.013949 -0.174647 -0.271718
v -0.015244 -0.171280 -0.274844
v -0.027370 -0.174647 -0.135455
v -0.029250 -0.171280 -0.132642
v -0.055961 -0.174647 -0.229707
v -0.059087 -0.171280 -0.231001
v -0.039133 -0.174647 -0.145109
v -0.041526 -0.171280 -0.142717
v -0.060378 -0.174647 -0.215144
v -0.063697 -0.171280 -0.215804
v -0.048787 -0.174647 -0.156873
v -0.051601 -0.171280 -0.154993
v -0.061870 -0.174647 -0.200000
v -0.065253 -0.171280 -0.200000
v -0.060378 -0.174647 -0.184856
v -0.063697 -0.171280 -0.184196
v -0.055961 -0.174647 -0.170293
v -0.059087 -0.171280 -0.168999
v 0.015034 -0.174647 0.314088
v 0.015034 -0.174647 0.277556
v 0.015034 -0.190831 0.277556
v 0.015034 -0.190831 0.314088
v 0.015034 -0.190831 0.077556
v 0.015034 -0.190831 0.122444
v 0.015034 -0.174647 0.122444
v 0.015034 -0.174647 0.077556
v 0.015034 -0.174647 -0.077556
v 0.015034 -0.174647 -0.122444
v 0.015034 -0.190831 -0.122444
v 0.015034 -0.190831 -0.077556
v 0.015034 -0.190831 -0.314088
v 0.015034 -0.190831 -0.277556
v 0.015034 -0.174647 -0.277556
v 0.015034 -0.174647 -0.314088
v 0.013039 -0.177944 0.310791
v 0.013039 -0.177944 0.280853
v 0.013039 -0.187533 0.280853
v 0.013039 -0.187533 0.310791
v 0.013039 -0.187533 0.080853
v 0.013039 -0.187533 0.119147
v 0.013039 -0.177944 0.119147
v 0.013039 -0.177944 0.080853
v 0.013039 -0.177944 -0.080853
v 0.013039 -0.177944 -0.119147
v 0.013039 -0.187533 -0.119147
v 0.013039 -0.187533 -0.080853
v 0.013039 -0.187533 -0.310791
v 0.013039 -0.187533 -0.280853
v 0.013039 -0.177944 -0.280853
v 0.013039 -0.177944 -0.310791
vn -1.0000 -0.0000 -0.0000
vn -0.0000 -0.0000 1.0000
vn -0.0000 -1.0000 -0.0000
vn 0.0980 -0.0000 0.9952
vn 0.0980 -0.0000 -0.9952
vn -0.0000 -0.0000 -1.0000
vn -0.0000 1.0000 -0.0000
vn 0.6344 -0.0000 0.7730
vn 0.9952 -0.0000 0.0980
vn 0.2903 -0.0000 0.9569
vn 0.4714 -0.0000 0.8819
vn 0.2903 -0.0000 -0.9569
vn 0.7730 -0.0000 -0.6344
vn 0.9569 -0.0000 0.2903
vn 0.8819 -0.0000 -0.4714
vn 0.9569 -0.0000 -0.2903
vn 0.9952 -0.0000 -0.0980
vn 0.8819 -0.0000 0.4714
vn 0.7730 -0.0000 0.6344
vn 0.6344 -0.0000 -0.7730
vn 0.4714 -0.0000 -0.8819
vn 0.7071 0.7071 -0.0000
vn 0.7071 -0.7071 -0.0000
vn 0.0693 -0.7071 0.7037
vn 0.2053 -0.7071 0.6767
vn 0.3333 -0.7071 0.6236
vn 0.4486 -0.7071 0.5466
vn 0.5466 -0.7071 0.4486
vn 0.6236 -0.7071 0.3333
vn 0.6767 -0.7071 0.2053
vn 0.7037 -0.7071 0.0693
vn 0.7037 -0.7071 -0.0693
vn 0.6767 -0.7071 -0.2053
vn 0.6236 -0.7071 -0.3333
vn 0.5466 -0.7071 -0.4486
vn 0.4486 -0.7071 -0.5466
vn 0.3333 -0.7071 -0.6236
vn 0.2053 -0.7071 -0.6767
vn 0.0693 -0.7071 -0.7037
vn 0.0693 0.7071 0.7037
vn 0.0693 0.7071 -0.7037
vn 0.2053 0.7071 -0.6767
vn 0.3333 0.7071 -0.6236
vn 0.4486 0.7071 -0.5466
vn 0.5466 0.7071 -0.4486
vn 0.6236 0.7071 -0.3333
vn 0.6767 0.7071 -0.2053
vn 0.7037 0.7071 -0.0693
vn 0.7037 0.7071 0.0693
vn 0.6767 0.7071 0.2053
vn 0.6236 0.7071 0.3333
vn 0.5466 0.7071 0.4486
vn 0.4486 0.7071 0.5466
vn 0.3333 0.7071 0.6236
vn 0.2053 0.7071 0.6767
vn 1.0000 -0.0000 -0.0000
vt 0.375000 0.000000
vt 0.625000 0.000000
vt 0.625000 0.250000
vt 0.375000 0.250000
vt 0.447697 0.657178
vt 0.552303 0.657178
vt 0.365547 0.592920
vt 0.332660 0.593379
vt 0.289993 0.595214
vt 0.250671 0.598193
vt 0.216205 0.602203
vt 0.187919 0.607088
vt 0.166901 0.612662
vt 0.153958 0.618710
vt 0.149588 0.625000
vt 0.153958 0.631290
vt 0.166901 0.637338
vt 0.187919 0.642912
vt 0.216205 0.647798
vt 0.250671 0.651807
vt 0.289993 0.654786
vt 0.332660 0.656621
vt 0.365547 0.657080
vt 0.365547 0.672515
vt 0.332660 0.672975
vt 0.289994 0.674809
vt 0.250671 0.677788
vt 0.216205 0.681798
vt 0.187919 0.686684
vt 0.166901 0.692258
vt 0.153958 0.698306
vt 0.149588 0.704595
vt 0.153958 0.710885
vt 0.166901 0.716933
vt 0.187919 0.722507
vt 0.216205 0.727393
vt 0.250671 0.731402
vt 0.289993 0.734382
vt 0.332660 0.736217
vt 0.365547 0.736676
vt 0.365547 0.750000
vt 0.125000 0.750000
vt 0.125000 0.500000
vt 0.365547 0.500000
vt 0.365547 0.513324
vt 0.332660 0.513784
vt 0.289993 0.515618
vt 0.250671 0.518597
vt 0.216205 0.522607
vt 0.187920 0.527493
vt 0.166901 0.533066
vt 0.153958 0.539115
vt 0.149588 0.545405
vt 0.153958 0.551694
vt 0.166901 0.557742
vt 0.187919 0.563317
vt 0.216205 0.568202
vt 0.250671 0.572212
vt 0.289993 0.575191
vt 0.332660 0.577026
vt 0.365547 0.577485
vt 0.552303 0.577582
vt 0.552303 0.592822
vt 0.001494 1.000000
vt 0.001494 1.000000
vt 0.031250 1.000000
vt 0.498506 1.000000
vt 0.468750 1.000000
vt 0.498506 1.000000
vt 0.552303 0.513227
vt 0.447697 0.513227
vt 0.634453 0.513324
vt 0.634453 0.500000
vt 0.875000 0.500000
vt 0.875000 0.750000
vt 0.634453 0.750000
vt 0.634454 0.736676
vt 0.667340 0.736217
vt 0.710007 0.734382
vt 0.749329 0.731402
vt 0.783795 0.727393
vt 0.812081 0.722508
vt 0.833098 0.716933
vt 0.846042 0.710885
vt 0.850412 0.704595
vt 0.846041 0.698306
vt 0.833098 0.692257
vt 0.812081 0.686684
vt 0.783795 0.681798
vt 0.749329 0.677788
vt 0.710007 0.674809
vt 0.667340 0.672975
vt 0.634454 0.672515
vt 0.634453 0.657080
vt 0.667340 0.656621
vt 0.710007 0.654787
vt 0.749329 0.651807
vt 0.783795 0.647798
vt 0.812081 0.642912
vt 0.833099 0.637338
vt 0.846041 0.631290
vt 0.850412 0.625000
vt 0.846042 0.618710
vt 0.833099 0.612662
vt 0.812080 0.607088
vt 0.783795 0.602203
vt 0.749329 0.598193
vt 0.710007 0.595214
vt 0.667340 0.593379
vt 0.634453 0.592920
vt 0.634453 0.577485
vt 0.667340 0.577025
vt 0.710007 0.575191
vt 0.749329 0.572211
vt 0.783795 0.568202
vt 0.812081 0.563316
vt 0.833099 0.557742
vt 0.846041 0.551694
vt 0.850412 0.545404
vt 0.846042 0.539115
vt 0.833098 0.533066
vt 0.812080 0.527492
vt 0.783795 0.522607
vt 0.749329 0.518597
vt 0.710007 0.515618
vt 0.667340 0.513784
vt 0.625000 0.490547
vt 0.588270 0.500000
vt 0.411730 0.500000
vt 0.375000 0.490547
vt 0.125000 1.000000
vt 0.093750 1.000000
vt 0.552303 0.672418
vt 0.250000 1.000000
vt 0.218750 1.000000
vt 0.062500 1.000000
vt 0.437500 1.000000
vt 0.375000 1.000000
vt 0.343750 1.000000
vt 0.001494 1.000000
vt 0.001494 1.000000
vt 0.187500 1.000000
vt 0.312500 1.000000
vt 0.281250 1.000000
vt 0.156250 1.000000
vt 0.406250 1.000000
vt 0.001494 1.000000
vt 0.001494 1.000000
vt 0.588270 0.750000
vt 0.588270 0.735461
vt 0.411730 0.735461
vt 0.411730 0.750000
vt 0.411730 0.655866
vt 0.411730 0.673730
vt 0.588270 0.673730
vt 0.588270 0.655866
vt 0.588270 0.594134
vt 0.588270 0.576270
vt 0.411730 0.576270
vt 0.411730 0.594134
vt 0.411730 0.514539
vt 0.588270 0.514539
vt 0.375000 0.594134
vt 0.334513 0.594700
vt 0.293628 0.596458
vt 0.255949 0.599313
vt 0.222922 0.603155
vt 0.195818 0.607836
vt 0.175677 0.613177
vt 0.163275 0.618973
vt 0.159087 0.625000
vt 0.163275 0.631027
vt 0.175677 0.636823
vt 0.195818 0.642164
vt 0.222922 0.646845
vt 0.255949 0.650687
vt 0.293628 0.653542
vt 0.334513 0.655300
vt 0.375000 0.655866
vt 0.375000 0.673730
vt 0.334513 0.674295
vt 0.293628 0.676053
vt 0.255949 0.678908
vt 0.222922 0.682750
vt 0.195818 0.687432
vt 0.175677 0.692773
vt 0.163275 0.698568
vt 0.159087 0.704596
vt 0.163275 0.710623
vt 0.175677 0.716418
vt 0.195818 0.721759
vt 0.222922 0.726441
vt 0.255949 0.730283
vt 0.293628 0.733138
vt 0.334513 0.734896
vt 0.375000 0.735461
vt 0.375000 0.514539
vt 0.334513 0.515104
vt 0.293628 0.516862
vt 0.255949 0.519717
vt 0.222922 0.523559
vt 0.195818 0.528241
vt 0.175677 0.533582
vt 0.163275 0.539377
vt 0.159087 0.545404
vt 0.163275 0.551432
vt 0.175677 0.557227
vt 0.195818 0.562569
vt 0.222922 0.567250
vt 0.255949 0.571092
vt 0.293629 0.573947
vt 0.334513 0.575705
vt 0.375000 0.576270
vt 0.665487 0.515104
vt 0.625000 0.514539
vt 0.625000 0.735461
vt 0.665487 0.734896
vt 0.706372 0.733138
vt 0.744051 0.730283
vt 0.777078 0.726441
vt 0.804182 0.721759
vt 0.824322 0.716418
vt 0.836725 0.710623
vt 0.840913 0.704596
vt 0.836725 0.698568
vt 0.824323 0.692773
vt 0.804182 0.687432
vt 0.777078 0.682750
vt 0.744051 0.678908
vt 0.706372 0.676053
vt 0.665487 0.674295
vt 0.625000 0.673730
vt 0.625000 0.655866
vt 0.665487 0.655300
vt 0.706372 0.653542
vt 0.744051 0.650687
vt 0.777078 0.646845
vt 0.804182 0.642164
vt 0.824323 0.636823
vt 0.836725 0.631027
vt 0.840913 0.625000
vt 0.836725 0.618973
vt 0.824323 0.613177
vt 0.804182 0.607836
vt 0.777078 0.603155
vt 0.744051 0.599313
vt 0.706372 0.596458
vt 0.665487 0.594700
vt 0.625000 0.594134
vt 0.625000 0.576270
vt 0.665487 0.575705
vt 0.706372 0.573947
vt 0.744052 0.571092
vt 0.777078 0.567250
vt 0.804182 0.562568
vt 0.824323 0.557227
vt 0.836725 0.551432
vt 0.840913 0.545405
vt 0.836725 0.539377
vt 0.824323 0.533582
vt 0.804182 0.528241
vt 0.777078 0.523559
vt 0.744051 0.519717
vt 0.706372 0.516862
vt 0.375000 0.759453
vt 0.625000 0.759453
vt 0.625000 1.000000
vt 0.552303 0.748688
vt 0.552303 0.736773
vt 0.447697 0.736773
vt 0.447697 0.748688
vt 0.447697 0.672418
vt 0.447697 0.577582
vt 0.447697 0.592822
vt 0.447697 0.501312
vt 0.552303 0.501312
s 0
usemtl M_Gris_Metal
f 1937/1011/953 1938/1012/953 1940/1013/953 1939/1014/953
f 1956/1015/954 1950/1016/954 2176/1016/954 2173/1015/954
f 1953/1017/955 1966/1018/955 1962/1019/955 1958/1020/955 1984/1021/955 1978/1022/955 1976/1023/955 1974/1024/955 1968/1025/955 1970/1026/955 1972/1027/955 1986/1028/955 1982/1029/955 1980/1030/955 1960/1031/955 1964/1032/955 1955/1033/955 2023/1034/955 2034/1035/955 2038/1036/955 2040/1037/955 2044/1038/955 2048/1039/955 2052/1040/955 2054/1041/955 2050/1042/955 2046/1043/955 2042/1044/955 2036/1045/955 2026/1046/955 2030/1047/955 2028/1048/955 2032/1049/955 2021/1050/955 1941/1051/955 1937/1052/955 1939/1053/955 1946/1054/955 2089/1055/955 2102/1056/955 2098/1057/955 2096/1058/955 2094/1059/955 2104/1060/955 2110/1061/955 2114/1062/955 2118/1063/955 2122/1064/955 2120/1065/955 2116/1066/955 2112/1067/955 2108/1068/955 2106/1069/955 2100/1070/955 2091/1071/955
f 2086/1072/955 1952/1073/955 2177/1073/955 2178/1072/955
f 2164/1074/956 2161/1075/956 2015/1076/956 1965/1076/956
f 2157/1077/957 1963/1078/957 2013/1078/957 2160/1079/957
f 2088/1080/958 2090/1081/958 2182/1081/958 2183/1080/958
f 2087/1082/959 1947/1083/959 1940/1084/959 1938/1085/959 1944/1086/959 2019/1087/959 2062/1088/959 2060/1089/959 2058/1090/959 2056/1091/959 2066/1092/959 2072/1093/959 2076/1094/959 2080/1095/959 2084/1096/959 2082/1097/959 2078/1098/959 2074/1099/959 2070/1100/959 2068/1101/959 2064/1102/959 2017/1103/959 1949/1104/959 2014/1105/959 2012/1106/959 2008/1107/959 2002/1108/959 1998/1109/959 1994/1110/959 1990/1111/959 1988/1112/959 1996/1113/959 1992/1114/959 2006/1115/959 2004/1116/959 2000/1117/959 2010/1118/959 2016/1119/959 1951/1120/959 2085/1121/959 2134/1122/959 2130/1123/959 2138/1124/959 2142/1125/959 2146/1126/959 2152/1127/959 2150/1128/959 2148/1129/959 2144/1130/959 2140/1131/959 2124/1132/959 2126/1133/959 2128/1134/959 2136/1135/959 2131/1136/959
f 1939/1014/958 1940/1013/958 1947/1137/958 2168/1138/958 2165/1139/958 1946/1140/958
f 2003/1141/960 1983/1141/960 1957/1142/960 1999/1142/960
f 1950/1016/955 2018/1143/955 2175/1143/955 2176/1016/955
f 1987/1144/961 1967/1144/961 1973/1145/961 1995/1145/961
f 2009/1146/962 1961/1146/962 1965/1076/962 2015/1076/962
f 1999/1142/963 1957/1142/963 1961/1146/963 2009/1146/963
f 1963/1078/964 1959/1147/964 2011/1147/964 2013/1078/964
f 2001/1148/965 1981/1148/965 1985/1149/965 1997/1149/965
f 2158/1150/956 2159/1151/956 2063/1076/956 2033/1076/956
f 1995/1145/966 1973/1145/966 1975/1152/966 1991/1152/966
f 1997/1149/967 1985/1149/967 1971/1153/967 1993/1153/967
f 1993/1153/968 1971/1153/968 1969/1154/968 1989/1154/968
f 1989/1154/969 1969/1154/969 1967/1144/969 1987/1144/969
f 1991/1152/970 1975/1152/970 1977/1155/970 2005/1155/970
f 2005/1155/971 1977/1155/971 1983/1141/971 2003/1141/971
f 1979/1156/972 1981/1148/972 2001/1148/972 2007/1156/972
f 1959/1147/973 1979/1156/973 2007/1156/973 2011/1147/973
f 2073/1141/960 2043/1141/960 2039/1142/960 2069/1142/960
f 2055/1148/965 2025/1148/965 2035/1149/965 2065/1149/965
f 2065/1149/967 2035/1149/967 2041/1153/967 2071/1153/967
f 2067/1146/962 2037/1146/962 2033/1076/962 2063/1076/962
f 2155/1079/957 2031/1078/957 2061/1078/957 2154/1077/957
f 2031/1078/964 2027/1147/964 2059/1147/964 2061/1078/964
f 2027/1147/973 2029/1156/973 2057/1156/973 2059/1147/973
f 2029/1156/972 2025/1148/972 2055/1148/972 2057/1156/972
f 2069/1142/963 2039/1142/963 2037/1146/963 2067/1146/963
f 2077/1155/971 2047/1155/971 2043/1141/971 2073/1141/971
f 2081/1152/970 2051/1152/970 2047/1155/970 2077/1155/970
f 2083/1145/966 2053/1145/966 2051/1152/966 2081/1152/966
f 2163/1077/957 2099/1078/957 2133/1078/957 2162/1077/957
f 2079/1144/961 2049/1144/961 2053/1145/961 2083/1145/961
f 2075/1154/969 2045/1154/969 2049/1144/969 2079/1144/969
f 2071/1153/968 2041/1153/968 2045/1154/968 2075/1154/968
f 2135/1146/962 2097/1146/962 2101/1076/962 2132/1076/962
f 2166/1157/956 2167/1158/956 2132/1076/956 2101/1076/956
f 2099/1078/964 2105/1147/964 2129/1147/964 2133/1078/964
f 2139/1152/970 2109/1152/970 2103/1155/970 2123/1155/970
f 2125/1141/960 2093/1141/960 2095/1142/960 2127/1142/960
f 2107/1156/972 2111/1148/972 2141/1148/972 2137/1156/972
f 2143/1145/966 2113/1145/966 2109/1152/966 2139/1152/966
f 2147/1144/961 2117/1144/961 2113/1145/961 2143/1145/961
f 2149/1154/969 2121/1154/969 2117/1144/969 2147/1144/969
f 2151/1153/968 2119/1153/968 2121/1154/968 2149/1154/968
f 2145/1149/967 2115/1149/967 2119/1153/967 2151/1153/967
f 2141/1148/965 2111/1148/965 2115/1149/965 2145/1149/965
f 2105/1147/973 2107/1156/973 2137/1156/973 2129/1147/973
f 2127/1142/963 2095/1142/963 2097/1146/963 2135/1146/963
f 2123/1155/971 2103/1155/971 2093/1141/971 2125/1141/971
f 2153/1159/974 2154/1160/974 2019/1087/974 1944/1086/974
f 1941/1051/975 2021/1050/975 2155/1161/975 2156/1162/975
f 2157/1163/975 2158/1164/975 2023/1034/975 1955/1033/975
f 1949/1104/974 2017/1103/974 2159/1165/974 2160/1166/974
f 2161/1167/974 2162/1168/974 2085/1121/974 1951/1120/974
f 1953/1017/975 2091/1071/975 2163/1169/975 2164/1170/975
f 2165/1139/975 2166/1171/975 2089/1055/975 1946/1054/975
f 1947/1083/974 2087/1082/974 2167/1172/974 2168/1138/974
f 2164/1173/976 1965/1174/976 1966/1018/976 1953/1017/976
f 1962/1019/977 1966/1018/977 1965/1174/977 1961/1175/977
f 1958/1020/978 1962/1019/978 1961/1175/978 1957/1176/978
f 1957/1176/979 1983/1177/979 1984/1021/979 1958/1020/979
f 1978/1022/980 1984/1021/980 1983/1177/980 1977/1178/980
f 1976/1023/981 1978/1022/981 1977/1178/981 1975/1179/981
f 1974/1024/982 1976/1023/982 1975/1179/982 1973/1180/982
f 1968/1025/983 1974/1024/983 1973/1180/983 1967/1181/983
f 1967/1181/984 1969/1182/984 1970/1026/984 1968/1025/984
f 1969/1182/985 1971/1183/985 1972/1027/985 1970/1026/985
f 1971/1183/986 1985/1184/986 1986/1028/986 1972/1027/986
f 1982/1029/987 1986/1028/987 1985/1184/987 1981/1185/987
f 1980/1030/988 1982/1029/988 1981/1185/988 1979/1186/988
f 1960/1031/989 1980/1030/989 1979/1186/989 1959/1187/989
f 1959/1187/990 1963/1188/990 1964/1032/990 1960/1031/990
f 1955/1033/991 1964/1032/991 1963/1188/991 2157/1189/991
f 2158/1190/976 2033/1191/976 2034/1035/976 2023/1034/976
f 2033/1191/977 2037/1192/977 2038/1036/977 2034/1035/977
f 2037/1192/978 2039/1193/978 2040/1037/978 2038/1036/978
f 2039/1193/979 2043/1194/979 2044/1038/979 2040/1037/979
f 2043/1194/980 2047/1195/980 2048/1039/980 2044/1038/980
f 2047/1195/981 2051/1196/981 2052/1040/981 2048/1039/981
f 2051/1196/982 2053/1197/982 2054/1041/982 2052/1040/982
f 2050/1042/983 2054/1041/983 2053/1197/983 2049/1198/983
f 2046/1043/984 2050/1042/984 2049/1198/984 2045/1199/984
f 2042/1044/985 2046/1043/985 2045/1199/985 2041/1200/985
f 2036/1045/986 2042/1044/986 2041/1200/986 2035/1201/986
f 2026/1046/987 2036/1045/987 2035/1201/987 2025/1202/987
f 2025/1202/988 2029/1203/988 2030/1047/988 2026/1046/988
f 2028/1048/989 2030/1047/989 2029/1203/989 2027/1204/989
f 2027/1204/990 2031/1205/990 2032/1049/990 2028/1048/990
f 2021/1050/991 2032/1049/991 2031/1205/991 2155/1206/991
f 2166/1207/976 2101/1208/976 2102/1056/976 2089/1055/976
f 2098/1057/977 2102/1056/977 2101/1208/977 2097/1209/977
f 2096/1058/978 2098/1057/978 2097/1209/978 2095/1210/978
f 2094/1059/979 2096/1058/979 2095/1210/979 2093/1211/979
f 2093/1211/980 2103/1212/980 2104/1060/980 2094/1059/980
f 2103/1212/981 2109/1213/981 2110/1061/981 2104/1060/981
f 2109/1213/982 2113/1214/982 2114/1062/982 2110/1061/982
f 2113/1214/983 2117/1215/983 2118/1063/983 2114/1062/983
f 2117/1215/984 2121/1216/984 2122/1064/984 2118/1063/984
f 2120/1065/985 2122/1064/985 2121/1216/985 2119/1217/985
f 2116/1066/986 2120/1065/986 2119/1217/986 2115/1218/986
f 2112/1067/987 2116/1066/987 2115/1218/987 2111/1219/987
f 2108/1068/988 2112/1067/988 2111/1219/988 2107/1220/988
f 2106/1069/989 2108/1068/989 2107/1220/989 2105/1221/989
f 2100/1070/990 2106/1069/990 2105/1221/990 2099/1222/990
f 2091/1071/991 2100/1070/991 2099/1222/991 2163/1223/991
f 2087/1082/992 2131/1136/992 2132/1224/992 2167/1225/992
f 2154/1226/993 2061/1227/993 2062/1088/993 2019/1087/993
f 2060/1089/994 2062/1088/994 2061/1227/994 2059/1228/994
f 2058/1090/995 2060/1089/995 2059/1228/995 2057/1229/995
f 2056/1091/996 2058/1090/996 2057/1229/996 2055/1230/996
f 2055/1230/997 2065/1231/997 2066/1092/997 2056/1091/997
f 2065/1231/998 2071/1232/998 2072/1093/998 2066/1092/998
f 2071/1232/999 2075/1233/999 2076/1094/999 2072/1093/999
f 2075/1233/1000 2079/1234/1000 2080/1095/1000 2076/1094/1000
f 2079/1234/1001 2083/1235/1001 2084/1096/1001 2080/1095/1001
f 2082/1097/1002 2084/1096/1002 2083/1235/1002 2081/1236/1002
f 2078/1098/1003 2082/1097/1003 2081/1236/1003 2077/1237/1003
f 2074/1099/1004 2078/1098/1004 2077/1237/1004 2073/1238/1004
f 2070/1100/1005 2074/1099/1005 2073/1238/1005 2069/1239/1005
f 2068/1101/1006 2070/1100/1006 2069/1239/1006 2067/1240/1006
f 2064/1102/1007 2068/1101/1007 2067/1240/1007 2063/1241/1007
f 2017/1103/992 2064/1102/992 2063/1241/992 2159/1242/992
f 2160/1243/993 2013/1244/993 2014/1105/993 1949/1104/993
f 2012/1106/994 2014/1105/994 2013/1244/994 2011/1245/994
f 2008/1107/995 2012/1106/995 2011/1245/995 2007/1246/995
f 2002/1108/996 2008/1107/996 2007/1246/996 2001/1247/996
f 1998/1109/997 2002/1108/997 2001/1247/997 1997/1248/997
f 1994/1110/998 1998/1109/998 1997/1248/998 1993/1249/998
f 1990/1111/999 1994/1110/999 1993/1249/999 1989/1250/999
f 1988/1112/1000 1990/1111/1000 1989/1250/1000 1987/1251/1000
f 1987/1251/1001 1995/1252/1001 1996/1113/1001 1988/1112/1001
f 1992/1114/1002 1996/1113/1002 1995/1252/1002 1991/1253/1002
f 1991/1253/1003 2005/1254/1003 2006/1115/1003 1992/1114/1003
f 2004/1116/1004 2006/1115/1004 2005/1254/1004 2003/1255/1004
f 2000/1117/1005 2004/1116/1005 2003/1255/1005 1999/1256/1005
f 1999/1256/1006 2009/1257/1006 2010/1118/1006 2000/1117/1006
f 2009/1257/1007 2015/1258/1007 2016/1119/1007 2010/1118/1007
f 1951/1120/992 2016/1119/992 2015/1258/992 2161/1259/992
f 2162/1260/993 2133/1261/993 2134/1122/993 2085/1121/993
f 2130/1123/994 2134/1122/994 2133/1261/994 2129/1262/994
f 2129/1262/995 2137/1263/995 2138/1124/995 2130/1123/995
f 2137/1263/996 2141/1264/996 2142/1125/996 2138/1124/996
f 2141/1264/997 2145/1265/997 2146/1126/997 2142/1125/997
f 2145/1265/998 2151/1266/998 2152/1127/998 2146/1126/998
f 2150/1128/999 2152/1127/999 2151/1266/999 2149/1267/999
f 2148/1129/1000 2150/1128/1000 2149/1267/1000 2147/1268/1000
f 2144/1130/1001 2148/1129/1001 2147/1268/1001 2143/1269/1001
f 2140/1131/1002 2144/1130/1002 2143/1269/1002 2139/1270/1002
f 2124/1132/1003 2140/1131/1003 2139/1270/1003 2123/1271/1003
f 2123/1271/1004 2125/1272/1004 2126/1133/1004 2124/1132/1004
f 2125/1272/1005 2127/1273/1005 2128/1134/1005 2126/1133/1005
f 2127/1273/1006 2135/1274/1006 2136/1135/1006 2128/1134/1006
f 2131/1136/1007 2136/1135/1007 2135/1274/1007 2132/1224/1007
f 1941/1275/954 2156/1162/954 2153/1159/954 1944/1276/954 1938/1277/954 1937/1148/954
f 1943/1278/1008 2020/1279/1008 2154/1160/1008 2153/1159/1008
f 2022/1280/1008 1942/1281/1008 2156/1162/1008 2155/1161/1008
f 1956/1015/1008 2024/1282/1008 2158/1164/1008 2157/1163/1008
f 2018/1143/1008 1950/1016/1008 2160/1166/1008 2159/1165/1008
f 1952/1073/1008 2086/1072/1008 2162/1168/1008 2161/1167/1008
f 2092/1283/1008 1954/1284/1008 2164/1170/1008 2163/1169/1008
f 1945/1285/1008 2090/1081/1008 2166/1171/1008 2165/1139/1008
f 2088/1080/1008 1948/1286/1008 2168/1138/1008 2167/1172/1008
f 1942/1281/1008 1943/1278/1008 2153/1159/1008 2156/1162/1008
f 2020/1279/1008 2022/1280/1008 2155/1161/1008 2154/1160/1008
f 1948/1286/1008 1945/1285/1008 2165/1139/1008 2168/1138/1008
f 2090/1081/1008 2088/1080/1008 2167/1172/1008 2166/1171/1008
f 1950/1016/1008 1956/1015/1008 2157/1163/1008 2160/1166/1008
f 2024/1282/1008 2018/1143/1008 2159/1165/1008 2158/1164/1008
f 2086/1072/1008 2092/1283/1008 2163/1169/1008 2162/1168/1008
f 1954/1284/1008 1952/1073/1008 2161/1167/1008 2164/1170/1008
f 1954/1284/959 2092/1283/959 2179/1283/959 2180/1284/959
f 2018/1143/958 2024/1282/958 2174/1282/958 2175/1143/958
f 2090/1081/959 1945/1285/959 2181/1285/959 2182/1081/959
f 2092/1283/954 2086/1072/954 2178/1072/954 2179/1283/954
f 1948/1286/955 2088/1080/955 2183/1080/955 2184/1286/955
f 2020/1279/955 1943/1278/955 2169/1278/955 2170/1279/955
f 1952/1073/958 1954/1284/958 2180/1284/958 2177/1073/958
f 1943/1278/958 1942/1281/958 2172/1281/958 2169/1278/958
f 1942/1281/959 2022/1280/959 2171/1280/959 2172/1281/959
f 2022/1280/954 2020/1279/954 2170/1279/954 2171/1280/954
f 2024/1282/959 1956/1015/959 2173/1015/959 2174/1282/959
f 1945/1285/954 1948/1286/954 2184/1286/954 2181/1285/954
usemtl M_Orange
f 2181/1285/1008 2184/1286/1008 2183/1080/1008 2182/1081/1008
f 2178/1072/1008 2177/1073/1008 2180/1284/1008 2179/1283/1008
f 2170/1279/1008 2169/1278/1008 2172/1281/1008 2171/1280/1008
f 2174/1282/1008 2173/1015/1008 2176/1016/1008 2175/1143/1008
