# Blender 4.2.3 LTS
# www.blender.org
mtllib SM_Switch.mtl
o SM_Switch_Base
v 0.000000 -0.226775 0.185525
v 0.000000 -0.185525 0.226775
v 0.000000 0.185525 0.226775
v 0.000000 0.226775 0.185525
v 0.000000 -0.185525 -0.226775
v 0.000000 -0.226775 -0.185525
v 0.000000 0.226775 -0.185525
v 0.000000 0.185525 -0.226775
v 0.068032 -0.177096 0.206425
v 0.068032 -0.206425 0.177096
v 0.068032 0.206425 0.177096
v 0.068032 0.177096 0.206425
v 0.068032 -0.206425 -0.177096
v 0.068032 -0.177096 -0.206425
v 0.068032 0.177096 -0.206425
v 0.068032 0.206425 -0.177096
v 0.068032 -0.185525 -0.226775
v 0.068032 -0.226775 -0.185525
v 0.068032 0.226775 -0.185525
v 0.068032 0.185525 -0.226775
v 0.068032 -0.226775 0.185525
v 0.068032 -0.185525 0.226775
v 0.068032 0.185525 0.226775
v 0.068032 0.226775 0.185525
v 0.055223 -0.175114 -0.201639
v 0.055223 -0.201639 -0.175114
v 0.055223 0.201639 -0.175114
v 0.055223 0.175114 -0.201639
v 0.055223 -0.201639 0.175114
v 0.055223 -0.175114 0.201639
v 0.055223 0.175114 0.201639
v 0.055223 0.201639 0.175114
v 0.055223 -0.177096 -0.206425
v 0.055223 -0.206425 -0.177096
v 0.055223 0.206425 -0.177096
v 0.055223 0.177096 -0.206425
v 0.055223 -0.206425 0.177096
v 0.055223 -0.177096 0.206425
v 0.055223 0.177096 0.206425
v 0.055223 0.206425 0.177096
v 0.066786 -0.170056 -0.189427
v 0.066786 -0.189427 -0.170056
v 0.066786 0.189427 -0.170056
v 0.066786 0.170056 -0.189427
v 0.066786 -0.189427 0.170056
v 0.066786 -0.170056 0.189427
v 0.066786 0.170056 0.189427
v 0.066786 0.189427 0.170056
v 0.066786 -0.175114 -0.201639
v 0.066786 -0.201639 -0.175114
v 0.066786 0.201639 -0.175114
v 0.066786 0.175114 -0.201639
v 0.066786 -0.201639 0.175114
v 0.066786 -0.175114 0.201639
v 0.066786 0.175114 0.201639
v 0.066786 0.201639 0.175114
v 0.056060 -0.168033 -0.184545
v 0.056060 -0.184545 -0.168033
v 0.056060 0.184545 -0.168033
v 0.056060 0.168033 -0.184545
v 0.056060 -0.184545 0.168033
v 0.056060 -0.168033 0.184545
v 0.056060 0.168033 0.184545
v 0.056060 0.184545 0.168033
v 0.056060 -0.170056 -0.189427
v 0.056060 -0.189427 -0.170056
v 0.056060 0.189427 -0.170056
v 0.056060 0.170056 -0.189427
v 0.056060 -0.189427 0.170056
v 0.056060 -0.170056 0.189427
v 0.056060 0.170056 0.189427
v 0.056060 0.189427 0.170056
v 0.062141 -0.168033 -0.184545
v 0.062141 -0.184545 -0.168033
v 0.062141 0.184545 -0.168033
v 0.062141 0.168033 -0.184545
v 0.062141 -0.184545 0.168033
v 0.062141 -0.168033 0.184545
v 0.062141 0.168033 0.184545
v 0.062141 0.184545 0.168033
v 0.068045 -0.168033 -0.184545
v 0.068045 -0.184545 -0.168033
v 0.068045 0.184545 -0.168033
v 0.068045 0.168033 -0.184545
v 0.068045 -0.184545 0.168033
v 0.068045 -0.168033 0.184545
v 0.068045 0.168033 0.184545
v 0.068045 0.184545 0.168033
v 0.000000 -0.226775 0.117499
v 0.000000 -0.226775 -0.117499
v 0.068032 -0.226775 -0.117499
v 0.068032 -0.226775 0.117499
v 0.068032 -0.206425 -0.112161
v 0.068032 -0.206425 0.112161
v 0.055223 -0.206425 -0.112161
v 0.055223 -0.206425 0.112161
v 0.055223 -0.201639 -0.110905
v 0.055223 -0.201639 0.110905
v 0.066786 -0.201639 -0.110905
v 0.066786 -0.201639 0.110905
v 0.066786 -0.189427 -0.107702
v 0.066786 -0.189427 0.107702
v 0.056060 -0.189427 -0.107702
v 0.056060 -0.189427 0.107702
v 0.056060 -0.184545 -0.106421
v 0.056060 -0.184545 0.106421
v 0.062141 -0.184545 -0.106421
v 0.062141 -0.184545 0.106421
v 0.068045 -0.184545 -0.106421
v 0.068045 -0.184545 0.106421
v 0.000000 0.226775 0.117499
v 0.000000 0.226775 -0.117499
v 0.068032 0.226775 0.117499
v 0.068032 0.226775 -0.117499
v 0.068032 0.206425 0.112161
v 0.068032 0.206425 -0.112161
v 0.055223 0.206425 0.112161
v 0.055223 0.206425 -0.112161
v 0.055223 0.201639 0.110905
v 0.055223 0.201639 -0.110905
v 0.066786 0.201639 0.110905
v 0.066786 0.201639 -0.110905
v 0.066786 0.189427 0.107702
v 0.066786 0.189427 -0.107702
v 0.056060 0.189427 0.107702
v 0.056060 0.189427 -0.107702
v 0.056060 0.184545 0.106421
v 0.056060 0.184545 -0.106421
v 0.062141 0.184545 0.106421
v 0.062141 0.184545 -0.106421
v 0.068045 0.184545 0.106421
v 0.068045 0.184545 -0.106421
v 0.000000 -0.154605 0.226775
v 0.000000 0.154605 0.226775
v 0.068032 -0.154605 0.226775
v 0.068032 0.154605 0.226775
v 0.068032 -0.147580 0.206425
v 0.068032 0.147580 0.206425
v 0.055223 -0.147580 0.206425
v 0.055223 0.147580 0.206425
v 0.055223 -0.145928 0.201639
v 0.055223 0.145928 0.201639
v 0.066786 -0.145928 0.201639
v 0.066786 0.145928 0.201639
v 0.066786 -0.141713 0.189427
v 0.066786 0.141713 0.189427
v 0.056060 -0.141713 0.189427
v 0.056060 0.141713 0.189427
v 0.056060 -0.140028 0.184545
v 0.056060 0.140028 0.184545
v 0.062141 -0.140028 0.184545
v 0.062141 0.140028 0.184545
v 0.068045 -0.131452 0.175970
v 0.068045 0.131452 0.175970
v 0.000000 0.154605 -0.226775
v 0.000000 -0.154605 -0.226775
v 0.068032 0.154605 -0.226775
v 0.068032 -0.154605 -0.226775
v 0.068032 0.147580 -0.206425
v 0.068032 -0.147580 -0.206425
v 0.055223 0.147580 -0.206425
v 0.055223 -0.147580 -0.206425
v 0.055223 0.145928 -0.201639
v 0.055223 -0.145928 -0.201639
v 0.066786 0.145928 -0.201639
v 0.066786 -0.145928 -0.201639
v 0.066786 0.141713 -0.189427
v 0.066786 -0.141713 -0.189427
v 0.056060 0.141713 -0.189427
v 0.056060 -0.141713 -0.189427
v 0.056060 0.140028 -0.184545
v 0.056060 -0.140028 -0.184545
v 0.062141 0.140028 -0.184545
v 0.062141 -0.140028 -0.184545
v 0.068045 0.131452 -0.175970
v 0.068045 -0.131452 -0.175970
v 0.068045 0.131452 -0.114996
v 0.068045 0.131452 0.114996
v 0.068045 -0.131452 -0.114996
v 0.068045 -0.131452 0.114996
v 0.068045 -0.140028 0.184545
v 0.068045 0.140028 0.184545
v 0.068045 0.140028 -0.184545
v 0.068045 -0.140028 -0.184545
v 0.068045 0.140028 -0.106421
v 0.068045 0.140028 0.106421
v 0.068045 -0.140028 -0.106421
v 0.068045 -0.140028 0.106421
v 0.059403 -0.125775 0.170292
v 0.059403 0.125775 0.170292
v 0.059403 0.125775 -0.170292
v 0.059403 -0.125775 -0.170292
v 0.059403 0.125775 -0.120674
v 0.059403 0.125775 0.120674
v 0.059403 -0.125775 -0.120674
v 0.059403 -0.125775 0.120674
v 0.059403 -0.131452 0.175970
v 0.059403 0.131452 0.175970
v 0.059403 0.131452 -0.175970
v 0.059403 -0.131452 -0.175970
v 0.059403 0.131452 -0.114996
v 0.059403 0.131452 0.114996
v 0.059403 -0.131452 -0.114996
v 0.059403 -0.131452 0.114996
v 0.059403 -0.125775 0.170292
v 0.059403 0.125775 0.170292
v 0.059403 0.125775 -0.170292
v 0.059403 -0.125775 -0.170292
v 0.059403 0.125775 -0.120674
v 0.059403 0.125775 0.120674
v 0.059403 -0.125775 -0.120674
v 0.059403 -0.125775 0.120674
v 0.059403 -0.125775 0.170292
v 0.059403 0.125775 0.170292
v 0.059403 0.125775 -0.170292
v 0.059403 -0.125775 -0.170292
v 0.059403 0.125775 -0.120674
v 0.059403 0.125775 0.120674
v 0.059403 -0.125775 -0.120674
v 0.059403 -0.125775 0.120674
v 0.083079 -0.117844 0.162362
v 0.083079 0.117844 0.162362
v 0.083079 0.117844 -0.162362
v 0.083079 -0.117844 -0.162362
v 0.083079 0.117844 -0.128604
v 0.083079 0.117844 0.128604
v 0.083079 -0.117844 -0.128604
v 0.083079 -0.117844 0.128604
v 0.083079 -0.125775 0.170292
v 0.083079 0.125775 0.170292
v 0.083079 0.125775 -0.170292
v 0.083079 -0.125775 -0.170292
v 0.083079 0.125775 -0.120674
v 0.083079 0.125775 0.120674
v 0.083079 -0.125775 -0.120674
v 0.083079 -0.125775 0.120674
v 0.078912 -0.117844 0.162362
v 0.078912 0.117844 0.162362
v 0.078912 0.117844 -0.162362
v 0.078912 -0.117844 -0.162362
v 0.078912 0.117844 -0.128604
v 0.078912 0.117844 0.128604
v 0.078912 -0.117844 -0.128604
v 0.078912 -0.117844 0.128604
v 0.062340 -0.114143 -0.057448
v 0.062340 -0.114143 0.058534
v 0.062340 0.114143 0.058534
v 0.062340 0.114143 -0.057448
v 0.077418 -0.114143 0.058534
v 0.077418 -0.114143 -0.057448
v 0.077418 0.114143 -0.057448
v 0.077418 0.114143 0.058534
v 0.062340 -0.114143 -0.036184
v 0.062340 -0.114143 0.037271
v 0.062340 0.114143 0.037271
v 0.062340 0.114143 -0.036184
v 0.077418 -0.114143 0.037271
v 0.077418 -0.114143 -0.036184
v 0.077418 0.114143 -0.036184
v 0.077418 0.114143 0.037271
v 0.062340 -0.072290 0.096697
v 0.062340 0.072290 0.096697
v 0.062340 0.072290 -0.096605
v 0.062340 -0.072290 -0.096605
v 0.077418 0.072290 -0.096605
v 0.077418 -0.072290 -0.096605
v 0.077418 0.072290 0.096697
v 0.077418 -0.072290 0.096697
v 0.059478 0.089025 0.072027
v 0.059478 -0.089025 0.072027
v 0.059478 0.089025 -0.070803
v 0.059478 -0.089025 -0.070803
v 0.059478 0.089025 0.045842
v 0.059478 -0.089025 0.045842
v 0.059478 0.089025 -0.044617
v 0.059478 -0.089025 -0.044617
v 0.062340 -0.114143 0.071611
v 0.062340 -0.089056 0.096697
v 0.062340 0.089056 0.096697
v 0.062340 0.114143 0.071611
v 0.062340 -0.089056 -0.096605
v 0.062340 -0.114143 -0.071519
v 0.062340 0.114143 -0.071519
v 0.062340 0.089056 -0.096605
v 0.077418 -0.089056 0.096697
v 0.077418 -0.114143 0.071611
v 0.077418 0.114143 0.071611
v 0.077418 0.089056 0.096697
v 0.077418 -0.114143 -0.071519
v 0.077418 -0.089056 -0.096605
v 0.077418 0.089056 -0.096605
v 0.077418 0.114143 -0.071519
v 0.086015 0.089025 -0.062528
v 0.080280 0.086484 -0.070803
v 0.080280 0.089025 -0.073343
v 0.080280 0.091565 -0.070803
v 0.080280 -0.086484 -0.070803
v 0.086015 -0.089025 -0.062528
v 0.080280 -0.091565 -0.070803
v 0.080280 -0.089025 -0.073343
v 0.080280 0.086484 0.072027
v 0.086015 0.089025 0.063752
v 0.080280 0.091565 0.072027
v 0.080280 0.089025 0.074567
v 0.086015 -0.089025 0.063752
v 0.080280 -0.086484 0.072027
v 0.080280 -0.089025 0.074567
v 0.080280 -0.091565 0.072027
v 0.080280 0.086484 -0.044617
v 0.086015 0.089025 -0.052892
v 0.080280 0.091565 -0.044617
v 0.080280 0.089025 -0.042077
v 0.086015 -0.089025 -0.052892
v 0.080280 -0.086484 -0.044617
v 0.080280 -0.089025 -0.042077
v 0.080280 -0.091565 -0.044617
v 0.086015 0.089025 0.054117
v 0.080280 0.086484 0.045842
v 0.080280 0.089025 0.043301
v 0.080280 0.091565 0.045842
v 0.080280 -0.086484 0.045842
v 0.086015 -0.089025 0.054117
v 0.080280 -0.091565 0.045842
v 0.080280 -0.089025 0.043301
v 0.105112 0.086484 -0.070803
v 0.105446 0.089025 -0.062528
v 0.177740 0.013856 -0.070803
v 0.180280 0.014191 -0.062528
v 0.141548 0.076721 -0.070803
v 0.142863 0.078999 -0.062528
v 0.167976 0.050293 -0.070803
v 0.170254 0.051608 -0.062528
v 0.177740 -0.013856 -0.070803
v 0.180280 -0.014191 -0.062528
v 0.105112 -0.086484 -0.070803
v 0.105446 -0.089025 -0.062528
v 0.167976 -0.050293 -0.070803
v 0.170254 -0.051608 -0.062528
v 0.141548 -0.076721 -0.070803
v 0.142863 -0.078999 -0.062528
v 0.177740 0.013856 0.072027
v 0.180280 0.014191 0.063752
v 0.105112 0.086484 0.072027
v 0.105446 0.089025 0.063752
v 0.167976 0.050293 0.072027
v 0.170254 0.051608 0.063752
v 0.141548 0.076721 0.072027
v 0.142863 0.078999 0.063752
v 0.105112 -0.086484 0.072027
v 0.105446 -0.089025 0.063752
v 0.177740 -0.013856 0.072027
v 0.180280 -0.014191 0.063752
v 0.141548 -0.076721 0.072027
v 0.142863 -0.078999 0.063752
v 0.167976 -0.050293 0.072027
v 0.170254 -0.051608 0.063752
v 0.177740 0.013856 -0.044617
v 0.180280 0.014191 -0.052892
v 0.105112 0.086484 -0.044617
v 0.105446 0.089025 -0.052892
v 0.167976 0.050293 -0.044617
v 0.170254 0.051608 -0.052892
v 0.141548 0.076721 -0.044617
v 0.142863 0.078999 -0.052892
v 0.105112 -0.086484 -0.044617
v 0.105446 -0.089025 -0.052892
v 0.177740 -0.013856 -0.044617
v 0.180280 -0.014191 -0.052892
v 0.141548 -0.076721 -0.044617
v 0.142863 -0.078999 -0.052892
v 0.167976 -0.050293 -0.044617
v 0.170254 -0.051608 -0.052892
v 0.105112 0.086484 0.045842
v 0.105446 0.089025 0.054117
v 0.177740 0.013856 0.045842
v 0.180280 0.014191 0.054117
v 0.141548 0.076721 0.045842
v 0.142863 0.078999 0.054117
v 0.167976 0.050293 0.045842
v 0.170254 0.051608 0.054117
v 0.177740 -0.013856 0.045842
v 0.180280 -0.014191 0.054117
v 0.105112 -0.086484 0.045842
v 0.105446 -0.089025 0.054117
v 0.167976 -0.050293 0.045842
v 0.170254 -0.051608 0.054117
v 0.141548 -0.076721 0.045842
v 0.142863 -0.078999 0.054117
v 0.180280 -0.014191 -0.068262
v 0.170254 -0.051608 -0.068262
v 0.170254 -0.051608 -0.047158
v 0.180280 -0.014191 -0.047158
v 0.142863 -0.078999 -0.068262
v 0.142863 -0.078999 -0.047158
v 0.105446 -0.089025 -0.068262
v 0.105446 -0.089025 -0.047158
v 0.105446 0.089025 -0.068262
v 0.142863 0.078999 -0.068262
v 0.142863 0.078999 -0.047158
v 0.105446 0.089025 -0.047158
v 0.170254 0.051608 -0.068262
v 0.170254 0.051608 -0.047158
v 0.180280 0.014191 -0.068262
v 0.180280 0.014191 -0.047158
v 0.180280 -0.014191 0.048382
v 0.170254 -0.051608 0.048382
v 0.170254 -0.051608 0.069487
v 0.180280 -0.014191 0.069487
v 0.142863 -0.078999 0.048382
v 0.142863 -0.078999 0.069487
v 0.105446 -0.089025 0.048382
v 0.105446 -0.089025 0.069487
v 0.105446 0.089025 0.048382
v 0.142863 0.078999 0.048382
v 0.142863 0.078999 0.069487
v 0.105446 0.089025 0.069487
v 0.170254 0.051608 0.048382
v 0.170254 0.051608 0.069487
v 0.180280 0.014191 0.048382
v 0.180280 0.014191 0.069487
v 0.080280 -0.089025 -0.068262
v 0.080280 0.089025 -0.068262
v 0.080280 0.089025 -0.047158
v 0.080280 -0.089025 -0.047158
v 0.080280 0.089025 0.069487
v 0.080280 -0.089025 0.069487
v 0.080280 0.089025 0.048382
v 0.080280 -0.089025 0.048382
v 0.105255 0.087574 -0.052892
v 0.105255 0.087574 -0.062528
v 0.105255 -0.087574 -0.062528
v 0.105255 -0.087574 -0.052892
v 0.105255 0.087574 0.063752
v 0.105255 0.087574 0.054117
v 0.105255 -0.087574 0.054117
v 0.105255 -0.087574 0.063752
v 0.142131 0.077732 -0.052892
v 0.142131 0.077732 -0.062528
v 0.168987 0.050876 -0.062528
v 0.168987 0.050876 -0.052892
v 0.178829 0.014000 -0.052892
v 0.178829 0.014000 -0.062528
v 0.178829 -0.014000 -0.052892
v 0.178829 -0.014000 -0.062528
v 0.168987 -0.050876 -0.052892
v 0.168987 -0.050876 -0.062528
v 0.142131 -0.077732 -0.062528
v 0.142131 -0.077732 -0.052892
v 0.168987 0.050876 0.054117
v 0.168987 0.050876 0.063752
v 0.178829 0.014000 0.063752
v 0.178829 0.014000 0.054117
v 0.178829 -0.014000 0.063752
v 0.178829 -0.014000 0.054117
v 0.142131 0.077732 0.063752
v 0.142131 0.077732 0.054117
v 0.142131 -0.077732 0.054117
v 0.142131 -0.077732 0.063752
v 0.168987 -0.050876 0.063752
v 0.168987 -0.050876 0.054117
v 0.086015 -0.087561 -0.062528
v 0.086015 0.087561 -0.062528
v 0.086015 0.087561 -0.052892
v 0.086015 -0.087561 -0.052892
v 0.086015 0.087561 0.063752
v 0.086015 -0.087561 0.063752
v 0.086015 0.087561 0.054117
v 0.086015 -0.087561 0.054117
v 0.098362 -0.000003 -0.047935
v 0.096972 -0.000003 -0.046552
v 0.098958 -0.006054 -0.047935
v 0.097594 -0.006325 -0.046552
v 0.098958 0.006047 -0.047935
v 0.097594 0.006318 -0.046552
v 0.103589 0.017227 -0.047935
v 0.102433 0.017999 -0.046552
v 0.103589 -0.017233 -0.047935
v 0.102433 -0.018006 -0.046552
v 0.100723 0.011865 -0.047935
v 0.099438 0.012397 -0.046552
v 0.100723 -0.011871 -0.047935
v 0.099438 -0.012403 -0.046552
v 0.112145 -0.025790 -0.047935
v 0.111373 -0.026946 -0.046552
v 0.112145 0.025783 -0.047935
v 0.111373 0.026939 -0.046552
v 0.129375 -0.031016 -0.047935
v 0.129375 -0.032407 -0.046552
v 0.123325 -0.030420 -0.047935
v 0.123054 -0.031784 -0.046552
v 0.117507 -0.028656 -0.047935
v 0.116975 -0.029940 -0.046552
v 0.117507 0.028649 -0.047935
v 0.116975 0.029934 -0.046552
v 0.107446 -0.021933 -0.047935
v 0.106462 -0.022916 -0.046552
v 0.107446 0.021926 -0.047935
v 0.106462 0.022909 -0.046552
v 0.158028 -0.011871 -0.047935
v 0.159379 -0.012279 -0.046552
v 0.155162 -0.017233 -0.047935
v 0.156318 -0.018006 -0.046552
v 0.161764 0.000143 -0.046552
v 0.160388 -0.000003 -0.047935
v 0.159792 -0.006054 -0.047935
v 0.161090 -0.006618 -0.046412
v 0.123325 0.030414 -0.047935
v 0.123054 0.031778 -0.046552
v 0.129375 0.031010 -0.047935
v 0.129375 0.032400 -0.046552
v 0.141243 -0.028656 -0.047935
v 0.141775 -0.029940 -0.046552
v 0.135425 -0.030420 -0.047935
v 0.135697 -0.031784 -0.046552
v 0.135425 0.030414 -0.047935
v 0.135697 0.031778 -0.046552
v 0.151305 -0.021933 -0.047935
v 0.152288 -0.022916 -0.046552
v 0.147525 0.026838 -0.046468
v 0.146605 0.025783 -0.047935
v 0.155162 0.017227 -0.047935
v 0.156318 0.017999 -0.046552
v 0.159792 0.006047 -0.047935
v 0.161156 0.006318 -0.046552
v 0.158028 0.011865 -0.047935
v 0.159312 0.012397 -0.046552
v 0.151305 0.021926 -0.047935
v 0.152234 0.022975 -0.046552
v 0.146605 -0.025790 -0.047935
v 0.147378 -0.026946 -0.046552
v 0.141692 0.029959 -0.046552
v 0.141243 0.028649 -0.047935
v 0.098362 -0.000003 0.049130
v 0.096972 -0.000003 0.047746
v 0.098958 -0.006054 0.049130
v 0.097594 -0.006325 0.047746
v 0.098958 0.006047 0.049130
v 0.097594 0.006318 0.047746
v 0.103589 -0.017233 0.049130
v 0.102433 -0.018006 0.047746
v 0.100723 -0.011871 0.049130
v 0.099438 -0.012403 0.047746
v 0.103589 0.017227 0.049130
v 0.102433 0.017999 0.047746
v 0.100723 0.011865 0.049130
v 0.099438 0.012397 0.047746
v 0.112145 -0.025790 0.049130
v 0.111373 -0.026946 0.047746
v 0.112145 0.025783 0.049130
v 0.111373 0.026939 0.047746
v 0.129375 0.031010 0.049130
v 0.129375 0.032400 0.047746
v 0.123325 0.030414 0.049130
v 0.123054 0.031778 0.047746
v 0.117507 0.028649 0.049130
v 0.116975 0.029934 0.047746
v 0.117507 -0.028656 0.049130
v 0.116975 -0.029940 0.047746
v 0.107446 -0.021933 0.049130
v 0.106462 -0.022916 0.047746
v 0.107446 0.021926 0.049130
v 0.106462 0.022909 0.047746
v 0.158028 0.011865 0.049130
v 0.159312 0.012397 0.047746
v 0.158509 0.010277 0.049130
v 0.159871 0.010530 0.047611
v 0.155162 0.017227 0.049130
v 0.156318 0.017999 0.047746
v 0.161779 -0.000003 0.047746
v 0.160388 -0.000003 0.049130
v 0.159792 0.006047 0.049130
v 0.161156 0.006318 0.047746
v 0.123325 -0.030420 0.049130
v 0.123054 -0.031784 0.047746
v 0.129375 -0.031016 0.049130
v 0.129375 -0.032407 0.047746
v 0.141243 0.028649 0.049130
v 0.141775 0.029934 0.047746
v 0.135425 0.030414 0.049130
v 0.135697 0.031778 0.047746
v 0.135425 -0.030420 0.049130
v 0.135697 -0.031784 0.047746
v 0.147525 -0.026844 0.047664
v 0.146605 -0.025790 0.049130
v 0.151305 0.021926 0.049130
v 0.152288 0.022909 0.047746
v 0.155162 -0.017233 0.049130
v 0.156318 -0.018006 0.047746
v 0.159792 -0.006054 0.049130
v 0.161156 -0.006325 0.047746
v 0.158028 -0.011871 0.049130
v 0.159312 -0.012403 0.047746
v 0.151305 -0.021933 0.049130
v 0.152234 -0.022982 0.047746
v 0.141692 -0.029965 0.047746
v 0.141243 -0.028656 0.049130
v 0.146605 0.025783 0.049130
v 0.147377 0.026939 0.047746
v 0.098362 -0.000003 -0.072465
v 0.096972 -0.000003 -0.073848
v 0.098958 -0.006054 -0.072465
v 0.097594 -0.006325 -0.073848
v 0.098958 0.006047 -0.072465
v 0.097594 0.006318 -0.073848
v 0.103589 -0.017233 -0.072465
v 0.102433 -0.018006 -0.073848
v 0.100723 -0.011871 -0.072465
v 0.099438 -0.012403 -0.073848
v 0.103589 0.017227 -0.072465
v 0.102433 0.017999 -0.073848
v 0.100723 0.011865 -0.072465
v 0.099438 0.012397 -0.073848
v 0.112145 -0.025790 -0.072465
v 0.111373 -0.026946 -0.073848
v 0.112145 0.025783 -0.072465
v 0.111373 0.026939 -0.073848
v 0.129375 0.031010 -0.072465
v 0.129375 0.032400 -0.073848
v 0.123325 0.030414 -0.072465
v 0.123054 0.031778 -0.073848
v 0.117507 0.028649 -0.072465
v 0.116975 0.029934 -0.073848
v 0.117507 -0.028656 -0.072465
v 0.116975 -0.029940 -0.073848
v 0.107446 -0.021933 -0.072465
v 0.106462 -0.022916 -0.073848
v 0.107446 0.021926 -0.072465
v 0.106462 0.022909 -0.073848
v 0.158028 0.011865 -0.072465
v 0.159378 0.012274 -0.073848
v 0.155162 0.017227 -0.072465
v 0.156318 0.017999 -0.073848
v 0.161764 -0.000148 -0.073848
v 0.160388 -0.000003 -0.072465
v 0.159792 0.006047 -0.072465
v 0.161080 0.006607 -0.073630
v 0.123325 -0.030420 -0.072465
v 0.123054 -0.031784 -0.073848
v 0.129375 -0.031016 -0.072465
v 0.129375 -0.032407 -0.073848
v 0.141243 0.028649 -0.072465
v 0.141775 0.029934 -0.073848
v 0.135425 0.030414 -0.072465
v 0.135697 0.031778 -0.073848
v 0.135425 -0.030420 -0.072465
v 0.135697 -0.031784 -0.073848
v 0.147522 -0.026841 -0.073718
v 0.146605 -0.025790 -0.072465
v 0.151305 0.021926 -0.072465
v 0.152288 0.022909 -0.073848
v 0.155162 -0.017233 -0.072465
v 0.156318 -0.018006 -0.073848
v 0.159792 -0.006054 -0.072465
v 0.161156 -0.006325 -0.073848
v 0.158028 -0.011871 -0.072465
v 0.159312 -0.012404 -0.073848
v 0.151305 -0.021933 -0.072465
v 0.152234 -0.022981 -0.073848
v 0.141692 -0.029965 -0.073848
v 0.141243 -0.028656 -0.072465
v 0.146605 0.025783 -0.072465
v 0.147377 0.026939 -0.073848
v 0.098362 -0.000003 0.073659
v 0.096972 -0.000003 0.075043
v 0.098958 -0.006054 0.073659
v 0.097594 -0.006325 0.075043
v 0.098958 0.006047 0.073659
v 0.097594 0.006318 0.075043
v 0.103589 0.017227 0.073659
v 0.102433 0.017999 0.075043
v 0.103589 -0.017233 0.073659
v 0.102433 -0.018006 0.075043
v 0.100723 0.011865 0.073659
v 0.099438 0.012397 0.075043
v 0.100723 -0.011871 0.073659
v 0.099438 -0.012403 0.075043
v 0.112145 -0.025790 0.073659
v 0.111373 -0.026946 0.075043
v 0.112145 0.025783 0.073659
v 0.111373 0.026939 0.075043
v 0.129375 -0.031016 0.073659
v 0.129375 -0.032407 0.075043
v 0.123325 -0.030420 0.073659
v 0.123054 -0.031784 0.075043
v 0.117507 -0.028656 0.073659
v 0.116975 -0.029940 0.075043
v 0.117507 0.028649 0.073659
v 0.116975 0.029934 0.075043
v 0.107446 -0.021933 0.073659
v 0.106462 -0.022916 0.075043
v 0.107446 0.021926 0.073659
v 0.106462 0.022909 0.075043
v 0.158028 -0.011871 0.073659
v 0.159378 -0.012281 0.075043
v 0.155162 -0.017233 0.073659
v 0.156318 -0.018006 0.075043
v 0.161764 0.000141 0.075043
v 0.160388 -0.000003 0.073659
v 0.159792 -0.006054 0.073659
v 0.161080 -0.006614 0.074826
v 0.123325 0.030414 0.073659
v 0.123054 0.031778 0.075043
v 0.129375 0.031010 0.073659
v 0.129375 0.032400 0.075043
v 0.141243 -0.028656 0.073659
v 0.141775 -0.029940 0.075043
v 0.135425 -0.030420 0.073659
v 0.135697 -0.031784 0.075043
v 0.135425 0.030414 0.073659
v 0.135697 0.031778 0.075043
v 0.151305 -0.021933 0.073659
v 0.152288 -0.022916 0.075043
v 0.147522 0.026835 0.074914
v 0.146605 0.025783 0.073659
v 0.155162 0.017227 0.073659
v 0.156318 0.017999 0.075043
v 0.159792 0.006047 0.073659
v 0.161156 0.006318 0.075043
v 0.158028 0.011865 0.073659
v 0.159312 0.012397 0.075043
v 0.151305 0.021926 0.073659
v 0.152234 0.022975 0.075043
v 0.146605 -0.025790 0.073659
v 0.147378 -0.026946 0.075043
v 0.141692 0.029959 0.075043
v 0.141243 0.028649 0.073659
vn -0.0000 -0.0000 1.0000
vn -0.0000 -0.7071 -0.7071
vn -0.0000 1.0000 -0.0000
vn -1.0000 -0.0000 -0.0000
vn -0.0000 -0.0000 -1.0000
vn -0.0000 0.7071 -0.7071
vn -0.0000 -0.7071 0.7071
vn -0.0000 0.7071 0.7071
vn -0.0000 -1.0000 -0.0000
vn 1.0000 -0.0000 -0.0000
vn 0.9937 0.1124 -0.0000
vn -0.9935 0.0776 -0.0830
vn 0.9910 0.0903 0.0985
vn -0.9935 -0.0776 -0.0830
vn 0.9935 -0.0000 0.1142
vn -0.9936 0.1132 -0.0000
vn 0.9940 -0.0000 -0.1093
vn -0.9952 -0.0980 -0.0000
vn 0.9952 -0.0980 -0.0000
vn -0.7730 -0.6344 -0.0000
vn 0.9952 0.0980 -0.0000
vn 0.9937 -0.1124 -0.0000
vn 0.9910 -0.0903 0.0985
vn -0.9936 -0.1132 -0.0000
vn -0.9933 -0.0000 0.1152
vn -0.0147 -0.0035 0.9999
vn 0.1431 -0.0343 -0.9891
vn -0.9930 0.0796 0.0873
vn -0.9939 -0.0000 -0.1102
vn 0.9936 -0.1132 -0.0000
vn 0.9936 0.1132 -0.0000
vn 0.9918 -0.0876 -0.0933
vn -0.9930 -0.0796 0.0873
vn 0.6830 -0.1830 -0.7071
vn 0.6830 -0.1830 0.7071
vn 0.5000 -0.5000 -0.7071
vn 0.5000 -0.5000 0.7071
vn 0.1830 -0.6830 -0.7071
vn 0.1830 -0.6830 0.7071
vn 0.1830 0.6830 -0.7071
vn 0.1830 0.6830 0.7071
vn 0.5000 0.5000 -0.7071
vn 0.5000 0.5000 0.7071
vn 0.6830 0.1830 -0.7071
vn 0.6830 0.1830 0.7071
vn 0.7071 -0.0000 -0.7071
vn 0.7071 -0.0000 0.7071
vn 0.9918 0.0876 -0.0933
vn 0.9659 -0.2588 -0.0000
vn 0.7071 -0.7071 -0.0000
vn 0.2588 -0.9659 -0.0000
vn 0.2588 0.9659 -0.0000
vn 0.7071 0.7071 -0.0000
vn 0.9659 0.2588 -0.0000
vn -0.0007 -1.0000 -0.0000
vn 0.2579 0.9662 -0.0000
vn -0.0007 1.0000 -0.0000
vn 0.2579 -0.9662 -0.0000
vn 0.9662 0.2579 -0.0000
vn 0.9662 -0.2579 -0.0000
vn 0.1417 0.0339 0.9893
vn 0.2903 -0.9569 -0.0000
vn -0.2903 -0.9569 -0.0000
vn -0.7730 0.6344 -0.0000
vn -0.0909 0.0197 -0.9957
vn -0.8819 -0.4714 -0.0000
vn -0.9952 0.0980 -0.0000
vn 0.0980 0.9952 -0.0000
vn -0.0148 0.0035 -0.9999
vn -0.9569 0.2903 -0.0000
vn -0.8819 0.4714 -0.0000
vn -0.4714 0.8819 -0.0000
vn -0.6344 -0.7730 -0.0000
vn -0.6344 0.7730 -0.0000
vn -0.4714 -0.8819 -0.0000
vn -0.0980 0.9952 -0.0000
vn -0.9569 -0.2903 -0.0000
vn 0.4714 -0.8819 -0.0000
vn 0.4714 0.8819 -0.0000
vn 0.7730 -0.6344 -0.0000
vn 0.7730 0.6344 -0.0000
vn 0.9569 -0.2903 -0.0000
vn 0.9569 0.2903 -0.0000
vn 0.0097 -0.0021 -1.0000
vn 0.8819 0.4714 -0.0000
vn 0.6344 0.7730 -0.0000
vn 0.8819 -0.4714 -0.0000
vn -0.0980 -0.9952 -0.0000
vn 0.6344 -0.7730 -0.0000
vn 0.2903 0.9569 -0.0000
vn -0.2903 0.9569 -0.0000
vn 0.0980 -0.9952 -0.0000
vn 0.0094 0.0023 1.0000
vn -0.0915 -0.0219 0.9956
vn -0.7280 0.0796 0.6809
vn -0.4489 -0.5548 0.7005
vn -0.5466 -0.4486 0.7071
vn -0.6236 -0.3333 0.7071
vn -0.6767 -0.2053 0.7071
vn -0.7037 -0.0693 0.7071
vn -0.3446 -0.6346 0.6918
vn -0.6899 0.2005 0.6956
vn -0.6236 0.3333 0.7071
vn -0.5466 0.4486 0.7071
vn -0.4486 0.5466 0.7071
vn -0.3333 0.6236 0.7071
vn -0.2053 0.6767 0.7071
vn -0.0693 0.7037 0.7071
vn 0.0693 0.7037 0.7071
vn 0.2053 0.6767 0.7071
vn 0.3333 0.6236 0.7071
vn 0.4486 0.5466 0.7071
vn 0.5466 0.4486 0.7071
vn 0.6236 0.3333 0.7071
vn 0.6767 0.2053 0.7071
vn 0.7037 0.0693 0.7071
vn 0.7037 -0.0693 0.7071
vn 0.6767 -0.2053 0.7071
vn 0.6236 -0.3333 0.7071
vn 0.5466 -0.4486 0.7071
vn 0.4486 -0.5466 0.7071
vn 0.3333 -0.6236 0.7071
vn 0.2053 -0.6767 0.7071
vn 0.0693 -0.7037 0.7071
vn -0.0693 -0.7037 0.7071
vn -0.2053 -0.6767 0.7071
vn -0.7037 -0.0693 -0.7071
vn -0.6906 -0.2211 -0.6886
vn -0.4489 0.5546 -0.7007
vn -0.5466 0.4486 -0.7071
vn -0.6236 0.3333 -0.7071
vn -0.6767 0.2053 -0.7071
vn -0.7037 0.0693 -0.7071
vn -0.3444 0.6345 -0.6919
vn -0.7009 -0.1843 -0.6891
vn -0.6236 -0.3333 -0.7071
vn -0.5466 -0.4486 -0.7071
vn -0.4486 -0.5466 -0.7071
vn -0.3333 -0.6236 -0.7071
vn -0.2053 -0.6767 -0.7071
vn -0.0693 -0.7037 -0.7071
vn 0.0693 -0.7037 -0.7071
vn 0.2053 -0.6767 -0.7071
vn 0.3333 -0.6236 -0.7071
vn 0.4486 -0.5466 -0.7071
vn 0.5466 -0.4486 -0.7071
vn 0.6236 -0.3333 -0.7071
vn 0.6767 -0.2053 -0.7071
vn 0.7037 -0.0693 -0.7071
vn 0.7037 0.0693 -0.7071
vn 0.6767 0.2053 -0.7071
vn 0.6236 0.3333 -0.7071
vn 0.5466 0.4486 -0.7071
vn 0.4486 0.5466 -0.7071
vn 0.3333 0.6236 -0.7071
vn 0.2053 0.6767 -0.7071
vn 0.0693 0.7037 -0.7071
vn -0.0693 0.7037 -0.7071
vn -0.2053 0.6767 -0.7071
vn -0.6856 -0.0562 -0.7258
vn -0.4410 0.5256 -0.7275
vn -0.3216 0.6165 -0.7187
vn -0.6394 -0.2071 -0.7405
vn -0.6859 0.0563 0.7255
vn -0.4411 -0.5257 0.7274
vn -0.3217 -0.6166 0.7186
vn -0.6396 0.2071 0.7403
vt 0.534088 0.750000
vt 0.602263 0.750000
vt 0.602263 1.000000
vt 0.534088 1.000000
vt 0.613783 0.722617
vt 0.597617 0.738783
vt 0.625000 0.659088
vt 0.875000 0.659088
vt 0.875000 0.727263
vt 0.625000 0.727263
vt 0.375000 0.022737
vt 0.397737 0.000000
vt 0.465912 0.000000
vt 0.534088 0.000000
vt 0.602263 0.000000
vt 0.625000 0.022737
vt 0.625000 0.090912
vt 0.625000 0.159088
vt 0.625000 0.227263
vt 0.602263 0.250000
vt 0.534088 0.250000
vt 0.465912 0.250000
vt 0.397737 0.250000
vt 0.375000 0.227263
vt 0.375000 0.159088
vt 0.375000 0.090912
vt 0.602263 0.500000
vt 0.534088 0.500000
vt 0.375000 0.522737
vt 0.125000 0.522737
vt 0.125000 0.500000
vt 0.375000 0.500000
vt 0.625000 0.250000
vt 0.625000 0.500000
vt 0.125000 0.727263
vt 0.375000 0.727263
vt 0.375000 0.750000
vt 0.125000 0.750000
vt 0.625000 0.750000
vt 0.625000 1.000000
vt 0.125000 0.659088
vt 0.375000 0.659088
vt 0.402383 0.511217
vt 0.386217 0.527383
vt 0.397737 0.500000
vt 0.613783 0.527383
vt 0.597617 0.511217
vt 0.625000 0.522737
vt 0.386217 0.722617
vt 0.402383 0.738783
vt 0.397737 0.750000
vt 0.386217 0.657539
vt 0.532539 0.738783
vt 0.613783 0.592461
vt 0.625000 0.590912
vt 0.467461 0.511217
vt 0.465912 0.500000
vt 0.611145 0.657175
vt 0.611145 0.721524
vt 0.611145 0.657175
vt 0.613783 0.657539
vt 0.613783 0.657539
vt 0.386217 0.592461
vt 0.386217 0.592461
vt 0.532539 0.511217
vt 0.467461 0.738783
vt 0.467461 0.738783
vt 0.403476 0.513855
vt 0.388855 0.528476
vt 0.611145 0.528476
vt 0.596524 0.513855
vt 0.388855 0.721524
vt 0.403476 0.736145
vt 0.596524 0.736145
vt 0.388855 0.657175
vt 0.532175 0.736145
vt 0.611145 0.592825
vt 0.613783 0.592461
vt 0.467825 0.513855
vt 0.467461 0.511217
vt 0.406264 0.729414
vt 0.395586 0.718736
vt 0.388855 0.592825
vt 0.532175 0.513855
vt 0.467825 0.736145
vt 0.467825 0.736145
vt 0.406264 0.520586
vt 0.395586 0.531264
vt 0.604414 0.531264
vt 0.593736 0.520586
vt 0.593736 0.729414
vt 0.604414 0.718736
vt 0.395586 0.656245
vt 0.531245 0.729414
vt 0.532175 0.736145
vt 0.604414 0.593755
vt 0.468755 0.520586
vt 0.467825 0.513855
vt 0.601723 0.717621
vt 0.592621 0.726722
vt 0.531245 0.520586
vt 0.531245 0.520586
vt 0.468755 0.729414
vt 0.468755 0.729414
vt 0.604414 0.656245
vt 0.604414 0.656245
vt 0.395586 0.593755
vt 0.395586 0.593755
vt 0.407379 0.523278
vt 0.398278 0.532379
vt 0.601723 0.532379
vt 0.592621 0.523277
vt 0.398277 0.717621
vt 0.407379 0.726722
vt 0.398277 0.655874
vt 0.395586 0.656245
vt 0.530874 0.726722
vt 0.531245 0.729414
vt 0.601723 0.594126
vt 0.469126 0.523278
vt 0.468755 0.520586
vt 0.530874 0.523277
vt 0.530874 0.523278
vt 0.601723 0.655874
vt 0.398277 0.594126
vt 0.530874 0.523278
vt 0.469126 0.726722
vt 0.469126 0.523278
vt 0.422816 0.594126
vt 0.398278 0.594126
vt 0.469126 0.726722
vt 0.398277 0.655874
vt 0.375000 0.590912
vt 0.125000 0.590912
vt 0.601723 0.594126
vt 0.875000 0.522737
vt 0.875000 0.590912
vt 0.422816 0.655874
vt 0.530874 0.726723
vt 0.465912 0.750000
vt 0.465912 1.000000
vt 0.397737 1.000000
vt 0.577184 0.594126
vt 0.577184 0.655874
vt 0.568190 0.586349
vt 0.431810 0.586349
vt 0.466749 0.531054
vt 0.466749 0.718946
vt 0.533251 0.718946
vt 0.533251 0.531054
vt 0.568190 0.663651
vt 0.431810 0.663650
vt 0.437575 0.668799
vt 0.562425 0.668799
vt 0.465366 0.713797
vt 0.534634 0.713797
vt 0.534634 0.536203
vt 0.465366 0.536203
vt 0.562425 0.581201
vt 0.437575 0.581201
vt 0.554598 0.574009
vt 0.445402 0.574009
vt 0.463659 0.543395
vt 0.463659 0.706605
vt 0.536341 0.706605
vt 0.536341 0.543395
vt 0.554598 0.675991
vt 0.445402 0.675991
vt 0.545774 0.611754
vt 0.625000 0.611754
vt 0.625000 0.639532
vt 0.545774 0.639532
vt 0.541667 0.638752
vt 0.541667 0.612534
vt 0.541667 0.250000
vt 0.541667 0.166024
vt 0.625000 0.166024
vt 0.625000 0.196200
vt 0.575050 0.250000
vt 0.545774 0.667310
vt 0.625000 0.667310
vt 0.625000 0.695644
vt 0.575050 0.750000
vt 0.541667 0.750000
vt 0.541667 0.671779
vt 0.875000 0.667310
vt 0.875000 0.695644
vt 0.424950 0.750000
vt 0.458333 0.750000
vt 0.458333 1.000000
vt 0.424950 1.000000
vt 0.375000 0.196200
vt 0.375000 0.166024
vt 0.458333 0.166024
vt 0.458333 0.250000
vt 0.424950 0.250000
vt 0.575050 0.500000
vt 0.541667 0.500000
vt 0.875000 0.639532
vt 0.625000 0.553800
vt 0.875000 0.553800
vt 0.875000 0.583976
vt 0.625000 0.583976
vt 0.125000 0.639532
vt 0.375000 0.639532
vt 0.375000 0.667310
vt 0.125000 0.667309
vt 0.458333 0.671779
vt 0.459522 0.667310
vt 0.540478 0.667310
vt 0.575050 1.000000
vt 0.541667 1.000000
vt 0.541667 0.138246
vt 0.625000 0.138246
vt 0.541667 0.082690
vt 0.625000 0.082690
vt 0.625000 0.110468
vt 0.541667 0.110468
vt 0.458333 0.579552
vt 0.458333 0.500000
vt 0.541667 0.579552
vt 0.540478 0.583976
vt 0.459522 0.583976
vt 0.781250 0.632704
vt 0.781250 0.561119
vt 0.750000 0.561119
vt 0.750000 0.632704
vt 0.218750 0.632704
vt 0.250000 0.632704
vt 0.250000 0.561119
vt 0.218750 0.561119
vt 0.125000 0.583976
vt 0.375000 0.583976
vt 0.375000 0.611754
vt 0.125000 0.611754
vt 0.875000 0.611754
vt 0.875000 0.942605
vt 0.875000 0.871020
vt 0.843750 0.871020
vt 0.843750 0.942605
vt 0.281250 0.871020
vt 0.250000 0.871020
vt 0.250000 0.942605
vt 0.281250 0.942605
vt 0.458333 0.638752
vt 0.454226 0.639532
vt 0.454226 0.611754
vt 0.458333 0.612534
vt 0.541667 0.592755
vt 0.454226 0.667310
vt 0.375000 0.695644
vt 0.375000 0.110468
vt 0.458333 0.110468
vt 0.458333 0.138246
vt 0.375000 0.138246
vt 0.375000 0.082690
vt 0.458333 0.082690
vt 0.125000 0.695644
vt 0.458333 0.000000
vt 0.541667 0.000000
vt 0.541667 0.648310
vt 0.541667 0.658531
vt 0.524154 0.602976
vt 0.506642 0.602976
vt 0.512334 0.667309
vt 0.523643 0.667310
vt 0.538732 0.667310
vt 0.540578 0.667310
vt 0.459422 0.667310
vt 0.461268 0.667310
vt 0.476357 0.667310
vt 0.493510 0.667309
vt 0.496984 0.667310
vt 0.494383 0.667309
vt 0.491753 0.667309
vt 0.489478 0.667310
vt 0.487590 0.667309
vt 0.486175 0.667309
vt 0.485304 0.667310
vt 0.485024 0.667309
vt 0.485341 0.667309
vt 0.486231 0.667310
vt 0.487645 0.667310
vt 0.489521 0.667309
vt 0.491783 0.667310
vt 0.494348 0.667310
vt 0.497120 0.667310
vt 0.499999 0.667310
vt 0.502878 0.667309
vt 0.505650 0.667309
vt 0.508215 0.667309
vt 0.510477 0.667310
vt 0.512352 0.667310
vt 0.513767 0.667310
vt 0.514656 0.667310
vt 0.514972 0.667310
vt 0.514690 0.667309
vt 0.513829 0.667310
vt 0.503016 0.583976
vt 0.506490 0.583976
vt 0.493510 0.583976
vt 0.476357 0.583976
vt 0.487666 0.583976
vt 0.489466 0.583976
vt 0.491767 0.583976
vt 0.494339 0.583976
vt 0.497117 0.583976
vt 0.499932 0.583976
vt 0.458333 0.592755
vt 0.575050 0.000000
vt 0.625000 0.054356
vt 0.458333 0.602976
vt 0.125000 0.553800
vt 0.375000 0.553800
vt 0.424950 0.500000
vt 0.458333 0.609059
vt 0.454226 0.583976
vt 0.458333 0.586671
vt 0.458333 0.664615
vt 0.458333 0.642227
vt 0.541667 0.664615
vt 0.541667 0.642227
vt 0.506642 0.592755
vt 0.524154 0.592755
vt 0.524154 0.658531
vt 0.506642 0.658531
vt 0.459522 0.611754
vt 0.540478 0.611754
vt 0.540478 0.639532
vt 0.459522 0.639532
vt 0.541667 0.602976
vt 0.540102 0.602976
vt 0.506642 0.648310
vt 0.524154 0.648310
vt 0.458333 0.648310
vt 0.540102 0.592755
vt 0.540102 0.658531
vt 0.540102 0.648310
vt 0.493358 0.648310
vt 0.541667 0.609059
vt 0.541667 0.586671
vt 0.545774 0.583976
vt 0.424950 0.000000
vt 0.375000 0.054356
vt 0.541667 0.583976
vt 0.458333 0.583976
vt 0.541667 0.667310
vt 0.458333 0.667310
vt 0.541667 0.611754
vt 0.458333 0.611754
vt 0.541667 0.639532
vt 0.458333 0.639532
vt 0.493358 0.586671
vt 0.475846 0.586671
vt 0.493510 0.611754
vt 0.476357 0.611754
vt 0.475846 0.609059
vt 0.493358 0.609059
vt 0.461268 0.583976
vt 0.459897 0.586671
vt 0.461268 0.611754
vt 0.459897 0.609059
vt 0.459422 0.583976
vt 0.458333 0.586671
vt 0.459422 0.611754
vt 0.538732 0.583976
vt 0.540578 0.583976
vt 0.541667 0.586671
vt 0.540102 0.586671
vt 0.540578 0.611754
vt 0.538732 0.611754
vt 0.540102 0.609059
vt 0.541667 0.609059
vt 0.523643 0.583976
vt 0.524154 0.586671
vt 0.523643 0.611754
vt 0.524154 0.609059
vt 0.506642 0.586671
vt 0.506490 0.611754
vt 0.506642 0.609059
vt 0.476357 0.639532
vt 0.493510 0.639532
vt 0.493358 0.642227
vt 0.475846 0.642227
vt 0.475846 0.664615
vt 0.493358 0.664615
vt 0.461268 0.639532
vt 0.459897 0.642227
vt 0.459897 0.664615
vt 0.459422 0.639532
vt 0.458333 0.642227
vt 0.458333 0.664615
vt 0.538732 0.639532
vt 0.540578 0.639532
vt 0.540102 0.642227
vt 0.540102 0.664615
vt 0.523643 0.639532
vt 0.524154 0.642227
vt 0.524154 0.664615
vt 0.506490 0.639532
vt 0.506642 0.642227
vt 0.506490 0.667310
vt 0.506642 0.664615
vt 0.493358 0.592755
vt 0.475846 0.592755
vt 0.475846 0.602976
vt 0.493358 0.602976
vt 0.459897 0.592755
vt 0.459897 0.602976
vt 0.458333 0.602976
vt 0.475846 0.648310
vt 0.475846 0.658531
vt 0.493358 0.658531
vt 0.459897 0.648310
vt 0.459897 0.658531
vt 0.458333 0.658531
vt 0.458333 0.658531
vt 0.510534 0.667310
vt 0.508232 0.667309
vt 0.505661 0.667310
vt 0.502883 0.667310
vt 0.500068 0.667310
vt 0.062500 0.871020
vt 0.031250 0.871020
vt 0.031250 0.942605
vt 0.062500 0.942605
vt 0.968750 0.871020
vt 0.937500 0.871020
vt 0.937500 0.942605
vt 0.968750 0.942605
vt 0.656250 0.871020
vt 0.625000 0.871020
vt 0.625000 0.942605
vt 0.656250 0.942605
vt 0.781250 0.871020
vt 0.750000 0.871020
vt 0.750000 0.942605
vt 0.781250 0.942605
vt 0.502876 0.639532
vt 0.504802 0.639532
vt 0.487665 0.639532
vt 0.489463 0.639532
vt 0.491765 0.639532
vt 0.494337 0.639532
vt 0.497114 0.639532
vt 0.499995 0.639532
vt 0.843750 0.871020
vt 0.812500 0.871020
vt 0.812500 0.942605
vt 0.750000 0.942605
vt 0.750000 0.871020
vt 0.718750 0.871020
vt 0.718750 0.942605
vt 0.500000 0.942605
vt 0.500000 0.871020
vt 0.468750 0.871020
vt 0.468750 0.942605
vt 0.505617 0.583976
vt 0.508247 0.583976
vt 0.510522 0.583976
vt 0.512410 0.583976
vt 0.513825 0.583976
vt 0.514695 0.583976
vt 0.514976 0.583976
vt 0.514659 0.583976
vt 0.513769 0.583976
vt 0.512354 0.583976
vt 0.510479 0.583976
vt 0.508217 0.583976
vt 0.505652 0.583976
vt 0.502879 0.583976
vt 0.500000 0.583976
vt 0.497122 0.583976
vt 0.494349 0.583976
vt 0.491785 0.583976
vt 0.489523 0.583976
vt 0.487647 0.583976
vt 0.486233 0.583976
vt 0.485344 0.583976
vt 0.485027 0.583976
vt 0.485310 0.583976
vt 0.486171 0.583976
vt 0.718750 0.942605
vt 0.687500 0.871020
vt 0.687500 0.942605
vt 0.687500 0.871020
vt 0.656250 0.871020
vt 0.656250 0.942605
vt 0.593750 0.942605
vt 0.593750 0.871020
vt 0.562500 0.871020
vt 0.562500 0.942605
vt 0.906250 0.871020
vt 0.875000 0.871020
vt 0.906250 0.942605
vt 0.625000 0.942605
vt 0.593750 0.871020
vt 0.593750 0.942605
vt 0.937500 0.942605
vt 0.531250 0.942605
vt 0.531250 0.871020
vt 0.500000 0.871020
vt 0.812500 0.942605
vt 0.803969 0.871020
vt 0.781250 0.871020
vt 0.781250 0.942605
vt 0.093750 0.871020
vt 0.062500 0.871020
vt 0.093750 0.942605
vt 0.437500 0.942605
vt 0.437500 0.871020
vt 0.406250 0.871020
vt 0.406250 0.942605
vt 0.156250 0.871020
vt 0.125000 0.871020
vt 0.125000 0.942605
vt 0.156250 0.942605
vt 0.375000 0.871020
vt 0.343750 0.871020
vt 0.343750 0.942605
vt 0.375000 0.942605
vt 0.218750 0.871020
vt 0.187500 0.871020
vt 0.187500 0.942605
vt 0.218750 0.942605
vt 0.312500 0.871020
vt 0.281250 0.871020
vt 0.281250 0.942605
vt 0.312500 0.942605
vt 0.505668 0.639532
vt 0.508246 0.639532
vt 0.510522 0.639532
vt 0.512409 0.639532
vt 0.513825 0.639532
vt 0.514695 0.639532
vt 0.514976 0.639532
vt 0.514659 0.639532
vt 0.513769 0.639532
vt 0.512354 0.639532
vt 0.510479 0.639532
vt 0.508217 0.639532
vt 0.505652 0.639532
vt 0.502880 0.639532
vt 0.500001 0.639532
vt 0.497122 0.639532
vt 0.494349 0.639532
vt 0.491785 0.639532
vt 0.489523 0.639532
vt 0.487648 0.639532
vt 0.486233 0.639532
vt 0.485344 0.639532
vt 0.485028 0.639532
vt 0.485310 0.639532
vt 0.486171 0.639532
vt 0.343750 0.871020
vt 0.312500 0.871020
vt 0.312500 0.942605
vt 0.406250 0.942605
vt 0.406250 0.871020
vt 0.375000 0.871020
vt 0.187500 0.871020
vt 0.156250 0.871020
vt 0.156250 0.942605
vt 0.187500 0.942605
vt 1.000000 0.871020
vt 0.968750 0.871020
vt 1.000000 0.942605
vt 0.125000 0.871020
vt 0.093750 0.942605
vt 0.125000 0.942605
vt 0.468750 0.871020
vt 0.437500 0.871020
vt 0.562500 0.942605
vt 0.562500 0.871020
vt 0.531250 0.871020
vt 0.031250 0.871020
vt 0.000000 0.871020
vt 0.000000 0.942605
vt 0.031250 0.942605
vt 0.562500 0.561119
vt 0.562500 0.632704
vt 0.593750 0.632704
vt 0.593750 0.561119
vt 0.593750 0.561119
vt 0.625000 0.632704
vt 0.625000 0.561119
vt 0.718750 0.632704
vt 0.718750 0.561119
vt 0.687500 0.561119
vt 0.687500 0.632704
vt 0.500000 0.561119
vt 0.500000 0.632704
vt 0.531250 0.632704
vt 0.531250 0.561119
vt 0.062500 0.632704
vt 0.093750 0.632704
vt 0.093750 0.561119
vt 0.062500 0.561119
vt 0.343750 0.632704
vt 0.375000 0.632704
vt 0.375000 0.561119
vt 0.343750 0.561119
vt 0.125000 0.632704
vt 0.156250 0.632704
vt 0.156250 0.561119
vt 0.125000 0.561119
vt 0.187500 0.632704
vt 0.187500 0.561119
vt 0.156250 0.561119
vt 0.281250 0.632704
vt 0.312500 0.632704
vt 0.312500 0.561119
vt 0.281250 0.561119
vt 0.512335 0.611754
vt 0.496982 0.611754
vt 0.494383 0.611754
vt 0.491752 0.611754
vt 0.489477 0.611754
vt 0.487590 0.611754
vt 0.486175 0.611754
vt 0.485304 0.611754
vt 0.485023 0.611754
vt 0.485341 0.611754
vt 0.486231 0.611754
vt 0.487645 0.611754
vt 0.489521 0.611754
vt 0.491783 0.611754
vt 0.494347 0.611754
vt 0.497120 0.611754
vt 0.499999 0.611754
vt 0.502878 0.611754
vt 0.505650 0.611754
vt 0.508215 0.611754
vt 0.510477 0.611754
vt 0.512352 0.611754
vt 0.513766 0.611754
vt 0.514656 0.611754
vt 0.514972 0.611754
vt 0.514690 0.611754
vt 0.513829 0.611754
vt 0.187500 0.561119
vt 0.406250 0.561119
vt 0.406250 0.632704
vt 0.437500 0.632704
vt 0.437500 0.561119
vt 0.312500 0.632704
vt 0.406250 0.561119
vt 0.031250 0.632704
vt 0.062500 0.561119
vt 0.031250 0.561119
vt 0.437500 0.632704
vt 0.468750 0.632704
vt 0.468750 0.561119
vt 0.468750 0.561119
vt 0.468750 0.632704
vt 0.937500 0.632704
vt 0.968750 0.632704
vt 0.968750 0.561119
vt 0.937500 0.561119
vt 0.562500 0.561119
vt 0.875000 0.632704
vt 0.906250 0.632704
vt 0.906250 0.561119
vt 0.875000 0.561119
vt 0.750000 0.561119
vt 0.718750 0.561119
vt 0.656250 0.632704
vt 0.656250 0.561119
vt 0.656250 0.632704
vt 0.496982 0.611754
vt 0.510536 0.611754
vt 0.508235 0.611754
vt 0.505663 0.611754
vt 0.502886 0.611754
vt 0.500071 0.611754
vt 0.000000 0.632704
vt 0.031250 0.632704
vt 0.000000 0.561119
vt 0.218750 0.871020
vt 0.218750 0.942605
vt 0.812500 0.632704
vt 0.812500 0.561119
vt 0.781250 0.561119
vt 0.843750 0.632704
vt 0.843750 0.561119
vt 0.812500 0.561119
vt 0.937500 0.632704
vt 0.937500 0.561119
vt 0.843750 0.632704
vt 0.843750 0.561119
vt 1.000000 0.632704
vt 1.000000 0.561119
vt 0.500000 0.611754
vt 0.497252 0.611754
vt 0.511827 0.611754
vt 0.510024 0.611754
vt 0.507852 0.611754
vt 0.505397 0.611754
vt 0.502748 0.611754
vt 0.513179 0.611754
vt 0.494603 0.611754
vt 0.492148 0.611754
vt 0.489976 0.611754
vt 0.488173 0.611754
vt 0.486821 0.611754
vt 0.485988 0.611754
vt 0.485718 0.611754
vt 0.486020 0.611754
vt 0.486870 0.611754
vt 0.488220 0.611754
vt 0.490010 0.611754
vt 0.492169 0.611754
vt 0.494615 0.611754
vt 0.497258 0.611754
vt 0.500000 0.611754
vt 0.502742 0.611754
vt 0.505385 0.611754
vt 0.507831 0.611754
vt 0.509989 0.611754
vt 0.511780 0.611754
vt 0.513130 0.611754
vt 0.513979 0.611754
vt 0.514282 0.611754
vt 0.514012 0.611754
vt 0.500000 0.639532
vt 0.502748 0.639532
vt 0.504673 0.639532
vt 0.488173 0.639532
vt 0.489976 0.639532
vt 0.492148 0.639532
vt 0.494603 0.639532
vt 0.497252 0.639532
vt 0.486821 0.639532
vt 0.505397 0.639532
vt 0.507852 0.639532
vt 0.510024 0.639532
vt 0.511827 0.639532
vt 0.513179 0.639532
vt 0.514012 0.639532
vt 0.514282 0.639532
vt 0.513979 0.639532
vt 0.513130 0.639532
vt 0.511780 0.639532
vt 0.509989 0.639532
vt 0.507831 0.639532
vt 0.505385 0.639532
vt 0.502742 0.639532
vt 0.500000 0.639532
vt 0.497257 0.639532
vt 0.494615 0.639532
vt 0.492169 0.639532
vt 0.490010 0.639532
vt 0.488220 0.639532
vt 0.486870 0.639532
vt 0.486020 0.639532
vt 0.485718 0.639532
vt 0.485988 0.639532
vt 0.500000 0.583976
vt 0.502748 0.583976
vt 0.488173 0.583976
vt 0.489976 0.583976
vt 0.492148 0.583976
vt 0.494603 0.583976
vt 0.497252 0.583976
vt 0.486821 0.583976
vt 0.505397 0.583976
vt 0.507852 0.583976
vt 0.510024 0.583976
vt 0.511827 0.583976
vt 0.513179 0.583976
vt 0.514012 0.583976
vt 0.514282 0.583976
vt 0.513979 0.583976
vt 0.513130 0.583976
vt 0.511780 0.583976
vt 0.509989 0.583976
vt 0.507831 0.583976
vt 0.505385 0.583976
vt 0.502742 0.583976
vt 0.500000 0.583976
vt 0.497258 0.583976
vt 0.494615 0.583976
vt 0.492169 0.583976
vt 0.490011 0.583976
vt 0.488220 0.583976
vt 0.486870 0.583976
vt 0.486021 0.583976
vt 0.485718 0.583976
vt 0.485988 0.583976
vt 0.500000 0.667309
vt 0.497252 0.667310
vt 0.511827 0.667309
vt 0.510024 0.667310
vt 0.507852 0.667309
vt 0.505397 0.667310
vt 0.502748 0.667310
vt 0.513179 0.667310
vt 0.494603 0.667310
vt 0.492148 0.667310
vt 0.489976 0.667309
vt 0.488173 0.667310
vt 0.486821 0.667309
vt 0.485988 0.667309
vt 0.485718 0.667309
vt 0.486020 0.667309
vt 0.486870 0.667310
vt 0.488220 0.667310
vt 0.490010 0.667309
vt 0.492169 0.667310
vt 0.494615 0.667309
vt 0.497258 0.667310
vt 0.500000 0.667310
vt 0.502742 0.667309
vt 0.505385 0.667310
vt 0.507831 0.667310
vt 0.509989 0.667310
vt 0.511780 0.667310
vt 0.513130 0.667310
vt 0.513979 0.667310
vt 0.514282 0.667310
vt 0.514012 0.667310
vt 0.281250 0.561119
vt 0.250000 0.561119
s 0
usemtl M_Noir_Bleuté
f 136/1/1 23/2/1 3/3/1 134/4/1
f 11/5/2 12/6/2 39/6/2 40/5/2
f 113/7/3 111/8/3 4/9/3 24/10/3
f 1/11/4 2/12/4 133/13/4 134/14/4 3/15/4 4/16/4 111/17/4 112/18/4 7/19/4 8/20/4 155/21/4 156/22/4 5/23/4 6/24/4 90/25/4 89/26/4
f 155/21/5 8/20/5 20/27/5 157/28/5
f 18/29/2 6/30/2 5/31/2 17/32/2
f 7/33/6 19/34/6 20/27/6 8/20/6
f 1/35/7 21/36/7 22/37/7 2/38/7
f 24/39/8 4/40/8 3/3/8 23/2/8
f 89/41/9 92/42/9 21/36/9 1/35/9
f 14/43/10 13/44/10 18/29/10 17/45/10
f 16/46/10 15/47/10 20/27/10 19/48/10
f 10/49/10 9/50/10 22/51/10 21/36/10
f 12/6/10 11/5/10 24/10/10 23/2/10
f 94/52/10 10/49/10 21/36/10 92/42/10
f 138/53/10 12/6/10 23/2/10 136/1/10
f 116/54/10 16/46/10 19/48/10 114/55/10
f 160/56/10 14/43/10 17/45/10 158/57/10
f 15/47/7 16/46/7 35/46/7 36/47/7
f 115/61/9 11/5/9 40/5/9 117/62/9
f 93/63/3 13/44/3 34/44/3 95/64/3
f 9/50/6 10/49/6 37/49/6 38/50/6
f 13/44/8 14/43/8 33/43/8 34/44/8
f 159/65/1 15/47/1 36/47/1 161/65/1
f 137/66/5 9/50/5 38/50/5 139/67/5
f 173/122/5 76/112/5 84/112/5 183/123/5
f 105/125/9 58/110/9 74/110/9 107/125/9
f 82/110/10 81/109/10 184/128/10 187/129/10 109/130/10
f 151/127/1 78/114/1 86/114/1 181/131/1
f 80/99/8 79/100/8 87/100/8 88/99/8
f 76/112/6 75/111/6 83/111/6 84/112/6
f 129/124/3 80/99/3 88/99/3 131/124/3
f 78/114/7 77/113/7 85/113/7 86/114/7
f 74/110/2 73/109/2 81/109/2 82/110/2
f 61/113/9 106/115/9 108/132/9 77/113/9
f 106/115/9 105/125/9 107/125/9 108/132/9
f 10/49/3 94/52/3 96/52/3 37/49/3
f 94/52/3 93/63/3 95/64/3 96/52/3
f 13/44/10 93/63/10 91/133/10 18/29/10
f 93/63/10 94/52/10 92/42/10 91/133/10
f 6/30/9 18/29/9 91/133/9 90/134/9
f 90/134/9 91/133/9 92/42/9 89/41/9
f 75/111/3 130/135/3 132/135/3 83/111/3
f 130/135/3 129/124/3 131/124/3 132/135/3
f 16/46/9 116/54/9 118/78/9 35/46/9
f 116/54/9 115/61/9 117/62/9 118/78/9
f 11/5/10 115/61/10 113/7/10 24/10/10
f 115/61/10 116/54/10 114/55/10 113/7/10
f 19/48/3 7/136/3 112/137/3 114/55/3
f 114/55/3 112/137/3 111/8/3 113/7/3
f 110/115/10 188/138/10 181/131/10 86/114/10 85/113/10
f 109/130/10 187/129/10 188/138/10 110/115/10
f 79/100/1 152/117/1 182/139/1 87/100/1
f 152/117/1 151/127/1 181/131/1 182/139/1
f 12/6/5 138/53/5 140/53/5 39/6/5
f 138/53/5 137/66/5 139/67/5 140/53/5
f 9/50/10 137/66/10 135/140/10 22/51/10
f 137/66/10 138/53/10 136/1/10 135/140/10
f 22/51/1 135/140/1 133/141/1 2/142/1
f 135/140/1 136/1/1 134/4/1 133/141/1
f 73/109/5 174/120/5 184/128/5 81/109/5
f 174/120/5 173/122/5 183/123/5 184/128/5
f 14/43/1 160/56/1 162/80/1 33/43/1
f 160/56/1 159/65/1 161/65/1 162/80/1
f 15/47/10 159/65/10 157/28/10 20/27/10
f 159/65/10 160/56/10 158/57/10 157/28/10
f 5/23/5 156/22/5 158/57/5 17/45/5
f 156/22/5 155/21/5 157/28/5 158/57/5
f 185/143/10 183/123/10 84/112/10 83/111/10 132/135/10
f 182/139/10 186/144/10 131/124/10 88/99/10 87/100/10
f 186/144/10 185/143/10 132/135/10 131/124/10
f 177/145/5 179/146/5 203/146/5 201/145/5
f 179/146/3 176/147/3 200/147/3 203/146/3
f 188/138/10 187/129/10 185/143/10 186/144/10
f 153/148/10 154/149/10 182/139/10 181/131/10
f 175/150/10 176/147/10 184/128/10 183/123/10
f 177/145/10 175/150/10 183/123/10 185/143/10
f 154/149/10 178/151/10 186/144/10 182/139/10
f 179/146/10 177/145/10 185/143/10 187/129/10
f 178/151/10 180/152/10 188/138/10 186/144/10
f 176/147/10 179/146/10 187/129/10 184/128/10
f 180/152/10 153/148/10 181/131/10 188/138/10
f 175/150/9 177/145/9 201/145/9 199/150/9
f 154/149/5 153/148/5 197/148/5 198/149/5
f 153/148/3 180/152/3 204/152/3 197/148/3
f 180/152/1 178/151/1 202/151/1 204/152/1
f 178/151/9 154/149/9 198/149/9 202/151/9
f 176/147/1 175/150/1 199/150/1 200/147/1
f 217/159/1 219/160/1 235/160/1 233/159/1
f 219/160/9 216/158/9 232/158/9 235/160/9
f 225/161/5 227/162/5 243/162/5 241/161/5
f 227/162/3 224/163/3 240/163/3 243/162/3
f 215/157/3 217/159/3 233/159/3 231/157/3
f 214/156/1 213/155/1 229/155/1 230/156/1
f 213/155/9 220/153/9 236/153/9 229/155/9
f 220/153/5 218/154/5 234/154/5 236/153/5
f 218/154/3 214/156/3 230/156/3 234/154/3
f 216/158/5 215/157/5 231/157/5 232/158/5
f 221/164/10 222/165/10 230/156/10 229/155/10
f 223/166/10 224/163/10 232/158/10 231/157/10
f 225/161/10 223/166/10 231/157/10 233/159/10
f 222/165/10 226/167/10 234/154/10 230/156/10
f 227/162/10 225/161/10 233/159/10 235/160/10
f 226/167/10 228/168/10 236/153/10 234/154/10
f 224/163/10 227/162/10 235/160/10 232/158/10
f 228/168/10 221/164/10 229/155/10 236/153/10
f 223/166/9 225/161/9 241/161/9 239/166/9
f 222/165/5 221/164/5 237/164/5 238/165/5
f 221/164/3 228/168/3 244/168/3 237/164/3
f 228/168/1 226/167/1 242/167/1 244/168/1
f 226/167/9 222/165/9 238/165/9 242/167/9
f 224/163/1 223/166/1 239/166/1 240/163/1
f 523/224/18 635/225/18 634/226/18 504/227/18
f 473/228/19 469/229/19 599/230/19 603/231/19
f 721/237/20 585/238/20 567/239/20 715/240/20
f 535/241/21 533/242/21 663/243/21 665/244/21
f 464/312/55 461/309/55 431/309/55 432/410/55
f 466/417/55 468/335/55 435/335/55 436/416/55
f 430/249/56 429/331/56 437/332/56 438/336/56
f 462/249/57 463/331/57 429/331/57 430/249/57
f 467/261/57 465/262/57 433/262/57 434/261/57
f 434/261/56 433/262/56 455/337/56 456/338/56
f 438/336/53 437/332/53 440/263/53 439/324/53
f 447/408/58 448/409/58 432/410/58 431/309/58
f 449/334/59 450/325/59 451/326/59 452/333/59
f 446/405/50 445/406/50 448/409/50 447/408/50
f 439/324/59 440/263/59 441/264/59 442/323/59
f 444/404/60 443/407/60 445/406/60 446/405/60
f 444/404/10 442/323/10 441/264/10 443/407/10
f 460/411/50 459/412/50 458/415/50 457/414/50
f 454/339/60 453/413/60 459/412/60 460/411/60
f 456/338/53 455/337/53 450/325/53 449/334/53
f 457/414/58 458/415/58 436/416/58 435/335/58
f 454/339/10 452/333/10 451/326/10 453/413/10
f 555/423/62 553/424/62 701/425/62 687/426/62
f 579/427/63 577/428/63 726/429/63 709/430/63
f 587/431/64 593/432/64 711/433/64 695/434/64
f 571/435/18 570/436/18 698/437/18 717/438/18
f 715/240/66 567/447/66 563/448/66 719/449/66
f 698/450/67 570/451/67 589/452/67 699/453/67
f 681/454/68 575/455/68 573/456/68 683/457/68
f 699/483/70 589/452/70 591/484/70 693/485/70
f 693/485/71 591/486/71 587/487/71 695/488/71
f 723/489/72 584/490/72 596/491/72 705/492/72
f 597/493/73 585/494/73 721/237/73 714/495/73
f 711/496/74 593/432/74 584/497/74 723/498/74
f 577/428/75 597/493/75 714/495/75 726/499/75
f 707/500/76 581/501/76 575/502/76 681/454/76
f 719/503/77 563/448/77 565/504/77 571/505/77 717/506/77
f 549/507/78 555/508/78 687/426/78 679/509/78
f 685/510/79 557/511/79 547/512/79 677/513/79
f 543/514/80 561/515/80 691/516/80 669/517/80
f 559/518/81 539/519/81 671/520/81 689/521/81
f 537/522/82 545/523/82 673/524/82 667/525/82
f 541/526/83 535/527/83 665/528/83 675/529/83
f 539/555/85 541/556/85 675/557/85 671/520/85
f 677/558/86 547/559/86 559/560/86 689/521/86
f 545/561/87 543/562/87 669/563/87 673/564/87
f 551/565/88 579/566/88 709/430/88 703/567/88
f 561/568/89 549/507/89 679/569/89 691/570/89
f 683/457/90 573/571/90 557/572/90 685/510/90
f 705/573/91 596/574/91 581/575/91 707/500/91
f 553/576/92 551/577/92 703/578/92 701/579/92
f 660/580/72 511/581/72 529/582/72 648/583/72
f 648/584/74 529/582/74 517/585/74 657/586/74
f 505/587/70 653/588/70 655/589/70 499/590/70
f 639/591/76 487/592/76 513/593/76 645/594/76
f 493/595/78 485/596/78 615/597/78 621/598/78
f 477/599/81 495/600/81 625/601/81 605/602/81
f 497/603/80 475/604/80 609/605/80 627/606/80
f 475/604/87 479/607/87 611/608/87 609/609/87
f 471/610/83 481/611/83 607/612/83 601/613/83
f 479/607/82 473/228/82 603/231/82 611/641/82
f 613/642/79 483/643/79 491/644/79 623/645/79
f 481/646/85 477/599/85 605/602/85 607/612/85
f 485/596/89 497/603/89 627/606/89 615/597/89
f 625/601/86 495/600/86 483/643/86 613/647/86
f 507/648/62 493/595/62 621/649/62 619/650/62
f 623/645/90 491/651/90 489/652/90 637/653/90
f 637/654/68 489/655/68 487/592/68 639/591/68
f 532/656/63 515/657/63 643/658/63 641/659/63
f 645/594/91 513/593/91 511/581/91 660/660/91
f 527/661/73 520/662/73 661/663/73 649/664/73
f 505/587/67 504/227/67 634/665/67 653/666/67
f 501/667/64 651/668/64 657/586/64 517/585/64
f 499/590/71 655/589/71 651/668/71 501/669/71
f 509/676/92 507/677/92 619/650/92 617/678/92
f 533/242/19 537/679/19 667/680/19 663/243/19
f 525/681/77 629/682/77 635/683/77 523/224/77
f 521/684/66 631/685/66 629/686/66 525/681/66
f 520/662/75 532/687/75 641/688/75 661/663/75
f 521/689/20 527/661/20 649/664/20 631/690/20
f 515/657/88 509/691/88 617/692/88 643/658/88
f 469/229/21 471/610/21 601/822/21 599/823/21
usemtl M_Noir_Profond
f 25/68/10 26/69/10 34/44/10 33/43/10
f 27/70/10 28/71/10 36/47/10 35/46/10
f 29/72/10 30/73/10 38/50/10 37/49/10
f 31/74/10 32/59/10 40/5/10 39/6/10
f 98/75/10 29/72/10 37/49/10 96/52/10
f 142/76/10 31/74/10 39/6/10 140/53/10
f 120/77/10 27/70/10 35/46/10 118/78/10
f 164/79/10 25/68/10 33/43/10 162/80/10
f 64/99/8 63/100/8 79/100/8 80/99/8
f 57/109/10 58/110/10 66/88/10 65/87/10
f 59/111/10 60/112/10 68/90/10 67/89/10
f 61/113/10 62/114/10 70/81/10 69/82/10
f 63/100/10 64/99/10 72/92/10 71/91/10
f 106/115/10 61/113/10 69/82/10 104/116/10
f 150/117/10 63/100/10 71/91/10 148/118/10
f 128/119/10 59/111/10 67/89/10 126/96/10
f 172/120/10 57/109/10 65/87/10 170/121/10
f 60/112/6 59/111/6 75/111/6 76/112/6
f 127/124/3 64/99/3 80/99/3 129/124/3
f 62/114/7 61/113/7 77/113/7 78/114/7
f 58/110/2 57/109/2 73/109/2 74/110/2
f 171/126/5 60/112/5 76/112/5 173/122/5
f 149/127/1 62/114/1 78/114/1 151/127/1
f 107/125/9 74/110/9 82/110/9 109/130/9
f 77/113/9 108/132/9 110/115/9 85/113/9
f 108/132/9 107/125/9 109/130/9 110/115/9
f 58/110/10 105/125/10 103/108/10 66/88/10
f 105/125/10 106/115/10 104/116/10 103/108/10
f 26/69/10 97/83/10 95/64/10 34/44/10
f 97/83/10 98/75/10 96/52/10 95/64/10
f 59/111/3 128/119/3 130/135/3 75/111/3
f 128/119/3 127/124/3 129/124/3 130/135/3
f 64/99/10 127/124/10 125/106/10 72/92/10
f 127/124/10 128/119/10 126/96/10 125/106/10
f 32/59/10 119/58/10 117/62/10 40/5/10
f 119/58/10 120/77/10 118/78/10 117/62/10
f 63/100/1 150/117/1 152/117/1 79/100/1
f 150/117/1 149/127/1 151/127/1 152/117/1
f 62/114/10 149/127/10 147/104/10 70/81/10
f 149/127/10 150/117/10 148/118/10 147/104/10
f 30/73/10 141/85/10 139/67/10 38/50/10
f 141/85/10 142/76/10 140/53/10 139/67/10
f 57/109/5 172/120/5 174/120/5 73/109/5
f 172/120/5 171/126/5 173/122/5 174/120/5
f 60/112/10 171/126/10 169/102/10 68/90/10
f 171/126/10 172/120/10 170/121/10 169/102/10
f 28/71/10 163/84/10 161/65/10 36/47/10
f 163/84/10 164/79/10 162/80/10 161/65/10
f 196/153/3 194/154/3 210/154/3 212/153/3
f 189/155/3 196/153/3 212/153/3 205/155/3
f 189/155/10 190/156/10 198/149/10 197/148/10
f 191/157/10 192/158/10 200/147/10 199/150/10
f 193/159/10 191/157/10 199/150/10 201/145/10
f 190/156/10 194/154/10 202/151/10 198/149/10
f 195/160/10 193/159/10 201/145/10 203/146/10
f 194/154/10 196/153/10 204/152/10 202/151/10
f 192/158/10 195/160/10 203/146/10 200/147/10
f 196/153/10 189/155/10 197/148/10 204/152/10
f 206/156/3 205/155/3 213/155/3 214/156/3
f 207/157/3 209/159/3 217/159/3 215/157/3
f 194/154/3 190/156/3 206/156/3 210/154/3
f 192/158/3 191/157/3 207/157/3 208/158/3
f 195/160/3 192/158/3 208/158/3 211/160/3
f 193/159/3 195/160/3 211/160/3 209/159/3
f 191/157/3 193/159/3 209/159/3 207/157/3
f 190/156/3 189/155/3 205/155/3 206/156/3
f 205/155/3 212/153/3 220/153/3 213/155/3
f 212/153/3 210/154/3 218/154/3 220/153/3
f 210/154/3 206/156/3 214/156/3 218/154/3
f 208/158/3 207/157/3 215/157/3 216/158/3
f 211/160/3 208/158/3 216/158/3 219/160/3
f 209/159/3 211/160/3 219/160/3 217/159/3
usemtl M_Orange
f 119/58/3 32/59/3 56/59/3 121/60/3
f 46/81/6 45/82/6 69/82/6 70/81/6
f 97/83/9 26/69/9 50/69/9 99/83/9
f 30/73/7 29/72/7 53/72/7 54/73/7
f 26/69/2 25/68/2 49/68/2 50/69/2
f 163/84/5 28/71/5 52/71/5 165/84/5
f 141/85/1 30/73/1 54/73/1 143/86/1
f 32/59/8 31/74/8 55/74/8 56/59/8
f 28/71/6 27/70/6 51/70/6 52/71/6
f 41/87/10 42/88/10 50/69/10 49/68/10
f 43/89/10 44/90/10 52/71/10 51/70/10
f 45/82/10 46/81/10 54/73/10 53/72/10
f 47/91/10 48/92/10 56/59/10 55/74/10
f 102/93/10 45/82/10 53/72/10 100/75/10
f 146/94/10 47/91/10 55/74/10 144/95/10
f 124/96/10 43/89/10 51/70/10 122/77/10
f 168/97/10 41/87/10 49/68/10 166/98/10
f 42/88/8 41/87/8 65/87/8 66/88/8
f 167/101/1 44/90/1 68/90/1 169/102/1
f 145/103/5 46/81/5 70/81/5 147/104/5
f 48/92/2 47/91/2 71/91/2 72/92/2
f 44/90/7 43/89/7 67/89/7 68/90/7
f 123/105/9 48/92/9 72/92/9 125/106/9
f 101/107/3 42/88/3 66/88/3 103/108/3
f 45/82/3 102/93/3 104/116/3 69/82/3
f 102/93/3 101/107/3 103/108/3 104/116/3
f 42/88/10 101/107/10 99/83/10 50/69/10
f 101/107/10 102/93/10 100/75/10 99/83/10
f 29/72/9 98/75/9 100/75/9 53/72/9
f 98/75/9 97/83/9 99/83/9 100/75/9
f 43/89/9 124/96/9 126/96/9 67/89/9
f 124/96/9 123/105/9 125/106/9 126/96/9
f 48/92/10 123/105/10 121/60/10 56/59/10
f 123/105/10 124/96/10 122/77/10 121/60/10
f 27/70/3 120/77/3 122/77/3 51/70/3
f 120/77/3 119/58/3 121/60/3 122/77/3
f 47/91/5 146/94/5 148/118/5 71/91/5
f 146/94/5 145/103/5 147/104/5 148/118/5
f 46/81/10 145/103/10 143/86/10 54/73/10
f 145/103/10 146/94/10 144/95/10 143/86/10
f 31/74/1 142/76/1 144/95/1 55/74/1
f 142/76/1 141/85/1 143/86/1 144/95/1
f 41/87/1 168/97/1 170/121/1 65/87/1
f 168/97/1 167/101/1 169/102/1 170/121/1
f 44/90/10 167/101/10 165/84/10 52/71/10
f 167/101/10 168/97/10 166/98/10 165/84/10
f 25/68/5 164/79/5 166/98/5 49/68/5
f 164/79/5 163/84/5 165/84/5 166/98/5
usemtl M_Cyan
f 243/162/10 240/163/10 239/166/10 241/161/10
f 237/164/10 244/168/10 242/167/10 238/165/10
usemtl M_Gris_Metal
f 311/169/11 259/170/11 260/171/11 320/172/11 319/173/11 312/174/11
f 263/175/12 271/176/12 248/177/12 283/178/12 284/179/12
f 303/180/13 252/181/13 287/182/13 288/183/13 267/184/13 304/185/13
f 252/181/3 247/186/3 280/187/3 287/182/3
f 285/188/1 268/189/1 261/190/1 278/191/1
f 282/192/14 245/193/14 272/194/14 264/195/14 281/196/14
f 263/175/5 284/179/5 291/197/5 265/198/5
f 260/171/3 255/199/3 247/186/3 252/181/3
f 292/200/3 283/201/3 248/202/3 251/203/3
f 254/204/9 257/205/9 249/206/9 246/207/9
f 304/185/15 267/184/15 268/189/15 307/208/15 306/209/15 301/210/15
f 267/184/1 288/183/1 279/211/1 262/212/1
f 275/213/16 256/214/16 248/177/16 271/176/16
f 269/215/16 247/216/16 255/217/16 273/218/16
f 273/218/16 255/217/16 256/214/16 275/213/16
f 300/219/17 266/220/17 265/198/17 295/221/17 294/222/17 297/223/17
f 245/232/9 250/233/9 258/234/9 253/235/9
f 253/235/9 258/234/9 257/205/9 254/204/9
f 251/203/3 248/202/3 256/236/3 259/170/3
f 259/170/3 256/236/3 255/199/3 260/171/3
f 324/245/22 323/246/22 257/205/22 258/234/22 316/247/22 315/248/22
f 326/249/1 293/249/1 462/249/1 430/249/1
f 308/250/23 307/208/23 268/189/23 285/188/23 286/251/23 249/206/23
f 254/252/24 274/253/24 276/254/24 253/255/24
f 274/253/4 273/218/4 275/213/4 276/254/4
f 246/256/24 270/257/24 274/253/24 254/252/24
f 270/257/4 269/215/4 273/218/4 274/253/4
f 253/255/24 276/254/24 272/194/24 245/193/24
f 276/254/4 275/213/4 271/176/4 272/194/4
f 246/207/9 249/206/9 286/251/9 277/258/9
f 261/259/25 262/260/25 269/215/25 270/257/25
f 317/261/10 302/262/10 465/262/10 467/261/10
f 362/263/5 358/264/5 441/264/5 440/263/5
f 713/265/26 345/266/26 347/267/26 343/268/26 301/210/26 306/209/26 349/269/26 353/270/26 355/271/26 351/272/26 700/273/26 694/274/26 696/275/26 712/276/26 724/277/26 706/278/26 708/279/26 682/280/26 684/281/26 686/282/26 678/283/26 690/284/26 672/285/26 676/286/26 666/287/26 664/288/26 668/289/26 674/290/26 670/291/26 692/292/26 680/293/26 688/294/26 702/295/26 704/296/26 710/297/26 725/298/26
f 636/299/27 327/300/27 333/301/27 337/302/27 647/303/27 658/304/27 652/305/27 656/306/27 654/307/27 633/308/27
f 298/309/1 336/309/1 431/309/1 461/309/1
f 279/310/28 280/311/28 247/216/28 269/215/28 262/260/28
f 268/189/1 267/184/1 262/212/1 261/190/1
f 313/312/10 298/309/10 461/309/10 464/312/10
f 282/313/9 289/314/9 250/233/9 245/232/9
f 264/195/5 263/175/5 265/198/5 266/220/5
f 281/196/5 264/195/5 266/220/5 290/315/5
f 272/194/29 271/176/29 263/175/29 264/195/29
f 424/316/30 316/247/30 258/234/30 250/233/30 299/317/30 421/318/30
f 426/319/30 308/250/30 249/206/30 257/205/30 323/246/30 428/320/30
f 425/321/31 427/322/31 320/172/31 260/171/31 252/181/31 303/180/31
f 328/323/1 332/324/1 439/324/1 442/323/1
f 346/325/5 342/326/5 451/326/5 450/325/5
f 300/219/32 299/317/32 250/233/32 289/314/32 290/315/32 266/220/32
f 324/245/10 315/248/10 314/327/10 309/328/10 312/174/10 319/173/10 318/329/10 321/330/10
f 293/249/10 310/331/10 463/331/10 462/249/10
f 364/332/5 362/263/5 440/263/5 437/332/5
f 376/333/1 380/334/1 449/334/1 452/333/1
f 322/335/1 384/335/1 435/335/1 468/335/1
f 332/324/1 330/336/1 438/336/1 439/324/1
f 348/337/5 346/325/5 450/325/5 455/337/5
f 374/261/1 317/261/1 467/261/1 434/261/1
f 360/331/5 364/332/5 437/332/5 429/331/5
f 380/334/1 378/338/1 456/338/1 449/334/1
f 382/339/1 376/333/1 452/333/1 454/339/1
f 330/336/1 326/249/1 430/249/1 438/336/1
f 423/340/31 422/341/31 296/342/31 251/203/31 259/170/31 311/169/31
f 289/314/2 282/313/2 281/31/2 290/32/2
f 283/33/6 292/34/6 291/197/6 284/179/6
f 277/258/7 286/251/7 285/37/7 278/38/7
f 287/39/8 280/40/8 279/211/8 288/183/8
f 278/343/33 261/259/33 270/257/33 246/256/33 277/344/33
f 422/341/10 294/345/10 295/221/10 296/342/10
f 297/223/10 421/346/10 299/317/10 300/219/10
f 301/210/10 425/347/10 303/180/10 304/185/10
f 426/319/10 306/348/10 307/208/10 308/250/10
f 309/328/10 423/349/10 311/169/10 312/174/10
f 424/316/10 314/350/10 315/248/10 316/247/10
f 427/322/10 318/351/10 319/173/10 320/172/10
f 321/330/10 428/352/10 323/246/10 324/245/10
f 337/302/34 333/301/34 389/353/34 390/354/34
f 367/355/35 371/356/35 391/357/35 392/358/35
f 339/359/36 337/302/36 390/354/36 393/360/36
f 371/356/37 369/361/37 394/362/37 391/357/37
f 335/363/38 339/359/38 393/360/38 395/364/38
f 369/361/39 365/365/39 396/316/39 394/362/39
f 329/366/40 325/367/40 397/368/40 398/369/40
f 359/370/41 363/371/41 399/372/41 400/373/41
f 331/374/42 329/366/42 398/369/42 401/375/42
f 363/371/43 361/376/43 402/377/43 399/372/43
f 327/300/44 331/374/44 401/375/44 403/378/44
f 361/376/45 357/379/45 404/380/45 402/377/45
f 385/381/34 381/382/34 405/383/34 406/384/34
f 351/272/35 355/271/35 407/385/35 408/386/35
f 387/387/36 385/381/36 406/384/36 409/388/36
f 355/271/37 353/270/37 410/389/37 407/385/37
f 383/390/38 387/387/38 409/388/38 411/391/38
f 353/270/39 349/269/39 412/392/39 410/389/39
f 377/393/40 373/394/40 413/322/40 414/395/40
f 343/268/41 347/267/41 415/396/41 416/321/41
f 379/397/42 377/393/42 414/395/42 417/398/42
f 347/267/43 345/266/43 418/399/43 415/396/43
f 375/400/44 379/397/44 417/398/44 419/401/44
f 345/266/45 341/402/45 420/403/45 418/399/45
f 395/364/2 421/318/2 297/223/2 335/363/2
f 422/341/6 397/368/6 325/367/6 294/222/6
f 403/378/46 389/353/46 333/301/46 327/300/46
f 357/379/47 367/355/47 392/358/47 404/380/47
f 309/328/8 359/370/8 400/373/8 423/340/8
f 365/365/7 314/327/7 424/316/7 396/316/7
f 416/321/8 425/321/8 301/210/8 343/268/8
f 426/319/7 412/392/7 349/269/7 306/209/7
f 408/386/47 420/403/47 341/402/47 351/272/47
f 381/382/46 375/400/46 419/401/46 405/383/46
f 373/394/6 318/329/6 427/322/6 413/322/6
f 321/330/2 383/390/2 411/391/2 428/320/2
f 295/221/48 265/198/48 291/197/48 292/200/48 251/203/48 296/342/48
f 334/404/49 338/405/49 390/354/49 389/353/49
f 372/406/49 368/407/49 392/358/49 391/357/49
f 338/405/50 340/408/50 393/360/50 390/354/50
f 370/409/50 372/406/50 391/357/50 394/362/50
f 340/408/51 336/309/51 395/364/51 393/360/51
f 366/410/51 370/409/51 394/362/51 396/316/51
f 326/249/52 330/336/52 398/369/52 397/368/52
f 364/332/52 360/331/52 400/373/52 399/372/52
f 330/336/53 332/324/53 401/375/53 398/369/53
f 362/263/53 364/332/53 399/372/53 402/377/53
f 332/324/54 328/323/54 403/378/54 401/375/54
f 358/264/54 362/263/54 402/377/54 404/380/54
f 382/339/49 386/411/49 406/384/49 405/383/49
f 356/412/49 352/413/49 408/386/49 407/385/49
f 386/411/50 388/414/50 409/388/50 406/384/50
f 354/415/50 356/412/50 407/385/50 410/389/50
f 388/414/51 384/335/51 411/391/51 409/388/51
f 350/416/51 354/415/51 410/389/51 412/392/51
f 374/261/52 378/338/52 414/395/52 413/322/52
f 348/337/52 344/262/52 416/321/52 415/396/52
f 378/338/53 380/334/53 417/398/53 414/395/53
f 346/325/53 348/337/53 415/396/53 418/399/53
f 380/334/54 376/333/54 419/401/54 417/398/54
f 342/326/54 346/325/54 418/399/54 420/403/54
f 336/309/9 298/309/9 421/318/9 395/364/9
f 293/249/3 326/249/3 397/368/3 422/341/3
f 328/323/10 334/404/10 389/353/10 403/378/10
f 368/407/10 358/264/10 404/380/10 392/358/10
f 360/331/3 310/331/3 423/340/3 400/373/3
f 313/312/9 366/410/9 396/316/9 424/316/9
f 344/262/3 302/262/3 425/321/3 416/321/3
f 305/417/9 350/416/9 412/392/9 426/319/9
f 352/413/10 342/326/10 420/403/10 408/386/10
f 376/333/10 382/339/10 405/383/10 419/401/10
f 317/261/3 374/261/3 413/322/3 427/322/3
f 384/335/9 322/335/9 428/320/9 411/391/9
f 310/331/3 293/249/3 422/341/3 423/340/3
f 298/309/9 313/312/9 424/316/9 421/318/9
f 302/262/3 317/261/3 427/322/3 425/321/3
f 322/335/9 305/417/9 426/319/9 428/320/9
f 386/411/1 382/339/1 454/339/1 460/411/1
f 305/417/10 322/335/10 468/335/10 466/417/10
f 334/404/1 328/323/1 442/323/1 444/404/1
f 352/413/5 356/412/5 459/412/5 453/413/5
f 338/405/1 334/404/1 444/404/1 446/405/1
f 358/264/5 368/407/5 443/407/5 441/264/5
f 388/414/1 386/411/1 460/411/1 457/414/1
f 368/407/5 372/406/5 445/406/5 443/407/5
f 310/331/5 360/331/5 429/331/5 463/331/5
f 356/412/5 354/415/5 458/415/5 459/412/5
f 340/408/1 338/405/1 446/405/1 447/408/1
f 366/410/5 313/312/5 464/312/5 432/410/5
f 384/335/1 388/414/1 457/414/1 435/335/1
f 372/406/5 370/409/5 448/409/5 445/406/5
f 302/262/5 344/262/5 433/262/5 465/262/5
f 354/415/5 350/416/5 436/416/5 458/415/5
f 336/309/1 340/408/1 447/408/1 431/309/1
f 350/416/5 305/417/5 466/417/5 436/416/5
f 378/338/1 374/261/1 434/261/1 456/338/1
f 370/409/5 366/410/5 432/410/5 448/409/5
f 342/326/5 352/413/5 453/413/5 451/326/5
f 344/262/5 348/337/5 455/337/5 433/262/5
f 700/273/61 351/272/61 341/402/61 345/266/61 713/265/61 722/418/61 716/419/61 720/420/61 718/421/61 697/422/61
f 572/439/65 566/440/65 375/400/65 381/382/65 385/381/65 583/441/65 594/442/65 588/443/65 592/444/65 590/445/65 569/446/65
f 647/303/69 337/302/69 339/359/69 335/363/69 297/223/69 294/222/69 325/367/69 329/366/69 331/374/69 327/300/69 636/299/69 630/458/69 632/459/69 650/460/69 662/461/69 642/462/69 644/463/69 618/464/69 620/465/69 622/466/69 616/467/69 628/468/69 610/469/69 612/470/69 604/471/69 600/472/69 602/473/69 608/474/69 606/475/69 626/476/69 614/477/69 624/478/69 638/479/69 640/480/69 646/481/69 659/482/69
f 583/441/84 385/381/84 387/387/84 383/390/84 321/330/84 318/329/84 373/394/84 377/393/84 379/397/84 375/400/84 566/440/84 564/530/84 568/531/84 586/532/84 598/533/84 578/534/84 580/535/84 552/536/84 554/537/84 556/538/84 550/539/84 562/540/84 544/541/84 546/542/84 538/543/84 534/544/84 536/545/84 542/546/84 540/547/84 560/548/84 548/549/84 558/550/84 574/551/84 576/552/84 582/553/84 595/554/84
f 519/614/93 361/376/93 363/371/93 359/370/93 309/328/93 314/327/93 365/365/93 369/361/93 371/356/93 367/355/93 506/615/93 500/616/93 502/617/93 518/618/93 530/619/93 512/620/93 514/621/93 488/622/93 490/623/93 492/624/93 484/625/93 496/626/93 478/627/93 482/628/93 472/629/93 470/630/93 474/631/93 480/632/93 476/633/93 498/634/93 486/635/93 494/636/93 508/637/93 510/638/93 516/639/93 531/640/93
f 506/670/94 367/355/94 357/379/94 361/376/94 519/614/94 528/671/94 522/672/94 526/673/94 524/674/94 503/675/94
f 504/693/95 505/694/95 506/670/95 503/675/95
f 520/695/96 527/696/96 528/671/96 519/614/96
f 522/672/97 528/671/97 527/696/97 521/697/97
f 521/697/98 525/698/98 526/673/98 522/672/98
f 524/674/99 526/673/99 525/698/99 523/699/99
f 503/675/100 524/674/100 523/699/100 504/693/100
f 519/614/101 531/640/101 532/700/101 520/695/101
f 500/616/102 506/615/102 505/694/102 499/701/102
f 499/701/103 501/702/103 502/617/103 500/616/103
f 501/702/104 517/703/104 518/618/104 502/617/104
f 517/703/105 529/704/105 530/619/105 518/618/105
f 512/620/106 530/619/106 529/704/106 511/705/106
f 511/705/107 513/706/107 514/621/107 512/620/107
f 488/622/108 514/621/108 513/706/108 487/707/108
f 487/707/109 489/708/109 490/623/109 488/622/109
f 489/708/110 491/709/110 492/624/110 490/623/110
f 484/625/111 492/624/111 491/709/111 483/710/111
f 483/710/112 495/711/112 496/626/112 484/625/112
f 478/627/113 496/626/113 495/711/113 477/712/113
f 477/712/114 481/713/114 482/628/114 478/627/114
f 472/629/115 482/628/115 481/713/115 471/714/115
f 470/630/116 472/629/116 471/714/116 469/715/116
f 469/715/117 473/716/117 474/631/117 470/630/117
f 473/716/118 479/717/118 480/632/118 474/631/118
f 476/633/119 480/632/119 479/717/119 475/718/119
f 475/718/120 497/719/120 498/634/120 476/633/120
f 486/635/121 498/634/121 497/719/121 485/720/121
f 485/720/122 493/721/122 494/636/122 486/635/122
f 493/721/123 507/722/123 508/637/123 494/636/123
f 507/722/124 509/723/124 510/638/124 508/637/124
f 509/723/125 515/724/125 516/639/125 510/638/125
f 515/724/126 532/700/126 531/640/126 516/639/126
f 570/725/127 571/726/127 572/439/127 569/446/127
f 566/440/128 572/439/128 571/726/128 565/727/128
f 584/728/129 593/729/129 594/442/129 583/441/129
f 588/443/130 594/442/130 593/729/130 587/730/130
f 587/730/131 591/731/131 592/444/131 588/443/131
f 590/445/132 592/444/132 591/731/132 589/732/132
f 569/446/133 590/445/133 589/732/133 570/725/133
f 583/441/134 595/554/134 596/733/134 584/728/134
f 564/530/135 566/440/135 565/727/135 563/734/135
f 563/734/136 567/735/136 568/531/136 564/530/136
f 567/735/137 585/736/137 586/532/137 568/531/137
f 585/736/138 597/737/138 598/533/138 586/532/138
f 578/534/139 598/533/139 597/737/139 577/738/139
f 577/738/140 579/739/140 580/535/140 578/534/140
f 552/536/141 580/535/141 579/739/141 551/740/141
f 551/740/142 553/741/142 554/537/142 552/536/142
f 553/741/143 555/742/143 556/538/143 554/537/143
f 550/539/144 556/538/144 555/742/144 549/743/144
f 549/743/145 561/744/145 562/540/145 550/539/145
f 544/541/146 562/540/146 561/744/146 543/745/146
f 543/745/147 545/746/147 546/542/147 544/541/147
f 538/543/148 546/542/148 545/746/148 537/747/148
f 534/544/149 538/543/149 537/747/149 533/748/149
f 533/748/150 535/749/150 536/545/150 534/544/150
f 535/749/151 541/750/151 542/546/151 536/545/151
f 540/547/152 542/546/152 541/750/152 539/751/152
f 539/751/153 559/752/153 560/548/153 540/547/153
f 548/549/154 560/548/154 559/752/154 547/753/154
f 547/753/155 557/754/155 558/550/155 548/549/155
f 557/754/156 573/755/156 574/551/156 558/550/156
f 573/755/157 575/756/157 576/552/157 574/551/157
f 575/756/158 581/757/158 582/553/158 576/552/158
f 581/757/159 596/733/159 595/554/159 582/553/159
f 634/758/160 635/759/160 636/299/160 633/308/160
f 648/760/161 657/761/161 658/304/161 647/303/161
f 652/305/130 658/304/130 657/761/130 651/762/130
f 651/762/131 655/763/131 656/306/131 652/305/131
f 654/307/132 656/306/132 655/763/132 653/764/132
f 633/308/133 654/307/133 653/764/133 634/758/133
f 647/303/162 659/482/162 660/765/162 648/760/162
f 630/458/163 636/299/163 635/759/163 629/766/163
f 629/766/136 631/767/136 632/459/136 630/458/136
f 631/767/137 649/768/137 650/460/137 632/459/137
f 649/768/138 661/769/138 662/461/138 650/460/138
f 642/462/139 662/461/139 661/769/139 641/770/139
f 641/770/140 643/771/140 644/463/140 642/462/140
f 618/464/141 644/463/141 643/771/141 617/772/141
f 617/772/142 619/773/142 620/465/142 618/464/142
f 619/773/143 621/774/143 622/466/143 620/465/143
f 616/467/144 622/466/144 621/774/144 615/775/144
f 615/775/145 627/776/145 628/468/145 616/467/145
f 610/469/146 628/468/146 627/776/146 609/777/146
f 609/777/147 611/778/147 612/470/147 610/469/147
f 604/471/148 612/470/148 611/778/148 603/779/148
f 600/472/149 604/471/149 603/779/149 599/780/149
f 599/780/150 601/781/150 602/473/150 600/472/150
f 601/781/151 607/782/151 608/474/151 602/473/151
f 606/475/152 608/474/152 607/782/152 605/783/152
f 605/783/153 625/784/153 626/476/153 606/475/153
f 614/477/154 626/476/154 625/784/154 613/785/154
f 613/785/155 623/786/155 624/478/155 614/477/155
f 623/786/156 637/787/156 638/479/156 624/478/156
f 637/787/157 639/788/157 640/480/157 638/479/157
f 639/788/158 645/789/158 646/481/158 640/480/158
f 645/789/159 660/765/159 659/482/159 646/481/159
f 698/790/164 699/791/164 700/273/164 697/422/164
f 714/792/165 721/793/165 722/418/165 713/265/165
f 716/419/97 722/418/97 721/793/97 715/794/97
f 715/794/98 719/795/98 720/420/98 716/419/98
f 718/421/99 720/420/99 719/795/99 717/796/99
f 697/422/100 718/421/100 717/796/100 698/790/100
f 713/265/166 725/298/166 726/797/166 714/792/166
f 694/274/167 700/273/167 699/791/167 693/798/167
f 693/798/103 695/799/103 696/275/103 694/274/103
f 695/799/104 711/800/104 712/276/104 696/275/104
f 711/800/105 723/801/105 724/277/105 712/276/105
f 706/278/106 724/277/106 723/801/106 705/802/106
f 705/802/107 707/803/107 708/279/107 706/278/107
f 682/280/108 708/279/108 707/803/108 681/804/108
f 681/804/109 683/805/109 684/281/109 682/280/109
f 683/805/110 685/806/110 686/282/110 684/281/110
f 678/283/111 686/282/111 685/806/111 677/807/111
f 677/807/112 689/808/112 690/284/112 678/283/112
f 672/285/113 690/284/113 689/808/113 671/809/113
f 671/809/114 675/810/114 676/286/114 672/285/114
f 666/287/115 676/286/115 675/810/115 665/811/115
f 664/288/116 666/287/116 665/811/116 663/812/116
f 663/812/117 667/813/117 668/289/117 664/288/117
f 667/813/118 673/814/118 674/290/118 668/289/118
f 670/291/119 674/290/119 673/814/119 669/815/119
f 669/815/120 691/816/120 692/292/120 670/291/120
f 680/293/121 692/292/121 691/816/121 679/817/121
f 679/817/122 687/818/122 688/294/122 680/293/122
f 687/818/123 701/819/123 702/295/123 688/294/123
f 701/819/124 703/820/124 704/296/124 702/295/124
f 703/820/125 709/821/125 710/297/125 704/296/125
f 709/821/126 726/797/126 725/298/126 710/297/126
o SM_Switch_Levier
v 0.184378 0.119913 -0.019543
v 0.193111 0.118547 -0.021202
v 0.181057 0.121694 -0.017528
v 0.196859 0.116537 -0.020783
v 0.178145 0.123255 -0.014817
v 0.200463 0.114605 -0.019543
v 0.175756 0.124536 -0.011514
v 0.203784 0.112824 -0.017528
v 0.173981 0.125488 -0.007745
v 0.206695 0.111263 -0.014817
v 0.172888 0.126074 -0.003656
v 0.209085 0.109982 -0.011514
v 0.172518 0.126272 0.000597
v 0.210860 0.109030 -0.007745
v 0.172888 0.126074 0.004849
v 0.211953 0.108444 -0.003656
v 0.173981 0.125488 0.008939
v 0.212322 0.108246 0.000597
v 0.175756 0.124536 0.012707
v 0.211953 0.108444 0.004849
v 0.178145 0.123255 0.016011
v 0.210860 0.109030 0.008939
v 0.181057 0.121694 0.018722
v 0.209085 0.109982 0.012707
v 0.184378 0.119913 0.020736
v 0.206695 0.111263 0.016011
v 0.187982 0.117981 0.021976
v 0.203784 0.112824 0.018722
v 0.191730 0.115971 0.022395
v 0.200463 0.114605 0.020736
v 0.195478 0.113962 0.021976
v 0.196859 0.116537 0.021976
v 0.199082 0.112029 0.020736
v 0.193111 0.118547 0.022395
v 0.202403 0.110248 0.018722
v 0.189363 0.120557 0.021976
v 0.205314 0.108687 0.016011
v 0.185759 0.122489 0.020736
v 0.207703 0.107406 0.012707
v 0.182438 0.124270 0.018722
v 0.209479 0.106454 0.008939
v 0.179526 0.125831 0.016011
v 0.210572 0.105868 0.004849
v 0.177137 0.127112 0.012707
v 0.210941 0.105670 0.000597
v 0.175362 0.128064 0.008939
v 0.210572 0.105868 -0.003656
v 0.174269 0.128650 0.004849
v 0.209479 0.106454 -0.007745
v 0.173900 0.128848 0.000597
v 0.207703 0.107406 -0.011514
v 0.174269 0.128650 -0.003656
v 0.205314 0.108687 -0.014817
v 0.175362 0.128064 -0.007745
v 0.202403 0.110248 -0.017528
v 0.177137 0.127112 -0.011514
v 0.199082 0.112029 -0.019543
v 0.179526 0.125831 -0.014817
v 0.187982 0.117981 -0.020783
v 0.182438 0.124270 -0.017528
v 0.195478 0.113962 -0.020783
v 0.185759 0.122489 -0.019543
v 0.191730 0.115971 -0.021202
v 0.189363 0.120557 -0.020783
v 0.182810 0.099336 -0.019717
v 0.183508 0.100638 -0.021202
v 0.186303 0.097463 -0.019327
v 0.187256 0.098629 -0.020783
v 0.189661 0.095662 -0.018171
v 0.190860 0.096696 -0.019543
v 0.192756 0.094003 -0.016294
v 0.194182 0.094915 -0.017528
v 0.195469 0.092548 -0.013767
v 0.197093 0.093354 -0.014817
v 0.197696 0.091354 -0.010689
v 0.199482 0.092073 -0.011514
v 0.199350 0.090467 -0.007177
v 0.201257 0.091121 -0.007745
v 0.200369 0.089921 -0.003366
v 0.202351 0.090535 -0.003656
v 0.200713 0.089737 0.000597
v 0.202720 0.090337 0.000597
v 0.200369 0.089921 0.004560
v 0.202351 0.090535 0.004849
v 0.199350 0.090467 0.008370
v 0.201257 0.091121 0.008939
v 0.197696 0.091354 0.011882
v 0.199482 0.092073 0.012707
v 0.195469 0.092548 0.014961
v 0.197093 0.093354 0.016011
v 0.192756 0.094003 0.017487
v 0.194182 0.094915 0.018722
v 0.189661 0.095662 0.019364
v 0.190860 0.096696 0.020736
v 0.186303 0.097463 0.020520
v 0.187256 0.098629 0.021976
v 0.182810 0.099336 0.020910
v 0.183508 0.100638 0.022395
v 0.179317 0.101208 0.020520
v 0.179760 0.102648 0.021976
v 0.175959 0.103009 0.019364
v 0.176157 0.104580 0.020736
v 0.172864 0.104669 0.017487
v 0.172835 0.106361 0.018722
v 0.170151 0.106123 0.014961
v 0.169924 0.107922 0.016011
v 0.167925 0.107317 0.011882
v 0.167535 0.109203 0.012707
v 0.166270 0.108204 0.008370
v 0.165759 0.110155 0.008939
v 0.165251 0.108750 0.004560
v 0.164666 0.110741 0.004849
v 0.164907 0.108935 0.000597
v 0.164297 0.110939 0.000597
v 0.165251 0.108750 -0.003366
v 0.164666 0.110741 -0.003656
v 0.166270 0.108204 -0.007177
v 0.165759 0.110155 -0.007745
v 0.167925 0.107317 -0.010689
v 0.167535 0.109203 -0.011514
v 0.170151 0.106123 -0.013767
v 0.169924 0.107922 -0.014817
v 0.172864 0.104669 -0.016294
v 0.172835 0.106361 -0.017528
v 0.175959 0.103009 -0.018171
v 0.176157 0.104580 -0.019543
v 0.179317 0.101208 -0.019327
v 0.179760 0.102648 -0.020783
v 0.188388 0.117763 -0.018468
v 0.191730 0.115971 -0.018842
v 0.196453 0.116755 -0.018468
v 0.193111 0.118547 -0.018842
v 0.198286 0.112456 -0.017362
v 0.201247 0.110868 -0.015566
v 0.203843 0.109476 -0.013148
v 0.205974 0.108334 -0.010203
v 0.207557 0.107485 -0.006842
v 0.199667 0.115032 -0.017362
v 0.208532 0.106962 -0.003196
v 0.208861 0.106786 0.000597
v 0.202629 0.113444 -0.015566
v 0.208532 0.106962 0.004389
v 0.207557 0.107485 0.008035
v 0.205225 0.112052 -0.013148
v 0.205974 0.108334 0.011396
v 0.203843 0.109476 0.014342
v 0.207355 0.110909 -0.010203
v 0.201247 0.110868 0.016759
v 0.198286 0.112456 0.018556
v 0.208938 0.110061 -0.006842
v 0.195072 0.114179 0.019662
v 0.191730 0.115971 0.020035
v 0.209913 0.109538 -0.003196
v 0.188388 0.117763 0.019662
v 0.185174 0.119486 0.018556
v 0.210242 0.109361 0.000597
v 0.182212 0.121074 0.016759
v 0.179616 0.122466 0.014342
v 0.209913 0.109538 0.004389
v 0.177486 0.123609 0.011396
v 0.175903 0.124458 0.008035
v 0.208938 0.110061 0.008035
v 0.174928 0.124980 0.004389
v 0.174598 0.125157 0.000597
v 0.207355 0.110909 0.011396
v 0.174928 0.124980 -0.003196
v 0.175903 0.124458 -0.006842
v 0.205225 0.112052 0.014342
v 0.177486 0.123609 -0.010203
v 0.179616 0.122466 -0.013148
v 0.202629 0.113444 0.016759
v 0.182212 0.121074 -0.015566
v 0.185174 0.119486 -0.017362
v 0.199667 0.115032 0.018556
v 0.195072 0.114179 -0.018468
v 0.196453 0.116755 0.019662
v 0.186555 0.122062 -0.017362
v 0.193111 0.118547 0.020035
v 0.183593 0.123650 -0.015566
v 0.180997 0.125042 -0.013148
v 0.189769 0.120339 0.019662
v 0.178867 0.126185 -0.010203
v 0.177284 0.127033 -0.006842
v 0.186555 0.122062 0.018556
v 0.176309 0.127556 -0.003196
v 0.175980 0.127733 0.000597
v 0.183593 0.123650 0.016759
v 0.176309 0.127556 0.004389
v 0.177284 0.127033 0.008035
v 0.180997 0.125042 0.014342
v 0.178867 0.126185 0.011396
v 0.189769 0.120339 -0.018468
v 0.247526 0.214500 -0.012546
v 0.246629 0.209360 -0.020783
v 0.242881 0.211369 -0.021202
v 0.245222 0.215735 -0.012803
v 0.249741 0.213312 -0.011783
v 0.250233 0.207427 -0.019543
v 0.251783 0.212217 -0.010545
v 0.253554 0.205646 -0.017528
v 0.253572 0.211258 -0.008878
v 0.256465 0.204085 -0.014817
v 0.255041 0.210470 -0.006848
v 0.258855 0.202804 -0.011514
v 0.256132 0.209885 -0.004531
v 0.260630 0.201852 -0.007745
v 0.256804 0.209525 -0.002017
v 0.261723 0.201266 -0.003656
v 0.257031 0.209403 0.000597
v 0.262092 0.201068 0.000597
v 0.256804 0.209525 0.003211
v 0.261723 0.201266 0.004849
v 0.256132 0.209885 0.005724
v 0.260630 0.201852 0.008939
v 0.255041 0.210470 0.008041
v 0.258855 0.202804 0.012707
v 0.253572 0.211258 0.010072
v 0.256465 0.204085 0.016011
v 0.251783 0.212217 0.011738
v 0.253554 0.205646 0.018722
v 0.249741 0.213312 0.012976
v 0.250233 0.207427 0.020736
v 0.247526 0.214500 0.013739
v 0.246629 0.209360 0.021976
v 0.245222 0.215735 0.013996
v 0.242881 0.211369 0.022395
v 0.242918 0.216970 0.013739
v 0.239133 0.213379 0.021976
v 0.240703 0.218158 0.012976
v 0.235529 0.215311 0.020736
v 0.238661 0.219253 0.011738
v 0.232208 0.217092 0.018722
v 0.236872 0.220212 0.010072
v 0.229296 0.218653 0.016011
v 0.235403 0.221000 0.008041
v 0.226907 0.219934 0.012707
v 0.234312 0.221585 0.005724
v 0.225132 0.220886 0.008939
v 0.233640 0.221945 0.003211
v 0.224039 0.221472 0.004849
v 0.233413 0.222067 0.000597
v 0.223670 0.221670 0.000597
v 0.233640 0.221945 -0.002018
v 0.224039 0.221472 -0.003656
v 0.234312 0.221585 -0.004531
v 0.225132 0.220886 -0.007745
v 0.235403 0.221000 -0.006848
v 0.226907 0.219934 -0.011514
v 0.236872 0.220212 -0.008878
v 0.229296 0.218653 -0.014817
v 0.238661 0.219253 -0.010545
v 0.232208 0.217092 -0.017528
v 0.240703 0.218158 -0.011783
v 0.235529 0.215311 -0.019543
v 0.242918 0.216970 -0.012546
v 0.239133 0.213379 -0.020783
v 0.245222 0.215735 -0.016224
v 0.248114 0.214184 -0.015901
v 0.250895 0.212693 -0.014944
v 0.253458 0.211319 -0.013389
v 0.255704 0.210115 -0.011297
v 0.257548 0.209126 -0.008748
v 0.258918 0.208392 -0.005840
v 0.259761 0.207939 -0.002685
v 0.260046 0.207787 0.000597
v 0.259761 0.207939 0.003878
v 0.258918 0.208392 0.007034
v 0.257548 0.209126 0.009942
v 0.255704 0.210115 0.012491
v 0.253458 0.211319 0.014583
v 0.250895 0.212693 0.016137
v 0.248114 0.214184 0.017094
v 0.245222 0.215735 0.017417
v 0.242330 0.217286 0.017094
v 0.239549 0.218777 0.016137
v 0.236986 0.220151 0.014583
v 0.234740 0.221356 0.012491
v 0.232896 0.222344 0.009942
v 0.231526 0.223079 0.007034
v 0.230683 0.223531 0.003878
v 0.230398 0.223684 0.000597
v 0.230683 0.223531 -0.002685
v 0.231526 0.223079 -0.005840
v 0.232896 0.222344 -0.008748
v 0.234740 0.221356 -0.011297
v 0.236986 0.220151 -0.013389
v 0.239549 0.218777 -0.014944
v 0.242330 0.217286 -0.015901
v 0.246380 0.217895 -0.009281
v 0.248078 0.216984 -0.009091
v 0.249711 0.216109 -0.008529
v 0.251216 0.215302 -0.007616
v 0.252535 0.214594 -0.006388
v 0.253618 0.214014 -0.004891
v 0.254423 0.213583 -0.003183
v 0.254918 0.213317 -0.001330
v 0.255085 0.213227 0.000597
v 0.254918 0.213317 0.002524
v 0.254423 0.213583 0.004377
v 0.253618 0.214014 0.006084
v 0.252535 0.214594 0.007581
v 0.251216 0.215302 0.008810
v 0.249711 0.216109 0.009722
v 0.248078 0.216984 0.010284
v 0.246380 0.217895 0.010474
v 0.244682 0.218806 0.010284
v 0.243049 0.219681 0.009722
v 0.241544 0.220488 0.008810
v 0.240225 0.221195 0.007581
v 0.239142 0.221776 0.006084
v 0.238337 0.222207 0.004377
v 0.237842 0.222473 0.002524
v 0.237675 0.222563 0.000597
v 0.237842 0.222473 -0.001330
v 0.238337 0.222207 -0.003183
v 0.239142 0.221776 -0.004891
v 0.240225 0.221195 -0.006388
v 0.241544 0.220488 -0.007616
v 0.243049 0.219681 -0.008529
v 0.244682 0.218806 -0.009091
v 0.129375 0.016594 -0.089718
v 0.129375 0.029747 -0.081411
v 0.129375 0.016594 0.090911
v 0.129375 0.029747 0.082604
v 0.132613 0.016276 -0.089718
v 0.135179 0.029176 -0.081411
v 0.132613 0.016276 0.090911
v 0.135179 0.029176 0.082604
v 0.135727 0.015331 -0.089718
v 0.140760 0.027483 -0.081411
v 0.135727 0.015331 0.090911
v 0.140760 0.027483 0.082604
v 0.138597 0.013797 -0.089718
v 0.145904 0.024733 -0.081411
v 0.138597 0.013797 0.090911
v 0.145904 0.024733 0.082604
v 0.141112 0.011733 -0.089718
v 0.150412 0.021034 -0.081411
v 0.141112 0.011733 0.090911
v 0.150412 0.021034 0.082604
v 0.143176 0.009218 -0.089718
v 0.154112 0.016525 -0.081411
v 0.143176 0.009218 0.090911
v 0.154112 0.016525 0.082604
v 0.144710 0.006348 -0.089718
v 0.156861 0.011382 -0.081411
v 0.144710 0.006348 0.090911
v 0.156861 0.011382 0.082604
v 0.145654 0.003235 -0.089718
v 0.158554 0.005801 -0.081411
v 0.145654 0.003235 0.090911
v 0.158554 0.005801 0.082604
v 0.145973 -0.000003 -0.089718
v 0.159126 -0.000003 -0.081411
v 0.145973 -0.000003 0.090911
v 0.159126 -0.000003 0.082604
v 0.145654 -0.003241 -0.089718
v 0.158554 -0.005807 -0.081411
v 0.145654 -0.003241 0.090911
v 0.158554 -0.005807 0.082604
v 0.144710 -0.006355 -0.089718
v 0.156861 -0.011388 -0.081411
v 0.144710 -0.006355 0.090911
v 0.156861 -0.011388 0.082604
v 0.143176 -0.009225 -0.089718
v 0.154112 -0.016532 -0.081411
v 0.143176 -0.009225 0.090911
v 0.154112 -0.016532 0.082604
v 0.141112 -0.011740 -0.089718
v 0.150412 -0.021040 -0.081411
v 0.141112 -0.011740 0.090911
v 0.150412 -0.021040 0.082604
v 0.138597 -0.013804 -0.089718
v 0.145904 -0.024740 -0.081411
v 0.138597 -0.013804 0.090911
v 0.145904 -0.024740 0.082604
v 0.135727 -0.015338 -0.089718
v 0.140760 -0.027489 -0.081411
v 0.135727 -0.015338 0.090911
v 0.140760 -0.027489 0.082604
v 0.132613 -0.016282 -0.089718
v 0.135179 -0.029182 -0.081411
v 0.132613 -0.016282 0.090911
v 0.135179 -0.029182 0.082604
v 0.129375 -0.016601 -0.089718
v 0.129375 -0.029754 -0.081411
v 0.129375 -0.016601 0.090911
v 0.129375 -0.029754 0.082604
v 0.126137 -0.016282 -0.089718
v 0.123571 -0.029182 -0.081411
v 0.126137 -0.016282 0.090911
v 0.123571 -0.029182 0.082604
v 0.123024 -0.015338 -0.089718
v 0.117990 -0.027489 -0.081411
v 0.123024 -0.015338 0.090911
v 0.117990 -0.027489 0.082604
v 0.120154 -0.013804 -0.089718
v 0.112847 -0.024740 -0.081411
v 0.120154 -0.013804 0.090911
v 0.112847 -0.024740 0.082604
v 0.117639 -0.011740 -0.089718
v 0.108338 -0.021040 -0.081411
v 0.117639 -0.011740 0.090911
v 0.108338 -0.021040 0.082604
v 0.115575 -0.009225 -0.089718
v 0.104639 -0.016532 -0.081411
v 0.115575 -0.009225 0.090911
v 0.104639 -0.016532 0.082604
v 0.114041 -0.006355 -0.089718
v 0.101889 -0.011388 -0.081411
v 0.114041 -0.006355 0.090911
v 0.101889 -0.011388 0.082604
v 0.113096 -0.003241 -0.089718
v 0.100196 -0.005807 -0.081411
v 0.113096 -0.003241 0.090911
v 0.100196 -0.005807 0.082604
v 0.112777 -0.000003 -0.089718
v 0.099625 -0.000003 -0.081411
v 0.112777 -0.000003 0.090911
v 0.099625 -0.000003 0.082604
v 0.113096 0.003235 -0.089718
v 0.100196 0.005801 -0.081411
v 0.113096 0.003235 0.090911
v 0.100196 0.005801 0.082604
v 0.114041 0.006348 -0.089718
v 0.101889 0.011382 -0.081411
v 0.114041 0.006348 0.090911
v 0.101889 0.011382 0.082604
v 0.115575 0.009218 -0.089718
v 0.104639 0.016525 -0.081411
v 0.115575 0.009218 0.090911
v 0.104639 0.016525 0.082604
v 0.117639 0.011733 -0.089718
v 0.108338 0.021034 -0.081411
v 0.117639 0.011733 0.090911
v 0.108338 0.021034 0.082604
v 0.120154 0.013797 -0.089718
v 0.112847 0.024733 -0.081411
v 0.120154 0.013797 0.090911
v 0.112847 0.024733 0.082604
v 0.123024 0.015331 -0.089718
v 0.117990 0.027483 -0.081411
v 0.123024 0.015331 0.090911
v 0.117990 0.027483 0.082604
v 0.126137 0.016276 -0.089718
v 0.123571 0.029176 -0.081411
v 0.126137 0.016276 0.090911
v 0.123571 0.029176 0.082604
v 0.133551 0.020989 -0.089718
v 0.129375 0.021400 -0.089718
v 0.129375 0.021400 0.090911
v 0.133551 0.020989 0.090911
v 0.137566 0.019771 -0.089718
v 0.137566 0.019771 0.090911
v 0.141266 0.017793 -0.089718
v 0.141266 0.017793 0.090911
v 0.144510 0.015131 -0.089718
v 0.144510 0.015131 0.090911
v 0.147171 0.011888 -0.089718
v 0.147171 0.011888 0.090911
v 0.149149 0.008187 -0.089718
v 0.149149 0.008187 0.090911
v 0.150367 0.004172 -0.089718
v 0.150367 0.004172 0.090911
v 0.150779 -0.000003 -0.089718
v 0.150779 -0.000003 0.090911
v 0.150367 -0.004179 -0.089718
v 0.150367 -0.004179 0.090911
v 0.149149 -0.008194 -0.089718
v 0.149149 -0.008194 0.090911
v 0.147171 -0.011894 -0.089718
v 0.147171 -0.011894 0.090911
v 0.144510 -0.015138 -0.089718
v 0.144510 -0.015138 0.090911
v 0.141266 -0.017800 -0.089718
v 0.141266 -0.017800 0.090911
v 0.137566 -0.019777 -0.089718
v 0.137566 -0.019777 0.090911
v 0.133551 -0.020995 -0.089718
v 0.133551 -0.020995 0.090911
v 0.129375 -0.021407 -0.089718
v 0.129375 -0.021407 0.090911
v 0.125200 -0.020995 -0.089718
v 0.125200 -0.020995 0.090911
v 0.121185 -0.019777 -0.089718
v 0.121185 -0.019777 0.090911
v 0.117484 -0.017800 -0.089718
v 0.117484 -0.017800 0.090911
v 0.114241 -0.015138 -0.089718
v 0.114241 -0.015138 0.090911
v 0.111579 -0.011894 -0.089718
v 0.111579 -0.011894 0.090911
v 0.109601 -0.008194 -0.089718
v 0.109601 -0.008194 0.090911
v 0.108383 -0.004179 -0.089718
v 0.108383 -0.004179 0.090911
v 0.107972 -0.000003 -0.089718
v 0.107972 -0.000003 0.090911
v 0.108383 0.004172 -0.089718
v 0.108383 0.004172 0.090911
v 0.109601 0.008187 -0.089718
v 0.109601 0.008187 0.090911
v 0.111579 0.011888 -0.089718
v 0.111579 0.011888 0.090911
v 0.114241 0.015131 -0.089718
v 0.114241 0.015131 0.090911
v 0.117484 0.017793 -0.089718
v 0.117484 0.017793 0.090911
v 0.121185 0.019771 -0.089718
v 0.121185 0.019771 0.090911
v 0.125200 0.020989 -0.089718
v 0.125200 0.020989 0.090911
v 0.132219 0.014294 -0.087650
v 0.129375 0.014574 -0.087650
v 0.129375 0.014574 0.088844
v 0.132219 0.014294 0.088844
v 0.134954 0.013464 -0.087650
v 0.134954 0.013464 0.088844
v 0.137474 0.012117 -0.087650
v 0.137474 0.012117 0.088844
v 0.139683 0.010304 -0.087650
v 0.139683 0.010304 0.088844
v 0.141496 0.008095 -0.087650
v 0.141496 0.008095 0.088844
v 0.142843 0.005575 -0.087650
v 0.142843 0.005575 0.088844
v 0.143672 0.002841 -0.087650
v 0.143672 0.002841 0.088844
v 0.143952 -0.000003 -0.087650
v 0.143952 -0.000003 0.088844
v 0.143672 -0.002847 -0.087650
v 0.143672 -0.002847 0.088844
v 0.142843 -0.005582 -0.087650
v 0.142843 -0.005582 0.088844
v 0.141496 -0.008102 -0.087650
v 0.141496 -0.008102 0.088844
v 0.139683 -0.010311 -0.087650
v 0.139683 -0.010311 0.088844
v 0.137474 -0.012124 -0.087650
v 0.137474 -0.012124 0.088844
v 0.134954 -0.013471 -0.087650
v 0.134954 -0.013471 0.088844
v 0.132219 -0.014300 -0.087650
v 0.132219 -0.014300 0.088844
v 0.129375 -0.014580 -0.087650
v 0.129375 -0.014580 0.088844
v 0.126531 -0.014300 -0.087650
v 0.126531 -0.014300 0.088844
v 0.123797 -0.013471 -0.087650
v 0.123797 -0.013471 0.088844
v 0.121277 -0.012124 -0.087650
v 0.121277 -0.012124 0.088844
v 0.119068 -0.010311 -0.087650
v 0.119068 -0.010311 0.088844
v 0.117255 -0.008102 -0.087650
v 0.117255 -0.008102 0.088844
v 0.115908 -0.005582 -0.087650
v 0.115908 -0.005582 0.088844
v 0.115078 -0.002847 -0.087650
v 0.115078 -0.002847 0.088844
v 0.114798 -0.000003 -0.087650
v 0.114798 -0.000003 0.088844
v 0.115078 0.002841 -0.087650
v 0.115078 0.002841 0.088844
v 0.115908 0.005575 -0.087650
v 0.115908 0.005575 0.088844
v 0.117255 0.008095 -0.087650
v 0.117255 0.008095 0.088844
v 0.119068 0.010304 -0.087650
v 0.119068 0.010304 0.088844
v 0.121277 0.012117 -0.087650
v 0.121277 0.012117 0.088844
v 0.123797 0.013464 -0.087650
v 0.123797 0.013464 0.088844
v 0.126531 0.014294 -0.087650
v 0.126531 0.014294 0.088844
v 0.132613 0.016276 -0.087650
v 0.129375 0.016594 -0.087650
v 0.129375 0.016594 0.088844
v 0.132613 0.016276 0.088844
v 0.135727 0.015331 -0.087650
v 0.135727 0.015331 0.088844
v 0.138597 0.013797 -0.087650
v 0.138597 0.013797 0.088844
v 0.141112 0.011733 -0.087650
v 0.141112 0.011733 0.088844
v 0.143176 0.009218 -0.087650
v 0.143176 0.009218 0.088844
v 0.144710 0.006348 -0.087650
v 0.144710 0.006348 0.088844
v 0.145654 0.003235 -0.087650
v 0.145654 0.003235 0.088844
v 0.145973 -0.000003 -0.087650
v 0.145973 -0.000003 0.088844
v 0.145654 -0.003241 -0.087650
v 0.145654 -0.003241 0.088844
v 0.144710 -0.006355 -0.087650
v 0.144710 -0.006355 0.088844
v 0.143176 -0.009225 -0.087650
v 0.143176 -0.009225 0.088844
v 0.141112 -0.011740 -0.087650
v 0.141112 -0.011740 0.088844
v 0.138597 -0.013804 -0.087650
v 0.138597 -0.013804 0.088844
v 0.135727 -0.015338 -0.087650
v 0.135727 -0.015338 0.088844
v 0.132613 -0.016282 -0.087650
v 0.132613 -0.016282 0.088844
v 0.129375 -0.016601 -0.087650
v 0.129375 -0.016601 0.088844
v 0.126137 -0.016282 -0.087650
v 0.126137 -0.016282 0.088844
v 0.123024 -0.015338 -0.087650
v 0.123024 -0.015338 0.088844
v 0.120154 -0.013804 -0.087650
v 0.120154 -0.013804 0.088844
v 0.117639 -0.011740 -0.087650
v 0.117639 -0.011740 0.088844
v 0.115575 -0.009225 -0.087650
v 0.115575 -0.009225 0.088844
v 0.114041 -0.006355 -0.087650
v 0.114041 -0.006355 0.088844
v 0.113096 -0.003241 -0.087650
v 0.113096 -0.003241 0.088844
v 0.112777 -0.000003 -0.087650
v 0.112777 -0.000003 0.088844
v 0.113096 0.003235 -0.087650
v 0.113096 0.003235 0.088844
v 0.114041 0.006348 -0.087650
v 0.114041 0.006348 0.088844
v 0.115575 0.009218 -0.087650
v 0.115575 0.009218 0.088844
v 0.117639 0.011733 -0.087650
v 0.117639 0.011733 0.088844
v 0.120154 0.013797 -0.087650
v 0.120154 0.013797 0.088844
v 0.123024 0.015331 -0.087650
v 0.123024 0.015331 0.088844
v 0.126137 0.016276 -0.087650
v 0.126137 0.016276 0.088844
v 0.132219 0.014294 -0.090564
v 0.131777 0.012072 -0.092819
v 0.129375 0.012309 -0.092819
v 0.129375 0.014574 -0.090564
v 0.129375 0.014574 0.091758
v 0.129375 0.012309 0.094012
v 0.131777 0.012072 0.094012
v 0.132219 0.014294 0.091758
v 0.134954 0.013464 -0.090564
v 0.134087 0.011371 -0.092819
v 0.134087 0.011371 0.094012
v 0.134954 0.013464 0.091758
v 0.137474 0.012117 -0.090564
v 0.136215 0.010234 -0.092819
v 0.136215 0.010234 0.094012
v 0.137474 0.012117 0.091758
v 0.139683 0.010304 -0.090564
v 0.138081 0.008702 -0.092818
v 0.138081 0.008702 0.094013
v 0.139683 0.010304 0.091758
v 0.141496 0.008095 -0.090564
v 0.139612 0.006837 -0.092819
v 0.139612 0.006837 0.094012
v 0.141496 0.008095 0.091758
v 0.142843 0.005575 -0.090564
v 0.140750 0.004708 -0.092818
v 0.140750 0.004708 0.094013
v 0.142843 0.005575 0.091758
v 0.143672 0.002841 -0.090564
v 0.141451 0.002399 -0.092819
v 0.141451 0.002399 0.094012
v 0.143672 0.002841 0.091758
v 0.143952 -0.000003 -0.090564
v 0.141687 -0.000003 -0.092819
v 0.141687 -0.000003 0.094012
v 0.143952 -0.000003 0.091758
v 0.143672 -0.002847 -0.090564
v 0.141451 -0.002405 -0.092819
v 0.141451 -0.002405 0.094012
v 0.143672 -0.002847 0.091758
v 0.142843 -0.005582 -0.090564
v 0.140750 -0.004715 -0.092819
v 0.140750 -0.004715 0.094012
v 0.142843 -0.005582 0.091758
v 0.141496 -0.008102 -0.090564
v 0.139612 -0.006843 -0.092818
v 0.139612 -0.006843 0.094013
v 0.141496 -0.008102 0.091758
v 0.139683 -0.010311 -0.090564
v 0.138081 -0.008709 -0.092819
v 0.138081 -0.008709 0.094012
v 0.139683 -0.010311 0.091758
v 0.137474 -0.012124 -0.090564
v 0.136215 -0.010240 -0.092818
v 0.136215 -0.010240 0.094013
v 0.137474 -0.012124 0.091758
v 0.134954 -0.013471 -0.090564
v 0.134087 -0.011378 -0.092819
v 0.134087 -0.011378 0.094012
v 0.134954 -0.013471 0.091758
v 0.132219 -0.014300 -0.090564
v 0.131777 -0.012079 -0.092819
v 0.131777 -0.012079 0.094012
v 0.132219 -0.014300 0.091758
v 0.129375 -0.014580 -0.090564
v 0.129375 -0.012315 -0.092819
v 0.129375 -0.012315 0.094012
v 0.129375 -0.014580 0.091758
v 0.126531 -0.014300 -0.090564
v 0.126973 -0.012079 -0.092819
v 0.126973 -0.012079 0.094012
v 0.126531 -0.014300 0.091758
v 0.123797 -0.013471 -0.090564
v 0.124664 -0.011378 -0.092819
v 0.124664 -0.011378 0.094012
v 0.123797 -0.013471 0.091758
v 0.121277 -0.012124 -0.090564
v 0.122535 -0.010240 -0.092818
v 0.122535 -0.010240 0.094013
v 0.121277 -0.012124 0.091758
v 0.119068 -0.010311 -0.090564
v 0.120670 -0.008709 -0.092819
v 0.120669 -0.008709 0.094012
v 0.119068 -0.010311 0.091758
v 0.117255 -0.008102 -0.090564
v 0.119138 -0.006843 -0.092818
v 0.119138 -0.006843 0.094013
v 0.117255 -0.008102 0.091758
v 0.115908 -0.005582 -0.090564
v 0.118001 -0.004715 -0.092819
v 0.118001 -0.004715 0.094012
v 0.115908 -0.005582 0.091758
v 0.115078 -0.002847 -0.090564
v 0.117300 -0.002405 -0.092819
v 0.117300 -0.002405 0.094012
v 0.115078 -0.002847 0.091758
v 0.114798 -0.000003 -0.090564
v 0.117063 -0.000003 -0.092819
v 0.117063 -0.000003 0.094012
v 0.114798 -0.000003 0.091758
v 0.115078 0.002841 -0.090564
v 0.117300 0.002399 -0.092819
v 0.117300 0.002399 0.094012
v 0.115078 0.002841 0.091758
v 0.115908 0.005575 -0.090564
v 0.118001 0.004708 -0.092818
v 0.118001 0.004708 0.094013
v 0.115908 0.005575 0.091758
v 0.117255 0.008095 -0.090564
v 0.119138 0.006837 -0.092819
v 0.119138 0.006837 0.094012
v 0.117255 0.008095 0.091758
v 0.119068 0.010304 -0.090564
v 0.120670 0.008702 -0.092818
v 0.120669 0.008702 0.094013
v 0.119068 0.010304 0.091758
v 0.121277 0.012117 -0.090564
v 0.122535 0.010234 -0.092819
v 0.122535 0.010234 0.094012
v 0.121277 0.012117 0.091758
v 0.123797 0.013464 -0.090564
v 0.124664 0.011371 -0.092819
v 0.124664 0.011371 0.094012
v 0.123797 0.013464 0.091758
v 0.126531 0.014294 -0.090564
v 0.126973 0.012072 -0.092819
v 0.126973 0.012072 0.094012
v 0.126531 0.014294 0.091758
v 0.134225 0.038378 -0.028279
v 0.134225 0.038378 0.029472
v 0.135179 0.029176 0.043170
v 0.135179 0.029176 -0.041976
v 0.123571 0.029176 -0.041976
v 0.123571 0.029176 0.043170
v 0.140760 0.027483 0.043170
v 0.140760 0.027483 -0.041976
v 0.145904 0.024733 0.043170
v 0.145904 0.024733 -0.041976
v 0.150412 0.021034 0.043170
v 0.150412 0.021034 -0.041976
v 0.158594 0.025353 0.029472
v 0.158594 0.025353 -0.028279
v 0.156861 0.011382 0.043170
v 0.156861 0.011382 -0.041976
v 0.158554 0.005801 0.043170
v 0.158554 0.005801 -0.041976
v 0.159126 -0.000003 0.043170
v 0.159126 -0.000003 -0.041976
v 0.158554 -0.005807 0.043170
v 0.158554 -0.005807 -0.041976
v 0.156861 -0.011388 0.043170
v 0.156861 -0.011388 -0.041976
v 0.154112 -0.016532 0.043170
v 0.154112 -0.016532 -0.041976
v 0.150412 -0.021040 0.043170
v 0.150412 -0.021040 -0.041976
v 0.145904 -0.024740 0.043170
v 0.145904 -0.024740 -0.041976
v 0.140760 -0.027489 0.043170
v 0.140760 -0.027489 -0.041976
v 0.135179 -0.029182 0.043170
v 0.135179 -0.029182 -0.041976
v 0.129375 -0.029754 0.043170
v 0.129375 -0.029754 -0.041976
v 0.123571 -0.029182 0.043170
v 0.123571 -0.029182 -0.041976
v 0.117990 -0.027489 0.043170
v 0.117990 -0.027489 -0.041976
v 0.112847 -0.024740 0.043170
v 0.112847 -0.024740 -0.041976
v 0.108338 -0.021040 0.043170
v 0.108338 -0.021040 -0.041976
v 0.104639 -0.016532 0.043170
v 0.104639 -0.016532 -0.041976
v 0.101889 -0.011388 0.043170
v 0.101889 -0.011388 -0.041976
v 0.100196 -0.005807 0.043170
v 0.100196 -0.005807 -0.041976
v 0.099625 -0.000003 0.043170
v 0.099625 -0.000003 -0.041976
v 0.100196 0.005801 0.043170
v 0.100196 0.005801 -0.041976
v 0.101889 0.011382 0.043170
v 0.101889 0.011382 -0.041976
v 0.104639 0.016525 0.043170
v 0.104639 0.016525 -0.041976
v 0.108338 0.021034 0.043170
v 0.108338 0.021034 -0.041976
v 0.112847 0.024733 0.043170
v 0.112847 0.024733 -0.041976
v 0.117990 0.027483 0.043170
v 0.117990 0.027483 -0.041976
v 0.169142 0.100511 -0.004732
v 0.169142 0.100511 0.005925
v 0.177604 0.108676 0.013081
v 0.177604 0.108676 -0.011887
v 0.183225 0.106971 0.013081
v 0.183225 0.106971 -0.011887
v 0.188404 0.104203 0.013081
v 0.188404 0.104203 -0.011887
v 0.192944 0.100477 0.013081
v 0.192944 0.100477 -0.011887
v 0.190857 0.088904 0.005925
v 0.190857 0.088904 -0.004732
v 0.129375 0.029747 -0.041976
v 0.129375 0.029747 0.043170
v 0.154112 0.016525 0.043170
v 0.195339 0.097732 0.013081
v 0.154112 0.016525 -0.041976
v 0.173992 0.109142 -0.011887
v 0.173992 0.109142 0.013081
v 0.195339 0.097732 -0.011887
v 0.135731 0.041195 -0.023940
v 0.135731 0.041195 0.025134
v 0.160099 0.028170 0.025134
v 0.188805 0.085066 0.002750
v 0.160099 0.028170 -0.023940
v 0.167090 0.096673 -0.001556
v 0.167090 0.096673 0.002750
v 0.188805 0.085066 -0.001556
vn 0.4725 0.8813 -0.0000
vn -0.4725 -0.8813 -0.0000
vn 0.4726 0.8813 -0.0000
vn -0.8771 0.4703 0.0980
vn 0.0864 -0.0463 -0.9952
vn 0.2558 -0.1372 -0.9569
vn 0.0669 0.8941 -0.4429
vn 0.4154 -0.2228 -0.8819
vn 0.7772 -0.4167 0.4714
vn -0.5591 0.2998 0.7730
vn -0.5591 0.2998 -0.7730
vn 0.8434 -0.4522 -0.2903
vn 0.0864 -0.0463 0.9952
vn -0.8771 0.4703 -0.0980
vn -0.0864 0.0463 -0.9952
vn 0.6813 -0.3653 0.6344
vn -0.6813 0.3653 0.6344
vn -0.4154 0.2228 -0.8819
vn 0.8771 -0.4703 -0.0980
vn -0.0864 0.0463 0.9952
vn -0.8434 0.4522 -0.2903
vn 0.5591 -0.2998 -0.7730
vn 0.5591 -0.2998 0.7730
vn -0.7772 0.4167 0.4714
vn -0.2558 0.1372 -0.9569
vn 0.8771 -0.4703 0.0980
vn -0.2558 0.1372 0.9569
vn -0.7772 0.4167 -0.4714
vn 0.6813 -0.3653 -0.6344
vn 0.4154 -0.2228 0.8819
vn -0.8434 0.4522 0.2903
vn 0.8434 -0.4522 0.2903
vn -0.4154 0.2228 0.8819
vn -0.6813 0.3653 -0.6344
vn 0.7772 -0.4167 -0.4714
vn 0.2558 -0.1372 0.9569
vn -0.2731 -0.6559 -0.7037
vn -0.1532 -0.7202 -0.6767
vn -0.0404 -0.7807 -0.6236
vn 0.0612 -0.8352 -0.5466
vn 0.1476 -0.8815 -0.4486
vn 0.2155 -0.9179 -0.3333
vn 0.2622 -0.9429 -0.2053
vn 0.2860 -0.9557 -0.0693
vn 0.2860 -0.9557 0.0693
vn 0.2622 -0.9429 0.2053
vn 0.2155 -0.9179 0.3333
vn 0.1476 -0.8815 0.4486
vn 0.0612 -0.8352 0.5466
vn -0.0404 -0.7807 0.6236
vn -0.1532 -0.7202 0.6767
vn -0.2731 -0.6559 0.7037
vn -0.3952 -0.5904 0.7037
vn -0.5150 -0.5262 0.6767
vn -0.6279 -0.4657 0.6236
vn -0.7295 -0.4112 0.5466
vn -0.8159 -0.3649 0.4486
vn -0.8837 -0.3285 0.3333
vn -0.9305 -0.3034 0.2053
vn -0.9543 -0.2906 0.0693
vn -0.9543 -0.2906 -0.0693
vn -0.9305 -0.3034 -0.2053
vn -0.8837 -0.3285 -0.3333
vn -0.8159 -0.3649 -0.4486
vn -0.7295 -0.4112 -0.5466
vn -0.6279 -0.4657 -0.6236
vn -0.5150 -0.5262 -0.6767
vn -0.3952 -0.5904 -0.7037
vn 0.3952 0.5904 -0.7037
vn 0.5150 0.5262 -0.6767
vn 0.6279 0.4657 -0.6236
vn 0.7295 0.4112 -0.5466
vn 0.8159 0.3649 -0.4486
vn 0.8837 0.3285 -0.3333
vn 0.9305 0.3034 -0.2053
vn 0.9543 0.2906 -0.0693
vn 0.9543 0.2906 0.0693
vn 0.9305 0.3034 0.2053
vn 0.8837 0.3285 0.3333
vn 0.8159 0.3649 0.4486
vn 0.7295 0.4112 0.5466
vn 0.6279 0.4657 0.6236
vn 0.5150 0.5262 0.6767
vn 0.3952 0.5904 0.7037
vn 0.2731 0.6559 0.7037
vn 0.1532 0.7202 0.6767
vn 0.0404 0.7807 0.6236
vn -0.0612 0.8352 0.5466
vn -0.1476 0.8815 0.4486
vn -0.2155 0.9179 0.3333
vn -0.2622 0.9429 0.2053
vn -0.2860 0.9557 0.0693
vn -0.2860 0.9557 -0.0693
vn -0.2622 0.9429 -0.2053
vn -0.2155 0.9179 -0.3333
vn -0.1476 0.8815 -0.4486
vn -0.0612 0.8352 -0.5466
vn 0.0404 0.7807 -0.6236
vn 0.1532 0.7202 -0.6767
vn 0.2731 0.6559 -0.7037
vn 0.4368 0.6957 0.5703
vn 0.6253 0.5946 -0.5054
vn 0.1492 0.8499 -0.5054
vn 0.3378 0.7488 0.5703
vn 0.7077 0.5505 -0.4429
vn 0.2407 0.8009 -0.5484
vn 0.2407 0.8009 0.5484
vn 0.7776 0.5129 -0.3635
vn 0.3378 0.7488 -0.5703
vn 0.1492 0.8499 0.5054
vn 0.8326 0.4835 -0.2701
vn 0.0669 0.8941 0.4429
vn 0.8705 0.4631 -0.1663
vn -0.0031 0.9316 0.3635
vn 0.8898 0.4528 -0.0562
vn -0.0581 0.9611 0.2701
vn 0.8898 0.4528 0.0562
vn -0.0960 0.9814 0.1664
vn 0.8705 0.4631 0.1663
vn -0.1153 0.9917 0.0561
vn 0.8326 0.4835 0.2701
vn -0.1153 0.9917 -0.0561
vn 0.7776 0.5129 0.3635
vn -0.0960 0.9814 -0.1664
vn 0.7077 0.5505 0.4429
vn -0.0581 0.9611 -0.2701
vn 0.6253 0.5946 0.5054
vn 0.4368 0.6957 -0.5703
vn -0.0031 0.9316 -0.3635
vn 0.5339 0.6437 0.5484
vn 0.5339 0.6437 -0.5484
vn -0.0980 0.9952 -0.0000
vn 0.4714 0.8819 -0.0000
vn 0.6344 0.7730 -0.0000
vn 0.7730 0.6344 -0.0000
vn 0.8819 0.4714 -0.0000
vn 0.9569 0.2903 -0.0000
vn 0.9952 0.0980 -0.0000
vn 0.9952 -0.0980 -0.0000
vn 0.9569 -0.2903 -0.0000
vn 0.8819 -0.4714 -0.0000
vn 0.7730 -0.6344 -0.0000
vn 0.6344 -0.7730 -0.0000
vn 0.4714 -0.8819 -0.0000
vn 0.2903 -0.9569 -0.0000
vn 0.0980 -0.9952 -0.0000
vn -0.0980 -0.9952 -0.0000
vn -0.2903 -0.9569 -0.0000
vn -0.4714 -0.8819 -0.0000
vn -0.6344 -0.7730 -0.0000
vn -0.7730 -0.6344 -0.0000
vn -0.8819 -0.4714 -0.0000
vn -0.9569 -0.2903 -0.0000
vn -0.9952 -0.0980 -0.0000
vn -0.9952 0.0980 -0.0000
vn -0.9569 0.2903 -0.0000
vn -0.8819 0.4714 -0.0000
vn -0.7730 0.6344 -0.0000
vn -0.6344 0.7730 -0.0000
vn -0.4714 0.8819 -0.0000
vn -0.2903 0.9569 -0.0000
vn 0.2903 0.9569 -0.0000
vn 0.0980 0.9952 -0.0000
vn 0.0693 0.7037 -0.7071
vn 0.0693 0.7037 0.7071
vn 0.2053 0.6767 -0.7071
vn 0.2053 0.6767 0.7071
vn 0.3333 0.6236 -0.7071
vn 0.3333 0.6236 0.7071
vn 0.4486 0.5466 -0.7071
vn 0.4486 0.5466 0.7071
vn 0.5466 0.4486 -0.7071
vn 0.5466 0.4486 0.7071
vn 0.6236 0.3333 -0.7071
vn 0.6236 0.3333 0.7071
vn 0.6767 0.2053 -0.7071
vn 0.6767 0.2053 0.7071
vn 0.7037 0.0693 -0.7071
vn 0.7037 0.0693 0.7071
vn 0.7037 -0.0693 -0.7071
vn 0.7037 -0.0693 0.7071
vn 0.6767 -0.2053 -0.7071
vn 0.6767 -0.2053 0.7071
vn 0.6236 -0.3333 -0.7071
vn 0.6236 -0.3333 0.7071
vn 0.5466 -0.4486 -0.7071
vn 0.5466 -0.4486 0.7071
vn 0.4486 -0.5466 -0.7071
vn 0.4486 -0.5466 0.7071
vn 0.3333 -0.6236 -0.7071
vn 0.3333 -0.6236 0.7071
vn 0.2053 -0.6767 -0.7071
vn 0.2053 -0.6767 0.7071
vn 0.0693 -0.7037 -0.7071
vn 0.0693 -0.7037 0.7071
vn -0.0693 -0.7037 -0.7071
vn -0.0693 -0.7037 0.7071
vn -0.2053 -0.6767 -0.7071
vn -0.2053 -0.6767 0.7071
vn -0.3333 -0.6236 -0.7071
vn -0.3333 -0.6236 0.7071
vn -0.4486 -0.5466 -0.7071
vn -0.4486 -0.5466 0.7071
vn -0.5466 -0.4486 -0.7071
vn -0.5466 -0.4486 0.7071
vn -0.6236 -0.3333 -0.7071
vn -0.6236 -0.3333 0.7071
vn -0.6767 -0.2053 -0.7071
vn -0.6767 -0.2053 0.7071
vn -0.7037 -0.0693 -0.7071
vn -0.7037 -0.0693 0.7071
vn -0.7037 0.0693 -0.7071
vn -0.7037 0.0693 0.7071
vn -0.6767 0.2053 -0.7071
vn -0.6767 0.2053 0.7071
vn -0.6236 0.3333 -0.7071
vn -0.6236 0.3333 0.7071
vn -0.5466 0.4486 -0.7071
vn -0.5466 0.4486 0.7071
vn -0.4486 0.5466 -0.7071
vn -0.4486 0.5466 0.7071
vn -0.3333 0.6236 -0.7071
vn -0.3333 0.6236 0.7071
vn -0.2053 0.6767 -0.7071
vn -0.2053 0.6767 0.7071
vn -0.0693 0.7037 -0.7071
vn -0.0693 0.7037 0.7071
vn -0.0000 -0.0000 -1.0000
vn -0.0000 -0.0000 1.0000
vn 0.4486 0.5465 -0.7071
vn 0.4485 0.5467 0.7071
vn 0.5465 0.4487 -0.7071
vn 0.5467 0.4485 0.7071
vn 0.6237 0.3333 -0.7071
vn 0.6235 0.3334 0.7071
vn 0.6766 0.2053 -0.7071
vn 0.6767 0.2052 0.7071
vn 0.6767 -0.2052 -0.7071
vn 0.6766 -0.2053 0.7071
vn 0.6235 -0.3334 -0.7071
vn 0.6237 -0.3333 0.7071
vn 0.5467 -0.4485 -0.7071
vn 0.5465 -0.4487 0.7071
vn 0.4485 -0.5467 -0.7071
vn 0.4486 -0.5465 0.7071
vn -0.4485 -0.5467 -0.7071
vn -0.4486 -0.5465 0.7071
vn -0.5467 -0.4485 -0.7071
vn -0.5465 -0.4487 0.7071
vn -0.6235 -0.3334 -0.7071
vn -0.6237 -0.3333 0.7071
vn -0.6767 -0.2052 -0.7071
vn -0.6766 -0.2053 0.7071
vn -0.6766 0.2053 -0.7071
vn -0.6767 0.2052 0.7071
vn -0.6237 0.3333 -0.7071
vn -0.6235 0.3334 0.7071
vn -0.5465 0.4487 -0.7071
vn -0.5467 0.4485 0.7071
vn -0.4486 0.5465 -0.7071
vn -0.4485 0.5467 0.7071
vn 0.1493 0.2793 0.9485
vn 0.0935 0.3084 0.9467
vn 0.2589 0.2175 0.9411
vn 0.1493 0.2793 -0.9485
vn 0.0935 0.3084 -0.9467
vn 0.1279 0.9918 -0.0000
vn 0.7536 0.6574 -0.0000
vn 0.0370 0.3361 -0.9411
vn 0.2044 0.2491 -0.9467
vn 0.0370 0.3361 0.9411
vn 0.2044 0.2491 0.9467
vn 0.2589 0.2175 -0.9411
vn -0.8718 0.4899 -0.0000
vn 0.8917 -0.4527 -0.0000
vn 0.8917 -0.4526 0.0033
vn -0.1563 -0.2923 0.9435
vn -0.1563 -0.2923 -0.9435
vn -0.8717 0.4900 -0.0033
vn -0.8717 0.4900 0.0033
vn 0.8917 -0.4526 -0.0033
vt 0.031250 0.932960
vt 0.062500 0.932960
vt 0.312500 1.000000
vt 0.281250 1.000000
vt 0.875000 0.932960
vt 0.906250 0.932960
vt 0.593750 0.932960
vt 0.625000 0.932960
vt 0.593750 1.000000
vt 0.562500 1.000000
vt 0.875000 1.000000
vt 0.843750 1.000000
vt 0.093750 0.932960
vt 0.062500 1.000000
vt 0.031250 1.000000
vt 0.656250 0.932960
vt 0.125000 0.932960
vt 0.343750 1.000000
vt 0.687500 0.932960
vt 0.625000 1.000000
vt 0.906250 1.000000
vt 0.156250 0.932960
vt 0.093750 1.000000
vt 0.718750 0.932960
vt 0.187500 0.932960
vt 0.375000 1.000000
vt 0.750000 0.932960
vt 0.656250 1.000000
vt 0.937500 1.000000
vt 0.218750 0.932960
vt 0.125000 1.000000
vt 0.781250 0.932960
vt 0.250000 0.932960
vt 0.406250 1.000000
vt 0.812500 0.932960
vt 0.687500 1.000000
vt 0.968750 1.000000
vt 0.250000 1.000000
vt 1.000000 0.533897
vt 1.000000 0.932960
vt 0.968750 0.932960
vt 0.968750 0.533897
vt 0.281250 0.932960
vt 0.156250 1.000000
vt 0.937500 1.000000
vt 0.168038 0.372665
vt 0.145682 0.354318
vt 0.656250 1.000000
vt 0.781250 1.000000
vt 0.812500 1.000000
vt 0.781250 1.000000
vt 0.500000 1.000000
vt 0.531250 1.000000
vt 0.218750 1.000000
vt 0.000000 1.000000
vt 0.750000 1.000000
vt 0.750000 1.000000
vt 0.468750 1.000000
vt 0.187500 1.000000
vt 0.187500 1.000000
vt 0.875000 1.000000
vt 0.593750 1.000000
vt 0.718750 1.000000
vt 0.437500 1.000000
vt 0.437500 1.000000
vt 0.843750 1.000000
vt 0.969814 0.500000
vt 0.998936 0.500000
vt 0.968750 0.533897
vt 0.937500 0.533897
vt 0.938564 0.500000
vt 0.967686 0.500000
vt 0.906250 0.533897
vt 0.907314 0.500000
vt 0.936436 0.500000
vt 0.906250 0.533897
vt 0.875000 0.533897
vt 0.876064 0.500000
vt 0.905186 0.500000
vt 0.875000 0.533897
vt 0.843750 0.533897
vt 0.844814 0.500000
vt 0.873936 0.500000
vt 0.812500 0.533897
vt 0.813564 0.500000
vt 0.842686 0.500000
vt 0.812500 0.533897
vt 0.781250 0.533897
vt 0.782314 0.500000
vt 0.811436 0.500000
vt 0.781250 0.533897
vt 0.750000 0.533897
vt 0.751064 0.500000
vt 0.780186 0.500000
vt 0.718750 0.533897
vt 0.719814 0.500000
vt 0.748936 0.500000
vt 0.687500 0.533897
vt 0.688564 0.500000
vt 0.717686 0.500000
vt 0.687500 0.533897
vt 0.656250 0.533897
vt 0.657314 0.500000
vt 0.686436 0.500000
vt 0.625000 0.533897
vt 0.626064 0.500000
vt 0.655186 0.500000
vt 0.593750 0.533897
vt 0.594814 0.500000
vt 0.623936 0.500000
vt 0.562500 0.533897
vt 0.563564 0.500000
vt 0.592686 0.500000
vt 0.562500 0.533897
vt 0.531250 0.533897
vt 0.532314 0.500000
vt 0.561436 0.500000
vt 0.500000 0.533897
vt 0.501064 0.500000
vt 0.530186 0.500000
vt 0.468750 0.533897
vt 0.469814 0.500000
vt 0.498936 0.500000
vt 0.437500 0.533897
vt 0.438564 0.500000
vt 0.467686 0.500000
vt 0.406250 0.533897
vt 0.407314 0.500000
vt 0.436436 0.500000
vt 0.375000 0.533897
vt 0.376064 0.500000
vt 0.405186 0.500000
vt 0.375000 0.533897
vt 0.343750 0.533897
vt 0.344814 0.500000
vt 0.373936 0.500000
vt 0.312500 0.533897
vt 0.313564 0.500000
vt 0.342686 0.500000
vt 0.281250 0.533897
vt 0.282314 0.500000
vt 0.311436 0.500000
vt 0.250000 0.533897
vt 0.251064 0.500000
vt 0.280186 0.500000
vt 0.218750 0.533897
vt 0.219814 0.500000
vt 0.248936 0.500000
vt 0.187500 0.533897
vt 0.188564 0.500000
vt 0.217686 0.500000
vt 0.187500 0.533897
vt 0.156250 0.533897
vt 0.157314 0.500000
vt 0.186436 0.500000
vt 0.156250 0.533897
vt 0.125000 0.533897
vt 0.126064 0.500000
vt 0.155186 0.500000
vt 0.093750 0.533897
vt 0.094814 0.500000
vt 0.123936 0.500000
vt 0.093750 0.533897
vt 0.062500 0.533897
vt 0.063564 0.500000
vt 0.092686 0.500000
vt 0.031250 0.533897
vt 0.032314 0.500000
vt 0.061436 0.500000
vt 0.000000 0.533897
vt 0.001064 0.500000
vt 0.030186 0.500000
vt 0.750000 0.473651
vt 0.793632 0.469354
vt 0.835588 0.456627
vt 0.874254 0.435959
vt 0.908145 0.408145
vt 0.935959 0.374254
vt 0.956627 0.335588
vt 0.969354 0.293632
vt 0.973651 0.250000
vt 0.969354 0.206368
vt 0.956627 0.164413
vt 0.935959 0.125746
vt 0.908145 0.091855
vt 0.874254 0.064041
vt 0.835588 0.043374
vt 0.793632 0.030647
vt 0.750000 0.026349
vt 0.706368 0.030646
vt 0.664413 0.043374
vt 0.625746 0.064041
vt 0.591855 0.091855
vt 0.564041 0.125746
vt 0.543374 0.164413
vt 0.530647 0.206368
vt 0.526349 0.250000
vt 0.530647 0.293632
vt 0.543374 0.335587
vt 0.564041 0.374254
vt 0.591855 0.408145
vt 0.625746 0.435959
vt 0.664413 0.456627
vt 0.706368 0.469354
vt 0.937500 0.932960
vt 0.312500 0.932960
vt 0.343750 0.932960
vt 0.375000 0.932960
vt 0.406250 0.932960
vt 0.437500 0.932960
vt 0.468750 0.932960
vt 0.500000 0.932960
vt 0.531250 0.932960
vt 0.562500 0.932960
vt 0.843750 0.932960
vt -0.000000 0.932960
vt 1.000000 1.000000
vt 0.296822 0.485388
vt 0.250000 0.490000
vt 0.250000 0.435194
vt 0.286130 0.431636
vt 0.341844 0.471731
vt 0.296822 0.485388
vt 0.320871 0.421097
vt 0.383337 0.449553
vt 0.352888 0.403983
vt 0.419706 0.419706
vt 0.380952 0.380952
vt 0.449553 0.383337
vt 0.419706 0.419706
vt 0.403983 0.352888
vt 0.471731 0.341844
vt 0.421097 0.320871
vt 0.485388 0.296822
vt 0.431636 0.286130
vt 0.490000 0.250000
vt 0.485388 0.296822
vt 0.435194 0.250000
vt 0.485388 0.203178
vt 0.431636 0.213870
vt 0.471731 0.158156
vt 0.485388 0.203178
vt 0.421097 0.179129
vt 0.449553 0.116663
vt 0.403983 0.147112
vt 0.419706 0.080294
vt 0.380952 0.119048
vt 0.383337 0.050447
vt 0.419706 0.080294
vt 0.352888 0.096017
vt 0.341844 0.028269
vt 0.320871 0.078903
vt 0.296822 0.014612
vt 0.286130 0.068364
vt 0.250000 0.010000
vt 0.296822 0.014612
vt 0.250000 0.064806
vt 0.203178 0.014612
vt 0.213870 0.068364
vt 0.158156 0.028269
vt 0.179129 0.078903
vt 0.116663 0.050447
vt 0.158156 0.028269
vt 0.147112 0.096017
vt 0.080294 0.080294
vt 0.119048 0.119048
vt 0.050447 0.116663
vt 0.080294 0.080294
vt 0.096017 0.147112
vt 0.028269 0.158156
vt 0.078903 0.179129
vt 0.014612 0.203178
vt 0.028269 0.158156
vt 0.068364 0.213870
vt 0.010000 0.250000
vt 0.064806 0.250000
vt 0.014612 0.296822
vt 0.010000 0.250000
vt 0.068364 0.286130
vt 0.028269 0.341844
vt 0.078903 0.320871
vt 0.050447 0.383337
vt 0.028269 0.341844
vt 0.096017 0.352888
vt 0.080294 0.419706
vt 0.119048 0.380952
vt 0.116663 0.449553
vt 0.080294 0.419706
vt 0.147112 0.403983
vt 0.158156 0.471731
vt 0.179129 0.421097
vt 0.203178 0.485388
vt 0.158156 0.471731
vt 0.213870 0.431636
vt 0.203178 0.485388
vt 0.250000 0.397528
vt 0.278781 0.394693
vt 0.306456 0.386298
vt 0.331962 0.372665
vt 0.354318 0.354318
vt 0.372665 0.331962
vt 0.386298 0.306456
vt 0.394693 0.278781
vt 0.397528 0.250000
vt 0.394693 0.221219
vt 0.386298 0.193543
vt 0.372665 0.168038
vt 0.354318 0.145682
vt 0.331962 0.127335
vt 0.306457 0.113702
vt 0.278781 0.105307
vt 0.250000 0.102472
vt 0.221219 0.105307
vt 0.193543 0.113702
vt 0.168038 0.127335
vt 0.145682 0.145682
vt 0.127335 0.168038
vt 0.113702 0.193543
vt 0.105307 0.221219
vt 0.102472 0.250000
vt 0.105307 0.278781
vt 0.113702 0.306457
vt 0.127335 0.331962
vt 0.193543 0.386298
vt 0.221219 0.394693
vt 0.031250 0.825669
vt 0.031250 0.977005
vt 0.000000 0.977005
vt 0.000000 0.825668
vt 0.937500 0.825668
vt 0.937500 0.977005
vt 0.906250 0.977005
vt 0.906250 0.825668
vt 0.906250 0.977005
vt 0.875000 0.977005
vt 0.875000 0.825668
vt 0.875000 0.977005
vt 0.843750 0.977005
vt 0.843750 0.825668
vt 0.843750 0.977005
vt 0.812500 0.977005
vt 0.812500 0.825668
vt 0.812500 0.977005
vt 0.781250 0.977005
vt 0.781250 0.825668
vt 0.781250 0.977005
vt 0.750000 0.977005
vt 0.750000 0.825668
vt 0.750000 0.977005
vt 0.718750 0.977005
vt 0.718750 0.825668
vt 0.718750 0.977005
vt 0.687500 0.977005
vt 0.687500 0.825668
vt 0.687500 0.977005
vt 0.656250 0.977005
vt 0.656250 0.825668
vt 0.656250 0.977005
vt 0.625000 0.977005
vt 0.625000 0.825668
vt 0.625000 0.977005
vt 0.593750 0.977005
vt 0.593750 0.825668
vt 0.593750 0.977005
vt 0.562500 0.977005
vt 0.562500 0.825668
vt 0.562500 0.977005
vt 0.531250 0.977005
vt 0.531250 0.825668
vt 0.531250 0.977005
vt 0.500000 0.977005
vt 0.500000 0.825668
vt 0.500000 0.977005
vt 0.468750 0.977005
vt 0.468750 0.825668
vt 0.468750 0.977005
vt 0.437500 0.977005
vt 0.437500 0.825668
vt 0.437500 0.977005
vt 0.406250 0.977005
vt 0.406250 0.825668
vt 0.406250 0.977005
vt 0.375000 0.977005
vt 0.375000 0.825668
vt 0.375000 0.977005
vt 0.343750 0.977005
vt 0.343750 0.825668
vt 0.343750 0.977005
vt 0.312500 0.977005
vt 0.312500 0.825668
vt 0.312500 0.977005
vt 0.281250 0.977005
vt 0.281250 0.825668
vt 0.281250 0.977005
vt 0.250000 0.977005
vt 0.250000 0.825668
vt 0.250000 0.977005
vt 0.218750 0.977005
vt 0.218750 0.825668
vt 0.218750 0.977005
vt 0.187500 0.977005
vt 0.187500 0.825668
vt 0.187500 0.977005
vt 0.156250 0.977005
vt 0.156250 0.825668
vt 0.156250 0.977005
vt 0.125000 0.977005
vt 0.125000 0.825668
vt 0.125000 0.977005
vt 0.093750 0.977005
vt 0.093750 0.825668
vt 0.093750 0.977005
vt 0.062500 0.977005
vt 0.062500 0.825668
vt 0.062500 0.977005
vt 0.031250 0.977005
vt 0.968750 0.825668
vt 0.968750 0.977005
vt 0.937500 0.977005
vt 0.883896 0.250000
vt 0.881323 0.223878
vt 1.000000 0.825668
vt 1.000000 0.977005
vt 0.968750 0.977005
vt 0.750000 0.490000
vt 0.796822 0.485388
vt 0.783685 0.419345
vt 0.750000 0.422662
vt 0.250000 0.422662
vt 0.283685 0.419345
vt 0.841844 0.471731
vt 0.816075 0.409519
vt 0.316075 0.409519
vt 0.883337 0.449553
vt 0.845926 0.393564
vt 0.345926 0.393564
vt 0.919706 0.419706
vt 0.872091 0.372091
vt 0.372091 0.372091
vt 0.949553 0.383337
vt 0.893564 0.345926
vt 0.419706 0.419706
vt 0.393564 0.345926
vt 0.949553 0.383337
vt 0.971731 0.341844
vt 0.909520 0.316075
vt 0.409519 0.316075
vt 0.985388 0.296822
vt 0.919345 0.283685
vt 0.419345 0.283685
vt 0.990000 0.250000
vt 0.922662 0.250000
vt 0.422662 0.250000
vt 0.985388 0.203178
vt 0.919345 0.216315
vt 0.419345 0.216315
vt 0.971731 0.158156
vt 0.909519 0.183925
vt 0.485388 0.203178
vt 0.409519 0.183925
vt 0.949553 0.116663
vt 0.893564 0.154074
vt 0.393564 0.154074
vt 0.919706 0.080294
vt 0.872091 0.127909
vt 0.449553 0.116663
vt 0.372091 0.127909
vt 0.919706 0.080294
vt 0.883337 0.050447
vt 0.845926 0.106436
vt 0.345926 0.106436
vt 0.841844 0.028269
vt 0.816075 0.090481
vt 0.316075 0.090481
vt 0.796822 0.014612
vt 0.783685 0.080655
vt 0.283685 0.080655
vt 0.750000 0.010000
vt 0.750000 0.077338
vt 0.250000 0.077338
vt 0.703178 0.014612
vt 0.716315 0.080655
vt 0.216315 0.080655
vt 0.658156 0.028269
vt 0.683925 0.090481
vt 0.183925 0.090481
vt 0.616663 0.050447
vt 0.654074 0.106436
vt 0.154074 0.106436
vt 0.580294 0.080294
vt 0.627909 0.127909
vt 0.127909 0.127909
vt 0.550447 0.116663
vt 0.606436 0.154074
vt 0.106436 0.154074
vt 0.528269 0.158156
vt 0.590481 0.183925
vt 0.090481 0.183925
vt 0.514612 0.203178
vt 0.580655 0.216315
vt 0.080655 0.216315
vt 0.510000 0.250000
vt 0.577338 0.250000
vt 0.077338 0.250000
vt 0.514612 0.296822
vt 0.580655 0.283685
vt 0.080655 0.283685
vt 0.528269 0.341844
vt 0.590481 0.316075
vt 0.090481 0.316075
vt 0.550447 0.383337
vt 0.606436 0.345926
vt 0.106436 0.345926
vt 0.580294 0.419706
vt 0.627909 0.372091
vt 0.127909 0.372091
vt 0.616663 0.449553
vt 0.654074 0.393564
vt 0.154074 0.393564
vt 0.658156 0.471731
vt 0.683925 0.409519
vt 0.183925 0.409519
vt 0.703178 0.485388
vt 0.716315 0.419345
vt 0.216315 0.419345
vt 0.638670 0.175612
vt 0.626296 0.198760
vt 0.776122 0.381323
vt 0.750000 0.383896
vt 0.250000 0.383896
vt 0.276122 0.381323
vt 0.801240 0.373704
vt 0.301240 0.373704
vt 0.824389 0.361330
vt 0.324389 0.361330
vt 0.844679 0.344679
vt 0.344679 0.344678
vt 0.861331 0.324389
vt 0.361330 0.324388
vt 0.873704 0.301240
vt 0.373703 0.301240
vt 0.881323 0.276122
vt 0.381323 0.276122
vt 0.383896 0.250000
vt 0.381323 0.223878
vt 0.873704 0.198760
vt 0.373703 0.198760
vt 0.861331 0.175612
vt 0.361330 0.175612
vt 0.844679 0.155322
vt 0.344679 0.155321
vt 0.824389 0.138670
vt 0.324388 0.138670
vt 0.801240 0.126297
vt 0.301240 0.126297
vt 0.776122 0.118677
vt 0.276122 0.118677
vt 0.750000 0.116104
vt 0.250000 0.116104
vt 0.723878 0.118677
vt 0.223878 0.118677
vt 0.698760 0.126297
vt 0.198760 0.126297
vt 0.675611 0.138670
vt 0.175612 0.138670
vt 0.655321 0.155321
vt 0.155322 0.155321
vt 0.138670 0.175612
vt 0.126297 0.198760
vt 0.618677 0.223878
vt 0.118677 0.223878
vt 0.616104 0.250000
vt 0.116104 0.250000
vt 0.618677 0.276122
vt 0.118677 0.276122
vt 0.626297 0.301240
vt 0.126297 0.301240
vt 0.638670 0.324388
vt 0.138670 0.324389
vt 0.655322 0.344679
vt 0.155321 0.344679
vt 0.675611 0.361330
vt 0.175612 0.361330
vt 0.698760 0.373703
vt 0.198760 0.373704
vt 0.723878 0.381323
vt 0.223878 0.381323
vt 0.772942 0.134664
vt 0.750000 0.132405
vt 0.666847 0.333153
vt 0.684667 0.347777
vt 0.772942 0.365336
vt 0.750000 0.367595
vt 0.250000 0.367595
vt 0.272942 0.365336
vt 0.795002 0.358644
vt 0.295002 0.358644
vt 0.815333 0.347777
vt 0.315333 0.347777
vt 0.833153 0.333153
vt 0.333153 0.333153
vt 0.847777 0.315333
vt 0.347777 0.315333
vt 0.858644 0.295002
vt 0.358644 0.295002
vt 0.865336 0.272942
vt 0.365336 0.272942
vt 0.867596 0.250000
vt 0.367596 0.250000
vt 0.865336 0.227058
vt 0.365336 0.227058
vt 0.858644 0.204998
vt 0.358644 0.204998
vt 0.847777 0.184667
vt 0.347777 0.184667
vt 0.833153 0.166847
vt 0.333153 0.166847
vt 0.815333 0.152223
vt 0.315332 0.152223
vt 0.795002 0.141356
vt 0.295002 0.141356
vt 0.272942 0.134664
vt 0.250000 0.132405
vt 0.727058 0.134664
vt 0.227058 0.134664
vt 0.704998 0.141356
vt 0.204998 0.141356
vt 0.684667 0.152223
vt 0.184667 0.152223
vt 0.666847 0.166847
vt 0.166848 0.166847
vt 0.652223 0.184667
vt 0.152223 0.184667
vt 0.641356 0.204998
vt 0.141356 0.204998
vt 0.634664 0.227058
vt 0.134664 0.227058
vt 0.632405 0.250000
vt 0.132405 0.250000
vt 0.634664 0.272942
vt 0.134664 0.272942
vt 0.641356 0.295002
vt 0.141356 0.295002
vt 0.652223 0.315333
vt 0.152223 0.315333
vt 0.166847 0.333153
vt 0.184667 0.347777
vt 0.704998 0.358644
vt 0.204998 0.358644
vt 0.727058 0.365336
vt 0.227058 0.365336
vt 0.227058 0.365336
vt 0.250000 0.367595
vt 0.772942 0.365336
vt 0.184667 0.347777
vt 0.250000 0.132405
vt 0.315333 0.347777
vt 0.684667 0.347777
vt 0.750000 0.132405
vt 0.815333 0.347777
vt 0.204998 0.358644
vt 0.227058 0.134664
vt 0.704998 0.358644
vt 0.833153 0.333153
vt 0.227058 0.365336
vt 0.204998 0.141356
vt 0.347777 0.315333
vt 0.704998 0.141356
vt 0.184667 0.152223
vt 0.358644 0.295002
vt 0.295002 0.358644
vt 0.166847 0.166847
vt 0.365336 0.272942
vt 0.666847 0.166847
vt 0.152223 0.184667
vt 0.367595 0.250000
vt 0.865336 0.227058
vt 0.867596 0.250000
vt 0.141356 0.204998
vt 0.365336 0.227058
vt 0.641356 0.204998
vt 0.865336 0.227058
vt 0.134664 0.227058
vt 0.365336 0.227058
vt 0.358644 0.204998
vt 0.858644 0.204998
vt 0.132405 0.250000
vt 0.134664 0.272942
vt 0.833153 0.166847
vt 0.315332 0.152223
vt 0.641356 0.295002
vt 0.295002 0.141356
vt 0.750000 0.349320
vt 0.769377 0.347412
vt 0.788008 0.341760
vt 0.805180 0.332582
vt 0.820230 0.320230
vt 0.832582 0.305179
vt 0.841761 0.288008
vt 0.847412 0.269376
vt 0.849321 0.250000
vt 0.847412 0.230624
vt 0.841760 0.211992
vt 0.832582 0.194821
vt 0.820230 0.179770
vt 0.805180 0.167418
vt 0.788008 0.158240
vt 0.769377 0.152588
vt 0.750000 0.150680
vt 0.730623 0.152588
vt 0.711992 0.158240
vt 0.694821 0.167418
vt 0.679770 0.179770
vt 0.667418 0.194821
vt 0.658240 0.211992
vt 0.652588 0.230624
vt 0.650680 0.250000
vt 0.652588 0.269376
vt 0.658240 0.288008
vt 0.667418 0.305179
vt 0.679770 0.320230
vt 0.694821 0.332582
vt 0.711992 0.341760
vt 0.730623 0.347412
vt 0.269377 0.347412
vt 0.250000 0.349320
vt 0.230623 0.347412
vt 0.211992 0.341760
vt 0.194821 0.332582
vt 0.179770 0.320230
vt 0.167418 0.305179
vt 0.158240 0.288008
vt 0.152588 0.269377
vt 0.150680 0.250000
vt 0.152588 0.230624
vt 0.158240 0.211992
vt 0.167418 0.194821
vt 0.179770 0.179770
vt 0.194821 0.167418
vt 0.211992 0.158240
vt 0.230624 0.152588
vt 0.250000 0.150680
vt 0.269377 0.152588
vt 0.288008 0.158240
vt 0.305179 0.167418
vt 0.320230 0.179770
vt 0.332582 0.194820
vt 0.341760 0.211992
vt 0.347412 0.230624
vt 0.349320 0.250000
vt 0.347412 0.269376
vt 0.341760 0.288008
vt 0.332582 0.305179
vt 0.320230 0.320230
vt 0.305179 0.332582
vt 0.288008 0.341760
vt 0.166847 0.333153
vt 0.272942 0.134664
vt 1.000000 0.522995
vt 1.000000 0.674332
vt 0.968750 0.674332
vt 0.968750 0.522995
vt 0.937500 0.674332
vt 0.937500 0.522995
vt 0.062500 0.522995
vt 0.062500 0.674332
vt 0.031250 0.674332
vt 0.031250 0.522995
vt 0.093750 0.522995
vt 0.093750 0.674332
vt 0.125000 0.522995
vt 0.125000 0.674332
vt 0.156250 0.522995
vt 0.156250 0.674332
vt 0.187500 0.522995
vt 0.187500 0.674332
vt 0.218750 0.522995
vt 0.218750 0.674332
vt 0.250000 0.522995
vt 0.250000 0.674332
vt 0.281250 0.522995
vt 0.281250 0.674332
vt 0.312500 0.522995
vt 0.312500 0.674332
vt 0.343750 0.522995
vt 0.343750 0.674332
vt 0.375000 0.522995
vt 0.375000 0.674332
vt 0.406250 0.522995
vt 0.406250 0.674332
vt 0.437500 0.522995
vt 0.437500 0.674332
vt 0.468750 0.522995
vt 0.468750 0.674332
vt 0.500000 0.522995
vt 0.500000 0.674332
vt 0.468750 0.522995
vt 0.531250 0.522995
vt 0.531250 0.674332
vt 0.562500 0.522995
vt 0.562500 0.674332
vt 0.593750 0.522995
vt 0.593750 0.674332
vt 0.625000 0.522995
vt 0.625000 0.674332
vt 0.656250 0.522995
vt 0.656250 0.674332
vt 0.687500 0.522995
vt 0.687500 0.674332
vt 0.718750 0.522995
vt 0.718750 0.674332
vt 0.750000 0.522995
vt 0.750000 0.674332
vt 0.781250 0.522995
vt 0.781250 0.674332
vt 0.812500 0.522995
vt 0.812500 0.674332
vt 0.843750 0.522995
vt 0.843750 0.674332
vt 0.875000 0.522995
vt 0.875000 0.674332
vt 0.906250 0.522995
vt 0.906250 0.674332
vt 0.937500 0.522995
vt 0.000000 0.674332
vt 0.000000 0.522995
vt 0.000000 0.804548
vt 0.000000 0.695452
vt 0.843750 0.804548
vt 0.843750 0.777857
vt 0.843750 0.695452
vt 0.000000 0.722142
vt 0.000000 0.777858
vt 0.843750 0.722142
s 0
usemtl M_Gris_Metal
f 772/826/169 774/827/169 914/827/169 915/826/169
f 754/832/169 756/833/169 900/833/169 897/832/169
f 736/834/169 738/835/169 873/835/169 870/834/169
f 788/837/169 790/838/169 918/838/169 903/837/169
f 770/841/169 772/826/169 915/826/169 917/841/169
f 752/843/169 754/832/169 897/832/169 894/843/169
f 734/844/169 736/834/169 870/834/169 867/844/169
f 786/846/169 788/837/169 903/837/169 905/846/169
f 768/849/169 770/841/169 917/841/169 916/849/169
f 750/851/169 752/843/169 894/843/169 891/851/169
f 732/852/169 734/844/169 867/844/169 864/852/169
f 784/854/169 786/846/169 905/846/169 906/854/169
f 766/857/169 768/849/169 916/849/169 913/857/169
f 748/859/169 750/851/169 891/851/169 888/859/169
f 730/860/169 732/852/169 864/852/169 857/860/169
f 776/861/171 774/827/171 966/827/171 968/861/171
f 782/867/169 784/854/169 906/854/169 908/867/169
f 732/852/173 730/860/173 920/860/173 924/868/173
f 734/844/175 732/852/175 924/852/175 926/844/175
f 750/851/176 748/859/176 940/859/176 942/871/176
f 768/849/177 766/857/177 958/857/177 960/849/177
f 786/846/178 784/854/178 976/854/178 978/846/178
f 742/872/179 740/873/179 932/873/179 934/874/179
f 760/875/180 758/876/180 950/876/180 952/875/180
f 778/877/181 776/861/181 968/861/181 970/877/181
f 728/878/182 790/838/182 982/838/182 921/878/182
f 752/843/183 750/851/183 942/851/183 944/843/183
f 770/841/184 768/849/184 960/849/184 962/841/184
f 788/837/185 786/846/185 978/846/185 980/837/185
f 744/879/186 742/872/186 934/872/186 936/880/186
f 762/881/187 760/875/187 952/875/187 954/881/187
f 780/882/188 778/877/188 970/877/188 972/883/188
f 736/834/189 734/844/189 926/844/189 928/884/189
f 754/832/190 752/843/190 944/843/190 946/885/190
f 772/826/191 770/841/191 962/841/191 964/826/191
f 790/838/192 788/837/192 980/837/192 982/838/192
f 746/886/193 744/879/193 936/879/193 938/886/193
f 764/887/194 762/881/194 954/881/194 956/888/194
f 782/867/195 780/882/195 972/882/195 974/867/195
f 738/835/196 736/834/196 928/834/196 930/889/196
f 756/833/197 754/832/197 946/832/197 948/833/197
f 774/827/198 772/826/198 964/826/198 966/827/198
f 748/859/199 746/886/199 938/886/199 940/859/199
f 766/857/200 764/887/200 956/887/200 958/857/200
f 784/854/201 782/867/201 974/867/201 976/854/201
f 740/873/202 738/835/202 930/835/202 932/873/202
f 758/876/203 756/833/203 948/833/203 950/876/203
f 790/838/169 728/878/169 858/878/169 918/838/169
f 738/835/169 740/873/169 876/873/169 873/835/169
f 756/833/169 758/876/169 902/876/169 900/833/169
f 774/827/169 776/861/169 912/861/169 914/827/169
f 740/873/169 742/872/169 879/872/169 876/873/169
f 758/876/169 760/875/169 904/875/169 902/876/169
f 776/861/169 778/877/169 911/877/169 912/861/169
f 742/872/169 744/879/169 882/879/169 879/872/169
f 760/875/169 762/881/169 907/881/169 904/875/169
f 778/877/169 780/882/169 909/882/169 911/877/169
f 744/879/169 746/886/169 885/886/169 882/879/169
f 762/881/169 764/887/169 910/887/169 907/881/169
f 728/1040/169 730/860/169 857/860/169 858/1040/169
f 780/882/169 782/867/169 908/867/169 909/882/169
f 746/886/169 748/859/169 888/859/169 885/886/169
f 764/887/169 766/857/169 913/857/169 910/887/169
f 920/1041/236 921/1042/236 983/1043/236 984/1044/236
f 924/1045/237 920/1046/237 984/1044/237 985/1047/237
f 926/1048/238 924/1045/238 985/1047/238 986/1049/238
f 928/1050/239 926/1048/239 986/1049/239 987/1051/239
f 930/1052/240 928/1053/240 987/1051/240 988/1054/240
f 932/1055/241 930/1052/241 988/1054/241 989/1056/241
f 934/1057/242 932/1055/242 989/1056/242 990/1058/242
f 936/1059/243 934/1060/243 990/1058/243 991/1061/243
f 938/1062/244 936/1059/244 991/1061/244 992/1063/244
f 940/1064/245 938/1065/245 992/1063/245 993/1066/245
f 942/1067/246 940/1064/246 993/1066/246 994/1068/246
f 944/1069/247 942/1067/247 994/1068/247 995/1070/247
f 946/1071/248 944/1072/248 995/1070/248 996/1073/248
f 948/1074/249 946/1071/249 996/1073/249 997/1075/249
f 950/1076/250 948/1074/250 997/1075/250 998/1077/250
f 952/1078/251 950/1079/251 998/1077/251 999/1080/251
f 954/1081/252 952/1078/252 999/1080/252 1000/1082/252
f 956/1083/253 954/1081/253 1000/1082/253 1001/1084/253
f 958/1085/254 956/1086/254 1001/1084/254 1002/1087/254
f 960/1088/255 958/1085/255 1002/1087/255 1003/1089/255
f 962/1090/256 960/1091/256 1003/1089/256 1004/1092/256
f 964/1093/257 962/1090/257 1004/1092/257 1005/1094/257
f 966/1095/258 964/1096/258 1005/1094/258 1006/1097/258
f 968/1098/259 966/1095/259 1006/1097/259 1007/1099/259
f 970/1100/260 968/1101/260 1007/1099/260 1008/1102/260
f 972/1103/261 970/1100/261 1008/1102/261 1009/1104/261
f 974/1105/262 972/1106/262 1009/1104/262 1010/1107/262
f 976/1108/263 974/1105/263 1010/1107/263 1011/1109/263
f 978/1110/264 976/1111/264 1011/1109/264 1012/1112/264
f 980/1113/265 978/1110/265 1012/1112/265 1013/1114/265
f 982/1115/266 980/1116/266 1013/1114/266 1014/1117/266
f 921/1042/267 982/1118/267 1014/1117/267 983/1043/267
f 730/860/172 728/1040/172 921/1040/172 920/860/172
f 922/1119/170 919/1120/170 984/1044/170 983/1043/170
f 919/1120/168 923/1121/168 985/1047/168 984/1044/168
f 923/1121/168 925/1122/168 986/1049/168 985/1047/168
f 925/1122/170 927/1123/170 987/1051/170 986/1049/170
f 927/1123/168 929/1124/168 988/1054/168 987/1051/168
f 929/1124/168 931/1125/168 989/1056/168 988/1054/168
f 931/1125/170 933/1126/170 990/1058/170 989/1056/170
f 933/1126/168 935/1127/168 991/1061/168 990/1058/168
f 935/1127/168 937/1128/168 992/1063/168 991/1061/168
f 937/1128/170 939/1129/170 993/1066/170 992/1063/170
f 939/1129/168 941/1130/168 994/1068/168 993/1066/168
f 941/1130/168 943/1131/168 995/1070/168 994/1068/168
f 943/1131/170 945/1132/170 996/1073/170 995/1070/170
f 945/1132/168 947/1133/168 997/1075/168 996/1073/168
f 947/1133/168 949/1134/168 998/1077/168 997/1075/168
f 949/1134/170 951/1135/170 999/1080/170 998/1077/170
f 951/1135/168 953/1136/168 1000/1082/168 999/1080/168
f 953/1136/168 955/1137/168 1001/1084/168 1000/1082/168
f 955/1137/170 957/1138/170 1002/1087/170 1001/1084/170
f 957/1138/168 959/1139/168 1003/1089/168 1002/1087/168
f 959/1139/170 961/1140/170 1004/1092/170 1003/1089/170
f 961/1140/168 963/1141/168 1005/1094/168 1004/1092/168
f 963/1141/170 965/1142/170 1006/1097/170 1005/1094/170
f 965/1142/168 967/1143/168 1007/1099/168 1006/1097/168
f 967/1143/168 969/1144/168 1008/1102/168 1007/1099/168
f 969/1144/170 971/1145/170 1009/1104/170 1008/1102/170
f 971/1145/168 973/1146/168 1010/1107/168 1009/1104/168
f 973/1146/170 975/870/170 1011/1109/170 1010/1107/170
f 975/870/168 977/869/168 1012/1112/168 1011/1109/168
f 977/869/170 979/1147/170 1013/1114/170 1012/1112/170
f 979/1147/168 981/1148/168 1014/1117/168 1013/1114/168
f 981/1148/168 922/1119/168 983/1043/168 1014/1117/168
usemtl M_Noir_Profond
f 855/824/182 918/838/182 858/878/182 856/1039/182
f 859/1028/175 864/852/175 867/844/175 860/829/175
f 860/829/189 867/844/189 870/834/189 861/828/189
f 861/828/196 870/834/196 873/835/196 862/1038/196
f 862/1038/202 873/835/202 876/873/202 863/858/202
f 863/858/179 876/873/179 879/872/179 865/855/179
f 865/855/186 879/872/186 882/879/186 866/850/186
f 866/850/193 882/879/193 885/886/193 868/847/193
f 868/847/199 885/886/199 888/859/199 869/842/199
f 869/842/176 888/859/176 891/851/176 871/839/176
f 871/839/183 891/851/183 894/843/183 872/831/183
f 872/831/190 894/843/190 897/832/190 874/830/190
f 874/830/197 897/832/197 900/833/197 875/1037/197
f 875/1037/203 900/833/203 902/876/203 877/1036/203
f 877/1036/180 902/876/180 904/875/180 878/1035/180
f 878/1035/187 904/875/187 907/881/187 880/1034/187
f 880/1034/194 907/881/194 910/887/194 881/1033/194
f 881/1033/200 910/887/200 913/857/200 883/1032/200
f 883/1032/177 913/857/177 916/849/177 884/1031/177
f 884/1031/184 916/849/184 917/841/184 886/1030/184
f 886/1030/191 917/841/191 915/826/191 887/1029/191
f 887/1029/198 915/826/198 914/827/198 889/866/198
f 889/866/171 914/827/171 912/861/171 890/856/171
f 890/856/181 912/861/181 911/877/181 892/853/181
f 892/853/188 911/877/188 909/882/188 893/848/188
f 893/848/195 909/882/195 908/867/195 895/845/195
f 895/845/201 908/867/201 906/854/201 896/840/201
f 896/840/178 906/854/178 905/846/178 898/836/178
f 898/836/185 905/846/185 903/837/185 899/825/185
f 899/825/192 903/837/192 918/838/192 855/824/192
f 901/864/173 857/860/173 864/852/173 859/1028/173
f 856/863/172 858/1040/172 857/860/172 901/864/172
f 1239/1415/395 1240/1416/395 1304/1352/395 1303/1351/395
f 1241/1417/396 1242/1418/396 1306/1354/396 1305/1353/396
f 1243/1419/395 1239/1415/395 1303/1351/395 1307/1355/395
f 1242/1418/396 1244/1420/396 1308/1356/396 1306/1354/396
f 1245/1421/395 1243/1419/395 1307/1355/395 1309/1357/395
f 1244/1420/396 1246/1422/396 1310/1358/396 1308/1356/396
f 1247/1423/395 1245/1421/395 1309/1357/395 1311/1359/395
f 1246/1422/396 1248/1424/396 1312/1360/396 1310/1358/396
f 1249/1425/395 1247/1423/395 1311/1359/395 1313/1361/395
f 1248/1424/396 1250/1426/396 1314/1362/396 1312/1360/396
f 1251/1427/395 1249/1425/395 1313/1361/395 1315/1363/395
f 1250/1426/396 1252/1428/396 1316/1364/396 1314/1362/396
f 1253/1429/395 1251/1427/395 1315/1363/395 1317/1365/395
f 1252/1428/396 1254/1430/396 1318/1366/396 1316/1364/396
f 1255/1431/395 1253/1429/395 1317/1365/395 1319/1243/395
f 1254/1430/396 1256/1432/396 1320/1367/396 1318/1366/396
f 1257/1433/395 1255/1431/395 1319/1243/395 1321/1244/395
f 1256/1432/396 1258/1434/396 1322/1368/396 1320/1367/396
f 1259/1435/395 1257/1433/395 1321/1244/395 1323/1369/395
f 1258/1434/396 1260/1436/396 1324/1370/396 1322/1368/396
f 1261/1437/395 1259/1435/395 1323/1369/395 1325/1371/395
f 1260/1436/396 1262/1438/396 1326/1372/396 1324/1370/396
f 1263/1439/395 1261/1437/395 1325/1371/395 1327/1373/395
f 1262/1438/396 1264/1440/396 1328/1374/396 1326/1372/396
f 1265/1441/395 1263/1439/395 1327/1373/395 1329/1375/395
f 1264/1440/396 1266/1442/396 1330/1376/396 1328/1374/396
f 1267/1443/395 1265/1441/395 1329/1375/395 1331/1377/395
f 1266/1442/396 1268/1444/396 1332/1378/396 1330/1376/396
f 1269/1411/395 1267/1443/395 1331/1377/395 1333/1379/395
f 1268/1444/396 1270/1445/396 1334/1380/396 1332/1378/396
f 1271/1412/395 1269/1411/395 1333/1379/395 1335/1381/395
f 1270/1445/396 1272/1446/396 1336/1382/396 1334/1380/396
f 1273/1447/395 1271/1412/395 1335/1381/395 1337/1383/395
f 1272/1446/396 1274/1448/396 1338/1384/396 1336/1382/396
f 1275/1449/395 1273/1447/395 1337/1383/395 1339/1385/395
f 1274/1448/396 1276/1450/396 1340/1386/396 1338/1384/396
f 1277/1451/395 1275/1449/395 1339/1385/395 1341/1387/395
f 1276/1450/396 1278/1452/396 1342/1388/396 1340/1386/396
f 1279/1453/395 1277/1451/395 1341/1387/395 1343/1389/395
f 1278/1452/396 1280/1454/396 1344/1390/396 1342/1388/396
f 1281/1455/395 1279/1453/395 1343/1389/395 1345/1349/395
f 1280/1454/396 1282/1456/396 1346/1391/396 1344/1390/396
f 1283/1457/395 1281/1455/395 1345/1349/395 1347/1350/395
f 1282/1456/396 1284/1458/396 1348/1392/396 1346/1391/396
f 1285/1459/395 1283/1457/395 1347/1350/395 1349/1393/395
f 1284/1458/396 1286/1460/396 1350/1394/396 1348/1392/396
f 1287/1461/395 1285/1459/395 1349/1393/395 1351/1395/395
f 1286/1460/396 1288/1462/396 1352/1396/396 1350/1394/396
f 1289/1463/395 1287/1461/395 1351/1395/395 1353/1397/395
f 1288/1462/396 1290/1464/396 1354/1398/396 1352/1396/396
f 1291/1465/395 1289/1463/395 1353/1397/395 1355/1399/395
f 1290/1464/396 1292/1466/396 1356/1400/396 1354/1398/396
f 1293/1467/395 1291/1465/395 1355/1399/395 1357/1401/395
f 1292/1466/396 1294/1468/396 1358/1402/396 1356/1400/396
f 1295/1413/395 1293/1467/395 1357/1401/395 1359/1403/395
f 1294/1468/396 1296/1469/396 1360/1404/396 1358/1402/396
f 1297/1414/395 1295/1413/395 1359/1403/395 1361/1405/395
f 1296/1469/396 1298/1470/396 1362/1406/396 1360/1404/396
f 1299/1471/395 1297/1414/395 1361/1405/395 1363/1407/395
f 1298/1470/396 1300/1472/396 1364/1408/396 1362/1406/396
f 1301/1473/395 1299/1471/395 1363/1407/395 1365/1409/395
f 1300/1472/396 1302/1474/396 1366/1410/396 1364/1408/396
f 1240/1416/395 1301/1473/395 1365/1409/395 1304/1352/395
f 1302/1474/396 1241/1417/396 1305/1353/396 1366/1410/396
usemtl M_Orange
f 785/824/168 727/825/168 899/825/168 855/824/168
f 779/828/168 781/829/168 860/829/168 861/828/168
f 761/830/168 763/831/168 872/831/168 874/830/168
f 727/825/168 729/836/168 898/836/168 899/825/168
f 763/831/168 765/839/168 871/839/168 872/831/168
f 729/836/168 731/840/168 896/840/168 898/836/168
f 765/839/168 767/842/168 869/842/168 871/839/168
f 731/840/168 733/845/168 895/845/168 896/840/168
f 767/842/168 769/847/168 868/847/168 869/842/168
f 733/845/170 735/848/170 893/848/170 895/845/170
f 769/847/168 771/850/168 866/850/168 868/847/168
f 735/848/168 737/853/168 892/853/168 893/848/168
f 771/850/168 773/855/168 865/855/168 866/850/168
f 737/853/170 739/856/170 890/856/170 892/853/170
f 773/855/168 775/858/168 863/858/168 865/855/168
f 792/862/172 789/863/172 787/864/172 794/865/172
f 739/856/168 741/866/168 889/866/168 890/856/168
f 792/862/204 794/865/204 793/890/204 791/891/204
f 794/892/205 796/893/205 795/894/205 793/895/205
f 796/893/206 798/896/206 797/897/206 795/898/206
f 798/899/207 800/900/207 799/901/207 797/902/207
f 800/903/208 802/904/208 801/905/208 799/906/208
f 802/904/209 804/907/209 803/908/209 801/909/209
f 804/910/210 806/911/210 805/912/210 803/913/210
f 806/914/211 808/915/211 807/916/211 805/917/211
f 808/915/212 810/918/212 809/919/212 807/920/212
f 810/918/213 812/921/213 811/922/213 809/923/213
f 812/924/214 814/925/214 813/926/214 811/927/214
f 814/925/215 816/928/215 815/929/215 813/930/215
f 816/928/216 818/931/216 817/932/216 815/933/216
f 818/931/217 820/934/217 819/935/217 817/936/217
f 820/937/218 822/938/218 821/939/218 819/940/218
f 822/938/219 824/941/219 823/942/219 821/943/219
f 824/941/220 826/944/220 825/945/220 823/946/220
f 826/944/221 828/947/221 827/948/221 825/949/221
f 828/947/222 830/950/222 829/951/222 827/952/222
f 830/950/223 832/953/223 831/954/223 829/955/223
f 832/956/224 834/957/224 833/958/224 831/959/224
f 834/957/225 836/960/225 835/961/225 833/962/225
f 836/960/226 838/963/226 837/964/226 835/965/226
f 838/963/227 840/966/227 839/967/227 837/968/227
f 840/966/228 842/969/228 841/970/228 839/971/228
f 842/969/229 844/972/229 843/973/229 841/974/229
f 844/975/230 846/976/230 845/977/230 843/978/230
f 846/979/231 848/980/231 847/981/231 845/982/231
f 848/980/232 850/983/232 849/984/232 847/985/232
f 850/986/233 852/987/233 851/988/233 849/989/233
f 852/987/234 854/990/234 853/991/234 851/992/234
f 854/990/235 792/993/235 791/994/235 853/995/235
f 791/996/169 793/997/169 795/998/169 797/999/169 799/1000/169 801/1001/169 803/1002/169 805/1003/169 807/1004/169 809/1005/169 811/1006/169 813/1007/169 815/1008/169 817/1009/169 819/1010/169 821/1011/169 823/1012/169 825/1013/169 827/1014/169 829/1015/169 831/1016/169 833/1017/169 835/1018/169 837/1019/169 839/1020/169 841/1021/169 843/1022/169 845/1023/169 847/1024/169 849/1025/169 851/1026/169 853/1027/169
f 794/892/173 787/864/173 783/1028/173 796/893/173
f 852/987/192 727/825/192 785/824/192 854/990/192
f 850/986/185 729/836/185 727/825/185 852/987/185
f 848/980/178 731/840/178 729/836/178 850/983/178
f 846/979/201 733/845/201 731/840/201 848/980/201
f 844/975/195 735/848/195 733/845/195 846/976/195
f 842/969/188 737/853/188 735/848/188 844/972/188
f 840/966/181 739/856/181 737/853/181 842/969/181
f 838/963/171 741/866/171 739/856/171 840/966/171
f 836/960/198 743/1029/198 741/866/198 838/963/198
f 834/957/191 745/1030/191 743/1029/191 836/960/191
f 832/956/184 747/1031/184 745/1030/184 834/957/184
f 830/950/177 749/1032/177 747/1031/177 832/953/177
f 828/947/200 751/1033/200 749/1032/200 830/950/200
f 826/944/194 753/1034/194 751/1033/194 828/947/194
f 824/941/187 755/1035/187 753/1034/187 826/944/187
f 822/938/180 757/1036/180 755/1035/180 824/941/180
f 820/937/203 759/1037/203 757/1036/203 822/938/203
f 818/931/197 761/830/197 759/1037/197 820/934/197
f 816/928/190 763/831/190 761/830/190 818/931/190
f 814/925/183 765/839/183 763/831/183 816/928/183
f 812/924/176 767/842/176 765/839/176 814/925/176
f 810/918/199 769/847/199 767/842/199 812/921/199
f 808/915/193 771/850/193 769/847/193 810/918/193
f 806/914/186 773/855/186 771/850/186 808/915/186
f 804/910/179 775/858/179 773/855/179 806/911/179
f 802/904/202 777/1038/202 775/858/202 804/907/202
f 800/903/196 779/828/196 777/1038/196 802/904/196
f 798/899/189 781/829/189 779/828/189 800/900/189
f 796/893/175 783/1028/175 781/829/175 798/896/175
f 854/990/182 785/824/182 789/1039/182 792/993/182
f 759/1037/168 761/830/168 874/830/168 875/1037/168
f 783/1028/168 787/864/168 901/864/168 859/1028/168
f 757/1036/168 759/1037/168 875/1037/168 877/1036/168
f 787/864/168 789/863/168 856/863/168 901/864/168
f 755/1035/168 757/1036/168 877/1036/168 878/1035/168
f 753/1034/168 755/1035/168 878/1035/168 880/1034/168
f 751/1033/168 753/1034/168 880/1034/168 881/1033/168
f 749/1032/168 751/1033/168 881/1033/168 883/1032/168
f 747/1031/168 749/1032/168 883/1032/168 884/1031/168
f 789/1039/168 785/824/168 855/824/168 856/1039/168
f 745/1030/168 747/1031/168 884/1031/168 886/1030/168
f 743/1029/168 745/1030/168 886/1030/168 887/1029/168
f 781/829/168 783/1028/168 859/1028/168 860/829/168
f 777/1038/168 779/828/168 861/828/168 862/1038/168
f 741/866/168 743/1029/168 887/1029/168 889/866/168
f 775/858/168 777/1038/168 862/1038/168 863/858/168
f 1269/1411/313 1271/1412/313 1431/1412/313 1427/1411/313
f 1295/1413/326 1297/1414/326 1483/1414/326 1479/1413/326
f 1241/1417/299 1302/1474/299 1494/1475/299 1371/1476/299
f 1239/1415/329 1243/1419/329 1375/1419/329 1367/1477/329
f 1243/1419/300 1245/1421/300 1379/1421/300 1375/1419/300
f 1298/1470/326 1296/1469/326 1482/1469/326 1486/1478/326
f 1272/1446/313 1270/1445/313 1430/1445/313 1434/1479/313
f 1246/1422/300 1244/1420/300 1378/1420/300 1382/1480/300
f 1297/1414/327 1299/1471/327 1487/1471/327 1483/1481/327
f 1271/1412/314 1273/1447/314 1435/1447/314 1431/1482/314
f 1245/1421/301 1247/1423/301 1383/1423/301 1379/1483/301
f 1300/1472/327 1298/1470/327 1486/1470/327 1490/1484/327
f 1274/1448/314 1272/1446/314 1434/1479/314 1438/1485/314
f 1248/1424/301 1246/1422/301 1382/1422/301 1386/1424/301
f 1299/1471/328 1301/1473/328 1491/1473/328 1487/1486/328
f 1273/1447/315 1275/1449/315 1439/1449/315 1435/1447/315
f 1247/1423/302 1249/1425/302 1387/1425/302 1383/1487/302
f 1302/1474/328 1300/1472/328 1490/1472/328 1494/1488/328
f 1276/1450/315 1274/1448/315 1438/1448/315 1442/1489/315
f 1250/1426/302 1248/1424/302 1386/1424/302 1390/1490/302
f 1275/1449/316 1277/1451/316 1443/1451/316 1439/1491/316
f 1249/1425/303 1251/1427/303 1391/1427/303 1387/1425/303
f 1242/1418/330 1241/1417/330 1371/1417/330 1374/1418/330
f 1278/1452/316 1276/1450/316 1442/1450/316 1446/1492/316
f 1252/1428/303 1250/1426/303 1390/1426/303 1394/1493/303
f 1244/1420/329 1242/1418/329 1374/1418/329 1378/1494/329
f 1277/1451/317 1279/1453/317 1447/1453/317 1443/1451/317
f 1251/1427/304 1253/1429/304 1395/1429/304 1391/1427/304
f 1280/1454/317 1278/1452/317 1446/1452/317 1450/1495/317
f 1254/1430/304 1252/1428/304 1394/1428/304 1398/1496/304
f 1279/1453/318 1281/1455/318 1451/1455/318 1447/1497/318
f 1253/1429/305 1255/1431/305 1399/1431/305 1395/1429/305
f 1282/1456/318 1280/1454/318 1450/1454/318 1454/1498/318
f 1256/1432/305 1254/1430/305 1398/1430/305 1402/1499/305
f 1281/1455/319 1283/1457/319 1455/1457/319 1451/1455/319
f 1255/1431/306 1257/1433/306 1403/1500/306 1399/1501/306
f 1284/1458/319 1282/1456/319 1454/1456/319 1458/1502/319
f 1258/1434/306 1256/1432/306 1402/1432/306 1406/1503/306
f 1283/1457/320 1285/1459/320 1459/1459/320 1455/1504/320
f 1257/1433/307 1259/1435/307 1407/1435/307 1403/1505/307
f 1286/1460/320 1284/1458/320 1458/1458/320 1462/1506/320
f 1260/1436/307 1258/1434/307 1406/1507/307 1410/1508/307
f 1285/1459/321 1287/1461/321 1463/1461/321 1459/1459/321
f 1259/1435/308 1261/1437/308 1411/1437/308 1407/1509/308
f 1288/1462/321 1286/1460/321 1462/1460/321 1466/1510/321
f 1262/1438/308 1260/1436/308 1410/1436/308 1414/1438/308
f 1287/1461/322 1289/1463/322 1467/1463/322 1463/1461/322
f 1261/1437/309 1263/1439/309 1415/1439/309 1411/1437/309
f 1290/1464/322 1288/1462/322 1466/1462/322 1470/1511/322
f 1264/1440/309 1262/1438/309 1414/1438/309 1418/1440/309
f 1289/1463/323 1291/1465/323 1471/1465/323 1467/1463/323
f 1263/1439/310 1265/1441/310 1419/1441/310 1415/1512/310
f 1292/1466/323 1290/1464/323 1470/1464/323 1474/1466/323
f 1266/1442/310 1264/1440/310 1418/1440/310 1422/1513/310
f 1291/1465/324 1293/1467/324 1475/1467/324 1471/1514/324
f 1265/1441/311 1267/1443/311 1423/1443/311 1419/1441/311
f 1294/1468/324 1292/1466/324 1474/1466/324 1478/1468/324
f 1268/1444/311 1266/1442/311 1422/1442/311 1426/1515/311
f 1369/1516/395 1368/1517/395 1376/1518/395 1380/1519/395 1384/1520/395 1388/1521/395 1392/1522/395 1396/1523/395 1400/1524/395 1404/1525/395 1408/1526/395 1412/1527/395 1416/1528/395 1420/1529/395 1424/1530/395 1428/1531/395 1432/1532/395 1436/1533/395 1440/1534/395 1444/1535/395 1448/1536/395 1452/1537/395 1456/1538/395 1460/1539/395 1464/1540/395 1468/1541/395 1472/1542/395 1476/1543/395 1480/1544/395 1484/1545/395 1488/1546/395 1492/1547/395
f 1293/1467/325 1295/1413/325 1479/1413/325 1475/1467/325
f 1267/1443/312 1269/1411/312 1427/1411/312 1423/1443/312
f 1373/1548/396 1372/1549/396 1493/1550/396 1489/1551/396 1485/1552/396 1481/1553/396 1477/1554/396 1473/1555/396 1469/1556/396 1465/1557/396 1461/1558/396 1457/1559/396 1453/1560/396 1449/1561/396 1445/1562/396 1441/1563/396 1437/1564/396 1433/1565/396 1429/1566/396 1425/1567/396 1421/1568/396 1417/1569/396 1413/1570/396 1409/1571/396 1405/1572/396 1401/1573/396 1397/1574/396 1393/1575/396 1389/1576/396 1385/1577/396 1381/1578/396 1377/1579/396
f 1296/1469/325 1294/1468/325 1478/1468/325 1482/1580/325
f 1270/1445/312 1268/1444/312 1426/1444/312 1430/1581/312
f 1301/1473/299 1240/1416/299 1370/1416/299 1491/1473/299
f 1368/1517/331 1369/1516/331 1370/1416/331 1367/1415/331
f 1372/1549/332 1373/1548/332 1374/1418/332 1371/1417/332
f 1376/1518/333 1368/1517/333 1367/1477/333 1375/1419/333
f 1373/1548/334 1377/1579/334 1378/1494/334 1374/1418/334
f 1380/1519/335 1376/1518/335 1375/1419/335 1379/1421/335
f 1377/1579/336 1381/1578/336 1382/1480/336 1378/1420/336
f 1384/1520/397 1380/1519/397 1379/1483/397 1383/1423/397
f 1381/1578/398 1385/1577/398 1386/1424/398 1382/1422/398
f 1388/1521/399 1384/1520/399 1383/1487/399 1387/1425/399
f 1385/1577/400 1389/1576/400 1390/1490/400 1386/1424/400
f 1392/1522/401 1388/1521/401 1387/1425/401 1391/1427/401
f 1389/1576/402 1393/1575/402 1394/1493/402 1390/1426/402
f 1396/1523/403 1392/1522/403 1391/1427/403 1395/1429/403
f 1393/1575/404 1397/1574/404 1398/1496/404 1394/1428/404
f 1400/1524/345 1396/1523/345 1395/1429/345 1399/1431/345
f 1397/1574/346 1401/1573/346 1402/1499/346 1398/1430/346
f 1404/1525/347 1400/1524/347 1399/1501/347 1403/1500/347
f 1401/1573/348 1405/1572/348 1406/1503/348 1402/1432/348
f 1408/1526/405 1404/1525/405 1403/1505/405 1407/1435/405
f 1405/1572/406 1409/1571/406 1410/1508/406 1406/1507/406
f 1412/1527/407 1408/1526/407 1407/1509/407 1411/1437/407
f 1409/1571/408 1413/1570/408 1414/1438/408 1410/1436/408
f 1416/1528/409 1412/1527/409 1411/1437/409 1415/1439/409
f 1413/1570/410 1417/1569/410 1418/1440/410 1414/1438/410
f 1420/1529/411 1416/1528/411 1415/1512/411 1419/1441/411
f 1417/1569/412 1421/1568/412 1422/1513/412 1418/1440/412
f 1424/1530/357 1420/1529/357 1419/1441/357 1423/1443/357
f 1421/1568/358 1425/1567/358 1426/1515/358 1422/1442/358
f 1428/1531/359 1424/1530/359 1423/1443/359 1427/1411/359
f 1425/1567/360 1429/1566/360 1430/1581/360 1426/1444/360
f 1432/1532/361 1428/1531/361 1427/1411/361 1431/1412/361
f 1429/1566/362 1433/1565/362 1434/1479/362 1430/1445/362
f 1436/1533/363 1432/1532/363 1431/1482/363 1435/1447/363
f 1433/1565/364 1437/1564/364 1438/1485/364 1434/1479/364
f 1440/1534/365 1436/1533/365 1435/1447/365 1439/1449/365
f 1437/1564/366 1441/1563/366 1442/1489/366 1438/1448/366
f 1444/1535/367 1440/1534/367 1439/1491/367 1443/1451/367
f 1441/1563/368 1445/1562/368 1446/1492/368 1442/1450/368
f 1448/1536/413 1444/1535/413 1443/1451/413 1447/1453/413
f 1445/1562/414 1449/1561/414 1450/1495/414 1446/1452/414
f 1452/1537/415 1448/1536/415 1447/1497/415 1451/1455/415
f 1449/1561/416 1453/1560/416 1454/1498/416 1450/1454/416
f 1456/1538/417 1452/1537/417 1451/1455/417 1455/1457/417
f 1453/1560/418 1457/1559/418 1458/1502/418 1454/1456/418
f 1460/1539/419 1456/1538/419 1455/1504/419 1459/1459/419
f 1457/1559/420 1461/1558/420 1462/1506/420 1458/1458/420
f 1464/1540/377 1460/1539/377 1459/1459/377 1463/1461/377
f 1461/1558/378 1465/1557/378 1466/1510/378 1462/1460/378
f 1468/1541/379 1464/1540/379 1463/1461/379 1467/1463/379
f 1465/1557/380 1469/1556/380 1470/1511/380 1466/1462/380
f 1472/1542/421 1468/1541/421 1467/1463/421 1471/1465/421
f 1469/1556/422 1473/1555/422 1474/1466/422 1470/1464/422
f 1476/1543/423 1472/1542/423 1471/1514/423 1475/1467/423
f 1473/1555/424 1477/1554/424 1478/1468/424 1474/1466/424
f 1480/1544/425 1476/1543/425 1475/1467/425 1479/1413/425
f 1477/1554/426 1481/1553/426 1482/1580/426 1478/1468/426
f 1484/1545/427 1480/1544/427 1479/1413/427 1483/1414/427
f 1481/1553/428 1485/1552/428 1486/1478/428 1482/1469/428
f 1488/1546/389 1484/1545/389 1483/1481/389 1487/1471/389
f 1485/1552/390 1489/1551/390 1490/1484/390 1486/1470/390
f 1492/1547/391 1488/1546/391 1487/1486/391 1491/1473/391
f 1489/1551/392 1493/1550/392 1494/1488/392 1490/1472/392
f 1369/1516/393 1492/1547/393 1491/1473/393 1370/1416/393
f 1493/1550/394 1372/1549/394 1371/1476/394 1494/1475/394
f 1240/1416/330 1239/1415/330 1367/1415/330 1370/1416/330
usemtl M_Noir_Bleuté
f 977/869/174 975/870/174 1043/870/174 1044/869/174
f 1016/1120/168 1015/1119/168 1046/1148/168 1045/1147/168 1044/869/168 1043/870/168 1042/1146/168 1041/1145/168 1040/1144/168 1039/1143/168 1038/1142/168 1037/1141/168 1036/1140/168 1035/1139/168 1034/1138/168 1033/1137/168 1032/1136/168 1031/1135/168 1030/1134/168 1029/1133/168 1028/1132/168 1027/1131/168 1026/1130/168 1025/1129/168 1024/1128/168 1023/1127/168 1022/1126/168 1021/1125/168 1020/1124/168 1019/1123/168 1018/1122/168 1017/1121/168
f 951/1135/268 949/1134/268 1030/1134/268 1031/1135/268
f 925/1122/269 923/1121/269 1017/1121/269 1018/1122/269
f 979/1147/270 977/869/270 1044/869/270 1045/1147/270
f 953/1136/271 951/1135/271 1031/1135/271 1032/1136/271
f 927/1123/272 925/1122/272 1018/1122/272 1019/1123/272
f 981/1148/273 979/1147/273 1045/1147/273 1046/1148/273
f 955/1137/274 953/1136/274 1032/1136/274 1033/1137/274
f 929/1124/275 927/1123/275 1019/1123/275 1020/1124/275
f 922/1119/276 981/1148/276 1046/1148/276 1015/1119/276
f 957/1138/277 955/1137/277 1033/1137/277 1034/1138/277
f 931/1125/278 929/1124/278 1020/1124/278 1021/1125/278
f 959/1139/279 957/1138/279 1034/1138/279 1035/1139/279
f 933/1126/280 931/1125/280 1021/1125/280 1022/1126/280
f 961/1140/281 959/1139/281 1035/1139/281 1036/1140/281
f 935/1127/282 933/1126/282 1022/1126/282 1023/1127/282
f 963/1141/283 961/1140/283 1036/1140/283 1037/1141/283
f 937/1128/284 935/1127/284 1023/1127/284 1024/1128/284
f 965/1142/285 963/1141/285 1037/1141/285 1038/1142/285
f 939/1129/286 937/1128/286 1024/1128/286 1025/1129/286
f 967/1143/287 965/1142/287 1038/1142/287 1039/1143/287
f 941/1130/288 939/1129/288 1025/1129/288 1026/1130/288
f 969/1144/289 967/1143/289 1039/1143/289 1040/1144/289
f 943/1131/290 941/1130/290 1026/1130/290 1027/1131/290
f 971/1145/291 969/1144/291 1040/1144/291 1041/1145/291
f 945/1132/292 943/1131/292 1027/1131/292 1028/1132/292
f 973/1146/293 971/1145/293 1041/1145/293 1042/1146/293
f 947/1133/294 945/1132/294 1028/1132/294 1029/1133/294
f 919/1120/295 922/1119/295 1015/1119/295 1016/1120/295
f 975/870/296 973/1146/296 1042/1146/296 1043/870/296
f 949/1134/297 947/1133/297 1029/1133/297 1030/1134/297
f 923/1121/298 919/1120/298 1016/1120/298 1017/1121/298
f 1500/1149/299 1174/1150/299 1050/1151/299 1572/1152/299
f 1501/1153/300 1058/1154/300 1062/1155/300 1503/1156/300
f 1503/1156/301 1062/1157/301 1066/1158/301 1505/1159/301
f 1505/1159/302 1066/1160/302 1070/1161/302 1573/1162/302
f 1573/1162/303 1070/1163/303 1074/1164/303 1509/1165/303
f 1509/1165/304 1074/1166/304 1078/1167/304 1511/1168/304
f 1511/1168/305 1078/1169/305 1082/1170/305 1513/1171/305
f 1513/1171/306 1082/1172/306 1086/1173/306 1515/1174/306
f 1515/1174/307 1086/1175/307 1090/1176/307 1517/1177/307
f 1517/1177/308 1090/1178/308 1094/1179/308 1519/1180/308
f 1519/1180/309 1094/1181/309 1098/1182/309 1521/1183/309
f 1521/1183/310 1098/1184/310 1102/1185/310 1523/1186/310
f 1523/1186/311 1102/1187/311 1106/1188/311 1525/1189/311
f 1525/1189/312 1106/1190/312 1110/1191/312 1527/1192/312
f 1527/1192/313 1110/1193/313 1114/1194/313 1529/1195/313
f 1529/1195/314 1114/1196/314 1118/1197/314 1531/1198/314
f 1531/1198/315 1118/1199/315 1122/1200/315 1533/1201/315
f 1533/1201/316 1122/1202/316 1126/1203/316 1535/1204/316
f 1535/1204/317 1126/1205/317 1130/1206/317 1537/1207/317
f 1537/1207/318 1130/1208/318 1134/1209/318 1539/1210/318
f 1539/1210/319 1134/1211/319 1138/1212/319 1541/1213/319
f 1541/1213/320 1138/1214/320 1142/1215/320 1543/1216/320
f 1543/1216/321 1142/1217/321 1146/1218/321 1545/1219/321
f 1545/1219/322 1146/1220/322 1150/1221/322 1547/1222/322
f 1547/1222/323 1150/1223/323 1154/1224/323 1549/1225/323
f 1549/1225/324 1154/1226/324 1158/1227/324 1551/1228/324
f 1551/1228/325 1158/1229/325 1162/1230/325 1553/1231/325
f 1553/1231/326 1162/1232/326 1166/1233/326 1555/1234/326
f 1555/1234/327 1166/1235/327 1170/1236/327 1557/1237/327
f 1557/1237/328 1170/1238/328 1174/1239/328 1500/1149/328
f 1497/1240/329 1054/1241/329 1058/1242/329 1501/1153/329
f 1079/1243/322 1083/1244/322 1321/1244/322 1319/1243/322
f 1572/1245/330 1050/1246/330 1054/1247/330 1497/1240/330
f 1048/1248/331 1052/1249/331 1175/1250/331 1176/1251/331
f 1054/1041/332 1050/1042/332 1177/1252/332 1178/1253/332
f 1052/1249/333 1056/1254/333 1179/1255/333 1175/1250/333
f 1058/1045/334 1054/1041/334 1178/1253/334 1180/1256/334
f 1056/1254/335 1060/1257/335 1181/1258/335 1179/1255/335
f 1062/1048/336 1058/1045/336 1180/1256/336 1182/1259/336
f 1060/1257/337 1064/1260/337 1183/1261/337 1181/1258/337
f 1066/1050/338 1062/1048/338 1182/1259/338 1184/1262/338
f 1064/1260/339 1068/1263/339 1185/1264/339 1183/1261/339
f 1070/1052/340 1066/1265/340 1184/1262/340 1186/1266/340
f 1068/1267/341 1072/1268/341 1187/1269/341 1185/1264/341
f 1074/1055/342 1070/1052/342 1186/1266/342 1188/1270/342
f 1072/1268/343 1076/1271/343 1189/1272/343 1187/1269/343
f 1078/1057/344 1074/1055/344 1188/1270/344 1190/1273/344
f 1076/1271/345 1080/1274/345 1191/1275/345 1189/1272/345
f 1082/1059/346 1078/1057/346 1190/1273/346 1192/1276/346
f 1080/1274/347 1084/1277/347 1193/1278/347 1191/1275/347
f 1086/1062/348 1082/1059/348 1192/1276/348 1194/1279/348
f 1084/1277/349 1088/1280/349 1195/1281/349 1193/1278/349
f 1090/1064/350 1086/1282/350 1194/1279/350 1196/1283/350
f 1088/1280/351 1092/1284/351 1197/1285/351 1195/1281/351
f 1094/1067/352 1090/1064/352 1196/1283/352 1198/1286/352
f 1092/1284/353 1096/1287/353 1199/1288/353 1197/1285/353
f 1098/1069/354 1094/1289/354 1198/1286/354 1200/1290/354
f 1096/1291/355 1100/1292/355 1201/1293/355 1199/1288/355
f 1102/1071/356 1098/1069/356 1200/1290/356 1202/1294/356
f 1100/1292/357 1104/1295/357 1203/1296/357 1201/1293/357
f 1106/1074/358 1102/1071/358 1202/1294/358 1204/1297/358
f 1104/1295/359 1108/1298/359 1205/1299/359 1203/1296/359
f 1110/1076/360 1106/1074/360 1204/1297/360 1206/1300/360
f 1108/1298/361 1112/1301/361 1207/1302/361 1205/1299/361
f 1114/1078/362 1110/1076/362 1206/1300/362 1208/1303/362
f 1112/1301/363 1116/1304/363 1209/1305/363 1207/1302/363
f 1118/1081/364 1114/1078/364 1208/1303/364 1210/1306/364
f 1116/1304/365 1120/1307/365 1211/1308/365 1209/1305/365
f 1122/1083/366 1118/1081/366 1210/1306/366 1212/1309/366
f 1120/1307/367 1124/1310/367 1213/1311/367 1211/1308/367
f 1126/1085/368 1122/1083/368 1212/1309/368 1214/1312/368
f 1124/1310/369 1128/1313/369 1215/1314/369 1213/1311/369
f 1130/1088/370 1126/1085/370 1214/1312/370 1216/1315/370
f 1128/1313/371 1132/1316/371 1217/1317/371 1215/1314/371
f 1134/1090/372 1130/1088/372 1216/1315/372 1218/1318/372
f 1132/1316/373 1136/1319/373 1219/1320/373 1217/1317/373
f 1138/1093/374 1134/1090/374 1218/1318/374 1220/1321/374
f 1136/1319/375 1140/1322/375 1221/1323/375 1219/1320/375
f 1142/1095/376 1138/1093/376 1220/1321/376 1222/1324/376
f 1140/1322/377 1144/1325/377 1223/1326/377 1221/1323/377
f 1146/1098/378 1142/1095/378 1222/1324/378 1224/1327/378
f 1144/1325/379 1148/1328/379 1225/1329/379 1223/1326/379
f 1150/1100/380 1146/1098/380 1224/1327/380 1226/1330/380
f 1148/1328/381 1152/1331/381 1227/1332/381 1225/1329/381
f 1154/1103/382 1150/1100/382 1226/1330/382 1228/1333/382
f 1152/1331/383 1156/1334/383 1229/1335/383 1227/1332/383
f 1158/1105/384 1154/1103/384 1228/1333/384 1230/1336/384
f 1156/1334/385 1160/1337/385 1231/1338/385 1229/1335/385
f 1162/1108/386 1158/1105/386 1230/1336/386 1232/1339/386
f 1160/1337/387 1164/1340/387 1233/1341/387 1231/1338/387
f 1166/1110/388 1162/1108/388 1232/1339/388 1234/1342/388
f 1164/1340/389 1168/1343/389 1235/1344/389 1233/1341/389
f 1170/1113/390 1166/1110/390 1234/1342/390 1236/1345/390
f 1168/1343/391 1172/1346/391 1237/1347/391 1235/1344/391
f 1174/1115/392 1170/1113/392 1236/1345/392 1238/1348/392
f 1172/1346/393 1048/1248/393 1176/1251/393 1237/1347/393
f 1050/1042/394 1174/1115/394 1238/1348/394 1177/1252/394
f 1131/1349/303 1135/1350/303 1347/1350/303 1345/1349/303
f 1051/1351/395 1047/1352/395 1176/1251/395 1175/1250/395
f 1049/1353/396 1053/1354/396 1178/1253/396 1177/1252/396
f 1055/1355/395 1051/1351/395 1175/1250/395 1179/1255/395
f 1053/1354/396 1057/1356/396 1180/1256/396 1178/1253/396
f 1059/1357/395 1055/1355/395 1179/1255/395 1181/1258/395
f 1057/1356/396 1061/1358/396 1182/1259/396 1180/1256/396
f 1063/1359/395 1059/1357/395 1181/1258/395 1183/1261/395
f 1061/1358/396 1065/1360/396 1184/1262/396 1182/1259/396
f 1067/1361/395 1063/1359/395 1183/1261/395 1185/1264/395
f 1065/1360/396 1069/1362/396 1186/1266/396 1184/1262/396
f 1071/1363/395 1067/1361/395 1185/1264/395 1187/1269/395
f 1069/1362/396 1073/1364/396 1188/1270/396 1186/1266/396
f 1075/1365/395 1071/1363/395 1187/1269/395 1189/1272/395
f 1073/1364/396 1077/1366/396 1190/1273/396 1188/1270/396
f 1079/1243/395 1075/1365/395 1189/1272/395 1191/1275/395
f 1077/1366/396 1081/1367/396 1192/1276/396 1190/1273/396
f 1083/1244/395 1079/1243/395 1191/1275/395 1193/1278/395
f 1081/1367/396 1085/1368/396 1194/1279/396 1192/1276/396
f 1087/1369/395 1083/1244/395 1193/1278/395 1195/1281/395
f 1085/1368/396 1089/1370/396 1196/1283/396 1194/1279/396
f 1091/1371/395 1087/1369/395 1195/1281/395 1197/1285/395
f 1089/1370/396 1093/1372/396 1198/1286/396 1196/1283/396
f 1095/1373/395 1091/1371/395 1197/1285/395 1199/1288/395
f 1093/1372/396 1097/1374/396 1200/1290/396 1198/1286/396
f 1099/1375/395 1095/1373/395 1199/1288/395 1201/1293/395
f 1097/1374/396 1101/1376/396 1202/1294/396 1200/1290/396
f 1103/1377/395 1099/1375/395 1201/1293/395 1203/1296/395
f 1101/1376/396 1105/1378/396 1204/1297/396 1202/1294/396
f 1107/1379/395 1103/1377/395 1203/1296/395 1205/1299/395
f 1105/1378/396 1109/1380/396 1206/1300/396 1204/1297/396
f 1111/1381/395 1107/1379/395 1205/1299/395 1207/1302/395
f 1109/1380/396 1113/1382/396 1208/1303/396 1206/1300/396
f 1115/1383/395 1111/1381/395 1207/1302/395 1209/1305/395
f 1113/1382/396 1117/1384/396 1210/1306/396 1208/1303/396
f 1119/1385/395 1115/1383/395 1209/1305/395 1211/1308/395
f 1117/1384/396 1121/1386/396 1212/1309/396 1210/1306/396
f 1123/1387/395 1119/1385/395 1211/1308/395 1213/1311/395
f 1121/1386/396 1125/1388/396 1214/1312/396 1212/1309/396
f 1127/1389/395 1123/1387/395 1213/1311/395 1215/1314/395
f 1125/1388/396 1129/1390/396 1216/1315/396 1214/1312/396
f 1131/1349/395 1127/1389/395 1215/1314/395 1217/1317/395
f 1129/1390/396 1133/1391/396 1218/1318/396 1216/1315/396
f 1135/1350/395 1131/1349/395 1217/1317/395 1219/1320/395
f 1133/1391/396 1137/1392/396 1220/1321/396 1218/1318/396
f 1139/1393/395 1135/1350/395 1219/1320/395 1221/1323/395
f 1137/1392/396 1141/1394/396 1222/1324/396 1220/1321/396
f 1143/1395/395 1139/1393/395 1221/1323/395 1223/1326/395
f 1141/1394/396 1145/1396/396 1224/1327/396 1222/1324/396
f 1147/1397/395 1143/1395/395 1223/1326/395 1225/1329/395
f 1145/1396/396 1149/1398/396 1226/1330/396 1224/1327/396
f 1151/1399/395 1147/1397/395 1225/1329/395 1227/1332/395
f 1149/1398/396 1153/1400/396 1228/1333/396 1226/1330/396
f 1155/1401/395 1151/1399/395 1227/1332/395 1229/1335/395
f 1153/1400/396 1157/1402/396 1230/1336/396 1228/1333/396
f 1159/1403/395 1155/1401/395 1229/1335/395 1231/1338/395
f 1157/1402/396 1161/1404/396 1232/1339/396 1230/1336/396
f 1163/1405/395 1159/1403/395 1231/1338/395 1233/1341/395
f 1161/1404/396 1165/1406/396 1234/1342/396 1232/1339/396
f 1167/1407/395 1163/1405/395 1233/1341/395 1235/1344/395
f 1165/1406/396 1169/1408/396 1236/1345/396 1234/1342/396
f 1171/1409/395 1167/1407/395 1235/1344/395 1237/1347/395
f 1169/1408/396 1173/1410/396 1238/1348/396 1236/1345/396
f 1047/1352/395 1171/1409/395 1237/1347/395 1176/1251/395
f 1173/1410/396 1049/1353/396 1177/1252/396 1238/1348/396
f 1137/1392/303 1133/1391/303 1346/1391/303 1348/1392/303
f 1085/1368/322 1081/1367/322 1320/1367/322 1322/1368/322
f 1135/1350/304 1139/1393/304 1349/1393/304 1347/1350/304
f 1083/1244/323 1087/1369/323 1323/1369/323 1321/1244/323
f 1141/1394/304 1137/1392/304 1348/1392/304 1350/1394/304
f 1089/1370/323 1085/1368/323 1322/1368/323 1324/1370/323
f 1139/1393/305 1143/1395/305 1351/1395/305 1349/1393/305
f 1087/1369/324 1091/1371/324 1325/1371/324 1323/1369/324
f 1145/1396/305 1141/1394/305 1350/1394/305 1352/1396/305
f 1093/1372/324 1089/1370/324 1324/1370/324 1326/1372/324
f 1143/1395/306 1147/1397/306 1353/1397/306 1351/1395/306
f 1091/1371/325 1095/1373/325 1327/1373/325 1325/1371/325
f 1149/1398/306 1145/1396/306 1352/1396/306 1354/1398/306
f 1097/1374/325 1093/1372/325 1326/1372/325 1328/1374/325
f 1147/1397/307 1151/1399/307 1355/1399/307 1353/1397/307
f 1095/1373/326 1099/1375/326 1329/1375/326 1327/1373/326
f 1153/1400/307 1149/1398/307 1354/1398/307 1356/1400/307
f 1101/1376/326 1097/1374/326 1328/1374/326 1330/1376/326
f 1151/1399/308 1155/1401/308 1357/1401/308 1355/1399/308
f 1099/1375/327 1103/1377/327 1331/1377/327 1329/1375/327
f 1047/1352/314 1051/1351/314 1303/1351/314 1304/1352/314
f 1157/1402/308 1153/1400/308 1356/1400/308 1358/1402/308
f 1105/1378/327 1101/1376/327 1330/1376/327 1332/1378/327
f 1053/1354/314 1049/1353/314 1305/1353/314 1306/1354/314
f 1155/1401/309 1159/1403/309 1359/1403/309 1357/1401/309
f 1103/1377/328 1107/1379/328 1333/1379/328 1331/1377/328
f 1051/1351/315 1055/1355/315 1307/1355/315 1303/1351/315
f 1161/1404/309 1157/1402/309 1358/1402/309 1360/1404/309
f 1109/1380/328 1105/1378/328 1332/1378/328 1334/1380/328
f 1057/1356/315 1053/1354/315 1306/1354/315 1308/1356/315
f 1159/1403/310 1163/1405/310 1361/1405/310 1359/1403/310
f 1107/1379/299 1111/1381/299 1335/1381/299 1333/1379/299
f 1055/1355/316 1059/1357/316 1309/1357/316 1307/1355/316
f 1165/1406/310 1161/1404/310 1360/1404/310 1362/1406/310
f 1113/1382/299 1109/1380/299 1334/1380/299 1336/1382/299
f 1061/1358/316 1057/1356/316 1308/1356/316 1310/1358/316
f 1163/1405/311 1167/1407/311 1363/1407/311 1361/1405/311
f 1111/1381/330 1115/1383/330 1337/1383/330 1335/1381/330
f 1059/1357/317 1063/1359/317 1311/1359/317 1309/1357/317
f 1169/1408/311 1165/1406/311 1362/1406/311 1364/1408/311
f 1117/1384/330 1113/1382/330 1336/1382/330 1338/1384/330
f 1065/1360/317 1061/1358/317 1310/1358/317 1312/1360/317
f 1167/1407/312 1171/1409/312 1365/1409/312 1363/1407/312
f 1115/1383/329 1119/1385/329 1339/1385/329 1337/1383/329
f 1063/1359/318 1067/1361/318 1313/1361/318 1311/1359/318
f 1173/1410/312 1169/1408/312 1364/1408/312 1366/1410/312
f 1121/1386/329 1117/1384/329 1338/1384/329 1340/1386/329
f 1069/1362/318 1065/1360/318 1312/1360/318 1314/1362/318
f 1171/1409/313 1047/1352/313 1304/1352/313 1365/1409/313
f 1119/1385/300 1123/1387/300 1341/1387/300 1339/1385/300
f 1067/1361/319 1071/1363/319 1315/1363/319 1313/1361/319
f 1049/1353/313 1173/1410/313 1366/1410/313 1305/1353/313
f 1125/1388/300 1121/1386/300 1340/1386/300 1342/1388/300
f 1073/1364/319 1069/1362/319 1314/1362/319 1316/1364/319
f 1123/1387/301 1127/1389/301 1343/1389/301 1341/1387/301
f 1071/1363/320 1075/1365/320 1317/1365/320 1315/1363/320
f 1129/1390/301 1125/1388/301 1342/1388/301 1344/1390/301
f 1077/1366/320 1073/1364/320 1316/1364/320 1318/1366/320
f 1127/1389/302 1131/1349/302 1345/1349/302 1343/1389/302
f 1075/1365/321 1079/1243/321 1319/1243/321 1317/1365/321
f 1133/1391/302 1129/1390/302 1344/1390/302 1346/1391/302
f 1081/1367/321 1077/1366/321 1318/1366/321 1320/1367/321
f 1048/1582/330 1571/1583/330 1498/1584/330 1052/1585/330
f 1501/1153/429 1503/1156/429 1565/1156/429 1563/1153/429
f 1052/1585/329 1498/1584/329 1502/1586/329 1056/1587/329
f 1497/1240/430 1501/1153/430 1563/1153/430 1561/1240/430
f 1168/1588/328 1558/1589/328 1499/1590/328 1172/1591/328
f 1558/1589/328 1557/1237/328 1500/1149/328 1499/1590/328
f 1164/1592/327 1556/1593/327 1558/1589/327 1168/1588/327
f 1556/1593/327 1555/1234/327 1557/1237/327 1558/1589/327
f 1160/1594/326 1554/1595/326 1556/1593/326 1164/1592/326
f 1554/1595/326 1553/1231/326 1555/1234/326 1556/1593/326
f 1156/1596/325 1552/1597/325 1554/1595/325 1160/1594/325
f 1552/1597/325 1551/1228/325 1553/1231/325 1554/1595/325
f 1152/1598/324 1550/1599/324 1552/1597/324 1156/1596/324
f 1550/1599/324 1549/1225/324 1551/1228/324 1552/1597/324
f 1148/1600/323 1548/1601/323 1550/1599/323 1152/1598/323
f 1548/1601/323 1547/1222/323 1549/1225/323 1550/1599/323
f 1144/1602/322 1546/1603/322 1548/1601/322 1148/1600/322
f 1546/1603/322 1545/1219/322 1547/1222/322 1548/1601/322
f 1140/1604/321 1544/1605/321 1546/1603/321 1144/1602/321
f 1544/1605/321 1543/1216/321 1545/1219/321 1546/1603/321
f 1136/1606/320 1542/1607/320 1544/1605/320 1140/1604/320
f 1542/1607/320 1541/1213/320 1543/1216/320 1544/1605/320
f 1132/1608/319 1540/1609/319 1542/1607/319 1136/1606/319
f 1540/1609/319 1539/1210/319 1541/1213/319 1542/1607/319
f 1128/1610/318 1538/1611/318 1540/1609/318 1132/1608/318
f 1538/1611/318 1537/1207/318 1539/1210/318 1540/1609/318
f 1124/1612/317 1536/1613/317 1538/1611/317 1128/1610/317
f 1536/1613/317 1535/1204/317 1537/1207/317 1538/1611/317
f 1120/1614/316 1534/1615/316 1536/1613/316 1124/1612/316
f 1534/1615/316 1533/1201/316 1535/1204/316 1536/1613/316
f 1116/1616/315 1532/1617/315 1534/1615/315 1120/1614/315
f 1532/1617/315 1531/1198/315 1533/1201/315 1534/1615/315
f 1112/1618/314 1530/1619/314 1532/1617/314 1116/1620/314
f 1530/1619/314 1529/1195/314 1531/1198/314 1532/1617/314
f 1108/1621/313 1528/1622/313 1530/1619/313 1112/1618/313
f 1528/1622/313 1527/1192/313 1529/1195/313 1530/1619/313
f 1104/1623/312 1526/1624/312 1528/1622/312 1108/1621/312
f 1526/1624/312 1525/1189/312 1527/1192/312 1528/1622/312
f 1100/1625/311 1524/1626/311 1526/1624/311 1104/1623/311
f 1524/1626/311 1523/1186/311 1525/1189/311 1526/1624/311
f 1096/1627/310 1522/1628/310 1524/1626/310 1100/1625/310
f 1522/1628/310 1521/1183/310 1523/1186/310 1524/1626/310
f 1092/1629/309 1520/1630/309 1522/1628/309 1096/1627/309
f 1520/1630/309 1519/1180/309 1521/1183/309 1522/1628/309
f 1088/1631/308 1518/1632/308 1520/1630/308 1092/1629/308
f 1518/1632/308 1517/1177/308 1519/1180/308 1520/1630/308
f 1084/1633/307 1516/1634/307 1518/1632/307 1088/1631/307
f 1516/1634/307 1515/1174/307 1517/1177/307 1518/1632/307
f 1080/1635/306 1514/1636/306 1516/1634/306 1084/1633/306
f 1514/1636/306 1513/1171/306 1515/1174/306 1516/1634/306
f 1076/1637/305 1512/1638/305 1514/1636/305 1080/1635/305
f 1512/1638/305 1511/1168/305 1513/1171/305 1514/1636/305
f 1072/1639/304 1510/1640/304 1512/1638/304 1076/1637/304
f 1510/1640/304 1509/1165/304 1511/1168/304 1512/1638/304
f 1068/1641/303 1575/1642/303 1510/1640/303 1072/1639/303
f 1575/1642/303 1573/1162/303 1509/1165/303 1510/1640/303
f 1064/1643/302 1506/1644/302 1575/1642/302 1068/1641/302
f 1505/1159/431 1573/1162/431 1574/1162/431 1567/1159/431
f 1060/1645/301 1504/1646/301 1506/1644/301 1064/1643/301
f 1504/1646/432 1502/1586/432 1564/1586/432 1566/1646/432
f 1056/1647/300 1502/1586/300 1504/1646/300 1060/1645/300
f 1502/1586/433 1498/1584/433 1562/1584/433 1564/1586/433
f 1172/1591/299 1499/1590/299 1571/1648/299 1048/1649/299
f 1499/1590/299 1500/1149/299 1572/1152/299 1571/1648/299
f 1576/1583/434 1577/1245/434 1561/1240/434 1562/1584/434
f 1562/1584/329 1561/1240/329 1563/1153/329 1564/1586/329
f 1568/1644/435 1567/1159/435 1574/1162/435 1578/1642/435
f 1566/1646/301 1565/1156/301 1567/1159/301 1568/1644/301
f 1564/1586/300 1563/1153/300 1565/1156/300 1566/1646/300
f 1498/1584/436 1571/1583/436 1576/1583/436 1562/1584/436
f 1506/1644/437 1504/1646/437 1566/1646/437 1568/1644/437
f 1572/1245/438 1497/1240/438 1561/1240/438 1577/1245/438
f 1503/1156/439 1505/1159/439 1567/1159/439 1565/1156/439
f 1575/1642/440 1506/1644/440 1568/1644/440 1578/1642/440
f 1496/1650/441 1495/1651/441 1571/1648/441 1572/1152/441
f 1507/1652/442 1569/1653/442 1574/1162/442 1573/1162/442
f 1508/1654/442 1507/1652/442 1573/1162/442 1575/1642/442
f 1559/1655/441 1560/1656/441 1577/1152/441 1576/1648/441
f 1569/1653/442 1570/1657/442 1578/1642/442 1574/1162/442
f 1495/1651/441 1559/1655/441 1576/1648/441 1571/1648/441
f 1570/1657/442 1508/1654/442 1575/1642/442 1578/1642/442
f 1560/1656/441 1496/1650/441 1572/1152/441 1577/1152/441
f 1495/1651/324 1496/1650/324 1580/1650/324 1579/1651/324
f 1507/1652/308 1508/1654/308 1583/1654/308 1581/1652/308
f 1570/1657/308 1569/1653/308 1582/1653/308 1586/1657/308
f 1508/1654/443 1570/1657/443 1586/1657/443 1583/1654/443
f 1579/1651/300 1580/1650/300 1581/1652/300 1583/1654/300
f 1584/1655/444 1579/1651/444 1583/1654/444 1586/1657/444
f 1581/1652/445 1580/1650/445 1585/1656/445 1582/1653/445
f 1584/1655/316 1586/1657/316 1582/1653/316 1585/1656/316
f 1496/1650/446 1560/1656/446 1585/1656/446 1580/1650/446
f 1559/1655/447 1495/1651/447 1579/1651/447 1584/1655/447
f 1560/1656/324 1559/1655/324 1584/1655/324 1585/1656/324
f 1569/1653/448 1507/1652/448 1581/1652/448 1582/1653/448
