# Blender 4.2.3 LTS
# www.blender.org
mtllib SM_Energy_Cell.mtl
o SM_Energy_Cell_Base.002
v 0.258436 0.000005 -0.258436
v -0.258436 0.000005 -0.258436
v 0.258436 0.000005 0.258436
v -0.258436 0.000005 0.258436
v 0.258436 0.000005 -0.249821
v -0.258436 0.000005 -0.249821
v 0.258436 0.000005 0.249821
v -0.258436 0.000005 0.249821
v 0.249821 0.000005 -0.258436
v -0.249821 0.000005 -0.258436
v 0.249821 0.000005 0.258436
v -0.249821 0.000005 0.258436
v 0.249821 0.000005 -0.249821
v -0.249821 0.000005 -0.249821
v 0.249821 0.000005 0.249821
v -0.249821 0.000005 0.249821
v -0.400000 0.008598 -0.213333
v -0.389684 0.000000 -0.213333
v -0.389684 0.000000 0.213333
v -0.400000 0.008598 0.213333
v -0.400000 0.147418 0.213333
v -0.389684 0.156016 0.213333
v -0.389684 0.156016 -0.213333
v -0.400000 0.147418 -0.213333
v 0.400000 0.008598 0.213333
v 0.389684 0.000000 0.213333
v 0.389684 0.000000 -0.213333
v 0.400000 0.008598 -0.213333
v 0.400000 0.147418 -0.213333
v 0.389684 0.156016 -0.213333
v 0.389684 0.156016 0.213333
v 0.400000 0.147418 0.213333
v -0.372406 0.000000 -0.167418
v -0.380800 0.062934 -0.110641
v -0.380800 0.062934 0.110641
v -0.372406 0.000000 0.167418
v -0.372406 0.156016 0.167418
v -0.380800 0.093082 0.110641
v -0.380800 0.093082 -0.110641
v -0.372406 0.156016 -0.167418
v 0.372406 0.000000 0.167418
v 0.380800 0.062934 0.110641
v 0.380800 0.062934 -0.110641
v 0.372406 0.000000 -0.167418
v 0.372406 0.156016 -0.167418
v 0.380800 0.093082 -0.110641
v 0.380800 0.093082 0.110641
v 0.372406 0.156016 0.167418
v 0.213333 0.008598 -0.400000
v 0.213333 0.000000 -0.389684
v -0.213333 0.000000 -0.389684
v -0.213333 0.008598 -0.400000
v -0.213333 0.147418 -0.400000
v -0.213333 0.156016 -0.389684
v 0.213333 0.156016 -0.389684
v 0.213333 0.147418 -0.400000
v -0.213333 0.008598 0.400000
v -0.213333 0.000000 0.389684
v 0.213333 0.000000 0.389684
v 0.213333 0.008598 0.400000
v 0.213333 0.147418 0.400000
v 0.213333 0.156016 0.389684
v -0.213333 0.156016 0.389684
v -0.213333 0.147418 0.400000
v 0.167418 0.000000 -0.372406
v 0.110641 0.062934 -0.380800
v -0.110641 0.062934 -0.380800
v -0.167418 0.000000 -0.372406
v -0.167418 0.156016 -0.372406
v -0.110641 0.093082 -0.380800
v 0.110641 0.093082 -0.380800
v 0.167418 0.156016 -0.372406
v -0.167418 0.000000 0.372406
v -0.110641 0.062934 0.380800
v 0.110641 0.062934 0.380800
v 0.167418 0.000000 0.372406
v 0.167418 0.156016 0.372406
v 0.110641 0.093082 0.380800
v -0.110641 0.093082 0.380800
v -0.167418 0.156016 0.372406
v -0.340399 0.000000 0.389750
v -0.342308 0.008598 0.400000
v -0.389750 0.000000 0.340399
v -0.400000 0.008598 0.342308
v -0.389750 0.156016 0.340399
v -0.400000 0.147418 0.342308
v -0.340399 0.156016 0.389750
v -0.342308 0.147418 0.400000
v -0.389750 0.000000 -0.340399
v -0.400000 0.008598 -0.342308
v -0.340399 0.000000 -0.389750
v -0.342308 0.008598 -0.400000
v -0.340399 0.156016 -0.389750
v -0.342308 0.147418 -0.400000
v -0.389750 0.156016 -0.340399
v -0.400000 0.147418 -0.342308
v 0.389750 0.000000 0.340399
v 0.400000 0.008598 0.342308
v 0.340399 0.000000 0.389750
v 0.342308 0.008598 0.400000
v 0.340399 0.156016 0.389750
v 0.342308 0.147418 0.400000
v 0.389750 0.156016 0.340399
v 0.400000 0.147418 0.342308
v 0.340399 0.000000 -0.389750
v 0.342308 0.008598 -0.400000
v 0.389750 0.000000 -0.340399
v 0.400000 0.008598 -0.342308
v 0.389750 0.156016 -0.340399
v 0.400000 0.147418 -0.342308
v 0.340399 0.156016 -0.389750
v 0.342308 0.147418 -0.400000
v -0.389684 0.156016 0.213333
v -0.389684 0.156016 -0.213333
v 0.389684 0.156016 -0.213333
v 0.389684 0.156016 0.213333
v -0.372406 0.156016 0.167418
v -0.372406 0.156016 -0.167418
v 0.372406 0.156016 -0.167418
v 0.372406 0.156016 0.167418
v -0.213333 0.156016 -0.389684
v 0.213333 0.156016 -0.389684
v 0.213333 0.156016 0.389684
v -0.213333 0.156016 0.389684
v -0.167418 0.156016 -0.372406
v 0.167418 0.156016 -0.372406
v 0.167418 0.156016 0.372406
v -0.167418 0.156016 0.372406
v -0.389750 0.156016 0.340399
v -0.340399 0.156016 0.389750
v -0.340399 0.156016 -0.389750
v -0.389750 0.156016 -0.340399
v 0.340399 0.156016 0.389750
v 0.389750 0.156016 0.340399
v 0.389750 0.156016 -0.340399
v 0.340399 0.156016 -0.389750
v -0.353213 0.156016 -0.170910
v -0.370493 0.156016 -0.216830
v 0.353213 0.156016 0.170910
v 0.370493 0.156016 0.216830
v -0.370493 0.156016 0.216830
v -0.353213 0.156016 0.170910
v 0.370493 0.156016 -0.216830
v 0.353213 0.156016 -0.170910
v 0.170910 0.156016 -0.353213
v 0.216830 0.156016 -0.370493
v -0.170910 0.156016 0.353213
v -0.216830 0.156016 0.370493
v -0.216830 0.156016 -0.370493
v -0.170910 0.156016 -0.353213
v 0.216830 0.156016 0.370493
v 0.170910 0.156016 0.353213
v -0.332453 0.156016 0.370553
v -0.370553 0.156016 0.332453
v -0.370553 0.156016 -0.332453
v -0.332453 0.156016 -0.370553
v 0.332453 0.156016 -0.370553
v 0.370553 0.156016 -0.332453
v 0.370553 0.156016 0.332453
v 0.332453 0.156016 0.370553
v -0.335608 0.151321 -0.166942
v -0.335608 0.151321 0.166942
v -0.352362 0.151321 0.211463
v -0.352418 0.151321 0.319486
v -0.319486 0.151321 0.352418
v -0.211463 0.151321 0.352362
v -0.166942 0.151321 0.335608
v 0.166942 0.151321 0.335608
v 0.211463 0.151321 0.352362
v 0.319486 0.151321 0.352418
v 0.352418 0.151321 0.319486
v 0.352362 0.151321 0.211463
v 0.335608 0.151321 0.166942
v 0.335608 0.151321 -0.166942
v 0.352362 0.151321 -0.211463
v 0.352418 0.151321 -0.319486
v 0.319486 0.151321 -0.352418
v 0.211463 0.151321 -0.352362
v 0.166942 0.151321 -0.335608
v -0.166942 0.151321 -0.335608
v -0.211463 0.151321 -0.352362
v -0.319486 0.151321 -0.352418
v -0.352418 0.151321 -0.319486
v -0.352362 0.151321 -0.211463
v -0.346164 0.156016 -0.172192
v -0.363444 0.156016 -0.218114
v 0.346164 0.156016 0.172192
v 0.363444 0.156016 0.218114
v -0.363444 0.156016 0.218114
v -0.346164 0.156016 0.172192
v 0.363444 0.156016 -0.218114
v 0.346164 0.156016 -0.172192
v 0.172192 0.156016 -0.346164
v 0.218114 0.156016 -0.363444
v -0.172192 0.156016 0.346164
v -0.218114 0.156016 0.363444
v -0.218114 0.156016 -0.363444
v -0.172192 0.156016 -0.346164
v 0.218114 0.156016 0.363444
v 0.172192 0.156016 0.346164
v -0.329534 0.156016 0.363502
v -0.363502 0.156016 0.329534
v -0.363502 0.156016 -0.329534
v -0.329534 0.156016 -0.363502
v 0.329534 0.156016 -0.363502
v 0.363502 0.156016 -0.329534
v 0.363502 0.156016 0.329534
v 0.329534 0.156016 0.363502
v -0.365356 0.156016 -0.168701
v -0.382635 0.156016 -0.214618
v 0.365356 0.156016 0.168701
v 0.382635 0.156016 0.214618
v -0.382635 0.156016 0.214618
v -0.365356 0.156016 0.168701
v 0.382635 0.156016 -0.214618
v 0.365356 0.156016 -0.168701
v 0.168701 0.156016 -0.365356
v 0.214618 0.156016 -0.382635
v -0.168701 0.156016 0.365356
v -0.214618 0.156016 0.382635
v -0.214618 0.156016 -0.382635
v -0.168701 0.156016 -0.365356
v 0.214618 0.156016 0.382635
v 0.168701 0.156016 0.365356
v -0.337480 0.156016 0.382699
v -0.382699 0.156016 0.337480
v -0.382699 0.156016 -0.337480
v -0.337480 0.156016 -0.382699
v 0.337480 0.156016 -0.382699
v 0.382699 0.156016 -0.337480
v 0.382699 0.156016 0.337480
v 0.337480 0.156016 0.382699
v -0.365356 0.154742 -0.168701
v -0.382635 0.154742 -0.214618
v 0.365356 0.154742 0.168701
v 0.382635 0.154742 0.214618
v -0.382635 0.154742 0.214618
v -0.365356 0.154742 0.168701
v 0.382635 0.154742 -0.214618
v 0.365356 0.154742 -0.168701
v 0.168701 0.154742 -0.365356
v 0.214618 0.154742 -0.382635
v -0.168701 0.154742 0.365356
v -0.214618 0.154742 0.382635
v -0.214618 0.154742 -0.382635
v -0.168701 0.154742 -0.365356
v 0.214618 0.154742 0.382635
v 0.168701 0.154742 0.365356
v -0.337480 0.154742 0.382699
v -0.382699 0.154742 0.337480
v -0.382699 0.154742 -0.337480
v -0.337480 0.154742 -0.382699
v 0.337480 0.154742 -0.382699
v 0.382699 0.154742 -0.337480
v 0.382699 0.154742 0.337480
v 0.337480 0.154742 0.382699
v -0.353213 0.154742 -0.170910
v -0.370493 0.154742 -0.216830
v 0.353213 0.154742 0.170910
v 0.370493 0.154742 0.216830
v -0.370493 0.154742 0.216830
v -0.353213 0.154742 0.170910
v 0.370493 0.154742 -0.216830
v 0.353213 0.154742 -0.170910
v 0.170910 0.154742 -0.353213
v 0.216830 0.154742 -0.370493
v -0.170910 0.154742 0.353213
v -0.216830 0.154742 0.370493
v -0.216830 0.154742 -0.370493
v -0.170910 0.154742 -0.353213
v 0.216830 0.154742 0.370493
v 0.170910 0.154742 0.353213
v -0.332453 0.154742 0.370553
v -0.370553 0.154742 0.332453
v -0.370553 0.154742 -0.332453
v -0.332453 0.154742 -0.370553
v 0.332453 0.154742 -0.370553
v 0.370553 0.154742 -0.332453
v 0.370553 0.154742 0.332453
v 0.332453 0.154742 0.370553
v -0.380800 0.008598 0.164978
v -0.380800 0.008598 -0.164978
v -0.380800 0.147418 -0.164978
v -0.380800 0.147418 0.164978
v 0.380800 0.008598 -0.164978
v 0.380800 0.008598 0.164978
v 0.380800 0.147418 0.164978
v 0.380800 0.147418 -0.164978
v -0.164978 0.008598 -0.380800
v 0.164978 0.008598 -0.380800
v 0.164978 0.147418 -0.380800
v -0.164978 0.147418 -0.380800
v 0.164978 0.008598 0.380800
v -0.164978 0.008598 0.380800
v -0.164978 0.147418 0.380800
v 0.164978 0.147418 0.380800
v -0.362425 0.062934 0.110641
v -0.362425 0.062934 -0.110641
v -0.362425 0.093082 -0.110641
v -0.362425 0.093082 0.110641
v 0.362425 0.062934 -0.110641
v 0.362425 0.062934 0.110641
v 0.362425 0.093082 0.110641
v 0.362425 0.093082 -0.110641
v -0.110641 0.062934 -0.362425
v 0.110641 0.062934 -0.362425
v 0.110641 0.093082 -0.362425
v -0.110641 0.093082 -0.362425
v 0.110641 0.062934 0.362425
v -0.110641 0.062934 0.362425
v -0.110641 0.093082 0.362425
v 0.110641 0.093082 0.362425
v 0.000000 0.150184 -0.326193
v 0.063637 0.150184 -0.319925
v 0.124829 0.150184 -0.301363
v 0.181223 0.150184 -0.271219
v 0.230653 0.150184 -0.230653
v 0.271219 0.150184 -0.181223
v 0.301363 0.150184 -0.124828
v 0.319925 0.150184 -0.063637
v 0.326193 0.150184 -0.000000
v 0.319925 0.150184 0.063637
v 0.301363 0.150184 0.124828
v 0.271219 0.150184 0.181223
v 0.230653 0.150184 0.230653
v 0.181223 0.150184 0.271219
v 0.124829 0.150184 0.301363
v 0.063637 0.150184 0.319925
v 0.000000 0.150184 0.326193
v -0.063637 0.150184 0.319925
v -0.124828 0.150184 0.301363
v -0.181223 0.150184 0.271219
v -0.230653 0.150184 0.230653
v -0.271219 0.150184 0.181223
v -0.301363 0.150184 0.124828
v -0.319925 0.150184 0.063637
v -0.326193 0.150184 -0.000000
v -0.319925 0.150184 -0.063637
v -0.301363 0.150184 -0.124828
v -0.271219 0.150184 -0.181223
v -0.230653 0.150184 -0.230653
v -0.181223 0.150184 -0.271219
v -0.124828 0.150184 -0.301363
v -0.063637 0.150184 -0.319925
v 0.000000 0.175520 -0.308754
v 0.063637 0.157997 -0.319925
v 0.124829 0.157997 -0.301363
v 0.181223 0.157997 -0.271219
v 0.230653 0.157997 -0.230653
v 0.271219 0.157997 -0.181223
v 0.301363 0.157997 -0.124828
v 0.319925 0.157997 -0.063637
v 0.326193 0.157997 -0.000000
v 0.319925 0.157997 0.063637
v 0.301363 0.157997 0.124828
v 0.271219 0.157997 0.181223
v 0.230653 0.157997 0.230653
v 0.181223 0.157997 0.271219
v 0.124829 0.157997 0.301363
v 0.063637 0.157997 0.319925
v 0.000000 0.157997 0.326193
v -0.063637 0.157997 0.319925
v -0.124828 0.157997 0.301363
v -0.181223 0.157997 0.271219
v -0.230653 0.157997 0.230653
v -0.271219 0.157997 0.181223
v -0.301363 0.157997 0.124828
v -0.319925 0.157997 0.063637
v -0.326193 0.157997 -0.000000
v -0.319925 0.157997 -0.063637
v -0.301363 0.157997 -0.124828
v -0.271219 0.157997 -0.181223
v -0.230653 0.157997 -0.230653
v -0.181223 0.157997 -0.271219
v -0.124828 0.157997 -0.301363
v -0.063637 0.157997 -0.319925
v 0.000000 0.199889 -0.284098
v 0.055425 0.199889 -0.278639
v 0.108720 0.199889 -0.262472
v 0.157836 0.199889 -0.236219
v 0.200888 0.199889 -0.200888
v 0.236219 0.199889 -0.157836
v 0.262472 0.199889 -0.108720
v 0.278639 0.199889 -0.055425
v 0.284098 0.199889 -0.000000
v 0.278639 0.199889 0.055425
v 0.262472 0.199889 0.108720
v 0.236219 0.199889 0.157836
v 0.200888 0.199889 0.200888
v 0.157836 0.199889 0.236219
v 0.108720 0.199889 0.262472
v 0.055425 0.199889 0.278639
v 0.000000 0.199889 0.284098
v -0.055425 0.199889 0.278639
v -0.108720 0.199889 0.262472
v -0.157836 0.199889 0.236219
v -0.200888 0.199889 0.200888
v -0.236219 0.199889 0.157836
v -0.262472 0.199889 0.108720
v -0.278639 0.199889 0.055425
v -0.284098 0.199889 -0.000000
v -0.278639 0.199889 -0.055425
v -0.262472 0.199889 -0.108720
v -0.236219 0.199889 -0.157836
v -0.200888 0.199889 -0.200888
v -0.157836 0.199889 -0.236219
v -0.108720 0.199889 -0.262472
v -0.055425 0.199889 -0.278639
v 0.000000 0.162420 -0.171856
v 0.033527 0.162420 -0.168553
v 0.065766 0.162420 -0.158774
v 0.095478 0.162420 -0.142893
v 0.121520 0.162420 -0.121520
v 0.142893 0.162420 -0.095478
v 0.158774 0.162420 -0.065766
v 0.168553 0.162420 -0.033527
v 0.171856 0.162420 -0.000000
v 0.168553 0.162420 0.033527
v 0.158774 0.162420 0.065766
v 0.142893 0.162420 0.095478
v 0.121520 0.162420 0.121520
v 0.095478 0.162420 0.142893
v 0.065766 0.162420 0.158774
v 0.033527 0.162420 0.168553
v 0.000000 0.162420 0.171856
v -0.033527 0.162420 0.168553
v -0.065766 0.162420 0.158774
v -0.095478 0.162420 0.142893
v -0.121520 0.162420 0.121520
v -0.142893 0.162420 0.095478
v -0.158774 0.162420 0.065766
v -0.168553 0.162420 0.033527
v -0.171855 0.162420 0.000000
v -0.168553 0.162420 -0.033527
v -0.158774 0.162420 -0.065766
v -0.142893 0.162420 -0.095478
v -0.121520 0.162420 -0.121520
v -0.095478 0.162420 -0.142893
v -0.065766 0.162420 -0.158774
v -0.033527 0.162420 -0.168553
v 0.000000 0.162420 -0.182509
v 0.035606 0.162420 -0.179002
v 0.069843 0.162420 -0.168617
v 0.101397 0.162420 -0.151751
v 0.129054 0.162420 -0.129054
v 0.151751 0.162420 -0.101397
v 0.168617 0.162420 -0.069843
v 0.179002 0.162420 -0.035606
v 0.182509 0.162420 -0.000000
v 0.179002 0.162420 0.035606
v 0.168617 0.162420 0.069843
v 0.151751 0.162420 0.101397
v 0.129054 0.162420 0.129054
v 0.101397 0.162420 0.151751
v 0.069843 0.162420 0.168617
v 0.035606 0.162420 0.179002
v 0.000000 0.162420 0.182509
v -0.035606 0.162420 0.179002
v -0.069843 0.162420 0.168617
v -0.101397 0.162420 0.151751
v -0.129054 0.162420 0.129054
v -0.151751 0.162420 0.101397
v -0.168617 0.162420 0.069843
v -0.179002 0.162420 0.035606
v -0.182509 0.162420 -0.000000
v -0.179002 0.162420 -0.035606
v -0.168617 0.162420 -0.069843
v -0.151751 0.162420 -0.101397
v -0.129054 0.162420 -0.129054
v -0.101397 0.162420 -0.151751
v -0.069843 0.162420 -0.168617
v -0.035606 0.162420 -0.179002
v -0.000000 0.172671 -0.122291
v 0.023858 0.172671 -0.119942
v 0.046799 0.172671 -0.112983
v 0.067941 0.172671 -0.101682
v 0.086473 0.172671 -0.086473
v 0.101682 0.172671 -0.067941
v 0.112983 0.172671 -0.046799
v 0.119942 0.172671 -0.023858
v 0.122291 0.172671 -0.000000
v 0.119942 0.172671 0.023858
v 0.112983 0.172671 0.046799
v 0.101682 0.172671 0.067941
v 0.086473 0.172671 0.086473
v 0.067941 0.172671 0.101682
v 0.046799 0.172671 0.112983
v 0.023858 0.172671 0.119942
v -0.000000 0.172671 0.122291
v -0.023858 0.172671 0.119942
v -0.046799 0.172671 0.112983
v -0.067942 0.172671 0.101682
v -0.086473 0.172671 0.086473
v -0.101682 0.172671 0.067941
v -0.112983 0.172671 0.046799
v -0.119942 0.172671 0.023858
v -0.122292 0.172671 0.000000
v -0.119942 0.172671 -0.023858
v -0.112983 0.172671 -0.046799
v -0.101682 0.172671 -0.067941
v -0.086473 0.172671 -0.086473
v -0.067942 0.172671 -0.101682
v -0.046799 0.172671 -0.112983
v -0.023858 0.172671 -0.119942
v -0.000000 1.841251 -0.122291
v 0.023858 1.841251 -0.119942
v 0.046799 1.841251 -0.112983
v 0.067941 1.841251 -0.101682
v 0.086473 1.841251 -0.086473
v 0.101681 1.841251 -0.067941
v 0.112982 1.841251 -0.046799
v 0.119942 1.841251 -0.023858
v 0.122291 1.841251 -0.000000
v 0.119942 1.841251 0.023858
v 0.112982 1.841251 0.046799
v 0.101681 1.841251 0.067941
v 0.086473 1.841251 0.086473
v 0.067941 1.841251 0.101682
v 0.046799 1.841251 0.112983
v 0.023858 1.841251 0.119942
v -0.000000 1.841251 0.122291
v -0.023858 1.841251 0.119942
v -0.046799 1.841251 0.112983
v -0.067942 1.841251 0.101682
v -0.086473 1.841251 0.086473
v -0.101682 1.841251 0.067941
v -0.112983 1.841251 0.046799
v -0.119942 1.841251 0.023858
v -0.122292 1.841251 0.000000
v -0.119942 1.841251 -0.023858
v -0.112983 1.841251 -0.046799
v -0.101682 1.841251 -0.067941
v -0.086473 1.841251 -0.086473
v -0.067942 1.841251 -0.101682
v -0.046799 1.841251 -0.112983
v -0.023858 1.841251 -0.119942
v -0.000000 1.857863 -0.191008
v 0.037264 1.857863 -0.187338
v 0.073095 1.857863 -0.176469
v 0.106118 1.857863 -0.158817
v 0.135063 1.857863 -0.135063
v 0.158817 1.857863 -0.106118
v 0.176468 1.857863 -0.073096
v 0.187338 1.857863 -0.037264
v 0.191008 1.857863 -0.000000
v 0.187338 1.857863 0.037264
v 0.176468 1.857863 0.073096
v 0.158817 1.857863 0.106118
v 0.135063 1.857863 0.135063
v 0.106118 1.857863 0.158817
v 0.073095 1.857863 0.176469
v 0.037264 1.857863 0.187338
v -0.000000 1.857863 0.191008
v -0.037264 1.857863 0.187338
v -0.073096 1.857863 0.176469
v -0.106119 1.857863 0.158817
v -0.135063 1.857863 0.135063
v -0.158818 1.857863 0.106118
v -0.176469 1.857863 0.073096
v -0.187338 1.857863 0.037264
v -0.191008 1.857863 0.000000
v -0.187338 1.857863 -0.037264
v -0.176469 1.857863 -0.073096
v -0.158818 1.857863 -0.106118
v -0.135063 1.857863 -0.135063
v -0.106119 1.857863 -0.158817
v -0.073096 1.857863 -0.176469
v -0.037264 1.857863 -0.187338
v -0.000000 1.832242 -0.191008
v 0.037264 1.832242 -0.187338
v 0.073095 1.832242 -0.176469
v 0.106118 1.832242 -0.158817
v 0.135063 1.832242 -0.135063
v 0.158817 1.832242 -0.106118
v 0.176468 1.832242 -0.073096
v 0.187338 1.832242 -0.037264
v 0.191008 1.832242 -0.000000
v 0.187338 1.832242 0.037264
v 0.176468 1.832242 0.073096
v 0.158817 1.832242 0.106118
v 0.135063 1.832242 0.135063
v 0.106118 1.832242 0.158817
v 0.073095 1.832242 0.176469
v 0.037264 1.832242 0.187338
v -0.000000 1.832242 0.191008
v -0.037264 1.832242 0.187338
v -0.073096 1.832242 0.176469
v -0.106119 1.832242 0.158817
v -0.135063 1.832242 0.135063
v -0.158818 1.832242 0.106118
v -0.176469 1.832242 0.073096
v -0.187338 1.832242 0.037264
v -0.191008 1.832242 0.000000
v -0.187338 1.832242 -0.037264
v -0.176469 1.832242 -0.073096
v -0.158818 1.832242 -0.106118
v -0.135063 1.832242 -0.135063
v -0.106119 1.832242 -0.158817
v -0.073096 1.832242 -0.176469
v -0.037264 1.832242 -0.187338
v -0.000000 1.814455 -0.216784
v 0.042292 1.814455 -0.212619
v 0.082959 1.814455 -0.200282
v 0.120439 1.814455 -0.180249
v 0.153289 1.814455 -0.153289
v 0.180249 1.814455 -0.120439
v 0.200282 1.814455 -0.082960
v 0.212618 1.814455 -0.042292
v 0.216784 1.814455 -0.000000
v 0.212618 1.814455 0.042292
v 0.200282 1.814455 0.082960
v 0.180249 1.814455 0.120439
v 0.153289 1.814455 0.153289
v 0.120439 1.814455 0.180249
v 0.082959 1.814455 0.200282
v 0.042292 1.814455 0.212619
v -0.000000 1.814455 0.216784
v -0.042293 1.814455 0.212619
v -0.082960 1.814455 0.200282
v -0.120439 1.814455 0.180249
v -0.153290 1.814455 0.153289
v -0.180250 1.814455 0.120439
v -0.200283 1.814455 0.082960
v -0.212619 1.814455 0.042292
v -0.216784 1.814455 0.000000
v -0.212619 1.814455 -0.042292
v -0.200283 1.814455 -0.082960
v -0.180250 1.814455 -0.120439
v -0.153290 1.814455 -0.153289
v -0.120439 1.814455 -0.180249
v -0.082960 1.814455 -0.200282
v -0.042293 1.814455 -0.212619
v -0.000000 1.836043 -0.241117
v 0.047039 1.836043 -0.236484
v 0.092271 1.836043 -0.222763
v 0.133957 1.836043 -0.200482
v 0.170495 1.836043 -0.170496
v 0.200481 1.836043 -0.133957
v 0.222763 1.836043 -0.092272
v 0.236484 1.836043 -0.047040
v 0.241117 1.836043 -0.000000
v 0.236484 1.836043 0.047040
v 0.222763 1.836043 0.092272
v 0.200481 1.836043 0.133957
v 0.170495 1.836043 0.170496
v 0.133957 1.836043 0.200481
v 0.092271 1.836043 0.222763
v 0.047039 1.836043 0.236484
v -0.000000 1.836043 0.241117
v -0.047040 1.836043 0.236484
v -0.092272 1.836043 0.222763
v -0.133958 1.836043 0.200481
v -0.170496 1.836043 0.170496
v -0.200482 1.836043 0.133957
v -0.222763 1.836043 0.092272
v -0.236484 1.836043 0.047040
v -0.241117 1.836043 0.000000
v -0.236484 1.836043 -0.047040
v -0.222763 1.836043 -0.092272
v -0.200482 1.836043 -0.133957
v -0.170496 1.836043 -0.170496
v -0.133958 1.836043 -0.200482
v -0.092272 1.836043 -0.222763
v -0.047040 1.836043 -0.236484
v -0.000000 1.942107 -0.219131
v 0.042750 1.942107 -0.214920
v 0.083857 1.942107 -0.202450
v 0.121742 1.942107 -0.182201
v 0.154949 1.942107 -0.154949
v 0.182200 1.942107 -0.121742
v 0.202450 1.942107 -0.083858
v 0.214920 1.942107 -0.042750
v 0.219130 1.942107 -0.000000
v 0.214920 1.942107 0.042750
v 0.202450 1.942107 0.083858
v 0.182200 1.942107 0.121742
v 0.154949 1.942107 0.154949
v 0.121742 1.942107 0.182200
v 0.083857 1.942107 0.202450
v 0.042750 1.942107 0.214920
v -0.000000 1.942107 0.219131
v -0.042751 1.942107 0.214920
v -0.083858 1.942107 0.202450
v -0.121743 1.942107 0.182200
v -0.154949 1.942107 0.154949
v -0.182201 1.942107 0.121742
v -0.202451 1.942107 0.083858
v -0.214920 1.942107 0.042750
v -0.219131 1.942107 0.000000
v -0.214920 1.942107 -0.042750
v -0.202451 1.942107 -0.083858
v -0.182201 1.942107 -0.121742
v -0.154949 1.942107 -0.154949
v -0.121743 1.942107 -0.182201
v -0.083858 1.942107 -0.202450
v -0.042751 1.942107 -0.214920
v -0.000000 1.947387 -0.208403
v 0.040657 1.947387 -0.204399
v 0.079752 1.947387 -0.192539
v 0.115782 1.947387 -0.173281
v 0.147363 1.947387 -0.147363
v 0.173281 1.947387 -0.115783
v 0.192539 1.947387 -0.079752
v 0.204399 1.947387 -0.040657
v 0.208403 1.947387 -0.000000
v 0.204399 1.947387 0.040657
v 0.192539 1.947387 0.079752
v 0.173281 1.947387 0.115783
v 0.147363 1.947387 0.147363
v 0.115782 1.947387 0.173281
v 0.079752 1.947387 0.192539
v 0.040657 1.947387 0.204399
v -0.000000 1.947387 0.208403
v -0.040658 1.947387 0.204399
v -0.079753 1.947387 0.192539
v -0.115783 1.947387 0.173281
v -0.147364 1.947387 0.147363
v -0.173281 1.947387 0.115783
v -0.192540 1.947387 0.079752
v -0.204399 1.947387 0.040657
v -0.208403 1.947387 0.000000
v -0.204399 1.947387 -0.040657
v -0.192540 1.947387 -0.079752
v -0.173281 1.947387 -0.115783
v -0.147364 1.947387 -0.147363
v -0.115783 1.947387 -0.173281
v -0.079753 1.947387 -0.192539
v -0.040658 1.947387 -0.204399
v 0.000000 0.242009 -0.250235
v 0.000000 0.194922 -0.216372
v 0.042212 0.194922 -0.212215
v 0.048818 0.242009 -0.245427
v 0.082802 0.194922 -0.199902
v 0.067573 0.248283 -0.239738
v 0.120210 0.194922 -0.179907
v 0.139023 0.197406 -0.208063
v 0.152998 0.194922 -0.152998
v 0.176943 0.197406 -0.176943
v 0.179907 0.194922 -0.120210
v 0.208063 0.197406 -0.139023
v 0.199902 0.194922 -0.082802
v 0.239738 0.248283 -0.067573
v 0.215139 0.375289 -0.012522
v 0.245427 0.242009 -0.048818
v 0.216372 0.375289 -0.000000
v 0.250235 0.242009 -0.000000
v 0.215139 0.375289 0.012522
v 0.245427 0.242009 0.048818
v 0.199902 0.194922 0.082802
v 0.239738 0.248283 0.067573
v 0.179907 0.194922 0.120210
v 0.208063 0.197406 0.139023
v 0.152998 0.194922 0.152998
v 0.176943 0.197406 0.176943
v 0.120210 0.194922 0.179907
v 0.139023 0.197406 0.208063
v 0.082802 0.194922 0.199902
v 0.067573 0.248283 0.239738
v 0.042212 0.194922 0.212215
v 0.048818 0.242009 0.245427
v 0.000000 0.194922 0.216372
v 0.000000 0.242009 0.250235
v -0.042212 0.194922 0.212215
v -0.048818 0.242009 0.245427
v -0.082802 0.194922 0.199902
v -0.067573 0.248283 0.239738
v -0.120210 0.194922 0.179907
v -0.139023 0.197406 0.208063
v -0.152998 0.194922 0.152998
v -0.176943 0.197406 0.176943
v -0.179907 0.194922 0.120210
v -0.208063 0.197406 0.139023
v -0.199902 0.194922 0.082802
v -0.239738 0.248283 0.067573
v -0.215139 0.375289 0.012522
v -0.245427 0.242009 0.048818
v -0.216372 0.375289 -0.000000
v -0.250235 0.242009 -0.000000
v -0.215139 0.375289 -0.012522
v -0.245427 0.242009 -0.048818
v -0.199902 0.194922 -0.082802
v -0.239738 0.248283 -0.067573
v -0.179907 0.194922 -0.120210
v -0.208063 0.197406 -0.139023
v -0.152998 0.194922 -0.152998
v -0.176943 0.197406 -0.176943
v -0.120210 0.194922 -0.179907
v -0.139023 0.197406 -0.208063
v -0.082802 0.194922 -0.199902
v -0.067573 0.248283 -0.239738
v -0.042212 0.194922 -0.212215
v -0.048818 0.242009 -0.245427
v 0.000000 1.859739 -0.216372
v 0.042212 1.859739 -0.212215
v 0.082802 1.859739 -0.199902
v 0.199902 1.859739 -0.082802
v 0.215139 1.680516 -0.012522
v 0.216372 1.680516 -0.000000
v 0.215139 1.680516 0.012522
v 0.199902 1.859739 0.082802
v 0.082802 1.859739 0.199902
v 0.042212 1.859739 0.212215
v -0.000000 1.859739 0.216372
v -0.042212 1.859739 0.212215
v -0.082802 1.859739 0.199902
v -0.199902 1.859739 0.082802
v -0.215139 1.680516 0.012522
v -0.216372 1.680516 -0.000000
v -0.215139 1.680516 -0.012522
v -0.199902 1.859739 -0.082802
v -0.082802 1.859739 -0.199902
v -0.042212 1.859739 -0.212215
v 0.000000 1.931599 -0.238331
v 0.000000 1.821834 -0.250235
v 0.048818 1.821834 -0.245427
v 0.046496 1.931599 -0.233752
v 0.067573 1.815560 -0.239738
v 0.091205 1.931599 -0.220189
v 0.220189 1.931599 -0.091205
v 0.239738 1.815560 -0.067573
v 0.245427 1.821834 -0.048818
v 0.233752 1.931599 -0.046496
v 0.250235 1.821834 -0.000000
v 0.238331 1.931599 -0.000000
v 0.245427 1.821834 0.048818
v 0.233752 1.931599 0.046496
v 0.239738 1.815560 0.067573
v 0.220189 1.931599 0.091205
v 0.091205 1.931599 0.220189
v 0.067573 1.815560 0.239738
v 0.048818 1.821834 0.245427
v 0.046496 1.931599 0.233752
v -0.000000 1.821834 0.250235
v -0.000000 1.931599 0.238331
v -0.048818 1.821834 0.245427
v -0.046496 1.931599 0.233752
v -0.067573 1.815560 0.239738
v -0.091205 1.931599 0.220189
v -0.220189 1.931599 0.091205
v -0.239738 1.815560 0.067573
v -0.245427 1.821834 0.048818
v -0.233752 1.931599 0.046496
v -0.250235 1.821834 -0.000000
v -0.238331 1.931599 -0.000000
v -0.245427 1.821834 -0.048818
v -0.233752 1.931599 -0.046496
v -0.239738 1.815560 -0.067573
v -0.220189 1.931599 -0.091205
v -0.091205 1.931599 -0.220189
v -0.067573 1.815560 -0.239738
v -0.048818 1.821834 -0.245427
v -0.046496 1.931599 -0.233752
v 0.000000 0.197406 -0.250235
v -0.048818 0.197406 -0.245427
v -0.081266 0.248063 -0.235584
v -0.235584 0.248063 -0.081266
v -0.245427 0.197406 -0.048818
v -0.250235 0.197406 -0.000000
v -0.245427 0.197406 0.048818
v -0.235584 0.248063 0.081266
v -0.081266 0.248063 0.235584
v -0.048818 0.197406 0.245427
v 0.000000 0.197406 0.250235
v 0.048818 0.197406 0.245427
v 0.081266 0.248063 0.235584
v 0.235584 0.248063 0.081266
v 0.245427 0.197406 0.048818
v 0.250235 0.197406 -0.000000
v 0.245427 0.197406 -0.048818
v 0.235584 0.248063 -0.081266
v 0.081266 0.248063 -0.235584
v 0.048818 0.197406 -0.245427
v 0.000000 1.920593 -0.250235
v -0.048818 1.920593 -0.245427
v -0.081266 1.815780 -0.235584
v -0.235584 1.815780 -0.081266
v -0.245427 1.920593 -0.048818
v -0.250235 1.920593 -0.000000
v -0.245427 1.920593 0.048818
v -0.235584 1.815780 0.081266
v -0.081266 1.815780 0.235584
v -0.048818 1.920593 0.245427
v -0.000000 1.920593 0.250235
v 0.048818 1.920593 0.245427
v 0.081266 1.815780 0.235584
v 0.235584 1.815780 0.081266
v 0.245427 1.920593 0.048818
v 0.250235 1.920593 -0.000000
v 0.245427 1.920593 -0.048818
v 0.235584 1.815780 -0.081266
v 0.081266 1.815780 -0.235584
v 0.048818 1.920593 -0.245427
v 0.017378 1.649693 -0.239555
v 0.017378 0.413577 -0.239555
v 0.000000 0.413577 -0.241267
v 0.000000 1.821834 -0.241267
v -0.017378 0.413577 -0.239555
v -0.017378 1.649693 -0.239555
v 0.239555 1.649693 -0.017378
v 0.239555 0.413577 -0.017378
v 0.241267 1.649693 -0.000000
v 0.241267 0.242009 -0.000000
v 0.239555 1.649693 0.017378
v 0.239555 0.413577 0.017378
v 0.017378 1.649693 0.239555
v 0.017378 0.413577 0.239555
v -0.000000 1.821834 0.241267
v 0.000000 0.242009 0.241267
v -0.017378 1.649693 0.239555
v -0.017378 0.413577 0.239555
v -0.239555 1.649693 0.017378
v -0.239555 0.413577 0.017378
v -0.241267 1.821834 -0.000000
v -0.241267 0.242009 -0.000000
v -0.239555 1.649693 -0.017378
v -0.239555 0.413577 -0.017378
v -0.050475 0.242009 -0.235553
v -0.235553 0.242009 -0.050475
v -0.235553 0.242009 0.050475
v -0.050475 0.242009 0.235553
v 0.050475 0.242009 0.235553
v 0.235553 0.242009 0.050475
v 0.235553 0.242009 -0.050475
v 0.050475 0.242009 -0.235553
v -0.050475 1.821834 -0.235553
v -0.235553 1.821834 -0.050475
v -0.235553 1.821834 0.050475
v -0.050475 1.821834 0.235553
v 0.050475 1.821834 0.235553
v 0.235553 1.821834 0.050475
v 0.235553 1.821834 -0.050475
v 0.050475 1.821834 -0.235553
v 0.095761 1.920593 -0.231187
v 0.095761 0.197406 -0.231187
v 0.231187 0.197406 -0.095761
v 0.231187 1.920593 -0.095761
v 0.231187 1.920593 0.095761
v 0.231187 0.197406 0.095761
v 0.095761 1.920593 0.231187
v 0.095761 0.197406 0.231187
v -0.095761 1.920593 0.231187
v -0.095761 0.197406 0.231187
v -0.231187 1.920593 0.095761
v -0.231187 0.197406 0.095761
v -0.231187 1.920593 -0.095761
v -0.231187 0.197406 -0.095761
v -0.095761 1.920593 -0.231187
v -0.095761 0.197406 -0.231187
v 0.053078 1.821834 -0.244135
v 0.053078 0.242009 -0.244135
v 0.244135 0.242009 -0.053078
v 0.244135 1.821834 -0.053078
v 0.244135 1.821834 0.053078
v 0.244135 0.242009 0.053078
v 0.053078 1.821834 0.244135
v 0.053078 0.242009 0.244135
v -0.053078 1.821834 0.244135
v -0.053078 0.242009 0.244135
v -0.244135 1.821834 0.053078
v -0.244135 0.242009 0.053078
v -0.244135 1.821834 -0.053078
v -0.244135 0.242009 -0.053078
v -0.053078 1.821834 -0.244135
v -0.053078 0.242009 -0.244135
v 0.080107 1.815780 -0.231764
v 0.080107 0.248063 -0.231764
v 0.231764 0.248063 -0.080107
v 0.231764 1.815780 -0.080107
v 0.231764 1.815780 0.080107
v 0.231764 0.248063 0.080107
v 0.080107 1.815780 0.231764
v 0.080107 0.248063 0.231764
v -0.080107 1.815780 0.231764
v -0.080107 0.248063 0.231764
v -0.231764 1.815780 0.080107
v -0.231764 0.248063 0.080107
v -0.231764 1.815780 -0.080107
v -0.231764 0.248063 -0.080107
v -0.080107 1.815780 -0.231764
v -0.080107 0.248063 -0.231764
v 0.066414 1.815560 -0.235917
v 0.066414 0.248283 -0.235917
v 0.235917 0.248283 -0.066414
v 0.235917 1.815560 -0.066414
v 0.235917 1.815560 0.066414
v 0.235917 0.248283 0.066414
v 0.066414 1.815560 0.235917
v 0.066414 0.248283 0.235917
v -0.066414 1.815560 0.235917
v -0.066414 0.248283 0.235917
v -0.235917 1.815560 0.066414
v -0.235917 0.248283 0.066414
v -0.235917 1.815560 -0.066414
v -0.235917 0.248283 -0.066414
v -0.066414 1.815560 -0.235917
v -0.066414 0.248283 -0.235917
v 0.060235 0.175520 -0.302821
v 0.000000 0.157997 -0.326193
v 0.000000 0.182366 -0.301536
v 0.058827 0.182366 -0.295742
v 0.118155 0.175520 -0.285252
v 0.115393 0.182366 -0.278583
v 0.171535 0.175520 -0.256720
v 0.167525 0.182366 -0.250718
v 0.218322 0.175520 -0.218322
v 0.213218 0.182366 -0.213218
v 0.256720 0.175520 -0.171535
v 0.250718 0.182366 -0.167525
v 0.285252 0.175520 -0.118155
v 0.278583 0.182366 -0.115393
v 0.302821 0.175520 -0.060235
v 0.295742 0.182366 -0.058827
v 0.308754 0.175520 -0.000000
v 0.301536 0.182366 -0.000000
v 0.302821 0.175520 0.060235
v 0.295742 0.182366 0.058827
v 0.285252 0.175520 0.118155
v 0.278583 0.182366 0.115393
v 0.256720 0.175520 0.171535
v 0.250718 0.182366 0.167525
v 0.218322 0.175520 0.218322
v 0.213218 0.182366 0.213218
v 0.171535 0.175520 0.256720
v 0.167525 0.182366 0.250718
v 0.118155 0.175520 0.285252
v 0.115393 0.182366 0.278583
v 0.060235 0.175520 0.302821
v 0.058827 0.182366 0.295742
v 0.000000 0.175520 0.308754
v 0.000000 0.182366 0.301536
v -0.060235 0.175520 0.302821
v -0.058827 0.182366 0.295742
v -0.118155 0.175520 0.285252
v -0.115393 0.182366 0.278583
v -0.171535 0.175520 0.256720
v -0.167525 0.182366 0.250718
v -0.218322 0.175520 0.218322
v -0.213218 0.182366 0.213218
v -0.256720 0.175520 0.171535
v -0.250718 0.182366 0.167525
v -0.285252 0.175520 0.118155
v -0.278583 0.182366 0.115393
v -0.302821 0.175520 0.060235
v -0.295742 0.182366 0.058827
v -0.308754 0.175520 -0.000000
v -0.301536 0.182366 -0.000000
v -0.302821 0.175520 -0.060235
v -0.295742 0.182366 -0.058827
v -0.285252 0.175520 -0.118155
v -0.278583 0.182366 -0.115393
v -0.256720 0.175520 -0.171535
v -0.250718 0.182366 -0.167525
v -0.218322 0.175520 -0.218322
v -0.213218 0.182366 -0.213218
v -0.171535 0.175520 -0.256720
v -0.167525 0.182366 -0.250718
v -0.118155 0.175520 -0.285252
v -0.115393 0.182366 -0.278583
v -0.060235 0.175520 -0.302821
v -0.058827 0.182366 -0.295742
v -0.000000 1.930729 -0.241117
v 0.047039 1.930729 -0.236484
v 0.092271 1.930729 -0.222763
v 0.133957 1.930729 -0.200482
v 0.170495 1.930729 -0.170496
v 0.200481 1.930729 -0.133957
v 0.222763 1.930729 -0.092272
v 0.236484 1.930729 -0.047040
v 0.241117 1.930729 -0.000000
v 0.236484 1.930729 0.047040
v 0.222763 1.930729 0.092272
v 0.200481 1.930729 0.133957
v 0.170495 1.930729 0.170496
v 0.133957 1.930729 0.200481
v 0.092271 1.930729 0.222763
v 0.047039 1.930729 0.236484
v -0.000000 1.930729 0.241117
v -0.047040 1.930729 0.236484
v -0.092272 1.930729 0.222763
v -0.133958 1.930729 0.200481
v -0.170496 1.930729 0.170496
v -0.200482 1.930729 0.133957
v -0.222763 1.930729 0.092272
v -0.236484 1.930729 0.047040
v -0.241117 1.930729 0.000000
v -0.236484 1.930729 -0.047040
v -0.222763 1.930729 -0.092272
v -0.200482 1.930729 -0.133957
v -0.170496 1.930729 -0.170496
v -0.133958 1.930729 -0.200482
v -0.092272 1.930729 -0.222763
v -0.047040 1.930729 -0.236484
v -0.000000 1.958765 -0.163151
v 0.031829 1.958765 -0.160016
v 0.062435 1.958765 -0.150732
v 0.090642 1.958765 -0.135655
v 0.115365 1.958765 -0.115365
v 0.135655 1.958765 -0.090642
v 0.150732 1.958765 -0.062435
v 0.160016 1.958765 -0.031829
v 0.163151 1.958765 -0.000000
v 0.160016 1.958765 0.031829
v 0.150732 1.958765 0.062435
v 0.135655 1.958765 0.090642
v 0.115365 1.958765 0.115365
v 0.090642 1.958765 0.135655
v 0.062435 1.958765 0.150732
v 0.031829 1.958765 0.160016
v -0.000000 1.958765 0.163151
v -0.031829 1.958765 0.160016
v -0.062435 1.958765 0.150732
v -0.090642 1.958765 0.135655
v -0.115365 1.958765 0.115365
v -0.135655 1.958765 0.090642
v -0.150732 1.958765 0.062435
v -0.160016 1.958765 0.031829
v -0.163151 1.958765 0.000000
v -0.160016 1.958765 -0.031829
v -0.150732 1.958765 -0.062435
v -0.135655 1.958765 -0.090642
v -0.115365 1.958765 -0.115365
v -0.090642 1.958765 -0.135655
v -0.062435 1.958765 -0.150732
v -0.031829 1.958765 -0.160016
v 0.058285 0.179439 -0.293019
v 0.059693 0.172592 -0.300098
v 0.000000 0.172592 -0.305977
v 0.000000 0.179439 -0.298759
v 0.114330 0.179439 -0.276018
v 0.117092 0.172592 -0.282686
v 0.165982 0.179439 -0.248409
v 0.169992 0.172592 -0.254411
v 0.211255 0.179439 -0.211255
v 0.216359 0.172592 -0.216359
v 0.248409 0.179439 -0.165982
v 0.254411 0.172592 -0.169992
v 0.276018 0.179439 -0.114330
v 0.282686 0.172592 -0.117092
v 0.293019 0.179439 -0.058285
v 0.300098 0.172592 -0.059693
v 0.298759 0.179439 -0.000000
v 0.305977 0.172592 -0.000000
v 0.293019 0.179439 0.058285
v 0.300098 0.172592 0.059693
v 0.276018 0.179439 0.114330
v 0.282686 0.172592 0.117092
v 0.248409 0.179439 0.165982
v 0.254411 0.172592 0.169992
v 0.211255 0.179439 0.211255
v 0.216359 0.172592 0.216359
v 0.165982 0.179439 0.248409
v 0.169992 0.172592 0.254411
v 0.114330 0.179439 0.276018
v 0.117092 0.172592 0.282686
v 0.058285 0.179439 0.293019
v 0.059693 0.172592 0.300098
v 0.000000 0.179439 0.298759
v 0.000000 0.172592 0.305977
v -0.058285 0.179439 0.293019
v -0.059693 0.172592 0.300098
v -0.114330 0.179439 0.276018
v -0.117092 0.172592 0.282686
v -0.165982 0.179439 0.248409
v -0.169992 0.172592 0.254411
v -0.211255 0.179439 0.211255
v -0.216359 0.172592 0.216359
v -0.248409 0.179439 0.165982
v -0.254411 0.172592 0.169992
v -0.276018 0.179439 0.114330
v -0.282686 0.172592 0.117092
v -0.293019 0.179439 0.058285
v -0.300098 0.172592 0.059693
v -0.298759 0.179439 -0.000000
v -0.305977 0.172592 -0.000000
v -0.293019 0.179439 -0.058285
v -0.300098 0.172592 -0.059693
v -0.276018 0.179439 -0.114330
v -0.282686 0.172592 -0.117092
v -0.248409 0.179439 -0.165982
v -0.254411 0.172592 -0.169992
v -0.211255 0.179439 -0.211255
v -0.216359 0.172592 -0.216359
v -0.165982 0.179439 -0.248409
v -0.169992 0.172592 -0.254411
v -0.114330 0.179439 -0.276018
v -0.117092 0.172592 -0.282686
v -0.058285 0.179439 -0.293019
v -0.059693 0.172592 -0.300098
v -0.083176 1.938487 0.200804
v -0.079071 1.943766 0.190893
v -0.114793 1.943766 0.171799
v -0.120753 1.938487 0.180719
v 0.180719 1.938487 -0.120753
v 0.171799 1.943766 -0.114793
v 0.190893 1.943766 -0.079071
v 0.200804 1.938487 -0.083176
v -0.146104 1.943766 0.146103
v -0.153689 1.938487 0.153689
v 0.202651 1.943766 -0.040310
v 0.213172 1.938487 -0.042403
v -0.171800 1.943766 0.114793
v -0.180719 1.938487 0.120753
v 0.206621 1.943766 -0.000000
v 0.217349 1.938487 -0.000000
v -0.190894 1.943766 0.079071
v -0.200805 1.938487 0.083176
v 0.202651 1.943766 0.040310
v 0.213172 1.938487 0.042403
v -0.202652 1.943766 0.040310
v -0.213173 1.938487 0.042403
v 0.190893 1.943766 0.079071
v 0.200804 1.938487 0.083176
v -0.206622 1.943766 0.000000
v -0.217349 1.938487 0.000000
v 0.171799 1.943766 0.114793
v 0.180719 1.938487 0.120753
v -0.202652 1.943766 -0.040310
v -0.213173 1.938487 -0.042403
v 0.146103 1.943766 0.146103
v 0.153689 1.938487 0.153689
v -0.190894 1.943766 -0.079071
v -0.200805 1.938487 -0.083176
v 0.114792 1.943766 0.171799
v 0.120752 1.938487 0.180719
v -0.171800 1.943766 -0.114793
v -0.180719 1.938487 -0.120753
v 0.079070 1.943766 0.190893
v 0.083175 1.938487 0.200804
v -0.000000 1.938487 -0.217349
v -0.000000 1.943766 -0.206621
v 0.040309 1.943766 -0.202651
v 0.042402 1.938487 -0.213173
v -0.146104 1.943766 -0.146103
v -0.153689 1.938487 -0.153689
v 0.040309 1.943766 0.202651
v 0.042402 1.938487 0.213173
v 0.079070 1.943766 -0.190893
v 0.083175 1.938487 -0.200804
v -0.114793 1.943766 -0.171799
v -0.120753 1.938487 -0.180719
v -0.000000 1.943766 0.206621
v -0.000000 1.938487 0.217349
v 0.114792 1.943766 -0.171799
v 0.120752 1.938487 -0.180719
v -0.079071 1.943766 -0.190893
v -0.083176 1.938487 -0.200804
v -0.040310 1.943766 0.202651
v -0.042403 1.938487 0.213173
v 0.146103 1.943766 -0.146103
v 0.153689 1.938487 -0.153689
v -0.040310 1.943766 -0.202651
v -0.042403 1.938487 -0.213173
v 0.000000 0.193654 -0.199078
v 0.000000 0.175905 -0.182509
v 0.035606 0.175905 -0.179002
v 0.038838 0.193654 -0.195253
v 0.069843 0.175905 -0.168617
v 0.076184 0.193654 -0.183924
v 0.101397 0.175905 -0.151751
v 0.110602 0.193654 -0.165527
v 0.129054 0.175905 -0.129054
v 0.140770 0.193654 -0.140770
v 0.151751 0.175905 -0.101397
v 0.165527 0.193654 -0.110602
v 0.168617 0.175905 -0.069843
v 0.183924 0.193654 -0.076184
v 0.179002 0.175905 -0.035606
v 0.195253 0.193654 -0.038838
v 0.182509 0.175905 -0.000000
v 0.199078 0.193654 -0.000000
v 0.179002 0.175905 0.035606
v 0.195253 0.193654 0.038838
v 0.168617 0.175905 0.069843
v 0.183924 0.193654 0.076184
v 0.151751 0.175905 0.101397
v 0.165527 0.193654 0.110602
v 0.129054 0.175905 0.129054
v 0.140770 0.193654 0.140770
v 0.101397 0.175905 0.151751
v 0.110602 0.193654 0.165527
v 0.069843 0.175905 0.168617
v 0.076184 0.193654 0.183924
v 0.035606 0.175905 0.179002
v 0.038838 0.193654 0.195253
v 0.000000 0.175905 0.182509
v 0.000000 0.193654 0.199078
v -0.035606 0.175905 0.179002
v -0.038838 0.193654 0.195253
v -0.069843 0.175905 0.168617
v -0.076184 0.193654 0.183924
v -0.101397 0.175905 0.151751
v -0.110602 0.193654 0.165527
v -0.129054 0.175905 0.129054
v -0.140770 0.193654 0.140770
v -0.151751 0.175905 0.101397
v -0.165527 0.193654 0.110602
v -0.168617 0.175905 0.069843
v -0.183924 0.193654 0.076184
v -0.179002 0.175905 0.035606
v -0.195253 0.193654 0.038838
v -0.182509 0.175905 -0.000000
v -0.199078 0.193654 -0.000000
v -0.179002 0.175905 -0.035606
v -0.195253 0.193654 -0.038838
v -0.168617 0.175905 -0.069843
v -0.183924 0.193654 -0.076184
v -0.151751 0.175905 -0.101397
v -0.165527 0.193654 -0.110602
v -0.129054 0.175905 -0.129054
v -0.140770 0.193654 -0.140770
v -0.101397 0.175905 -0.151751
v -0.110602 0.193654 -0.165527
v -0.069843 0.175905 -0.168617
v -0.076184 0.193654 -0.183924
v -0.035606 0.175905 -0.179002
v -0.038838 0.193654 -0.195253
v -0.000000 1.958765 -0.186417
v 0.036368 1.958765 -0.182835
v 0.071338 1.958765 -0.172227
v 0.103567 1.958765 -0.155000
v 0.131816 1.958765 -0.131817
v 0.155000 1.958765 -0.103568
v 0.172226 1.958765 -0.071339
v 0.182835 1.958765 -0.036368
v 0.186417 1.958765 -0.000000
v 0.182835 1.958765 0.036368
v 0.172226 1.958765 0.071339
v 0.155000 1.958765 0.103568
v 0.131816 1.958765 0.131817
v 0.103567 1.958765 0.155000
v 0.071338 1.958765 0.172227
v 0.036368 1.958765 0.182835
v -0.000000 1.958765 0.186417
v -0.036368 1.958765 0.182835
v -0.071339 1.958765 0.172227
v -0.103568 1.958765 0.155000
v -0.131817 1.958765 0.131817
v -0.155000 1.958765 0.103568
v -0.172227 1.958765 0.071339
v -0.182835 1.958765 0.036368
v -0.186417 1.958765 0.000000
v -0.182835 1.958765 -0.036368
v -0.172227 1.958765 -0.071339
v -0.155000 1.958765 -0.103568
v -0.131817 1.958765 -0.131817
v -0.103568 1.958765 -0.155000
v -0.071339 1.958765 -0.172227
v -0.036368 1.958765 -0.182835
v -0.000000 1.946219 -0.157580
v 0.030742 1.946219 -0.154552
v 0.060303 1.946219 -0.145585
v 0.087546 1.946219 -0.131023
v 0.111425 1.946219 -0.111426
v 0.131022 1.946219 -0.087547
v 0.145584 1.946219 -0.060303
v 0.154552 1.946219 -0.030742
v 0.157579 1.946219 -0.000000
v 0.154552 1.946219 0.030742
v 0.145584 1.946219 0.060303
v 0.131022 1.946219 0.087547
v 0.111425 1.946219 0.111426
v 0.087546 1.946219 0.131023
v 0.060303 1.946219 0.145585
v 0.030742 1.946219 0.154552
v -0.000000 1.946219 0.157580
v -0.030743 1.946219 0.154552
v -0.060303 1.946219 0.145585
v -0.087547 1.946219 0.131023
v -0.111426 1.946219 0.111426
v -0.131023 1.946219 0.087547
v -0.145585 1.946219 0.060303
v -0.154552 1.946219 0.030742
v -0.157580 1.946219 0.000000
v -0.154552 1.946219 -0.030742
v -0.145585 1.946219 -0.060303
v -0.131023 1.946219 -0.087547
v -0.111426 1.946219 -0.111426
v -0.087547 1.946219 -0.131023
v -0.060303 1.946219 -0.145585
v -0.030743 1.946219 -0.154552
v -0.000000 1.946219 -0.163151
v 0.031829 1.946219 -0.160016
v 0.062435 1.946219 -0.150732
v 0.090642 1.946219 -0.135655
v 0.115365 1.946219 -0.115365
v 0.135655 1.946219 -0.090642
v 0.150732 1.946219 -0.062435
v 0.160016 1.946219 -0.031829
v 0.163151 1.946219 -0.000000
v 0.160016 1.946219 0.031829
v 0.150732 1.946219 0.062435
v 0.135655 1.946219 0.090642
v 0.115365 1.946219 0.115365
v 0.090642 1.946219 0.135655
v 0.062435 1.946219 0.150732
v 0.031829 1.946219 0.160016
v -0.000000 1.946219 0.163151
v -0.031829 1.946219 0.160016
v -0.062435 1.946219 0.150732
v -0.090642 1.946219 0.135655
v -0.115365 1.946219 0.115365
v -0.135655 1.946219 0.090642
v -0.150732 1.946219 0.062435
v -0.160016 1.946219 0.031829
v -0.163151 1.946219 0.000000
v -0.160016 1.946219 -0.031829
v -0.150732 1.946219 -0.062435
v -0.135655 1.946219 -0.090642
v -0.115365 1.946219 -0.115365
v -0.090642 1.946219 -0.135655
v -0.062435 1.946219 -0.150732
v -0.031829 1.946219 -0.160016
v -0.000000 1.939186 -0.157580
v 0.030742 1.939186 -0.154552
v 0.060303 1.939186 -0.145585
v 0.087546 1.939186 -0.131023
v 0.111425 1.939186 -0.111426
v 0.131022 1.939186 -0.087547
v 0.145584 1.939186 -0.060303
v 0.154552 1.939186 -0.030742
v 0.157579 1.939186 -0.000000
v 0.154552 1.939186 0.030742
v 0.145584 1.939186 0.060303
v 0.131022 1.939186 0.087547
v 0.111425 1.939186 0.111426
v 0.087546 1.939186 0.131023
v 0.060303 1.939186 0.145585
v 0.030742 1.939186 0.154552
v -0.000000 1.939186 0.157580
v -0.030743 1.939186 0.154552
v -0.060303 1.939186 0.145585
v -0.087547 1.939186 0.131023
v -0.111426 1.939186 0.111426
v -0.131023 1.939186 0.087547
v -0.145585 1.939186 0.060303
v -0.154552 1.939186 0.030742
v -0.157580 1.939186 0.000000
v -0.154552 1.939186 -0.030742
v -0.145585 1.939186 -0.060303
v -0.131023 1.939186 -0.087547
v -0.111426 1.939186 -0.111426
v -0.087547 1.939186 -0.131023
v -0.060303 1.939186 -0.145585
v -0.030743 1.939186 -0.154552
v -0.212215 0.194922 -0.042212
v -0.216372 0.194922 -0.000000
v -0.212215 0.194922 0.042212
v 0.212215 0.194922 0.042212
v 0.216372 0.194922 -0.000000
v 0.212215 0.194922 -0.042212
v -0.212215 1.859739 -0.042212
v -0.216372 1.859739 -0.000000
v -0.212215 1.859739 0.042212
v 0.212215 1.859739 0.042212
v 0.216372 1.859739 -0.000000
v 0.212215 1.859739 -0.042212
v 0.047069 1.821834 -0.236631
v 0.047069 0.242009 -0.236631
v -0.047069 0.242009 -0.236631
v -0.047069 1.821834 -0.236631
v 0.236631 1.821834 -0.047069
v 0.236631 0.242009 -0.047069
v 0.236631 1.821834 0.047069
v 0.236631 0.242009 0.047069
v 0.047069 1.821834 0.236631
v 0.047069 0.242009 0.236631
v -0.047069 1.821834 0.236631
v -0.047069 0.242009 0.236631
v -0.236631 1.821834 0.047069
v -0.236631 0.242009 0.047069
v -0.236631 1.821834 -0.047069
v -0.236631 0.242009 -0.047069
v 0.000000 0.242009 -0.241267
v -0.241267 0.413577 -0.000000
v 0.000000 0.413577 0.241267
v 0.241267 0.413577 -0.000000
v 0.000000 1.649693 -0.241267
v -0.241267 1.649693 -0.000000
v -0.000000 1.649693 0.241267
v 0.241267 1.821834 -0.000000
v -0.220282 0.375289 -0.000000
v -0.220282 1.680516 -0.000000
v 0.220282 1.680516 -0.000000
v 0.220282 0.375289 -0.000000
v 0.000000 0.413577 -0.237357
v 0.000000 1.649693 -0.237357
v 0.237357 1.649693 -0.000000
v 0.237357 0.413577 -0.000000
v -0.000000 1.649693 0.237357
v 0.000000 0.413577 0.237357
v -0.237357 1.649693 -0.000000
v -0.237357 0.413577 -0.000000
v -0.219030 0.375289 -0.012905
v -0.219030 0.375289 0.012905
v 0.219030 0.375289 0.012905
v 0.219030 0.375289 -0.012905
v -0.219030 1.680516 -0.012905
v -0.219030 1.680516 0.012905
v 0.219030 1.680516 0.012905
v 0.219030 1.680516 -0.012905
v 0.016995 1.649693 -0.235664
v 0.016995 0.413577 -0.235664
v -0.016995 0.413577 -0.235664
v -0.016995 1.649693 -0.235664
v 0.235664 1.649693 -0.016995
v 0.235664 0.413577 -0.016995
v 0.235664 1.649693 0.016995
v 0.235664 0.413577 0.016995
v 0.016995 1.649693 0.235664
v 0.016995 0.413577 0.235664
v -0.016995 1.649693 0.235664
v -0.016995 0.413577 0.235664
v -0.235664 1.649693 0.016995
v -0.235664 0.413577 0.016995
v -0.235664 1.649693 -0.016995
v -0.235664 0.413577 -0.016995
vn 0.9294 -0.0000 -0.3690
vn -0.0000 -1.0000 -0.0000
vn -0.3690 -0.0000 -0.9294
vn 1.0000 -0.0000 -0.0000
vn 0.3690 -0.0000 0.9294
vn -1.0000 -0.0000 -0.0000
vn 0.9294 -0.0000 0.3690
vn -0.9294 -0.0000 0.3690
vn -0.0000 -0.0000 -1.0000
vn -0.3690 -0.0000 0.9294
vn -0.0000 -0.0000 1.0000
vn -0.7071 -0.0000 0.7071
vn 0.3690 -0.0000 -0.9294
vn -0.0000 1.0000 -0.0000
vn -0.7071 -0.0000 -0.7071
vn 0.7071 -0.0000 0.7071
vn 0.7071 -0.0000 -0.7071
vn -0.9294 -0.0000 -0.3690
vn -0.6381 -0.7293 -0.2469
vn -0.6381 0.7293 0.2469
vn 0.6381 -0.7293 0.2469
vn 0.6381 0.7293 -0.2469
vn -0.6381 -0.7293 0.2469
vn -0.7155 -0.6986 -0.0000
vn -0.6381 0.7293 -0.2469
vn -0.7155 0.6986 -0.0000
vn 0.6381 -0.7293 -0.2469
vn 0.7155 -0.6986 -0.0000
vn 0.6381 0.7293 0.2469
vn 0.7155 0.6986 -0.0000
vn 0.2469 -0.7293 -0.6381
vn -0.2469 0.7293 -0.6381
vn -0.2469 -0.7293 0.6381
vn 0.2469 0.7293 0.6381
vn -0.2469 -0.7293 -0.6381
vn -0.0000 -0.6986 -0.7155
vn 0.2469 0.7293 -0.6381
vn -0.0000 0.6986 -0.7155
vn 0.2469 -0.7293 0.6381
vn -0.0000 -0.6986 0.7155
vn -0.2469 0.7293 0.6381
vn -0.0000 0.6986 0.7155
vn -0.5000 -0.7071 0.5000
vn -0.5000 0.7071 0.5000
vn -0.5000 0.7071 -0.5000
vn -0.5000 -0.7071 -0.5000
vn 0.5000 0.7071 -0.5000
vn 0.5000 -0.7071 -0.5000
vn 0.5000 0.7071 0.5000
vn 0.5000 -0.7071 0.5000
vn -0.6415 -0.7672 -0.0002
vn 0.0002 -0.7672 0.6415
vn -0.6415 0.7672 -0.0002
vn 0.0002 0.7672 0.6415
vn 0.0002 -0.7672 -0.6415
vn 0.0002 0.7672 -0.6415
vn -0.6415 -0.7672 0.0002
vn -0.6415 0.7672 0.0002
vn -0.0002 -0.7672 0.6415
vn -0.0002 0.7672 0.6415
vn 0.6415 -0.7672 -0.0002
vn 0.6415 0.7672 -0.0002
vn 0.6415 -0.7672 0.0002
vn 0.6415 0.7672 0.0002
vn -0.0002 -0.7672 -0.6415
vn -0.0002 0.7672 -0.6415
vn -0.3522 -0.0000 -0.9359
vn -0.3522 -0.0000 0.9359
vn -1.0000 -0.0000 0.0005
vn 0.0005 -0.0000 -1.0000
vn 0.9359 -0.0000 0.3522
vn 0.3522 -0.0000 0.9359
vn 0.0005 -0.0000 1.0000
vn 1.0000 -0.0000 -0.0005
vn -1.0000 -0.0000 -0.0005
vn -0.0005 -0.0000 1.0000
vn -0.9359 -0.0000 -0.3522
vn -0.0005 -0.0000 -1.0000
vn 0.9359 -0.0000 -0.3522
vn 1.0000 -0.0000 0.0005
vn 0.4064 0.9137 -0.0000
vn 0.4724 0.8633 0.1778
vn 0.3902 0.9207 0.0002
vn 0.2120 0.9540 -0.2120
vn -0.0002 0.9207 -0.3902
vn -0.1778 0.8633 -0.4724
vn -0.0000 0.9137 -0.4064
vn 0.1778 0.8633 -0.4724
vn 0.0002 0.9207 -0.3902
vn -0.2120 0.9540 -0.2120
vn -0.3902 0.9207 0.0002
vn -0.4724 0.8633 0.1778
vn -0.4064 0.9137 -0.0000
vn -0.4724 0.8633 -0.1778
vn -0.3902 0.9207 -0.0002
vn -0.2120 0.9540 0.2120
vn 0.0002 0.9207 0.3902
vn 0.1778 0.8633 0.4724
vn -0.0000 0.9137 0.4064
vn -0.1778 0.8633 0.4724
vn -0.0002 0.9207 0.3902
vn 0.2120 0.9540 0.2120
vn 0.3902 0.9207 -0.0002
vn 0.4724 0.8633 -0.1778
vn 0.3522 -0.0000 -0.9359
vn -0.9359 -0.0000 0.3522
vn -0.1951 -0.0000 -0.9808
vn -0.1810 0.3734 -0.9098
vn -0.0000 0.3734 -0.9277
vn 0.3827 -0.0000 -0.9239
vn 0.3550 0.3734 -0.8570
vn 0.5154 0.3734 -0.7713
vn 0.5556 -0.0000 -0.8315
vn 0.6560 0.3734 -0.6560
vn 0.7713 0.3734 -0.5154
vn 0.8315 -0.0000 -0.5556
vn 0.8570 0.3734 -0.3550
vn 0.9239 -0.0000 -0.3827
vn 0.9098 0.3734 -0.1810
vn 0.9808 -0.0000 -0.1951
vn 0.9277 0.3734 -0.0000
vn 0.9098 0.3734 0.1810
vn 0.9808 -0.0000 0.1951
vn 0.8570 0.3734 0.3550
vn 0.9239 -0.0000 0.3827
vn 0.7713 0.3734 0.5154
vn 0.8315 -0.0000 0.5556
vn 0.6560 0.3734 0.6560
vn 0.5154 0.3734 0.7713
vn 0.5556 -0.0000 0.8315
vn 0.3550 0.3734 0.8570
vn 0.3827 -0.0000 0.9239
vn 0.1810 0.3734 0.9098
vn 0.1951 -0.0000 0.9808
vn -0.0000 0.3734 0.9277
vn -0.1810 0.3734 0.9098
vn -0.1951 -0.0000 0.9808
vn -0.3550 0.3734 0.8570
vn -0.3827 -0.0000 0.9239
vn -0.5154 0.3734 0.7713
vn -0.5556 -0.0000 0.8315
vn -0.6560 0.3734 0.6560
vn -0.7713 0.3734 0.5154
vn -0.8315 -0.0000 0.5556
vn -0.8570 0.3734 0.3550
vn -0.9239 -0.0000 0.3827
vn -0.9098 0.3734 0.1810
vn -0.9808 -0.0000 0.1951
vn -0.9277 0.3734 -0.0000
vn -0.9098 0.3734 -0.1810
vn -0.9808 -0.0000 -0.1951
vn -0.8570 0.3734 -0.3550
vn -0.9239 -0.0000 -0.3827
vn -0.7713 0.3734 -0.5154
vn -0.8315 -0.0000 -0.5556
vn -0.6560 0.3734 -0.6560
vn -0.5154 0.3734 -0.7713
vn -0.5556 -0.0000 -0.8315
vn -0.3550 0.3734 -0.8570
vn -0.3827 -0.0000 -0.9239
vn 0.1810 0.3734 -0.9098
vn 0.1951 -0.0000 -0.9808
vn -0.0880 -0.4399 0.8937
vn 0.5621 -0.6864 -0.4613
vn 0.2111 0.6864 0.6959
vn 0.0880 -0.4399 0.8937
vn -0.5621 0.6864 0.4613
vn -0.3428 -0.6864 -0.6413
vn 0.2607 -0.4399 0.8594
vn 0.4613 -0.6864 -0.5621
vn 0.3428 0.6864 0.6413
vn 0.4233 -0.4399 0.7920
vn -0.4613 0.6864 0.5621
vn -0.4613 -0.6864 -0.5621
vn 0.5697 -0.4399 0.6942
vn 0.3428 -0.6864 -0.6413
vn 0.4613 0.6864 0.5621
vn 0.6942 -0.4399 0.5697
vn -0.3428 0.6864 0.6413
vn -0.5621 -0.6864 -0.4613
vn 0.7920 -0.4399 0.4234
vn 0.2111 -0.6864 -0.6959
vn 0.5621 0.6864 0.4613
vn 0.8594 -0.4399 0.2607
vn -0.2111 0.6864 0.6959
vn -0.6413 -0.6864 -0.3428
vn 0.8937 -0.4399 0.0880
vn 0.0713 -0.6864 -0.7237
vn 0.6413 0.6864 0.3428
vn 0.8937 -0.4399 -0.0880
vn -0.0713 0.6864 0.7237
vn -0.6959 -0.6864 -0.2111
vn 0.8594 -0.4399 -0.2607
vn 0.6959 0.6864 0.2111
vn -0.0648 0.9973 -0.0346
vn -0.0072 0.9973 0.0731
vn -0.0213 0.9973 0.0703
vn -0.0346 0.9973 0.0648
vn -0.0466 0.9973 0.0568
vn -0.0568 0.9973 0.0466
vn -0.0648 0.9973 0.0346
vn -0.0703 0.9973 0.0213
vn -0.0731 0.9973 0.0072
vn -0.0731 0.9973 -0.0072
vn -0.0703 0.9973 -0.0213
vn -0.0568 0.9973 -0.0466
vn -0.0466 0.9973 -0.0568
vn -0.0346 0.9973 -0.0648
vn -0.0213 0.9973 -0.0703
vn -0.0072 0.9973 -0.0731
vn 0.0072 0.9973 -0.0731
vn 0.0213 0.9973 -0.0703
vn 0.0346 0.9973 -0.0648
vn 0.0466 0.9973 -0.0568
vn 0.0568 0.9973 -0.0466
vn 0.0648 0.9973 -0.0346
vn 0.0703 0.9973 -0.0213
vn 0.0731 0.9973 -0.0072
vn 0.0731 0.9973 0.0072
vn 0.0703 0.9973 0.0213
vn 0.0648 0.9973 0.0346
vn 0.0568 0.9973 0.0466
vn 0.0466 0.9973 0.0568
vn 0.0346 0.9973 0.0648
vn 0.0213 0.9973 0.0703
vn 0.0072 0.9973 0.0731
vn -0.2025 0.9791 -0.0199
vn 0.1573 0.9791 0.1291
vn -0.1947 0.9791 -0.0591
vn 0.1291 0.9791 0.1573
vn -0.1794 0.9791 -0.0959
vn 0.0959 0.9791 0.1794
vn 0.0199 0.9791 -0.2025
vn -0.1573 0.9791 -0.1291
vn 0.0591 0.9791 0.1947
vn 0.0591 0.9791 -0.1947
vn -0.1291 0.9791 -0.1573
vn 0.0199 0.9791 0.2025
vn 0.0959 0.9791 -0.1794
vn -0.0959 0.9791 -0.1794
vn -0.0199 0.9791 0.2025
vn 0.1291 0.9791 -0.1573
vn -0.0591 0.9791 -0.1947
vn -0.0591 0.9791 0.1947
vn 0.1573 0.9791 -0.1291
vn -0.0199 0.9791 -0.2025
vn -0.0959 0.9791 0.1794
vn 0.1794 0.9791 -0.0959
vn -0.1291 0.9791 0.1573
vn 0.1947 0.9791 -0.0591
vn -0.1573 0.9791 0.1291
vn 0.2025 0.9791 -0.0199
vn -0.1794 0.9791 0.0959
vn 0.2025 0.9791 0.0199
vn -0.1947 0.9791 0.0591
vn 0.1947 0.9791 0.0591
vn -0.2025 0.9791 0.0199
vn 0.1794 0.9791 0.0959
vn 0.1498 -0.9717 -0.1825
vn -0.9569 -0.0000 0.2903
vn -0.0685 -0.9717 -0.2259
vn -0.0685 -0.9717 0.2259
vn 0.1825 -0.9717 -0.1498
vn -0.0231 -0.9717 -0.2349
vn -0.1113 -0.9717 0.2082
vn 0.2082 -0.9717 -0.1113
vn -0.1498 -0.9717 0.1825
vn 0.2259 -0.9717 -0.0685
vn -0.1825 -0.9717 0.1498
vn 0.2349 -0.9717 -0.0231
vn -0.2082 -0.9717 0.1113
vn 0.2349 -0.9717 0.0231
vn -0.2259 -0.9717 0.0685
vn 0.2259 -0.9717 0.0685
vn -0.2349 -0.9717 0.0231
vn 0.2082 -0.9717 0.1113
vn -0.2349 -0.9717 -0.0231
vn 0.1825 -0.9717 0.1498
vn -0.2259 -0.9717 -0.0685
vn 0.1498 -0.9717 0.1825
vn -0.2082 -0.9717 -0.1113
vn 0.1113 -0.9717 0.2082
vn 0.0231 -0.9717 -0.2349
vn -0.1825 -0.9717 -0.1498
vn 0.0685 -0.9717 0.2259
vn 0.0685 -0.9717 -0.2259
vn -0.1498 -0.9717 -0.1825
vn 0.0231 -0.9717 0.2349
vn 0.1113 -0.9717 -0.2082
vn -0.1113 -0.9717 -0.2082
vn -0.0231 -0.9717 0.2349
vn -0.5453 -0.8218 -0.1654
vn 0.7730 -0.0000 -0.6344
vn -0.9952 -0.0000 0.0980
vn 0.8819 -0.0000 -0.4714
vn -0.9952 -0.0000 -0.0980
vn 0.9569 -0.0000 -0.2903
vn -0.9569 -0.0000 -0.2903
vn 0.9952 -0.0000 -0.0980
vn -0.8819 -0.0000 -0.4714
vn 0.9952 -0.0000 0.0980
vn -0.7730 -0.0000 -0.6344
vn 0.9569 -0.0000 0.2903
vn -0.6344 -0.0000 -0.7730
vn 0.8819 -0.0000 0.4714
vn -0.4714 -0.0000 -0.8819
vn -0.0980 -0.0000 0.9952
vn 0.7730 -0.0000 0.6344
vn -0.2903 -0.0000 -0.9569
vn -0.2903 -0.0000 0.9569
vn 0.6344 -0.0000 0.7730
vn -0.0980 -0.0000 -0.9952
vn -0.4714 -0.0000 0.8819
vn 0.4714 -0.0000 0.8819
vn 0.0980 -0.0000 -0.9952
vn -0.6344 -0.0000 0.7730
vn 0.2903 -0.0000 0.9569
vn 0.2903 -0.0000 -0.9569
vn -0.7730 -0.0000 0.6344
vn 0.0980 -0.0000 0.9952
vn 0.4714 -0.0000 -0.8819
vn -0.8819 -0.0000 0.4714
vn 0.6344 -0.0000 -0.7730
vn 0.4222 -0.7464 0.5144
vn 0.5671 -0.8218 -0.0559
vn -0.5025 -0.8218 -0.2686
vn 0.5671 -0.8218 0.0559
vn -0.4405 -0.8218 -0.3615
vn 0.5453 -0.8218 0.1654
vn -0.3615 -0.8218 -0.4405
vn 0.5025 -0.8218 0.2686
vn -0.2686 -0.8218 -0.5025
vn -0.0559 -0.8218 0.5671
vn 0.4405 -0.8218 0.3615
vn -0.1654 -0.8218 -0.5453
vn -0.1654 -0.8218 0.5453
vn 0.3615 -0.8218 0.4405
vn -0.0559 -0.8218 -0.5671
vn -0.2686 -0.8218 0.5025
vn 0.2686 -0.8218 0.5025
vn 0.0559 -0.8218 -0.5671
vn -0.3615 -0.8218 0.4405
vn 0.1654 -0.8218 0.5453
vn 0.1654 -0.8218 -0.5453
vn -0.4405 -0.8218 0.3615
vn 0.0559 -0.8218 0.5671
vn 0.2686 -0.8218 -0.5025
vn -0.5025 -0.8218 0.2686
vn 0.3615 -0.8218 -0.4405
vn -0.5453 -0.8218 0.1654
vn 0.4405 -0.8218 -0.3615
vn -0.5671 -0.8218 0.0559
vn 0.5025 -0.8218 -0.2686
vn -0.5671 -0.8218 -0.0559
vn 0.5453 -0.8218 -0.1654
vn 0.1683 0.5059 0.8460
vn -0.0000 0.5059 0.8626
vn -0.5869 -0.7464 -0.3137
vn 0.3137 -0.7464 0.5869
vn 0.0652 -0.7464 -0.6623
vn -0.5144 -0.7464 -0.4222
vn 0.1932 -0.7464 0.6368
vn 0.1932 -0.7464 -0.6368
vn -0.4222 -0.7464 -0.5144
vn 0.0652 -0.7464 0.6623
vn 0.3137 -0.7464 -0.5869
vn -0.3137 -0.7464 -0.5869
vn -0.0652 -0.7464 0.6623
vn 0.4222 -0.7464 -0.5144
vn -0.1932 -0.7464 -0.6368
vn -0.1932 -0.7464 0.6368
vn 0.5144 -0.7464 -0.4222
vn -0.0652 -0.7464 -0.6623
vn -0.3137 -0.7464 0.5869
vn 0.5869 -0.7464 -0.3137
vn -0.4222 -0.7464 0.5144
vn 0.6368 -0.7464 -0.1932
vn -0.5144 -0.7464 0.4222
vn 0.6623 -0.7464 -0.0652
vn -0.5869 -0.7464 0.3137
vn 0.6623 -0.7464 0.0652
vn -0.6368 -0.7464 0.1932
vn 0.6368 -0.7464 0.1932
vn -0.6623 -0.7464 0.0652
vn 0.5869 -0.7464 0.3137
vn -0.6623 -0.7464 -0.0652
vn 0.5144 -0.7464 0.4222
vn -0.6368 -0.7464 -0.1932
vn 0.7920 -0.4399 -0.4234
vn 0.3301 0.5059 -0.7969
vn 0.4792 0.5059 -0.7172
vn -0.4792 0.5059 -0.7172
vn -0.3301 0.5059 -0.7969
vn -0.1683 0.5059 0.8460
vn 0.6099 0.5059 -0.6099
vn -0.1683 0.5059 -0.8460
vn -0.3301 0.5059 0.7969
vn 0.7172 0.5059 -0.4792
vn -0.0000 0.5059 -0.8626
vn -0.4792 0.5059 0.7172
vn 0.7969 0.5059 -0.3301
vn -0.6099 0.5059 0.6099
vn 0.8460 0.5059 -0.1683
vn -0.7172 0.5059 0.4792
vn 0.8626 0.5059 -0.0000
vn -0.7969 0.5059 0.3301
vn 0.8460 0.5059 0.1683
vn -0.8460 0.5059 0.1683
vn 0.7969 0.5059 0.3301
vn -0.8626 0.5059 -0.0000
vn 0.7172 0.5059 0.4792
vn -0.8460 0.5059 -0.1683
vn 0.6099 0.5059 0.6099
vn -0.7969 0.5059 -0.3301
vn 0.4792 0.5059 0.7172
vn -0.7172 0.5059 -0.4792
vn 0.3301 0.5059 0.7969
vn 0.1683 0.5059 -0.8460
vn -0.6099 0.5059 -0.6099
vn -0.7237 -0.6864 -0.0713
vn 0.6942 -0.4399 -0.5697
vn 0.7237 0.6864 0.0713
vn 0.5697 -0.4399 -0.6942
vn -0.7237 -0.6864 0.0713
vn 0.4234 -0.4399 -0.7920
vn 0.7237 0.6864 -0.0713
vn 0.2607 -0.4399 -0.8594
vn -0.6959 -0.6864 0.2111
vn 0.0880 -0.4399 -0.8937
vn 0.6959 0.6864 -0.2111
vn 0.0880 0.4399 0.8937
vn -0.6413 -0.6864 0.3428
vn 0.2607 0.4399 0.8594
vn 0.6413 0.6864 -0.3428
vn 0.4234 0.4399 0.7920
vn -0.5621 -0.6864 0.4613
vn 0.5697 0.4399 0.6942
vn 0.5621 0.6864 -0.4613
vn 0.6942 0.4399 0.5697
vn -0.4613 -0.6864 0.5621
vn 0.7920 0.4399 0.4233
vn 0.4613 0.6864 -0.5621
vn 0.8594 0.4399 0.2607
vn -0.3428 -0.6864 0.6413
vn 0.8937 0.4399 0.0880
vn 0.3428 0.6864 -0.6413
vn 0.8937 0.4399 -0.0880
vn -0.2111 -0.6864 0.6959
vn 0.8594 0.4399 -0.2607
vn 0.2111 0.6864 -0.6959
vn -0.9521 0.2910 0.0938
vn 0.2777 0.2910 -0.9155
vn 0.9521 0.2910 0.0938
vn -0.0938 0.2910 0.9521
vn -0.2777 0.2910 0.9155
vn 0.0938 0.2910 0.9521
vn -0.2777 0.2910 -0.9155
vn 0.9521 0.2910 -0.0938
vn 0.0938 0.2910 -0.9521
vn -0.9155 0.2910 -0.2777
vn 0.9155 0.2910 -0.2777
vn -0.9155 0.2910 0.2777
vn -0.0938 0.2910 -0.9521
vn -0.9521 0.2910 -0.0938
vn 0.2777 0.2910 0.9155
vn 0.9155 0.2910 0.2777
vn -0.0667 0.7326 -0.6774
vn -0.1976 0.7326 -0.6513
vn -0.6513 0.7326 -0.1976
vn -0.6774 0.7326 -0.0667
vn -0.6774 0.7326 0.0667
vn -0.6513 0.7326 0.1976
vn -0.1976 0.7326 0.6513
vn -0.0667 0.7326 0.6774
vn 0.0667 0.7326 0.6774
vn 0.1976 0.7326 0.6513
vn 0.6513 0.7326 0.1976
vn 0.6774 0.7326 0.0667
vn 0.6774 0.7326 -0.0667
vn 0.6513 0.7326 -0.1976
vn 0.1976 0.7326 -0.6513
vn 0.0667 0.7326 -0.6774
vn 0.0045 0.9999 -0.0147
vn -0.0045 -0.9999 -0.0147
vn -0.0147 0.9999 0.0045
vn -0.0045 -0.9999 0.0147
vn 0.0147 -0.9999 -0.0045
vn -0.3018 -0.0000 0.9534
vn -0.3018 -0.0000 -0.9534
vn -0.9534 -0.0000 -0.3018
vn -0.9534 -0.0000 0.3018
vn 0.3018 -0.0000 0.9534
vn 0.9534 -0.0000 0.3018
vn 0.9534 -0.0000 -0.3018
vn 0.3018 -0.0000 -0.9534
vn 0.0147 -0.9999 0.0045
vn 0.0045 0.9999 0.0147
vn -0.0147 0.9999 -0.0045
vn 0.0147 0.9999 -0.0045
vn -0.0045 0.9999 0.0147
vn -0.0045 0.9999 -0.0147
vn 0.0147 0.9999 0.0045
vn -0.0147 -0.9999 0.0045
vn 0.0045 -0.9999 -0.0147
vn 0.0045 -0.9999 0.0147
vn -0.0147 -0.9999 -0.0045
vn -0.0000 0.7054 -0.7088
vn 0.1383 0.7054 -0.6952
vn 0.2713 0.7054 -0.6549
vn 0.3938 0.7054 -0.5894
vn 0.5012 0.7054 -0.5012
vn 0.5894 0.7054 -0.3938
vn 0.6549 0.7054 -0.2713
vn 0.6952 0.7054 -0.1383
vn 0.7088 0.7054 -0.0000
vn 0.6952 0.7054 0.1383
vn 0.6549 0.7054 0.2713
vn 0.5894 0.7054 0.3938
vn 0.5012 0.7054 0.5012
vn 0.3938 0.7054 0.5894
vn 0.2713 0.7054 0.6549
vn 0.1383 0.7054 0.6952
vn -0.0000 0.7054 0.7088
vn -0.1383 0.7054 0.6952
vn -0.2713 0.7054 0.6549
vn -0.3938 0.7054 0.5894
vn -0.5012 0.7054 0.5012
vn -0.5894 0.7054 0.3938
vn -0.6549 0.7054 0.2713
vn -0.6952 0.7054 0.1383
vn -0.7088 0.7054 -0.0000
vn -0.6952 0.7054 -0.1383
vn -0.6549 0.7054 -0.2713
vn -0.5894 0.7054 -0.3938
vn -0.5012 0.7054 -0.5012
vn -0.3938 0.7054 -0.5894
vn -0.2713 0.7054 -0.6549
vn -0.1383 0.7054 -0.6952
vn -0.0000 0.8881 -0.4596
vn 0.0897 0.8881 -0.4508
vn 0.1759 0.8881 -0.4246
vn 0.2554 0.8881 -0.3822
vn 0.3250 0.8881 -0.3250
vn 0.3822 0.8881 -0.2554
vn 0.4246 0.8881 -0.1759
vn 0.4508 0.8881 -0.0897
vn 0.4596 0.8881 -0.0000
vn 0.4508 0.8881 0.0897
vn 0.4246 0.8881 0.1759
vn 0.3822 0.8881 0.2554
vn 0.3250 0.8881 0.3250
vn 0.2554 0.8881 0.3822
vn 0.1759 0.8881 0.4246
vn 0.0897 0.8881 0.4508
vn -0.0000 0.8881 0.4596
vn -0.0897 0.8881 0.4508
vn -0.1759 0.8881 0.4246
vn -0.2554 0.8881 0.3822
vn -0.3250 0.8881 0.3250
vn -0.3822 0.8881 0.2554
vn -0.4246 0.8881 0.1759
vn -0.4508 0.8881 0.0897
vn -0.4596 0.8881 -0.0000
vn -0.4508 0.8881 -0.0897
vn -0.4246 0.8881 -0.1759
vn -0.3822 0.8881 -0.2554
vn -0.3250 0.8881 -0.3250
vn -0.2554 0.8881 -0.3822
vn -0.1759 0.8881 -0.4246
vn -0.0897 0.8881 -0.4508
vn -0.2553 0.8881 0.3822
vn 0.0676 0.7239 -0.6866
vn 0.2003 0.7239 -0.6602
vn 0.3252 0.7239 -0.6085
vn 0.4377 0.7239 -0.5333
vn 0.5333 0.7239 -0.4377
vn 0.6085 0.7239 -0.3252
vn 0.6602 0.7239 -0.2003
vn 0.6866 0.7239 -0.0676
vn 0.6866 0.7239 0.0676
vn 0.6602 0.7239 0.2003
vn 0.6085 0.7239 0.3252
vn 0.5333 0.7239 0.4377
vn 0.4377 0.7239 0.5333
vn 0.3252 0.7239 0.6085
vn 0.2003 0.7239 0.6602
vn 0.0676 0.7239 0.6866
vn -0.0676 0.7239 0.6866
vn -0.2003 0.7239 0.6602
vn -0.3252 0.7239 0.6085
vn -0.4377 0.7239 0.5333
vn -0.5333 0.7239 0.4377
vn -0.6085 0.7239 0.3252
vn -0.6602 0.7239 0.2003
vn -0.6866 0.7239 0.0676
vn -0.6866 0.7239 -0.0676
vn -0.6602 0.7239 -0.2003
vn -0.6085 0.7239 -0.3252
vn -0.5333 0.7239 -0.4377
vn -0.4377 0.7239 -0.5333
vn -0.3252 0.7239 -0.6085
vn -0.2003 0.7239 -0.6602
vn -0.0676 0.7239 -0.6866
vn -0.2090 0.8964 0.3910
vn 0.3910 0.8964 -0.2090
vn -0.2812 0.8964 0.3427
vn 0.4242 0.8964 -0.1287
vn -0.3427 0.8964 0.2812
vn 0.4412 0.8964 -0.0435
vn -0.3910 0.8964 0.2090
vn 0.4412 0.8964 0.0435
vn -0.4242 0.8964 0.1287
vn 0.4242 0.8964 0.1287
vn -0.4412 0.8964 0.0435
vn 0.3910 0.8964 0.2090
vn -0.4412 0.8964 -0.0435
vn 0.3427 0.8964 0.2812
vn -0.4242 0.8964 -0.1287
vn 0.2812 0.8964 0.3427
vn -0.3910 0.8964 -0.2090
vn 0.2090 0.8964 0.3910
vn 0.0435 0.8964 -0.4412
vn -0.3427 0.8964 -0.2812
vn 0.1287 0.8964 0.4242
vn 0.1287 0.8964 -0.4242
vn -0.2812 0.8964 -0.3427
vn 0.0434 0.8964 0.4412
vn 0.2090 0.8964 -0.3910
vn -0.2090 0.8964 -0.3910
vn -0.0434 0.8964 0.4412
vn 0.2812 0.8964 -0.3427
vn -0.1287 0.8964 -0.4242
vn -0.1287 0.8964 0.4242
vn 0.3427 0.8964 -0.2812
vn -0.0435 0.8964 -0.4412
vn -0.2111 -0.6864 -0.6959
vn -0.6413 0.6864 0.3428
vn -0.2607 -0.4399 0.8594
vn 0.0713 0.6864 0.7237
vn 0.6413 -0.6864 -0.3428
vn -0.4234 -0.4399 0.7920
vn -0.0713 -0.6864 -0.7237
vn -0.6959 0.6864 0.2111
vn -0.5697 -0.4399 0.6942
vn -0.0880 0.4399 0.8937
vn 0.6959 -0.6864 -0.2111
vn -0.6942 -0.4399 0.5697
vn -0.2607 0.4399 0.8594
vn -0.7237 0.6864 0.0713
vn -0.7920 -0.4399 0.4234
vn -0.4234 0.4399 0.7920
vn 0.7237 -0.6864 -0.0713
vn -0.8594 -0.4399 0.2607
vn -0.5697 0.4399 0.6942
vn -0.7237 0.6864 -0.0713
vn -0.8937 -0.4399 0.0880
vn -0.6942 0.4399 0.5697
vn 0.7237 -0.6864 0.0713
vn -0.8937 -0.4399 -0.0880
vn -0.7920 0.4399 0.4233
vn -0.6959 0.6864 -0.2111
vn -0.8594 -0.4399 -0.2607
vn -0.8594 0.4399 0.2607
vn 0.6959 -0.6864 0.2111
vn -0.7920 -0.4399 -0.4234
vn -0.8937 0.4399 0.0880
vn -0.6413 0.6864 -0.3428
vn -0.6942 -0.4399 -0.5697
vn -0.8937 0.4399 -0.0880
vn 0.6413 -0.6864 0.3428
vn -0.5697 -0.4399 -0.6942
vn -0.8594 0.4399 -0.2607
vn -0.5621 0.6864 -0.4613
vn -0.4234 -0.4399 -0.7920
vn -0.7920 0.4399 -0.4233
vn 0.5621 -0.6864 0.4613
vn -0.2607 -0.4399 -0.8594
vn -0.6942 0.4399 -0.5697
vn -0.4613 0.6864 -0.5621
vn -0.0880 -0.4399 -0.8937
vn -0.5697 0.4399 -0.6942
vn 0.4613 -0.6864 0.5621
vn -0.4233 0.4399 -0.7920
vn -0.3428 0.6864 -0.6413
vn -0.2607 0.4399 -0.8594
vn 0.3428 -0.6864 0.6413
vn -0.0880 0.4399 -0.8937
vn -0.2111 0.6864 -0.6959
vn 0.0880 0.4399 -0.8937
vn 0.2111 -0.6864 0.6959
vn 0.2607 0.4399 -0.8594
vn -0.0713 0.6864 -0.7237
vn 0.4234 0.4399 -0.7920
vn 0.0713 -0.6864 0.7237
vn 0.5697 0.4399 -0.6942
vn 0.0713 0.6864 -0.7237
vn 0.6942 0.4399 -0.5697
vn -0.0713 -0.6864 0.7237
vn 0.7920 0.4399 -0.4233
vn -0.0718 0.6806 0.7291
vn -0.2127 0.6806 0.7011
vn -0.3454 0.6806 0.6461
vn -0.4648 0.6806 0.5663
vn -0.5663 0.6806 0.4648
vn -0.6461 0.6806 0.3454
vn -0.7011 0.6806 0.2127
vn -0.7291 0.6806 0.0718
vn -0.7291 0.6806 -0.0718
vn -0.7011 0.6806 -0.2127
vn -0.6461 0.6806 -0.3454
vn -0.5663 0.6806 -0.4648
vn -0.4648 0.6806 -0.5663
vn -0.3454 0.6806 -0.6461
vn -0.2127 0.6806 -0.7011
vn -0.0718 0.6806 -0.7291
vn 0.0718 0.6806 -0.7291
vn 0.2127 0.6806 -0.7011
vn 0.3454 0.6806 -0.6461
vn 0.4648 0.6806 -0.5663
vn 0.5663 0.6806 -0.4648
vn 0.6461 0.6806 -0.3454
vn 0.7011 0.6806 -0.2127
vn 0.7291 0.6806 -0.0718
vn 0.7291 0.6806 0.0718
vn 0.7011 0.6806 0.2127
vn 0.6461 0.6806 0.3454
vn 0.5663 0.6806 0.4648
vn 0.4648 0.6806 0.5663
vn 0.3454 0.6806 0.6461
vn 0.2127 0.6806 0.7011
vn 0.0718 0.6806 0.7291
vn 0.9953 -0.0000 -0.0966
vn -0.9953 -0.0000 -0.0966
vn -0.9953 -0.0000 0.0966
vn 0.9953 -0.0000 0.0966
vn -0.9951 -0.0000 -0.0991
vn -0.9951 -0.0000 0.0991
vn -0.0991 -0.0000 0.9951
vn 0.0991 -0.0000 0.9951
vn 0.9951 -0.0000 0.0991
vn 0.9951 -0.0000 -0.0991
vn -0.0991 -0.0000 -0.9951
vn 0.0991 -0.0000 -0.9951
vt 0.396495 0.638889
vt 0.603505 0.638889
vt 0.603505 0.666667
vt 0.396495 0.666667
vt 0.129931 0.611111
vt 0.208333 0.611111
vt 0.208333 0.638889
vt 0.129931 0.638889
vt 0.291667 0.583333
vt 0.370395 0.583333
vt 0.370069 0.611111
vt 0.291667 0.611111
vt 0.263889 0.666667
vt 0.291667 0.666667
vt 0.291667 0.745395
vt 0.263889 0.745069
vt 0.396495 0.388889
vt 0.603505 0.388889
vt 0.603505 0.416667
vt 0.396495 0.416667
vt 0.370395 0.666667
vt 0.370424 0.723392
vt 0.348392 0.745424
vt 0.396495 0.525755
vt 0.603505 0.525755
vt 0.603505 0.583333
vt 0.396495 0.583333
vt 0.291667 0.638889
vt 0.370069 0.638889
vt 0.396495 0.888889
vt 0.603505 0.888889
vt 0.603505 0.916667
vt 0.396495 0.916667
vt 0.208333 0.666667
vt 0.129605 0.666667
vt 0.396495 0.025755
vt 0.603505 0.025755
vt 0.603505 0.083333
vt 0.396495 0.083333
vt 0.291667 0.504605
vt 0.348392 0.504576
vt 0.370424 0.526608
vt 0.396495 0.583333
vt 0.603505 0.583333
vt 0.603505 0.611111
vt 0.396495 0.611111
vt 0.477522 0.365685
vt 0.522478 0.365686
vt 0.370069 0.611111
vt 0.263889 0.504931
vt 0.263889 0.583333
vt 0.522478 0.384314
vt 0.263889 0.611111
vt 0.263889 0.638889
vt 0.396495 0.166667
vt 0.603505 0.166667
vt 0.603505 0.224245
vt 0.396495 0.224245
vt 0.208333 0.745395
vt 0.151608 0.745424
vt 0.129576 0.723392
vt 0.396495 0.138889
vt 0.603505 0.138889
vt 0.603505 0.166667
vt 0.603505 0.416667
vt 0.603505 0.474245
vt 0.396495 0.474245
vt 0.236111 0.504931
vt 0.236111 0.583333
vt 0.603505 0.666667
vt 0.603505 0.724245
vt 0.396495 0.724245
vt 0.396495 0.833333
vt 0.603505 0.833333
vt 0.603505 0.861111
vt 0.396495 0.861111
vt 0.129605 0.583333
vt 0.208333 0.583333
vt 0.208333 0.504605
vt 0.396495 0.275755
vt 0.603505 0.275755
vt 0.603505 0.333333
vt 0.396495 0.333333
vt 0.396495 0.775755
vt 0.603505 0.775755
vt 0.603505 0.833333
vt 0.396495 0.833333
vt 0.603505 0.916667
vt 0.603505 0.974245
vt 0.396495 0.974245
vt 0.477522 0.384314
vt 0.396495 0.000000
vt 0.603505 0.000000
vt 0.603505 0.025755
vt 0.236111 0.666667
vt 0.236111 0.745069
vt 0.263889 0.745069
vt 0.396495 0.333333
vt 0.603505 0.333333
vt 0.603505 0.361111
vt 0.396495 0.361111
vt 0.236111 0.638889
vt 0.236111 0.611111
vt 0.603505 0.275755
vt 0.603505 0.224245
vt 0.603505 0.775755
vt 0.603505 0.724245
vt 0.603505 0.525755
vt 0.603505 0.474245
vt 0.396495 0.083333
vt 0.603505 0.083333
vt 0.603505 0.111111
vt 0.396495 0.111111
vt 0.125000 0.666667
vt 0.125000 0.638889
vt 0.625000 0.138889
vt 0.625000 0.163771
vt 0.629931 0.638889
vt 0.629605 0.666667
vt 0.125000 0.611111
vt 0.125000 0.583333
vt 0.625000 0.086229
vt 0.625000 0.111111
vt 0.603505 0.138889
vt 0.603505 0.111111
vt 0.396495 0.611111
vt 0.629605 0.583333
vt 0.629931 0.611111
vt 0.629931 0.611111
vt 0.603505 0.638889
vt 0.603505 0.611111
vt 0.208333 0.500000
vt 0.236111 0.500000
vt 0.625000 0.388889
vt 0.625000 0.413771
vt 0.291667 0.750000
vt 0.263889 0.750000
vt 0.625000 0.888889
vt 0.625000 0.913771
vt 0.263889 0.500000
vt 0.291667 0.500000
vt 0.625000 0.336229
vt 0.625000 0.361111
vt 0.603505 0.388889
vt 0.603505 0.361111
vt 0.236111 0.750000
vt 0.208333 0.750000
vt 0.625000 0.836229
vt 0.625000 0.861111
vt 0.603505 0.888889
vt 0.603505 0.861111
vt 0.150755 0.750000
vt 0.125000 0.724245
vt 0.625000 0.001862
vt 0.625000 0.023894
vt 0.625000 0.227968
vt 0.625000 0.272032
vt 0.151608 0.504576
vt 0.129576 0.526608
vt 0.125000 0.525755
vt 0.150755 0.500000
vt 0.625000 0.477968
vt 0.625000 0.522032
vt 0.349245 0.500000
vt 0.375000 0.525755
vt 0.625000 0.727968
vt 0.625000 0.772032
vt 0.375000 0.724245
vt 0.349245 0.750000
vt 0.625000 0.026608
vt 0.625000 0.083333
vt 0.625000 0.916667
vt 0.625000 0.973392
vt 0.625000 0.276608
vt 0.625000 0.333333
vt 0.625000 0.166667
vt 0.625000 0.223392
vt 0.625000 0.776608
vt 0.625000 0.833333
vt 0.629576 0.723392
vt 0.629576 0.526608
vt 0.625000 0.416667
vt 0.625000 0.473392
vt 0.625233 0.404443
vt 0.625216 0.425063
vt 0.625025 0.358978
vt 0.625016 0.335442
vt 0.625037 0.184153
vt 0.625028 0.238855
vt 0.625122 0.727512
vt 0.629390 0.666678
vt 0.629492 0.593736
vt 0.629386 0.642770
vt 0.625015 0.874568
vt 0.625022 0.863332
vt 0.625028 0.276248
vt 0.625045 0.334087
vt 0.625045 0.828819
vt 0.625045 0.772002
vt 0.629337 0.573926
vt 0.625079 0.419751
vt 0.625086 0.394602
vt 0.625040 0.802047
vt 0.625026 0.079709
vt 0.625010 0.231967
vt 0.625014 0.173089
vt 0.625049 0.139341
vt 0.625051 0.167829
vt 0.629731 0.640315
vt 0.629770 0.604729
vt 0.625025 0.056681
vt 0.625035 0.111530
vt 0.625010 0.276476
vt 0.629507 0.579878
vt 0.625332 0.726727
vt 0.625122 0.764067
vt 0.625010 0.030454
vt 0.629019 0.666698
vt 0.625019 0.149518
vt 0.625018 0.121480
vt 0.625754 0.482835
vt 0.628765 0.520216
vt 0.625013 0.095522
vt 0.625009 0.037654
vt 0.625070 0.178459
vt 0.625067 0.149710
vt 0.625048 0.120823
vt 0.625035 0.067727
vt 0.625036 0.108302
vt 0.625054 0.759948
vt 0.625080 0.793751
vt 0.625208 0.817134
vt 0.625167 0.808647
vt 0.625167 0.759461
vt 0.625454 0.726271
vt 0.628804 0.666710
vt 0.629185 0.644196
vt 0.629331 0.587354
vt 0.629238 0.570471
vt 0.628468 0.517869
vt 0.626032 0.484623
vt 0.625295 0.428147
vt 0.625319 0.410156
vt 0.625091 0.353171
vt 0.625061 0.333300
vt 0.625039 0.276116
vt 0.625038 0.242853
vt 0.625051 0.190576
vt 0.625059 0.819307
vt 0.625067 0.355304
vt 0.625152 0.828947
vt 0.625122 0.816056
vt 0.625056 0.849298
vt 0.625277 0.479756
vt 0.629278 0.524260
vt 0.477522 0.115685
vt 0.477522 0.134314
vt 0.396495 0.111111
vt 0.522478 0.134314
vt 0.522478 0.115685
vt 0.477522 0.615685
vt 0.477522 0.634314
vt 0.522478 0.634314
vt 0.522478 0.615686
vt 0.396495 0.388889
vt 0.396495 0.361111
vt 0.477522 0.865685
vt 0.477522 0.884314
vt 0.396495 0.861111
vt 0.522478 0.884314
vt 0.522478 0.865686
vt 0.031250 0.500000
vt 0.031250 0.868121
vt 0.000000 0.868121
vt 0.000000 0.500000
vt 0.937500 0.500000
vt 0.937500 0.868121
vt 0.906250 0.868121
vt 0.906250 0.500000
vt 0.906250 0.868121
vt 0.875000 0.868121
vt 0.875000 0.500000
vt 0.843750 0.868121
vt 0.843750 0.500000
vt 0.812500 0.868121
vt 0.812500 0.500000
vt 0.781250 0.868121
vt 0.781250 0.500000
vt 0.750000 0.868121
vt 0.750000 0.500000
vt 0.718750 0.868121
vt 0.718750 0.500000
vt 0.687500 0.868121
vt 0.687500 0.500000
vt 0.656250 0.868121
vt 0.656250 0.500000
vt 0.625000 0.868121
vt 0.625000 0.500000
vt 0.593750 0.868121
vt 0.593750 0.500000
vt 0.593750 0.868121
vt 0.562500 0.868121
vt 0.562500 0.500000
vt 0.562500 0.868121
vt 0.531250 0.868121
vt 0.531250 0.500000
vt 0.500000 0.868121
vt 0.500000 0.500000
vt 0.468750 0.868121
vt 0.468750 0.500000
vt 0.437500 0.868121
vt 0.437500 0.500000
vt 0.406250 0.868121
vt 0.406250 0.500000
vt 0.375000 0.868121
vt 0.375000 0.500000
vt 0.343750 0.868121
vt 0.343750 0.500000
vt 0.312500 0.868121
vt 0.312500 0.500000
vt 0.281250 0.868121
vt 0.281250 0.500000
vt 0.250000 0.868121
vt 0.250000 0.500000
vt 0.218750 0.868121
vt 0.218750 0.500000
vt 0.187500 0.868121
vt 0.187500 0.500000
vt 0.156250 0.868121
vt 0.156250 0.500000
vt 0.125000 0.868121
vt 0.125000 0.500000
vt 0.093750 0.868121
vt 0.093750 0.500000
vt 0.062500 0.868121
vt 0.062500 0.500000
vt 1.000000 0.500000
vt 1.000000 0.868121
vt 0.968750 0.868121
vt 0.968750 0.500000
vt 0.937500 0.868121
vt 0.750000 0.490000
vt 0.796822 0.485388
vt 0.841844 0.471731
vt 0.883337 0.449553
vt 0.919706 0.419706
vt 0.949553 0.383337
vt 0.971731 0.341844
vt 0.985388 0.296822
vt 0.990000 0.250000
vt 0.985388 0.203178
vt 0.971731 0.158156
vt 0.949553 0.116663
vt 0.919706 0.080294
vt 0.883337 0.050447
vt 0.841844 0.028269
vt 0.796822 0.014612
vt 0.750000 0.010000
vt 0.703178 0.014612
vt 0.658156 0.028269
vt 0.616663 0.050447
vt 0.580294 0.080294
vt 0.550447 0.116663
vt 0.528269 0.158156
vt 0.514612 0.203178
vt 0.510000 0.250000
vt 0.514612 0.296822
vt 0.528269 0.341844
vt 0.550447 0.383337
vt 0.580294 0.419706
vt 0.616663 0.449553
vt 0.658156 0.471731
vt 0.703178 0.485388
vt 0.249997 0.095914
vt 0.219936 0.098875
vt 0.406926 0.406917
vt 0.434524 0.373287
vt 0.205687 0.472743
vt 0.163084 0.459818
vt 0.280058 0.098874
vt 0.438830 0.376179
vt 0.410585 0.410594
vt 0.126713 0.434524
vt 0.165080 0.455030
vt 0.308963 0.107641
vt 0.373298 0.434517
vt 0.123821 0.438830
vt 0.335603 0.121880
vt 0.376169 0.438837
vt 0.093083 0.406926
vt 0.358953 0.141042
vt 0.334931 0.455025
vt 0.089406 0.410585
vt 0.378116 0.164391
vt 0.336905 0.459823
vt 0.065483 0.373298
vt 0.392356 0.191031
vt 0.293300 0.467655
vt 0.061163 0.376169
vt 0.401125 0.219936
vt 0.294301 0.472745
vt 0.044974 0.334931
vt 0.404087 0.249997
vt 0.249994 0.471920
vt 0.040177 0.336905
vt 0.401127 0.280058
vt 0.250006 0.477108
vt 0.032345 0.293300
vt 0.392359 0.308963
vt 0.027255 0.294301
vt 0.408022 0.184545
vt 0.392216 0.154974
vt 0.398641 0.150681
vt 0.415161 0.181588
vt 0.250000 0.443898
vt 0.287828 0.440173
vt 0.290779 0.455012
vt 0.250000 0.459028
vt 0.324202 0.429139
vt 0.329992 0.443117
vt 0.357724 0.411221
vt 0.366130 0.423801
vt 0.387107 0.387107
vt 0.397805 0.397805
vt 0.411221 0.357724
vt 0.423801 0.366130
vt 0.429139 0.324202
vt 0.443117 0.329992
vt 0.440173 0.287828
vt 0.455012 0.290779
vt 0.443899 0.250000
vt 0.459028 0.250000
vt 0.440173 0.212172
vt 0.455012 0.209221
vt 0.429139 0.175798
vt 0.443117 0.170008
vt 0.411221 0.142276
vt 0.423801 0.133870
vt 0.387107 0.112893
vt 0.397805 0.102195
vt 0.357724 0.088779
vt 0.366130 0.076199
vt 0.324202 0.070861
vt 0.329992 0.056883
vt 0.287828 0.059827
vt 0.290779 0.044988
vt 0.250000 0.056101
vt 0.250000 0.040972
vt 0.212172 0.059827
vt 0.209221 0.044988
vt 0.175798 0.070861
vt 0.170008 0.056883
vt 0.142276 0.088779
vt 0.133870 0.076199
vt 0.112893 0.112893
vt 0.102195 0.102195
vt 0.088779 0.142276
vt 0.076199 0.133870
vt 0.070861 0.175798
vt 0.056883 0.170008
vt 0.059827 0.212172
vt 0.044988 0.209221
vt 0.056101 0.250000
vt 0.040972 0.250000
vt 0.059827 0.287828
vt 0.044988 0.290779
vt 0.070861 0.324202
vt 0.056883 0.329992
vt 0.088779 0.357724
vt 0.076199 0.366130
vt 0.112893 0.387107
vt 0.102195 0.397805
vt 0.142276 0.411221
vt 0.133870 0.423801
vt 0.175798 0.429139
vt 0.170008 0.443117
vt 0.212172 0.440173
vt 0.209221 0.455012
vt 0.098874 0.280061
vt 0.095913 0.250000
vt 0.078958 0.250000
vt 0.082245 0.283369
vt 0.074666 0.284876
vt 0.071231 0.250000
vt 0.370945 0.129055
vt 0.376409 0.123591
vt 0.091978 0.315455
vt 0.084839 0.318412
vt 0.345026 0.107784
vt 0.349319 0.101359
vt 0.107784 0.345026
vt 0.101359 0.349319
vt 0.315455 0.091978
vt 0.318412 0.084839
vt 0.129055 0.370945
vt 0.123591 0.376409
vt 0.315455 0.091978
vt 0.283369 0.082245
vt 0.284876 0.074666
vt 0.283369 0.417756
vt 0.315455 0.408022
vt 0.318412 0.415161
vt 0.284876 0.425334
vt 0.154974 0.392216
vt 0.150681 0.398641
vt 0.283369 0.082245
vt 0.250000 0.078958
vt 0.250000 0.071231
vt 0.315455 0.408022
vt 0.345026 0.392216
vt 0.349319 0.398641
vt 0.154974 0.392216
vt 0.184545 0.408022
vt 0.181588 0.415161
vt 0.216631 0.082245
vt 0.215124 0.074666
vt 0.370945 0.370945
vt 0.376409 0.376409
vt 0.216631 0.417756
vt 0.215124 0.425334
vt 0.216631 0.082245
vt 0.184545 0.091978
vt 0.181588 0.084839
vt 0.370945 0.370945
vt 0.392216 0.345026
vt 0.398641 0.349319
vt 0.154974 0.107784
vt 0.150681 0.101359
vt 0.392216 0.345026
vt 0.408022 0.315455
vt 0.415161 0.318412
vt 0.250000 0.421042
vt 0.250000 0.428769
vt 0.129055 0.129055
vt 0.123591 0.123591
vt 0.417755 0.283369
vt 0.425334 0.284876
vt 0.107784 0.154974
vt 0.101359 0.150681
vt 0.421042 0.250000
vt 0.428769 0.250000
vt 0.107784 0.154974
vt 0.091978 0.184545
vt 0.084839 0.181588
vt 0.421042 0.250000
vt 0.417755 0.216631
vt 0.425334 0.215124
vt 0.082245 0.216631
vt 0.074666 0.215124
vt 0.082245 0.216631
vt 0.250000 0.404087
vt 0.280061 0.401126
vt 0.281924 0.410495
vt 0.250000 0.413639
vt 0.308966 0.392358
vt 0.312622 0.401183
vt 0.335606 0.378118
vt 0.340913 0.386061
vt 0.358956 0.358956
vt 0.365710 0.365710
vt 0.378118 0.335606
vt 0.386061 0.340913
vt 0.392358 0.308967
vt 0.401183 0.312622
vt 0.401126 0.280061
vt 0.410495 0.281924
vt 0.404087 0.250000
vt 0.413639 0.250000
vt 0.401126 0.219939
vt 0.410495 0.218076
vt 0.392358 0.191034
vt 0.401183 0.187378
vt 0.378119 0.164394
vt 0.386061 0.159087
vt 0.358956 0.141044
vt 0.365710 0.134290
vt 0.335606 0.121882
vt 0.340913 0.113939
vt 0.308967 0.107642
vt 0.312622 0.098817
vt 0.280061 0.098874
vt 0.281924 0.089505
vt 0.250000 0.095913
vt 0.250000 0.086361
vt 0.219939 0.098874
vt 0.218076 0.089505
vt 0.191034 0.107642
vt 0.187378 0.098817
vt 0.164394 0.121882
vt 0.159087 0.113939
vt 0.141044 0.141044
vt 0.134290 0.134290
vt 0.121882 0.164394
vt 0.113939 0.159087
vt 0.107642 0.191034
vt 0.098817 0.187378
vt 0.098874 0.219939
vt 0.089505 0.218076
vt 0.086361 0.250000
vt 0.089505 0.281924
vt 0.107642 0.308966
vt 0.098817 0.312622
vt 0.121882 0.335606
vt 0.113939 0.340913
vt 0.141044 0.358956
vt 0.134290 0.365710
vt 0.164394 0.378118
vt 0.159087 0.386061
vt 0.191033 0.392358
vt 0.187378 0.401183
vt 0.219939 0.401126
vt 0.218076 0.410495
vt 0.378120 0.335603
vt 0.223691 0.382265
vt 0.198393 0.374591
vt 0.028079 0.250006
vt 0.358958 0.358953
vt 0.022892 0.249994
vt 0.335608 0.378116
vt 0.032342 0.206711
vt 0.308969 0.392356
vt 0.027257 0.205688
vt 0.280064 0.401125
vt 0.044970 0.165080
vt 0.249997 0.404086
vt 0.040182 0.163084
vt 0.250003 0.404087
vt 0.219936 0.401126
vt 0.065476 0.126713
vt 0.191031 0.392357
vt 0.061170 0.123821
vt 0.164391 0.378117
vt 0.093074 0.093083
vt 0.141042 0.358954
vt 0.089415 0.089406
vt 0.121880 0.335604
vt 0.126703 0.065483
vt 0.107641 0.308964
vt 0.123831 0.061163
vt 0.098873 0.280058
vt 0.165069 0.044974
vt 0.095913 0.249997
vt 0.163095 0.040177
vt 0.098874 0.219936
vt 0.206700 0.032345
vt 0.107643 0.191031
vt 0.205699 0.027255
vt 0.424225 0.177834
vt 0.159087 0.113939
vt 0.438580 0.250000
vt 0.434957 0.286790
vt 0.057477 0.236033
vt 0.177833 0.424225
vt 0.177834 0.075775
vt 0.213210 0.065043
vt 0.065043 0.286790
vt 0.061420 0.250000
vt 0.286790 0.434957
vt 0.250000 0.438580
vt 0.322166 0.424225
vt 0.208871 0.439172
vt 0.075775 0.322166
vt 0.291129 0.439172
vt 0.439172 0.291129
vt 0.060828 0.291129
vt 0.250000 0.443898
vt 0.208871 0.439172
vt 0.250000 0.438580
vt 0.213210 0.434957
vt 0.286790 0.065043
vt 0.322166 0.075775
vt 0.061420 0.250000
vt 0.065043 0.213210
vt 0.263967 0.442523
vt 0.213210 0.065043
vt 0.250000 0.061420
vt 0.424225 0.177834
vt 0.434957 0.213210
vt 0.322166 0.424225
vt 0.072250 0.239654
vt 0.072250 0.239654
vt 0.065043 0.213210
vt 0.075775 0.177834
vt 0.434957 0.286790
vt 0.424225 0.322166
vt 0.250000 0.061420
vt 0.286790 0.065043
vt 0.438580 0.250000
vt 0.439172 0.291129
vt 0.213210 0.434957
vt 0.322167 0.075775
vt 0.075775 0.322166
vt 0.065043 0.286790
vt 0.057477 0.263967
vt 0.439172 0.208871
vt 0.060828 0.208871
vt 0.208871 0.060828
vt 0.291129 0.060828
vt 0.439172 0.208871
vt 0.060828 0.208871
vt 0.208871 0.060828
vt 0.067454 0.312970
vt 0.064235 0.302360
vt 0.432546 0.312970
vt 0.435765 0.302360
vt 0.312970 0.067454
vt 0.312970 0.067454
vt 0.197640 0.435765
vt 0.187030 0.432546
vt 0.435765 0.197640
vt 0.432546 0.187030
vt 0.197640 0.435765
vt 0.302360 0.064236
vt 0.442523 0.263967
vt 0.443899 0.250000
vt 0.427750 0.260346
vt 0.236033 0.442523
vt 0.442523 0.236033
vt 0.427750 0.239654
vt 0.057477 0.263966
vt 0.263967 0.057477
vt 0.312970 0.432546
vt 0.312970 0.432546
vt 0.432546 0.312970
vt 0.187030 0.067454
vt 0.067454 0.187030
vt 0.067454 0.187030
vt 0.067454 0.312970
vt 0.187030 0.432546
vt 0.302360 0.435765
vt 0.302360 0.435765
vt 0.435765 0.302360
vt 0.435765 0.197640
vt 0.302360 0.064235
vt 0.197640 0.064235
vt 0.197640 0.064235
vt 0.064235 0.197640
vt 0.064235 0.197640
vt 0.296822 0.485388
vt 0.250000 0.490000
vt 0.341844 0.471731
vt 0.383337 0.449553
vt 0.419706 0.419706
vt 0.449553 0.383337
vt 0.459818 0.336916
vt 0.471731 0.341844
vt 0.455030 0.334920
vt 0.472743 0.294312
vt 0.485388 0.296822
vt 0.467658 0.293289
vt 0.477108 0.250006
vt 0.490000 0.250000
vt 0.471921 0.249994
vt 0.472745 0.205699
vt 0.485388 0.203178
vt 0.467655 0.206700
vt 0.459823 0.163095
vt 0.471731 0.158156
vt 0.455026 0.165069
vt 0.438837 0.123831
vt 0.449553 0.116663
vt 0.434517 0.126703
vt 0.410594 0.089415
vt 0.419706 0.080294
vt 0.406917 0.093074
vt 0.376179 0.061170
vt 0.383337 0.050447
vt 0.373287 0.065476
vt 0.336916 0.040182
vt 0.341844 0.028269
vt 0.334920 0.044970
vt 0.294312 0.027257
vt 0.296822 0.014612
vt 0.293289 0.032342
vt 0.250006 0.022892
vt 0.250000 0.010000
vt 0.249994 0.028079
vt 0.203178 0.014612
vt 0.158156 0.028269
vt 0.116663 0.050447
vt 0.080294 0.080294
vt 0.050447 0.116663
vt 0.028269 0.158156
vt 0.014612 0.203178
vt 0.010000 0.250000
vt 0.014612 0.296822
vt 0.028269 0.341844
vt 0.050447 0.383337
vt 0.080294 0.419706
vt 0.116663 0.449553
vt 0.158156 0.471731
vt 0.203178 0.485388
vt 0.206711 0.467658
vt 0.280058 0.401127
vt 0.308964 0.392359
vt 0.335604 0.378120
vt 0.358954 0.358958
vt 0.378117 0.335609
vt 0.392357 0.308969
vt 0.401126 0.280064
vt 0.404087 0.250003
vt 0.401127 0.219942
vt 0.392359 0.191036
vt 0.378121 0.164396
vt 0.358958 0.141046
vt 0.335609 0.121883
vt 0.308969 0.107643
vt 0.280064 0.098874
vt 0.250003 0.095913
vt 0.219942 0.098873
vt 0.191036 0.107641
vt 0.164396 0.121880
vt 0.141046 0.141042
vt 0.121883 0.164391
vt 0.191031 0.107644
vt 0.164392 0.121884
vt 0.141042 0.141047
vt 0.121880 0.164397
vt 0.107641 0.191037
vt 0.098874 0.219942
vt 0.095914 0.250003
vt 0.098875 0.280064
vt 0.107644 0.308969
vt 0.121884 0.335609
vt 0.141047 0.358958
vt 0.164397 0.378120
vt 0.191037 0.392359
vt 0.219942 0.401127
vt 0.283369 0.417756
vt 0.250000 0.384856
vt 0.276309 0.382265
vt 0.301607 0.374591
vt 0.324922 0.362129
vt 0.345358 0.345358
vt 0.362129 0.324922
vt 0.374591 0.301607
vt 0.382265 0.276309
vt 0.384856 0.250000
vt 0.382265 0.223691
vt 0.374591 0.198393
vt 0.362129 0.175078
vt 0.345358 0.154642
vt 0.324922 0.137871
vt 0.301607 0.125409
vt 0.276309 0.117735
vt 0.250000 0.115144
vt 0.223691 0.117735
vt 0.198393 0.125409
vt 0.175078 0.137871
vt 0.154642 0.154642
vt 0.137871 0.175078
vt 0.125409 0.198393
vt 0.117735 0.223691
vt 0.115144 0.250000
vt 0.117735 0.276309
vt 0.125409 0.301607
vt 0.137871 0.324922
vt 0.154642 0.345358
vt 0.175078 0.362129
vt 0.299845 0.129664
vt 0.322363 0.141700
vt 0.250000 0.380251
vt 0.275411 0.377748
vt 0.299845 0.370336
vt 0.322364 0.358300
vt 0.342101 0.342101
vt 0.358300 0.322364
vt 0.370336 0.299845
vt 0.377748 0.275411
vt 0.380251 0.250000
vt 0.377748 0.224589
vt 0.370336 0.200155
vt 0.358300 0.177636
vt 0.342101 0.157899
vt 0.275411 0.122252
vt 0.250000 0.119749
vt 0.224589 0.122252
vt 0.200155 0.129664
vt 0.177636 0.141700
vt 0.157899 0.157899
vt 0.141700 0.177637
vt 0.129664 0.200155
vt 0.122252 0.224589
vt 0.119749 0.250000
vt 0.122252 0.275411
vt 0.129664 0.299845
vt 0.141700 0.322364
vt 0.157899 0.342101
vt 0.177636 0.358300
vt 0.200155 0.370336
vt 0.224589 0.377748
vt 0.072250 0.260346
vt 0.071231 0.250000
vt 0.427750 0.239654
vt 0.428769 0.250000
vt 0.427750 0.260346
vt 0.072250 0.260346
vt 0.263967 0.442523
vt 0.236033 0.442523
vt 0.442523 0.236033
vt 0.263967 0.057477
vt 0.236033 0.057477
vt 0.236033 0.057477
vt 0.057477 0.236033
vt 0.056101 0.250000
s 0
usemtl M_Noir_Bleuté
f 286/1/1 287/2/1 32/3/1 25/4/1
f 33/5/2 6/6/2 8/7/2 36/8/2
f 1/9/2 27/10/2 44/11/2 5/12/2
f 11/13/2 3/14/2 59/15/2 76/16/2
f 290/17/3 291/18/3 56/19/3 49/20/3
f 3/14/2 26/21/2 97/22/2 99/23/2 59/15/2
f 108/24/4 110/25/4 29/26/4 28/27/4
f 7/28/2 41/29/2 26/21/2 3/14/2
f 294/30/5 295/31/5 64/32/5 57/33/5
f 36/8/2 8/7/2 4/34/2 19/35/2
f 84/36/6 86/37/6 21/38/6 20/39/6
f 50/40/2 105/41/2 107/42/2 27/10/2 1/9/2
f 28/43/7 29/44/7 288/45/7 285/46/7
f 67/47/4 70/48/4 308/48/4 305/47/4
f 5/12/2 44/49/2 41/29/2 7/28/2
f 65/50/2 50/40/2 1/9/2 9/51/2
f 70/48/2 71/52/2 307/52/2 308/48/2
f 13/53/2 5/12/2 7/28/2 15/54/2
f 17/55/6 24/56/6 96/57/6 90/58/6
f 9/51/2 1/9/2 5/12/2 13/53/2
f 19/35/2 4/34/2 58/59/2 81/60/2 83/61/2
f 15/54/2 7/28/2 3/14/2 11/13/2
f 282/62/8 283/63/8 24/64/8 17/55/8
f 49/20/9 56/65/9 112/66/9 106/67/9
f 68/68/2 65/50/2 9/51/2 10/69/2
f 25/4/4 32/70/4 104/71/4 98/72/4
f 60/73/10 61/74/10 296/75/10 293/76/10
f 18/77/2 2/78/2 6/6/2 33/5/2
f 51/79/2 68/68/2 10/69/2 2/78/2
f 92/80/9 94/81/9 53/82/9 52/83/9
f 100/84/11 102/85/11 61/86/11 60/87/11
f 57/33/11 64/88/11 88/89/11 82/90/11
f 71/52/6 66/91/6 306/91/6 307/52/6
f 82/92/12 88/93/12 86/94/12 84/36/12
f 4/34/2 12/95/2 73/96/2 58/59/2
f 12/95/2 11/13/2 76/97/2 73/96/2
f 52/98/13 53/99/13 292/100/13 289/101/13
f 66/91/14 67/47/14 305/47/14 306/91/14
f 8/7/2 16/102/2 12/95/2 4/34/2
f 16/102/2 15/54/2 11/13/2 12/95/2
f 2/78/2 10/69/2 14/103/2 6/6/2
f 10/69/2 9/51/2 13/53/2 14/103/2
f 6/6/2 14/103/2 16/102/2 8/7/2
f 14/103/2 13/53/2 15/54/2 16/102/2
f 94/104/15 92/80/15 90/58/15 96/105/15
f 102/106/16 100/84/16 98/72/16 104/107/16
f 110/108/17 108/24/17 106/67/17 112/109/17
f 20/110/18 21/111/18 284/112/18 281/113/18
f 36/8/19 19/35/19 20/114/19 281/115/19
f 40/116/20 23/117/20 24/64/20 283/63/20
f 44/11/21 27/10/21 28/43/21 285/46/21
f 48/118/22 31/119/22 32/3/22 287/2/22
f 18/77/23 33/5/23 282/120/23 17/121/23
f 33/5/24 36/8/24 281/115/24 282/120/24
f 22/122/25 37/123/25 284/112/25 21/111/25
f 37/123/26 40/116/26 283/124/26 284/125/26
f 26/21/27 41/29/27 286/1/27 25/4/27
f 41/29/28 44/49/28 285/126/28 286/1/28
f 30/127/29 45/128/29 288/45/29 29/44/29
f 45/129/30 48/118/30 287/130/30 288/131/30
f 68/68/31 51/79/31 52/132/31 289/133/31
f 72/134/32 55/135/32 56/19/32 291/18/32
f 76/16/33 59/15/33 60/136/33 293/137/33
f 80/138/34 63/139/34 64/32/34 295/31/34
f 50/40/35 65/50/35 290/140/35 49/141/35
f 65/50/36 68/68/36 289/133/36 290/140/36
f 54/142/37 69/143/37 292/100/37 53/99/37
f 69/143/38 72/134/38 291/144/38 292/145/38
f 58/59/39 73/96/39 294/146/39 57/147/39
f 73/96/40 76/97/40 293/137/40 294/146/40
f 62/148/41 77/149/41 296/75/41 61/74/41
f 77/149/42 80/138/42 295/150/42 296/151/42
f 83/61/43 81/60/43 82/152/43 84/153/43
f 87/154/44 85/155/44 86/94/44 88/93/44
f 95/156/45 93/157/45 94/104/45 96/105/45
f 91/158/46 89/159/46 90/160/46 92/161/46
f 111/162/47 109/163/47 110/108/47 112/109/47
f 107/42/48 105/41/48 106/164/48 108/165/48
f 103/166/49 101/167/49 102/106/49 104/107/49
f 99/23/50 97/22/50 98/168/50 100/169/50
f 84/153/51 20/114/51 19/35/51 83/61/51
f 57/147/52 82/152/52 81/60/52 58/59/52
f 85/170/53 22/171/53 21/38/53 86/37/53
f 63/172/54 87/173/54 88/89/54 64/88/54
f 51/79/55 91/158/55 92/161/55 52/132/55
f 93/174/56 54/175/56 53/82/56 94/81/56
f 17/121/57 90/160/57 89/159/57 18/77/57
f 23/176/58 95/177/58 96/57/58 24/56/58
f 59/15/59 99/23/59 100/169/59 60/136/59
f 101/178/60 62/179/60 61/86/60 102/85/60
f 25/4/61 98/72/61 97/22/61 26/21/61
f 31/119/62 103/180/62 104/71/62 32/70/62
f 27/10/63 107/42/63 108/24/63 28/27/63
f 109/181/64 30/127/64 29/26/64 110/25/64
f 49/141/65 106/164/65 105/41/65 50/40/65
f 55/182/66 111/183/66 112/66/66 56/65/66
f 89/159/2 91/158/2 51/79/2 2/78/2 18/77/2
f 145/184/67 146/185/67 266/185/67 265/184/67
f 222/186/68 221/187/68 245/187/68 246/186/68
f 138/188/69 155/189/69 275/189/69 258/188/69
f 231/190/69 212/191/69 236/191/69 255/190/69
f 144/192/4 139/193/4 259/193/4 264/192/4
f 220/194/67 219/195/67 243/195/67 244/194/67
f 156/196/70 149/197/70 269/197/70 276/196/70
f 223/198/70 232/199/70 256/199/70 247/198/70
f 143/200/71 144/192/71 264/192/71 263/200/71
f 218/201/72 217/202/72 241/202/72 242/201/72
f 148/203/73 153/204/73 273/204/73 268/203/73
f 227/205/74 210/206/74 234/206/74 251/205/74
f 142/207/6 137/208/6 257/208/6 262/207/6
f 211/209/6 216/210/6 240/210/6 235/209/6
f 154/211/75 141/212/75 261/212/75 274/211/75
f 221/187/76 228/213/76 252/213/76 245/187/76
f 141/212/77 142/207/77 262/207/77 261/212/77
f 216/210/77 215/214/77 239/214/77 240/210/77
f 159/215/16 160/216/16 280/216/16 279/215/16
f 225/217/78 220/194/78 244/194/78 249/217/78
f 139/193/79 140/218/79 260/218/79 259/193/79
f 209/219/4 214/220/4 238/220/4 233/219/4
f 157/221/17 158/222/17 278/222/17 277/221/17
f 213/223/80 226/224/80 250/224/80 237/223/80
f 161/225/14 162/226/14 163/227/14 164/228/14 165/229/14 166/230/14 167/231/14 168/232/14 169/233/14 170/234/14 171/235/14 172/236/14 173/237/14 174/238/14 175/239/14 176/240/14 177/241/14 178/242/14 179/243/14 180/244/14 181/245/14 182/246/14 183/247/14 184/248/14
f 190/226/81 162/226/81 161/225/81 185/225/81
f 189/227/82 163/227/82 162/226/82 190/226/82
f 202/228/83 164/228/83 163/227/83 189/227/83
f 201/229/84 165/229/84 164/228/84 202/228/84
f 196/230/85 166/230/85 165/229/85 201/229/85
f 195/231/86 167/231/86 166/230/86 196/230/86
f 200/232/87 168/232/87 167/231/87 195/231/87
f 199/233/88 169/233/88 168/232/88 200/232/88
f 208/234/89 170/234/89 169/233/89 199/233/89
f 207/235/90 171/235/90 170/234/90 208/234/90
f 188/236/91 172/236/91 171/235/91 207/235/91
f 187/237/92 173/237/92 172/236/92 188/236/92
f 192/238/93 174/238/93 173/237/93 187/237/93
f 191/239/94 175/239/94 174/238/94 192/238/94
f 206/240/95 176/240/95 175/239/95 191/239/95
f 205/241/96 177/241/96 176/240/96 206/240/96
f 194/242/97 178/242/97 177/241/97 205/241/97
f 193/243/98 179/243/98 178/242/98 194/242/98
f 198/244/99 180/244/99 179/243/99 193/243/99
f 197/245/100 181/245/100 180/244/100 198/244/100
f 204/246/101 182/246/101 181/245/101 197/245/101
f 203/247/102 183/247/102 182/246/102 204/246/102
f 186/248/103 184/248/103 183/247/103 203/247/103
f 185/225/104 161/225/104 184/248/104 186/248/104
f 138/188/14 137/208/14 185/225/14 186/248/14
f 140/218/14 139/193/14 187/237/14 188/236/14
f 142/207/14 141/212/14 189/227/14 190/226/14
f 137/208/14 142/207/14 190/226/14 185/225/14
f 144/192/14 143/200/14 191/239/14 192/238/14
f 139/193/14 144/192/14 192/238/14 187/237/14
f 146/185/14 145/184/14 193/243/14 194/242/14
f 148/203/14 147/249/14 195/231/14 196/230/14
f 150/250/14 149/197/14 197/245/14 198/244/14
f 145/184/14 150/250/14 198/244/14 193/243/14
f 152/251/14 151/252/14 199/233/14 200/232/14
f 147/249/14 152/251/14 200/232/14 195/231/14
f 154/211/14 153/204/14 201/229/14 202/228/14
f 156/196/14 155/189/14 203/247/14 204/246/14
f 158/222/14 157/221/14 205/241/14 206/240/14
f 160/216/14 159/215/14 207/235/14 208/234/14
f 141/212/14 154/211/14 202/228/14 189/227/14
f 153/204/14 148/203/14 196/230/14 201/229/14
f 149/197/14 156/196/14 204/246/14 197/245/14
f 155/189/14 138/188/14 186/248/14 203/247/14
f 151/252/14 160/216/14 208/234/14 199/233/14
f 159/215/14 140/218/14 188/236/14 207/235/14
f 143/200/14 158/222/14 206/240/14 191/239/14
f 157/221/14 146/185/14 194/242/14 205/241/14
f 209/219/14 210/206/14 114/176/14 118/116/14
f 211/209/14 212/191/14 116/119/14 120/118/14
f 213/223/14 214/220/14 117/123/14 113/122/14
f 214/220/14 209/219/14 118/116/14 117/123/14
f 215/214/14 216/210/14 119/129/14 115/127/14
f 216/210/14 211/209/14 120/118/14 119/129/14
f 217/202/14 218/201/14 122/182/14 126/134/14
f 219/195/14 220/194/14 124/172/14 128/138/14
f 221/187/14 222/186/14 125/143/14 121/142/14
f 222/186/14 217/202/14 126/134/14 125/143/14
f 223/198/14 224/253/14 127/149/14 123/148/14
f 224/253/14 219/195/14 128/138/14 127/149/14
f 225/217/14 226/224/14 129/170/14 130/154/14
f 227/205/14 228/213/14 131/174/14 132/156/14
f 229/254/14 230/255/14 135/181/14 136/162/14
f 231/190/14 232/199/14 133/178/14 134/166/14
f 226/224/14 213/223/14 113/122/14 129/170/14
f 220/194/14 225/217/14 130/154/14 124/172/14
f 228/213/14 221/187/14 121/142/14 131/174/14
f 210/206/14 227/205/14 132/156/14 114/176/14
f 232/199/14 223/198/14 123/148/14 133/178/14
f 212/191/14 231/190/14 134/166/14 116/119/14
f 230/255/14 215/214/14 115/127/14 135/181/14
f 218/201/14 229/254/14 136/162/14 122/182/14
f 215/214/75 230/255/75 254/255/75 239/214/75
f 160/216/76 151/252/76 271/252/76 280/216/76
f 217/202/11 222/186/11 246/186/11 241/202/11
f 147/249/72 148/203/72 268/203/72 267/249/72
f 229/254/73 218/201/73 242/201/73 253/254/73
f 140/218/74 159/215/74 279/215/74 260/218/74
f 224/253/105 223/198/105 247/198/105 248/253/105
f 149/197/105 150/250/105 270/250/105 269/197/105
f 158/222/80 143/200/80 263/200/80 278/222/80
f 219/195/9 224/253/9 248/253/9 243/195/9
f 150/250/9 145/184/9 265/184/9 270/250/9
f 146/185/78 157/221/78 277/221/78 266/185/78
f 226/224/17 225/217/17 249/217/17 250/224/17
f 151/252/68 152/251/68 272/251/68 271/252/68
f 228/213/16 227/205/16 251/205/16 252/213/16
f 152/251/11 147/249/11 267/249/11 272/251/11
f 210/206/79 209/219/79 233/219/79 234/206/79
f 230/255/12 229/254/12 253/254/12 254/255/12
f 153/204/12 154/211/12 274/211/12 273/204/12
f 212/191/106 211/209/106 235/209/106 236/191/106
f 232/199/15 231/190/15 255/190/15 256/199/15
f 155/189/15 156/196/15 276/196/15 275/189/15
f 214/220/71 213/223/71 237/223/71 238/220/71
f 137/208/106 138/188/106 258/188/106 257/208/106
f 35/256/6 34/257/6 282/62/6 281/258/6
f 39/259/6 38/260/6 284/125/6 283/124/6
f 43/261/4 42/262/4 286/1/4 285/126/4
f 47/263/4 46/264/4 288/131/4 287/130/4
f 67/47/9 66/91/9 290/265/9 289/266/9
f 71/52/9 70/48/9 292/145/9 291/144/9
f 75/267/11 74/268/11 294/30/11 293/269/11
f 79/270/11 78/271/11 296/151/11 295/150/11
f 34/257/6 39/259/6 283/124/6 282/62/6
f 38/260/6 35/256/6 281/258/6 284/125/6
f 42/262/4 47/263/4 287/130/4 286/1/4
f 46/264/4 43/261/4 285/126/4 288/131/4
f 66/91/9 71/52/9 291/144/9 290/265/9
f 70/48/9 67/47/9 289/266/9 292/145/9
f 74/268/11 79/270/11 295/150/11 294/30/11
f 78/271/11 75/267/11 293/269/11 296/151/11
f 74/268/14 75/267/14 309/267/14 310/268/14
f 79/270/4 74/268/4 310/268/4 311/270/4
f 78/271/2 79/270/2 311/270/2 312/271/2
f 34/257/14 35/256/14 297/256/14 298/257/14
f 75/267/6 78/271/6 312/271/6 309/267/6
f 39/259/11 34/257/11 298/257/11 299/259/11
f 38/260/2 39/259/2 299/259/2 300/260/2
f 35/256/9 38/260/9 300/260/9 297/256/9
f 42/262/14 43/261/14 301/261/14 302/262/14
f 47/263/9 42/262/9 302/262/9 303/263/9
f 46/264/2 47/263/2 303/263/2 304/264/2
f 43/261/11 46/264/11 304/264/11 301/261/11
s 1
f 344/272/107 376/273/108 998/274/109 313/275/9
f 315/276/110 347/277/111 348/278/112 316/279/113
f 316/279/113 348/280/112 349/281/114 317/282/17
f 317/282/17 349/281/114 350/283/115 318/284/116
f 318/284/116 350/283/115 351/285/117 319/286/118
f 319/286/118 351/285/117 352/287/119 320/288/120
f 320/288/120 352/287/119 353/289/121 321/290/4
f 321/290/4 353/289/121 354/291/122 322/292/123
f 322/292/123 354/291/122 355/293/124 323/294/125
f 323/294/125 355/293/124 356/295/126 324/296/127
f 324/296/127 356/295/126 357/297/128 325/298/16
f 325/298/16 357/297/128 358/299/129 326/300/130
f 326/300/130 358/301/129 359/302/131 327/303/132
f 327/303/132 359/304/131 360/305/133 328/306/134
f 328/306/134 360/305/133 361/307/135 329/308/11
f 329/308/11 361/307/135 362/309/136 330/310/137
f 330/310/137 362/309/136 363/311/138 331/312/139
f 331/312/139 363/311/138 364/313/140 332/314/141
f 332/314/141 364/313/140 365/315/142 333/316/12
f 333/316/12 365/315/142 366/317/143 334/318/144
f 334/318/144 366/317/143 367/319/145 335/320/146
f 335/320/146 367/319/145 368/321/147 336/322/148
f 336/322/148 368/321/147 369/323/149 337/324/6
f 337/324/6 369/323/149 370/325/150 338/326/151
f 338/326/151 370/325/150 371/327/152 339/328/153
f 339/328/153 371/327/152 372/329/154 340/330/155
f 340/330/155 372/329/154 373/331/156 341/332/15
f 341/332/15 373/331/156 374/333/157 342/334/158
f 342/334/158 374/333/157 375/335/159 343/336/160
f 343/336/160 375/335/159 376/273/108 344/272/107
f 313/337/9 998/338/109 346/339/161 314/340/162
f 314/340/162 346/339/161 347/341/111 315/276/110
s 0
f 313/342/2 314/343/2 315/344/2 316/345/2 317/346/2 318/347/2 319/348/2 320/349/2 321/350/2 322/351/2 323/352/2 324/353/2 325/354/2 326/355/2 327/356/2 328/357/2 329/358/2 330/359/2 331/360/2 332/361/2 333/362/2 334/363/2 335/364/2 336/365/2 337/366/2 338/367/2 339/368/2 340/369/2 341/370/2 342/371/2 343/372/2 344/373/2
f 713/374/163 714/375/163 1247/375/163 1241/374/163
f 1006/376/164 1008/377/164 1135/377/164 1133/376/164
f 1059/378/165 1057/379/165 1186/379/165 1188/378/165
f 712/380/166 713/374/166 1241/374/166 1235/380/166
f 1007/381/167 1005/382/167 1134/382/167 1136/381/167
f 1056/383/168 1058/384/168 1185/384/168 1183/383/168
f 711/385/169 712/380/169 1235/380/169 1227/385/169
f 1004/386/170 1006/376/170 1133/376/170 1131/386/170
f 1057/379/171 1055/387/171 1184/387/171 1186/379/171
f 710/388/172 711/385/172 1227/385/172 1223/388/172
f 1005/382/173 1003/389/173 1132/389/173 1134/382/173
f 1054/390/174 1056/383/174 1183/383/174 1181/390/174
f 709/391/175 710/388/175 1223/388/175 1219/391/175
f 1002/392/176 1004/386/176 1131/386/176 1129/392/176
f 1055/387/177 1053/393/177 1182/393/177 1184/387/177
f 708/394/178 709/391/178 1219/391/178 1215/394/178
f 1003/389/179 1001/395/179 1130/395/179 1132/389/179
f 1052/396/180 1054/390/180 1181/390/180 1179/396/180
f 707/397/181 708/394/181 1215/394/181 1211/397/181
f 1000/398/182 1002/392/182 1129/392/182 1125/398/182
f 1053/393/183 1051/399/183 1180/399/183 1182/393/183
f 706/400/184 707/397/184 1211/397/184 1207/400/184
f 1001/395/185 997/401/185 1126/401/185 1130/395/185
f 1050/402/186 1052/396/186 1179/396/186 1177/402/186
f 705/403/187 706/400/187 1207/400/187 1203/403/187
f 999/404/188 1000/398/188 1125/398/188 1128/404/188
f 1051/399/189 1049/405/189 1178/405/189 1180/399/189
f 704/406/190 705/403/190 1203/403/190 1199/406/190
f 997/401/191 345/407/191 1127/407/191 1126/401/191
f 1048/408/192 1050/402/192 1177/402/192 1175/408/192
f 703/409/193 704/406/193 1199/406/193 1195/409/193
f 1049/405/194 1047/410/194 1176/410/194 1178/405/194
f 1274/411/195 1276/412/195 751/413/195 749/414/195
f 853/415/196 872/416/196 378/417/196 377/418/196
f 872/416/197 934/419/197 379/420/197 378/417/197
f 934/419/198 736/421/198 380/422/198 379/420/198
f 736/421/199 738/423/199 381/424/199 380/422/199
f 738/423/200 740/425/200 382/426/200 381/424/200
f 740/425/201 935/427/201 383/428/201 382/426/201
f 935/427/202 869/429/202 384/430/202 383/428/202
f 869/429/203 868/431/203 385/432/203 384/430/203
f 868/431/204 867/433/204 386/434/204 385/432/204
f 867/433/205 938/435/205 387/436/205 386/434/205
f 938/435/195 752/437/195 388/438/195 387/436/195
f 752/437/206 754/439/206 389/440/206 388/438/206
f 754/439/207 756/441/207 390/442/207 389/440/207
f 756/441/208 940/443/208 391/444/208 390/442/208
f 940/443/209 864/445/209 392/446/209 391/444/209
f 864/445/210 863/447/210 393/448/210 392/446/210
f 863/447/211 862/449/211 394/450/211 393/448/211
f 862/449/212 942/451/212 395/452/212 394/450/212
f 942/451/213 768/453/213 396/454/213 395/452/213
f 768/453/214 770/455/214 397/456/214 396/454/214
f 770/455/215 772/457/215 398/458/215 397/456/215
f 772/457/216 944/459/216 399/460/216 398/458/216
f 944/459/217 859/461/217 400/462/217 399/460/217
f 859/461/218 858/463/218 401/464/218 400/462/218
f 858/463/219 857/465/219 402/466/219 401/464/219
f 857/465/220 946/467/220 403/468/220 402/466/220
f 946/467/221 784/469/221 404/470/221 403/468/221
f 784/469/222 786/471/222 405/472/222 404/470/222
f 786/471/223 788/473/223 406/474/223 405/472/223
f 788/473/224 948/475/224 407/476/224 406/474/224
f 948/475/225 854/477/225 408/478/225 407/476/225
f 854/477/226 853/415/226 377/418/226 408/478/226
f 1302/481/219 1304/482/219 1445/483/219 1446/484/219
f 1276/412/206 1278/485/206 753/486/206 751/413/206
f 1304/482/220 1306/487/220 781/488/220 1445/483/220
f 1278/485/207 1280/489/207 755/490/207 753/486/207
f 1306/487/221 1308/491/221 783/492/221 781/488/221
f 1280/489/208 1282/493/208 757/494/208 755/490/208
f 1308/491/222 1310/495/222 785/496/222 783/492/222
f 1282/497/209 1284/498/209 759/499/209 757/494/209
f 1256/500/197 1258/501/197 733/502/197 731/503/197
f 1310/495/223 1312/504/223 787/505/223 785/496/223
f 1284/506/210 1286/507/210 761/508/210 759/499/210
f 1258/509/198 1260/510/198 735/511/198 733/502/198
f 1312/512/224 1314/513/224 789/514/224 787/505/224
f 1286/507/211 1288/515/211 763/516/211 761/508/211
f 1260/510/199 1262/517/199 737/518/199 735/511/199
f 1314/513/225 1316/519/225 791/520/225 789/514/225
f 1288/521/212 1290/522/212 765/523/212 763/516/212
f 1262/524/200 1264/525/200 739/526/200 737/518/200
f 1290/522/213 1292/527/213 767/528/213 765/523/213
f 1264/529/201 1266/530/201 741/531/201 739/526/201
f 1316/519/226 1253/532/226 730/533/226 791/520/226
f 1292/527/214 1294/534/214 769/535/214 767/528/214
f 1266/530/202 1268/536/202 1450/537/202 741/531/202
f 1294/534/215 1296/538/215 771/539/215 769/535/215
f 1268/536/203 1270/540/203 1449/541/203 1450/537/203
f 1296/542/216 1298/543/216 773/544/216 771/539/216
f 1270/545/204 1272/546/204 1448/547/204 1449/541/204
f 1298/543/217 1300/548/217 1447/549/217 773/544/217
f 1272/546/205 1274/411/205 749/414/205 1448/547/205
f 1300/550/218 1302/481/218 1446/484/218 1447/549/218
f 579/571/292 578/569/292 610/569/292 611/571/292
f 614/577/324 613/575/324 645/575/324 646/577/324
f 593/480/325 592/597/325 624/597/325 625/480/325
f 580/573/326 579/571/326 611/571/326 612/573/326
f 594/479/327 593/480/327 625/480/327 626/479/327
f 581/575/328 580/573/328 612/573/328 613/575/328
f 595/601/329 594/479/329 626/479/329 627/601/329
f 582/577/330 581/575/330 613/575/330 614/577/330
f 596/603/331 595/601/331 627/601/331 628/603/331
f 583/579/332 582/577/332 614/577/332 615/579/332
f 570/552/333 569/551/333 601/551/333 602/552/333
f 597/605/334 596/603/334 628/603/334 629/605/334
f 584/581/335 583/579/335 615/579/335 616/581/335
f 571/555/336 570/552/336 602/552/336 603/555/336
f 598/607/337 597/605/337 629/605/337 630/607/337
f 585/583/338 584/581/338 616/581/338 617/583/338
f 572/557/339 571/555/339 603/555/339 604/557/339
f 599/609/340 598/607/340 630/607/340 631/609/340
f 586/585/341 585/583/341 617/583/341 618/585/341
f 573/559/342 572/557/342 604/557/342 605/559/342
f 600/611/343 599/609/343 631/609/343 632/611/343
f 587/587/344 586/585/344 618/585/344 619/587/344
f 574/561/345 573/559/345 605/559/345 606/561/345
f 569/551/346 600/611/346 632/611/346 601/551/346
f 588/589/347 587/587/347 619/587/347 620/589/347
f 575/563/348 574/561/348 606/561/348 607/563/348
f 589/591/349 588/589/349 620/589/349 621/591/349
f 576/565/350 575/563/350 607/563/350 608/565/350
f 590/593/351 589/591/351 621/591/351 622/593/351
f 577/567/352 576/565/352 608/565/352 609/567/352
f 591/595/353 590/593/353 622/593/353 623/595/353
f 578/569/354 577/567/354 609/567/354 610/569/354
f 592/597/355 591/595/355 623/595/355 624/597/355
s 1
f 649/583/11 648/581/134 1076/581/356 1077/583/357
s 0
f 628/603/358 627/601/358 659/601/358 660/603/358
f 615/579/359 614/577/359 646/577/359 647/579/359
f 602/552/360 601/551/360 633/551/360 634/552/360
f 629/605/361 628/603/361 660/603/361 661/605/361
f 616/581/362 615/579/362 647/579/362 648/581/362
f 603/555/363 602/552/363 634/552/363 635/555/363
f 630/607/364 629/605/364 661/605/364 662/607/364
f 617/583/365 616/581/365 648/581/365 649/583/365
f 604/557/366 603/555/366 635/555/366 636/557/366
f 631/609/367 630/607/367 662/607/367 663/609/367
f 618/585/368 617/583/368 649/583/368 650/585/368
f 605/559/369 604/557/369 636/557/369 637/559/369
f 632/611/370 631/609/370 663/609/370 664/611/370
f 619/587/371 618/585/371 650/585/371 651/587/371
f 606/561/372 605/559/372 637/559/372 638/561/372
f 601/551/373 632/611/373 664/611/373 633/551/373
f 620/589/374 619/587/374 651/587/374 652/589/374
f 607/563/375 606/561/375 638/561/375 639/563/375
f 621/591/376 620/589/376 652/589/376 653/591/376
f 608/565/377 607/563/377 639/563/377 640/565/377
f 622/593/378 621/591/378 653/591/378 654/593/378
f 609/567/379 608/565/379 640/565/379 641/567/379
f 623/595/380 622/593/380 654/593/380 655/595/380
f 610/569/381 609/567/381 641/567/381 642/569/381
f 624/597/382 623/595/382 655/595/382 656/597/382
f 611/571/383 610/569/383 642/569/383 643/571/383
f 625/480/384 624/597/384 656/597/384 657/480/384
f 612/573/385 611/571/385 643/571/385 644/573/385
f 626/479/386 625/480/386 657/480/386 658/479/386
f 613/575/387 612/573/387 644/573/387 645/575/387
f 627/601/388 626/479/388 658/479/388 659/601/388
f 702/613/389 703/409/389 1195/409/389 1194/613/389
s 1
f 636/557/113 635/555/110 1063/555/390 1064/557/391
f 663/609/160 662/607/158 1090/607/392 1091/609/393
f 650/585/137 649/583/11 1077/583/357 1078/585/394
f 637/559/17 636/557/113 1064/557/391 1065/559/395
f 664/611/107 663/609/160 1091/609/393 1092/611/396
f 651/587/139 650/585/137 1078/585/394 1079/587/397
f 638/561/116 637/559/17 1065/559/395 1066/561/398
f 633/551/9 664/611/107 1092/611/396 1061/551/399
f 652/589/141 651/587/139 1079/587/397 1080/589/400
f 639/563/118 638/561/116 1066/561/398 1067/563/401
f 653/591/12 652/589/141 1080/589/400 1081/591/402
f 640/565/120 639/563/118 1067/563/401 1068/565/403
f 654/593/144 653/591/12 1081/591/402 1082/593/404
f 641/567/4 640/565/120 1068/565/403 1069/567/405
f 655/595/146 654/593/144 1082/593/404 1083/595/406
f 642/569/123 641/567/4 1069/567/405 1070/569/407
f 656/597/148 655/595/146 1083/595/406 1084/597/408
f 643/571/125 642/569/123 1070/569/407 1071/571/409
f 657/480/6 656/597/148 1084/597/408 1085/480/410
f 644/573/127 643/571/125 1071/571/409 1072/573/411
f 658/479/151 657/480/6 1085/480/410 1086/479/412
f 645/575/16 644/573/127 1072/573/411 1073/575/413
f 659/601/153 658/479/151 1086/479/412 1087/601/414
f 646/577/130 645/575/16 1073/575/413 1074/577/415
f 660/603/155 659/601/153 1087/601/414 1088/603/416
f 647/579/132 646/577/130 1074/577/415 1075/579/417
f 634/552/162 633/551/9 1061/551/399 1062/552/418
f 661/605/15 660/603/155 1088/603/416 1089/605/419
f 648/581/134 647/579/132 1075/579/417 1076/581/356
f 635/555/110 634/552/162 1062/552/418 1063/555/390
f 662/607/158 661/605/15 1089/605/419 1090/607/392
f 1124/614/134 1123/615/132 1411/615/132 1412/614/134
s 0
f 1046/616/420 1048/408/420 1175/408/420 1173/616/420
f 701/617/421 702/613/421 1194/613/421 1249/617/421
f 1047/410/422 1045/618/422 1174/618/422 1176/410/422
f 700/619/423 701/617/423 1249/617/423 1243/619/423
f 1044/620/424 1046/616/424 1173/616/424 1171/620/424
f 699/621/425 700/619/425 1243/619/425 1237/621/425
f 1045/618/426 1043/622/426 1172/622/426 1174/618/426
f 698/623/427 699/621/427 1237/621/427 1231/623/427
f 1042/624/428 1044/620/428 1171/620/428 1169/624/428
f 697/625/429 698/623/429 1231/623/429 1230/625/429
f 1043/622/430 1041/626/430 1170/626/430 1172/622/430
f 665/627/431 696/628/431 1252/628/431 1229/627/431
f 1040/629/432 1042/624/432 1169/624/432 1167/629/432
f 696/628/433 695/630/433 1246/630/433 1252/628/433
f 1041/626/434 1039/631/434 1168/631/434 1170/626/434
f 695/630/435 694/632/435 1240/632/435 1246/630/435
f 1038/633/436 1040/629/436 1167/629/436 1165/633/436
f 694/632/437 693/634/437 1234/634/437 1240/632/437
f 1039/631/438 1037/635/438 1166/635/438 1168/631/438
f 693/634/439 692/636/439 1226/636/439 1234/634/439
f 1036/637/440 1038/633/440 1165/633/440 1163/637/440
f 692/636/441 691/638/441 1222/638/441 1226/636/441
f 1037/635/442 1035/639/442 1164/639/442 1166/635/442
f 691/638/443 690/640/443 1218/640/443 1222/638/443
f 1034/641/444 1036/637/444 1163/637/444 1161/641/444
f 690/640/445 689/642/445 1214/642/445 1218/640/445
f 1035/639/446 1033/643/446 1162/643/446 1164/639/446
f 689/642/447 688/644/447 1210/644/447 1214/642/447
f 1032/645/448 1034/641/448 1161/641/448 1159/645/448
f 688/644/449 687/646/449 1206/646/449 1210/644/449
f 1033/643/450 1031/647/450 1160/647/450 1162/643/450
f 1255/553/307 1254/554/307 441/554/307 442/553/307
f 759/499/312 761/508/312 803/508/312 802/499/312
f 1315/612/317 1313/610/317 471/610/317 472/612/317
f 749/414/139 938/435/139 937/435/139 828/648/139 800/414/139
f 1313/610/314 1311/608/314 470/608/314 471/610/314
f 787/505/224 789/514/224 948/475/224 788/473/224
f 1311/608/311 1309/606/311 469/606/311 470/608/311
f 785/496/223 787/505/223 788/473/223 786/471/223
f 1309/606/308 1307/604/308 468/604/308 469/606/308
f 783/492/222 785/496/222 786/471/222 784/469/222
f 1307/604/305 1305/602/305 467/602/305 468/604/305
f 781/488/221 783/492/221 784/469/221 946/467/221
f 1305/602/303 1303/600/303 466/600/303 467/602/303
f 773/544/297 1447/549/297 1453/549/297 806/544/297
f 1303/600/301 1301/599/301 465/599/301 466/600/301
f 814/415/2 815/416/2 1457/416/2 896/415/2
f 1301/599/299 1299/598/299 464/598/299 465/599/299
f 1448/547/298 749/414/298 800/414/298 1454/547/298
f 1299/598/297 1297/596/297 463/596/297 464/598/297
f 778/463/14 776/461/14 1470/461/14 914/463/14
f 1297/596/295 1295/594/295 462/594/295 463/596/295
f 771/539/216 773/544/216 944/459/216 772/457/216
f 1295/594/293 1293/592/293 461/592/293 462/594/293
f 769/535/215 771/539/215 772/457/215 770/455/215
f 1293/592/323 1291/649/323 460/590/323 461/592/323
f 767/528/214 769/535/214 770/455/214 768/453/214
f 1291/649/321 1289/588/321 459/588/321 460/590/321
f 765/523/213 767/528/213 768/453/213 942/451/213
f 1289/588/318 1287/586/318 458/586/318 459/588/318
f 761/508/315 763/516/315 804/516/315 803/508/315
f 1287/586/315 1285/584/315 457/584/315 458/586/315
f 1285/584/312 1283/582/312 456/582/312 457/584/312
f 1456/537/451 1455/541/451 824/650/451 822/651/451
f 1283/582/309 1281/580/309 455/580/309 456/582/309
f 1474/463/14 912/652/14 1514/652/14 1492/463/14
f 1281/580/306 1279/578/306 454/578/306 455/580/306
f 755/490/208 757/494/208 940/443/208 756/441/208
f 1279/578/304 1277/576/304 453/576/304 454/578/304
f 753/486/207 755/490/207 756/441/207 754/439/207
f 1277/576/302 1275/574/302 452/574/302 453/576/302
f 751/413/206 753/486/206 754/439/206 752/437/206
f 1275/574/300 1273/572/300 451/572/300 452/574/300
f 749/414/195 751/413/195 752/437/195 938/435/195
f 1273/572/298 1271/570/298 450/570/298 451/572/298
f 948/475/146 789/514/146 811/514/146 849/653/146 947/475/146
f 1271/570/296 1269/568/296 449/568/296 450/570/296
f 804/516/452 805/523/452 838/654/452 836/655/452
f 1269/568/294 1267/566/294 448/566/294 449/568/294
f 789/514/317 791/520/317 812/520/317 811/514/317
f 1267/566/260 1265/564/260 447/564/260 448/566/260
f 1452/484/453 1451/483/453 846/656/453 844/657/453
f 1265/564/322 1263/562/322 446/562/322 447/564/322
f 739/526/201 741/531/201 935/427/201 740/425/201
f 1263/562/319 1261/560/319 445/560/319 446/562/319
f 737/518/200 739/526/200 740/425/200 738/423/200
f 1261/560/316 1259/558/316 444/558/316 445/560/316
f 735/511/199 737/518/199 738/423/199 736/421/199
f 1259/558/313 1257/556/313 443/556/313 444/558/313
f 733/502/198 735/511/198 736/421/198 934/419/198
f 1257/556/310 1255/553/310 442/553/310 443/556/310
f 763/516/318 765/523/318 805/523/318 804/516/318
f 1254/554/320 1315/612/320 472/612/320 441/554/320
f 793/533/454 794/503/454 816/658/454 813/659/454
f 794/503/455 795/502/455 818/660/455 816/658/455
f 963/661/2 851/477/2 1460/477/2 925/661/2
f 781/488/110 946/467/110 945/467/110 848/662/110 810/488/110
f 815/416/2 949/663/2 932/663/2 1457/416/2
f 780/465/14 778/463/14 914/463/14 1472/465/14
f 851/477/2 814/415/2 896/415/2 1460/477/2
f 765/523/153 942/451/153 941/451/153 838/654/153 805/523/153
f 952/664/2 821/429/2 1461/429/2 931/664/2
f 962/665/14 780/465/14 1472/465/14 918/665/14
f 732/416/14 729/666/14 1473/666/14 1458/416/14
f 821/429/2 823/431/2 1480/431/2 1461/429/2
f 792/477/14 964/667/14 917/667/14 1459/477/14
f 950/663/14 732/416/14 1458/416/14 924/663/14
f 823/431/2 825/433/2 1463/433/2 1480/431/2
f 729/666/14 792/477/14 1459/477/14 1473/666/14
f 812/520/456 793/533/456 813/668/456 852/669/456
f 801/494/457 802/499/457 832/670/457 829/671/457
f 1453/549/458 1452/484/458 844/672/458 842/673/458
f 1477/415/2 893/674/2 1501/674/2 1486/415/2
f 803/508/459 804/516/459 836/675/459 834/676/459
f 731/503/310 733/502/310 795/502/310 794/503/310
f 1454/547/460 800/414/460 828/677/460 826/678/460
f 757/494/309 759/499/309 802/499/309 801/494/309
f 733/502/125 934/419/125 933/419/125 818/679/125 795/502/125
f 807/680/312 775/681/312 1494/681/312 1498/680/312
f 806/544/461 1453/549/461 842/682/461 839/683/461
f 796/531/462 1456/537/462 822/684/462 819/685/462
f 802/499/463 803/508/463 834/686/463 832/687/463
f 730/533/307 731/503/307 794/503/307 793/533/307
f 1455/541/464 1454/547/464 826/678/464 824/688/464
f 744/429/14 951/689/14 923/689/14 1462/429/14
f 741/531/260 1450/537/260 1456/537/260 796/531/260
f 811/514/465 812/520/465 852/690/465 849/653/465
f 940/443/118 757/494/118 801/494/118 829/691/118 939/443/118
f 935/427/160 741/531/160 796/531/160 819/685/160 936/427/160
f 1445/483/303 781/488/303 810/488/303 1451/483/303
f 1451/483/466 810/488/466 848/692/466 846/693/466
f 944/459/132 773/544/132 806/544/132 839/683/132 943/459/132
f 791/520/320 730/533/320 793/533/320 812/520/320
f 916/694/14 1474/463/14 1492/463/14 1516/694/14
f 873/415/467 874/477/467 852/669/467 813/668/467
f 874/477/468 947/475/468 849/653/468 852/690/468
f 945/467/469 877/465/469 846/693/469 848/692/469
f 877/465/470 878/463/470 844/657/470 846/656/470
f 878/463/471 879/461/471 842/673/471 844/672/471
f 879/461/472 943/459/472 839/683/472 842/682/472
f 941/451/473 882/449/473 836/655/473 838/654/473
f 882/449/474 883/447/474 834/676/474 836/675/474
f 883/447/475 884/445/475 832/687/475 834/686/475
f 884/445/476 939/443/476 829/671/476 832/670/476
f 937/435/477 887/433/477 826/678/477 828/677/477
f 887/433/478 888/431/478 824/688/478 826/678/478
f 888/431/479 889/429/479 822/651/479 824/650/479
f 889/429/480 936/427/480 819/685/480 822/684/480
f 933/419/481 892/416/481 816/658/481 818/660/481
f 892/416/482 873/415/482 813/659/482 816/658/482
f 825/433/2 953/695/2 930/695/2 1463/433/2
f 792/477/312 729/666/312 853/415/312 854/477/312
f 964/667/309 792/477/309 854/477/309 948/475/309
f 780/465/298 962/665/298 946/467/298 857/465/298
f 778/463/296 780/465/296 857/465/296 858/463/296
f 776/461/294 778/463/294 858/463/294 859/461/294
f 960/696/260 776/461/260 859/461/260 944/459/260
f 764/449/310 958/697/310 942/451/310 862/449/310
f 762/447/307 764/449/307 862/449/307 863/447/307
f 760/445/320 762/447/320 863/447/320 864/445/320
f 956/698/317 760/445/317 864/445/317 940/443/317
f 748/433/303 954/699/303 938/435/303 867/433/303
f 746/431/301 748/433/301 867/433/301 868/431/301
f 744/429/299 746/431/299 868/431/299 869/429/299
f 951/689/297 744/429/297 869/429/297 935/427/297
f 732/416/318 950/663/318 934/419/318 872/416/318
f 729/666/315 732/416/315 872/416/315 853/415/315
f 814/415/312 851/477/312 874/477/312 873/415/312
f 851/477/309 963/661/309 947/475/309 874/477/309
f 961/665/298 845/465/298 877/465/298 945/467/298
f 845/465/296 843/463/296 878/463/296 877/465/296
f 843/463/294 841/461/294 879/461/294 878/463/294
f 841/461/260 959/700/260 943/459/260 879/461/260
f 957/701/310 835/449/310 882/449/310 941/451/310
f 835/449/307 833/447/307 883/447/307 882/449/307
f 833/447/320 831/445/320 884/445/320 883/447/320
f 831/445/317 955/698/317 939/443/317 884/445/317
f 953/695/303 825/433/303 887/433/303 937/435/303
f 825/433/301 823/431/301 888/431/301 887/433/301
f 823/431/299 821/429/299 889/429/299 888/431/299
f 821/429/297 952/664/297 936/427/297 889/429/297
f 949/663/318 815/416/318 892/416/318 933/419/318
f 815/416/315 814/415/315 873/415/315 892/416/315
f 856/702/483 782/703/483 994/703/483 978/702/483
f 890/704/484 820/705/484 984/705/484 968/704/484
f 865/706/260 885/707/260 971/707/260 972/706/260
f 790/708/485 855/709/485 980/709/485 996/708/485
f 827/710/486 886/711/486 969/711/486 985/710/486
f 886/711/318 866/711/318 970/711/318 969/711/318
f 850/712/260 790/708/260 996/708/260 995/712/260
f 885/707/487 830/713/487 987/713/487 971/707/487
f 920/697/488 1468/449/488 1467/449/488 928/701/488
f 899/714/2 901/715/2 1487/715/2 1505/714/2
f 1459/477/489 917/667/489 925/661/489 1460/477/489
f 918/665/490 1472/465/490 1471/465/490 926/665/490
f 798/541/2 797/716/2 1500/716/2 1483/541/2
f 1470/461/491 919/696/491 927/700/491 1469/461/491
f 895/666/14 897/717/14 1503/717/14 1485/666/14
f 901/715/2 903/718/2 1507/718/2 1487/715/2
f 1466/445/492 921/698/492 929/698/492 1465/445/492
f 922/699/493 1464/433/493 1463/433/493 930/695/493
f 799/719/2 798/541/2 1483/541/2 1499/719/2
f 915/720/307 916/694/307 1516/694/307 1515/720/307
f 1462/429/494 923/689/494 931/664/494 1461/429/494
f 924/663/495 1458/416/495 1457/416/495 932/663/495
f 905/721/2 1479/447/2 1489/447/2 1509/721/2
f 808/484/2 807/680/2 1498/680/2 1482/484/2
f 845/465/2 961/665/2 926/665/2 1471/465/2
f 776/461/14 960/696/14 919/696/14 1470/461/14
f 949/663/298 950/663/298 924/663/298 932/663/298
f 843/463/2 845/465/2 1471/465/2 913/463/2
f 958/697/14 764/449/14 1468/449/14 920/697/14
f 951/689/317 952/664/317 931/664/317 923/689/317
f 841/461/2 843/463/2 913/463/2 1469/461/2
f 764/449/14 762/447/14 908/447/14 1468/449/14
f 953/695/318 954/699/318 922/699/318 930/695/318
f 959/700/2 841/461/2 1469/461/2 927/700/2
f 762/447/14 760/445/14 1466/445/14 908/447/14
f 956/698/260 955/698/260 929/698/260 921/698/260
f 835/449/2 957/701/2 928/701/2 1467/449/2
f 760/445/14 956/698/14 921/698/14 1466/445/14
f 957/701/303 958/697/303 920/697/303 928/701/303
f 833/447/2 835/449/2 1467/449/2 907/447/2
f 954/699/14 748/433/14 1464/433/14 922/699/14
f 960/696/309 959/700/309 927/700/309 919/696/309
f 831/445/2 833/447/2 907/447/2 1465/445/2
f 748/433/14 746/431/14 902/431/14 1464/433/14
f 961/665/310 962/665/310 918/665/310 926/665/310
f 955/698/2 831/445/2 1465/445/2 929/698/2
f 746/431/14 744/429/14 1462/429/14 902/431/14
f 964/667/297 963/661/297 925/661/297 917/667/297
f 871/722/318 891/723/318 933/419/318 934/419/318
f 890/704/297 870/724/297 935/427/297 936/427/297
f 866/711/303 886/711/303 937/435/303 938/435/303
f 885/707/317 865/706/317 940/443/317 939/443/317
f 861/725/310 881/725/310 941/451/310 942/451/310
f 880/726/260 860/727/260 944/459/260 943/459/260
f 856/702/298 876/728/298 945/467/298 946/467/298
f 875/729/309 855/709/309 948/475/309 947/475/309
f 817/730/318 734/731/318 950/663/318 949/663/318
f 742/732/297 820/705/297 952/664/297 951/689/297
f 827/710/303 750/733/303 954/699/303 953/695/303
f 758/734/317 830/713/317 955/698/317 956/698/317
f 837/735/310 766/736/310 958/697/310 957/701/310
f 774/737/260 840/738/260 959/700/260 960/696/260
f 847/703/298 782/703/298 962/665/298 961/665/298
f 790/708/309 850/712/309 963/661/309 964/667/309
f 855/709/309 790/708/309 964/667/309 948/475/309
f 782/703/298 856/702/298 946/467/298 962/665/298
f 860/727/260 774/737/260 960/696/260 944/459/260
f 766/736/310 861/725/310 942/451/310 958/697/310
f 865/706/317 758/734/317 956/698/317 940/443/317
f 750/733/303 866/711/303 938/435/303 954/699/303
f 870/724/297 742/732/297 951/689/297 935/427/297
f 734/731/318 871/722/318 934/419/318 950/663/318
f 850/712/309 875/729/309 947/475/309 963/661/309
f 876/728/298 847/703/298 961/665/298 945/467/298
f 840/738/260 880/726/260 943/459/260 959/700/260
f 881/725/310 837/735/310 957/701/310 941/451/310
f 830/713/317 885/707/317 939/443/317 955/698/317
f 886/711/303 827/710/303 953/695/303 937/435/303
f 820/705/297 890/704/297 936/427/297 952/664/297
f 891/723/318 817/730/318 949/663/318 933/419/318
f 881/725/303 861/725/303 974/725/303 973/725/303
f 817/730/496 891/723/496 965/723/496 981/730/496
f 774/737/497 860/727/497 976/727/497 992/737/497
f 860/727/309 880/726/309 975/726/309 976/727/309
f 861/725/498 766/736/498 990/736/498 974/725/498
f 876/728/310 856/702/310 978/702/310 977/728/310
f 758/734/499 865/706/499 972/706/499 988/734/499
f 855/709/297 875/729/297 979/729/297 980/709/297
f 866/711/500 750/733/500 986/733/500 970/711/500
f 734/731/303 817/730/303 981/730/303 982/731/303
f 742/732/501 870/724/501 967/724/501 983/732/501
f 820/705/309 742/732/309 983/732/309 984/705/309
f 871/722/502 734/731/502 982/731/502 966/722/502
f 750/733/310 827/710/310 985/710/310 986/733/310
f 875/729/503 850/712/503 995/712/503 979/729/503
f 830/713/297 758/734/297 988/734/297 987/713/297
f 847/703/504 876/728/504 977/728/504 993/703/504
f 766/736/298 837/735/298 989/735/298 990/736/298
f 880/726/505 840/738/505 991/738/505 975/726/505
f 840/738/317 774/737/317 992/737/317 991/738/317
f 891/723/298 871/722/298 966/722/298 965/723/298
f 837/735/506 881/725/506 973/725/506 989/735/506
f 782/703/318 847/703/318 993/703/318 994/703/318
f 870/724/317 890/704/317 968/704/317 967/724/317
s 1
f 345/407/507 997/401/508 346/739/161 998/740/109
f 1000/398/508 999/404/507 377/418/507 378/417/508
f 997/401/508 1001/395/509 347/741/111 346/739/161
f 1002/392/509 1000/398/508 378/417/508 379/420/509
f 1001/395/509 1003/389/510 348/742/112 347/741/111
f 1004/386/510 1002/392/509 379/420/509 380/422/510
f 1003/389/510 1005/382/511 349/743/114 348/742/112
f 1006/376/511 1004/386/510 380/422/510 381/424/511
f 1005/382/511 1007/381/512 350/744/115 349/743/114
f 1008/377/512 1006/376/511 381/424/511 382/426/512
f 1007/381/512 1009/745/513 351/746/117 350/744/115
f 1010/747/513 1008/377/512 382/426/512 383/428/513
f 1009/745/513 1011/748/514 352/749/119 351/746/117
f 1012/750/514 1010/747/513 383/428/513 384/430/514
f 1011/748/514 1013/751/515 353/752/121 352/749/119
f 1014/753/515 1012/750/514 384/430/514 385/432/515
f 1013/751/515 1015/754/516 354/755/122 353/752/121
f 1016/756/516 1014/753/515 385/432/515 386/434/516
f 1015/754/516 1017/757/517 355/758/124 354/755/122
f 1018/759/517 1016/756/516 386/434/516 387/436/517
f 1017/757/517 1019/760/518 356/761/126 355/758/124
f 1020/762/518 1018/759/517 387/436/517 388/438/518
f 1019/760/518 1021/763/519 357/764/128 356/761/126
f 1022/765/519 1020/762/518 388/438/518 389/440/519
f 1021/763/519 1023/766/520 358/767/129 357/764/128
f 1024/768/520 1022/765/519 389/440/519 390/442/520
f 1023/766/520 1025/769/521 359/770/131 358/767/129
f 1026/771/521 1024/768/520 390/442/520 391/444/521
f 1025/769/521 1027/772/522 360/773/133 359/770/131
f 1028/774/522 1026/771/521 391/444/521 392/446/522
f 1027/772/522 1029/775/523 361/776/135 360/773/133
f 1030/777/523 1028/774/522 392/446/522 393/448/523
f 1029/775/523 1031/647/524 362/778/136 361/776/135
f 1032/645/524 1030/777/523 393/448/523 394/450/524
f 1031/647/524 1033/643/525 363/779/138 362/778/136
f 1034/641/525 1032/645/524 394/450/524 395/452/525
f 1033/643/525 1035/639/526 364/780/140 363/779/138
f 1036/637/526 1034/641/525 395/452/525 396/454/526
f 1035/639/526 1037/635/527 365/781/142 364/780/140
f 1038/633/527 1036/637/526 396/454/526 397/456/527
f 1037/635/527 1039/631/528 366/782/143 365/781/142
f 1040/629/528 1038/633/527 397/456/527 398/458/528
f 1039/631/528 1041/626/529 367/783/145 366/782/143
f 1042/624/529 1040/629/528 398/458/528 399/460/529
f 1041/626/529 1043/622/530 368/784/147 367/783/145
f 1044/620/530 1042/624/529 399/460/529 400/462/530
f 1043/622/530 1045/618/531 369/785/149 368/784/147
f 1046/616/531 1044/620/530 400/462/530 401/464/531
f 1045/618/531 1047/410/532 370/786/150 369/785/149
f 1048/408/532 1046/616/531 401/464/531 402/466/532
f 1047/410/532 1049/405/533 371/787/152 370/786/150
f 1050/402/533 1048/408/532 402/466/532 403/468/533
f 1049/405/533 1051/399/534 372/788/154 371/787/152
f 1052/396/534 1050/402/533 403/468/533 404/470/534
f 1051/399/534 1053/393/535 373/789/156 372/788/154
f 1054/390/535 1052/396/534 404/470/534 405/472/535
f 1053/393/535 1055/387/536 374/790/157 373/789/156
f 1056/383/536 1054/390/535 405/472/535 406/474/536
f 1055/387/536 1057/379/537 375/791/159 374/790/157
f 1058/384/537 1056/383/536 406/474/536 407/476/537
f 1057/379/537 1059/378/538 376/792/108 375/791/159
f 1060/793/538 1058/384/537 407/476/537 408/478/538
f 1059/378/538 345/407/507 998/740/109 376/792/108
f 999/404/507 1060/793/538 408/478/538 377/418/507
f 665/627/539 666/794/540 1062/552/418 1061/551/399
f 666/794/540 667/795/541 1063/555/390 1062/552/418
f 667/795/541 668/796/542 1064/557/391 1063/555/390
f 668/796/542 669/797/543 1065/559/395 1064/557/391
f 669/797/543 670/798/544 1066/561/398 1065/559/395
f 670/798/544 671/799/545 1067/563/401 1066/561/398
f 671/799/545 672/800/546 1068/565/403 1067/563/401
f 672/800/546 673/801/547 1069/567/405 1068/565/403
f 673/801/547 674/802/548 1070/569/407 1069/567/405
f 674/802/548 675/803/549 1071/571/409 1070/569/407
f 675/803/549 676/804/550 1072/573/411 1071/571/409
f 676/804/550 677/805/551 1073/575/413 1072/573/411
f 677/805/551 678/806/552 1074/577/415 1073/575/413
f 678/806/552 679/807/553 1075/579/417 1074/577/415
f 679/807/553 680/808/554 1076/581/356 1075/579/417
f 680/808/554 681/809/555 1077/583/357 1076/581/356
f 681/809/555 682/810/556 1078/585/394 1077/583/357
f 682/810/556 683/811/557 1079/587/397 1078/585/394
f 683/811/557 684/812/558 1080/589/400 1079/587/397
f 684/812/558 685/813/559 1081/591/402 1080/589/400
f 685/813/559 686/814/560 1082/593/404 1081/591/402
f 686/814/560 687/646/561 1083/595/406 1082/593/404
f 687/646/561 688/644/562 1084/597/408 1083/595/406
f 688/644/562 689/642/563 1085/480/410 1084/597/408
f 689/642/563 690/640/564 1086/479/412 1085/480/410
f 690/640/564 691/638/565 1087/601/414 1086/479/412
f 691/638/565 692/636/566 1088/603/416 1087/601/414
f 692/636/566 693/634/567 1089/605/419 1088/603/416
f 693/634/567 694/632/568 1090/607/392 1089/605/419
f 694/632/568 695/630/569 1091/609/393 1090/607/392
f 695/630/569 696/628/570 1092/611/396 1091/609/393
f 696/628/570 665/627/539 1061/551/399 1092/611/396
f 698/623/540 697/625/539 1317/551/539 1318/552/540
f 699/621/541 698/623/540 1318/552/540 1319/555/541
f 700/619/542 699/621/541 1319/555/541 1320/557/542
f 701/617/543 700/619/542 1320/557/542 1321/559/543
f 702/613/544 701/617/543 1321/559/543 1322/561/544
f 703/409/545 702/613/544 1322/561/544 1323/563/545
f 704/406/546 703/409/545 1323/563/545 1324/565/546
f 705/403/547 704/406/546 1324/565/546 1325/567/547
f 706/400/548 705/403/547 1325/567/547 1326/569/548
f 707/397/549 706/400/548 1326/569/548 1327/571/549
f 708/394/550 707/397/549 1327/571/549 1328/573/550
f 709/391/551 708/394/550 1328/573/550 1329/575/551
f 710/388/552 709/391/551 1329/575/551 1330/577/552
f 711/385/553 710/388/552 1330/577/552 1331/579/553
f 712/380/554 711/385/553 1331/579/553 1332/581/554
f 713/374/555 712/380/554 1332/581/554 1333/583/555
f 714/375/556 713/374/555 1333/583/555 1334/585/556
f 715/815/557 714/375/556 1334/585/556 1335/587/557
f 716/816/571 715/815/557 1335/587/557 1336/589/571
f 717/817/559 716/816/571 1336/589/571 1337/591/559
f 718/818/560 717/817/559 1337/591/559 1338/593/560
f 719/819/561 718/818/560 1338/593/560 1339/595/561
f 720/820/562 719/819/561 1339/595/561 1340/597/562
f 721/821/563 720/820/562 1340/597/562 1341/480/563
f 722/822/564 721/821/563 1341/480/563 1342/479/564
f 723/823/565 722/822/564 1342/479/564 1343/601/565
f 724/824/566 723/823/565 1343/601/565 1344/603/566
f 725/825/567 724/824/566 1344/603/566 1345/605/567
f 726/826/568 725/825/567 1345/605/567 1346/607/568
f 727/827/569 726/826/568 1346/607/568 1347/609/569
f 728/828/570 727/827/569 1347/609/569 1348/611/570
f 697/625/539 728/828/570 1348/611/570 1317/551/539
s 0
f 1058/384/636 1060/793/636 1187/793/636 1185/384/636
f 1009/745/637 1007/381/637 1136/381/637 1138/745/637
f 714/375/638 715/815/638 1190/815/638 1247/375/638
f 345/407/639 1059/378/639 1188/378/639 1127/407/639
f 1008/377/640 1010/747/640 1137/747/640 1135/377/640
f 715/815/641 716/816/641 1191/816/641 1190/815/641
f 1060/793/642 999/404/642 1128/404/642 1187/793/642
f 1011/748/643 1009/745/643 1138/745/643 1140/748/643
f 716/816/644 717/817/644 1197/817/644 1191/816/644
f 666/794/645 665/627/645 1229/627/645 1232/794/645
f 1010/747/646 1012/750/646 1139/750/646 1137/747/646
f 717/817/647 718/818/647 1201/818/647 1197/817/647
f 667/795/648 666/794/648 1232/794/648 1238/795/648
f 1013/751/649 1011/748/649 1140/748/649 1142/751/649
f 718/818/650 719/819/650 1205/819/650 1201/818/650
f 668/796/651 667/795/651 1238/795/651 1244/796/651
f 1012/750/652 1014/753/652 1141/753/652 1139/750/652
f 719/819/653 720/820/653 1209/820/653 1205/819/653
f 669/797/654 668/796/654 1244/796/654 1250/797/654
f 1015/754/655 1013/751/655 1142/751/655 1144/754/655
f 720/820/656 721/821/656 1213/821/656 1209/820/656
f 670/798/657 669/797/657 1250/797/657 1193/798/657
f 1014/753/658 1016/756/658 1143/756/658 1141/753/658
f 721/821/659 722/822/659 1217/822/659 1213/821/659
f 671/799/660 670/798/660 1193/798/660 1196/799/660
f 1017/757/661 1015/754/661 1144/754/661 1146/757/661
f 722/822/662 723/823/662 1221/823/662 1217/822/662
f 672/800/663 671/799/663 1196/799/663 1200/800/663
f 1016/756/664 1018/759/664 1145/759/664 1143/756/664
f 723/823/665 724/824/665 1225/824/665 1221/823/665
f 673/801/666 672/800/666 1200/800/666 1204/801/666
f 1019/760/667 1017/757/667 1146/757/667 1148/760/667
f 724/824/668 725/825/668 1233/825/668 1225/824/668
f 674/802/669 673/801/669 1204/801/669 1208/802/669
f 1018/759/670 1020/762/670 1147/762/670 1145/759/670
f 725/825/671 726/826/671 1239/826/671 1233/825/671
f 675/803/672 674/802/672 1208/802/672 1212/803/672
f 1021/763/673 1019/760/673 1148/760/673 1150/763/673
f 726/826/674 727/827/674 1245/827/674 1239/826/674
f 676/804/675 675/803/675 1212/803/675 1216/804/675
f 1020/762/676 1022/765/676 1149/765/676 1147/762/676
f 727/827/677 728/828/677 1251/828/677 1245/827/677
f 677/805/678 676/804/678 1216/804/678 1220/805/678
f 1023/766/679 1021/763/679 1150/763/679 1152/766/679
f 728/828/680 697/625/680 1230/625/680 1251/828/680
f 678/806/681 677/805/681 1220/805/681 1224/806/681
f 1022/765/682 1024/768/682 1151/768/682 1149/765/682
f 679/807/683 678/806/683 1224/806/683 1228/807/683
f 1025/769/684 1023/766/684 1152/766/684 1154/769/684
f 680/808/685 679/807/685 1228/807/685 1236/808/685
f 1024/768/686 1026/771/686 1153/771/686 1151/768/686
f 681/809/687 680/808/687 1236/808/687 1242/809/687
f 1027/772/688 1025/769/688 1154/769/688 1156/772/688
f 682/810/689 681/809/689 1242/809/689 1248/810/689
f 1026/771/690 1028/774/690 1155/774/690 1153/771/690
f 683/811/691 682/810/691 1248/810/691 1189/811/691
f 1029/775/692 1027/772/692 1156/772/692 1158/775/692
f 684/812/693 683/811/693 1189/811/693 1192/812/693
f 1028/774/694 1030/777/694 1157/777/694 1155/774/694
f 685/813/695 684/812/695 1192/812/695 1198/813/695
f 1031/647/696 1029/775/696 1158/775/696 1160/647/696
f 686/814/697 685/813/697 1198/813/697 1202/814/697
f 1030/777/698 1032/645/698 1159/645/698 1157/777/698
f 687/646/699 686/814/699 1202/814/699 1206/646/699
f 1254/554/700 1255/553/700 1256/829/700 1253/532/700
f 1255/553/701 1257/556/701 1258/501/701 1256/500/701
f 1257/556/702 1259/558/702 1260/510/702 1258/509/702
f 1259/558/703 1261/560/703 1262/517/703 1260/510/703
f 1261/560/704 1263/562/704 1264/525/704 1262/524/704
f 1263/562/705 1265/564/705 1266/530/705 1264/529/705
f 1265/564/706 1267/566/706 1268/536/706 1266/530/706
f 1267/566/707 1269/568/707 1270/540/707 1268/536/707
f 1269/568/708 1271/570/708 1272/546/708 1270/545/708
f 1271/570/709 1273/572/709 1274/411/709 1272/546/709
f 1273/572/710 1275/574/710 1276/412/710 1274/411/710
f 1275/574/711 1277/576/711 1278/485/711 1276/412/711
f 1277/576/712 1279/578/712 1280/489/712 1278/485/712
f 1279/578/713 1281/580/713 1282/493/713 1280/489/713
f 1281/580/714 1283/582/714 1284/498/714 1282/497/714
f 1283/582/715 1285/584/715 1286/507/715 1284/506/715
f 1285/584/716 1287/586/716 1288/515/716 1286/507/716
f 1287/586/717 1289/588/717 1290/522/717 1288/521/717
f 1289/588/718 1291/649/718 1292/527/718 1290/522/718
f 1291/649/719 1293/592/719 1294/534/719 1292/527/719
f 1293/592/720 1295/594/720 1296/538/720 1294/534/720
f 1295/594/721 1297/596/721 1298/543/721 1296/542/721
f 1297/596/722 1299/598/722 1300/548/722 1298/543/722
f 1299/598/723 1301/599/723 1302/481/723 1300/550/723
f 1301/599/724 1303/600/724 1304/482/724 1302/481/724
f 1303/600/725 1305/602/725 1306/487/725 1304/482/725
f 1305/602/726 1307/604/726 1308/491/726 1306/487/726
f 1307/604/727 1309/606/727 1310/495/727 1308/491/727
f 1309/606/728 1311/608/728 1312/504/728 1310/495/728
f 1311/608/729 1313/610/729 1314/513/729 1312/512/729
f 1313/610/730 1315/612/730 1316/519/730 1314/513/730
f 1315/612/731 1254/554/731 1253/532/731 1316/519/731
f 1253/532/196 1256/829/196 731/503/196 730/533/196
f 1093/830/14 1094/831/14 1318/552/14 1317/551/14
f 1094/831/14 1095/832/14 1319/555/14 1318/552/14
f 1095/832/14 1096/833/14 1320/557/14 1319/555/14
f 1096/833/14 1097/834/14 1321/559/14 1320/557/14
f 1097/834/14 1098/835/14 1322/561/14 1321/559/14
f 1098/835/14 1099/836/14 1323/563/14 1322/561/14
f 1099/836/14 1100/837/14 1324/565/14 1323/563/14
f 1100/837/14 1101/838/14 1325/567/14 1324/565/14
f 1101/838/14 1102/839/14 1326/569/14 1325/567/14
f 1102/839/14 1103/840/14 1327/571/14 1326/569/14
f 1103/840/14 1104/841/14 1328/573/14 1327/571/14
f 1104/841/14 1105/842/14 1329/575/14 1328/573/14
f 1105/842/14 1106/843/14 1330/577/14 1329/575/14
f 1106/843/14 1107/844/14 1331/579/14 1330/577/14
f 1107/844/14 1108/845/14 1332/581/14 1331/579/14
f 1108/845/14 1109/846/14 1333/583/14 1332/581/14
f 1109/846/14 1110/847/14 1334/585/14 1333/583/14
f 1110/847/14 1111/848/14 1335/587/14 1334/585/14
f 1111/848/14 1112/849/14 1336/589/14 1335/587/14
f 1112/849/14 1113/850/14 1337/591/14 1336/589/14
f 1113/850/14 1114/851/14 1338/593/14 1337/591/14
f 1114/851/14 1115/852/14 1339/595/14 1338/593/14
f 1115/852/14 1116/853/14 1340/597/14 1339/595/14
f 1116/853/14 1117/854/14 1341/480/14 1340/597/14
f 1117/854/14 1118/855/14 1342/479/14 1341/480/14
f 1118/855/14 1119/856/14 1343/601/14 1342/479/14
f 1119/856/14 1120/857/14 1344/603/14 1343/601/14
f 1120/857/14 1121/858/14 1345/605/14 1344/603/14
f 1121/858/14 1122/859/14 1346/607/14 1345/605/14
f 1122/859/14 1123/615/14 1347/609/14 1346/607/14
f 1123/615/14 1124/614/14 1348/611/14 1347/609/14
f 1124/614/14 1093/830/14 1317/551/14 1348/611/14
s 1
f 1111/848/110 1110/847/162 1398/847/162 1399/848/110
f 1098/835/144 1097/834/12 1385/834/12 1386/835/144
f 1093/830/11 1124/614/134 1412/614/134 1381/830/11
f 1112/849/113 1111/848/110 1399/848/110 1400/849/113
f 1099/836/146 1098/835/144 1386/835/144 1387/836/146
f 1113/850/17 1112/849/113 1400/849/113 1401/850/17
f 1100/837/148 1099/836/146 1387/836/146 1388/837/148
f 1114/851/116 1113/850/17 1401/850/17 1402/851/116
f 1101/838/6 1100/837/148 1388/837/148 1389/838/6
f 1115/852/118 1114/851/116 1402/851/116 1403/852/118
f 1102/839/151 1101/838/6 1389/838/6 1390/839/151
f 1116/853/120 1115/852/118 1403/852/118 1404/853/120
f 1103/840/153 1102/839/151 1390/839/151 1391/840/153
f 1117/854/4 1116/853/120 1404/853/120 1405/854/4
f 1104/841/155 1103/840/153 1391/840/153 1392/841/155
f 1118/855/123 1117/854/4 1405/854/4 1406/855/123
f 1105/842/15 1104/841/155 1392/841/155 1393/842/15
f 1119/856/125 1118/855/123 1406/855/123 1407/856/125
f 1106/843/158 1105/842/15 1393/842/15 1394/843/158
f 1120/857/127 1119/856/125 1407/856/125 1408/857/127
f 1107/844/160 1106/843/158 1394/843/158 1395/844/160
f 1094/831/137 1093/830/11 1381/830/11 1382/831/137
f 1121/858/16 1120/857/127 1408/857/127 1409/858/16
f 1108/845/107 1107/844/160 1395/844/160 1396/845/107
f 1095/832/139 1094/831/137 1382/831/137 1383/832/139
f 1122/859/130 1121/858/16 1409/858/16 1410/859/130
f 1109/846/9 1108/845/107 1396/845/107 1397/846/9
f 1096/833/141 1095/832/139 1383/832/139 1384/833/141
f 1123/615/132 1122/859/130 1410/859/130 1411/615/132
f 1110/847/162 1109/846/9 1397/846/9 1398/847/162
f 1097/834/12 1096/833/141 1384/833/141 1385/834/12
s 0
f 1414/863/14 1413/862/14 1444/891/14 1443/890/14 1442/889/14 1441/888/14 1440/887/14 1439/886/14 1438/885/14 1437/884/14 1436/883/14 1435/882/14 1434/881/14 1433/880/14 1432/879/14 1431/878/14 1430/877/14 1429/876/14 1428/875/14 1427/860/14 1426/861/14 1425/874/14 1424/873/14 1423/872/14 1422/871/14 1421/870/14 1420/869/14 1419/868/14 1418/867/14 1417/866/14 1416/865/14 1415/864/14
f 779/892/301 777/893/301 1446/484/301 1445/483/301
f 777/893/299 775/681/299 1447/549/299 1446/484/299
f 747/894/296 745/895/296 1449/541/296 1448/547/296
f 745/895/294 743/896/294 1450/537/294 1449/541/294
f 808/484/301 809/897/301 1451/483/301 1452/484/301
f 807/680/299 808/484/299 1452/484/299 1453/549/299
f 798/541/296 799/719/296 1454/547/296 1455/541/296
f 797/716/294 798/541/294 1455/541/294 1456/537/294
f 775/681/299 807/680/299 1453/549/299 1447/549/299
f 799/719/296 747/894/296 1448/547/296 1454/547/296
f 743/896/294 797/716/294 1456/537/294 1450/537/294
f 809/897/301 779/892/301 1445/483/301 1451/483/301
f 894/898/315 893/674/315 1457/416/315 1458/416/315
f 898/899/312 897/717/312 1459/477/312 1460/477/312
f 899/714/299 900/714/299 1462/429/299 1461/429/299
f 904/900/301 903/718/301 1463/433/301 1464/433/301
f 905/721/320 906/901/320 1466/445/320 1465/445/320
f 910/902/307 909/903/307 1467/449/307 1468/449/307
f 911/904/294 912/652/294 1470/461/294 1469/461/294
f 916/694/296 915/720/296 1471/465/296 1472/465/296
f 897/717/312 895/666/312 1473/666/312 1459/477/312
f 1474/463/296 916/694/296 1472/465/296 914/463/296
f 912/652/294 1474/463/294 914/463/294 1470/461/294
f 1475/447/307 910/902/307 1468/449/307 908/447/307
f 906/901/320 1475/447/320 908/447/320 1466/445/320
f 1476/431/301 904/900/301 1464/433/301 902/431/301
f 900/714/299 1476/431/299 902/431/299 1462/429/299
f 895/666/315 894/898/315 1458/416/315 1473/666/315
f 1477/415/312 898/899/312 1460/477/312 896/415/312
f 915/720/296 1478/905/296 913/463/296 1471/465/296
f 1478/905/294 911/904/294 1469/461/294 913/463/294
f 909/903/307 1479/447/307 907/447/307 1467/449/307
f 1479/447/320 905/721/320 1465/445/320 907/447/320
f 903/718/301 901/715/301 1480/431/301 1463/433/301
f 901/715/299 899/714/299 1461/429/299 1480/431/299
f 893/674/315 1477/415/315 896/415/315 1457/416/315
f 747/894/315 799/719/315 1499/719/315 1495/894/315
f 910/902/14 1475/447/14 1490/447/14 1512/902/14
f 797/716/320 743/896/320 1496/896/320 1500/716/320
f 1475/447/14 906/901/14 1510/901/14 1490/447/14
f 779/892/307 809/897/307 1497/897/307 1493/892/307
f 904/900/14 1476/431/14 1488/431/14 1508/900/14
f 893/674/296 894/898/296 1502/898/296 1501/674/296
f 1476/431/14 900/714/14 1506/714/14 1488/431/14
f 897/717/299 898/899/299 1504/899/299 1503/717/299
f 777/893/14 779/892/14 1493/892/14 1481/893/14
f 894/898/14 895/666/14 1485/666/14 1502/898/14
f 900/714/320 899/714/320 1505/714/320 1506/714/320
f 775/681/14 777/893/14 1481/893/14 1494/681/14
f 898/899/2 1477/415/2 1486/415/2 1504/899/2
f 903/718/315 904/900/315 1508/900/315 1507/718/315
f 745/895/14 747/894/14 1495/894/14 1484/895/14
f 1478/905/2 915/720/2 1515/720/2 1491/905/2
f 906/901/294 905/721/294 1509/721/294 1510/901/294
f 743/896/14 745/895/14 1484/895/14 1496/896/14
f 911/904/2 1478/905/2 1491/905/2 1513/904/2
f 909/903/301 910/902/301 1512/902/301 1511/903/301
f 809/897/2 808/484/2 1482/484/2 1497/897/2
f 1479/447/2 909/903/2 1511/903/2 1489/447/2
f 912/652/312 911/904/312 1513/904/312 1514/652/312
usemtl M_Orange
f 257/208/14 258/188/14 234/206/14 233/219/14
f 259/193/14 260/218/14 236/191/14 235/209/14
f 261/212/14 262/207/14 238/220/14 237/223/14
f 262/207/14 257/208/14 233/219/14 238/220/14
f 263/200/14 264/192/14 240/210/14 239/214/14
f 264/192/14 259/193/14 235/209/14 240/210/14
f 265/184/14 266/185/14 242/201/14 241/202/14
f 267/249/14 268/203/14 244/194/14 243/195/14
f 269/197/14 270/250/14 246/186/14 245/187/14
f 270/250/14 265/184/14 241/202/14 246/186/14
f 271/252/14 272/251/14 248/253/14 247/198/14
f 272/251/14 267/249/14 243/195/14 248/253/14
f 273/204/14 274/211/14 250/224/14 249/217/14
f 275/189/14 276/196/14 252/213/14 251/205/14
f 277/221/14 278/222/14 254/255/14 253/254/14
f 279/215/14 280/216/14 256/199/14 255/190/14
f 274/211/14 261/212/14 237/223/14 250/224/14
f 268/203/14 273/204/14 249/217/14 244/194/14
f 276/196/14 269/197/14 245/187/14 252/213/14
f 258/188/14 275/189/14 251/205/14 234/206/14
f 280/216/14 271/252/14 247/198/14 256/199/14
f 260/218/14 279/215/14 255/190/14 236/191/14
f 278/222/14 263/200/14 239/214/14 254/255/14
f 266/185/14 277/221/14 253/254/14 242/201/14
f 982/731/318 981/730/318 965/723/318 966/722/318
f 984/705/297 983/732/297 967/724/297 968/704/297
f 986/733/303 985/710/303 969/711/303 970/711/303
f 987/713/317 988/734/317 972/706/317 971/707/317
f 990/736/310 989/735/310 973/725/310 974/725/310
f 991/738/260 992/737/260 976/727/260 975/726/260
f 994/703/298 993/703/298 977/728/298 978/702/298
f 995/712/309 996/708/309 980/709/309 979/729/309
s 1
f 1363/860/160 1362/861/158 1426/861/158 1427/860/160
s 0
f 1349/862/14 1350/863/14 1382/831/14 1381/830/14
f 1350/863/14 1351/864/14 1383/832/14 1382/831/14
f 1351/864/14 1352/865/14 1384/833/14 1383/832/14
f 1352/865/14 1353/866/14 1385/834/14 1384/833/14
f 1353/866/14 1354/867/14 1386/835/14 1385/834/14
f 1354/867/14 1355/868/14 1387/836/14 1386/835/14
f 1355/868/14 1356/869/14 1388/837/14 1387/836/14
f 1356/869/14 1357/870/14 1389/838/14 1388/837/14
f 1357/870/14 1358/871/14 1390/839/14 1389/838/14
f 1358/871/14 1359/872/14 1391/840/14 1390/839/14
f 1359/872/14 1360/873/14 1392/841/14 1391/840/14
f 1360/873/14 1361/874/14 1393/842/14 1392/841/14
f 1361/874/14 1362/861/14 1394/843/14 1393/842/14
f 1362/861/14 1363/860/14 1395/844/14 1394/843/14
f 1363/860/14 1364/875/14 1396/845/14 1395/844/14
f 1364/875/14 1365/876/14 1397/846/14 1396/845/14
f 1365/876/14 1366/877/14 1398/847/14 1397/846/14
f 1366/877/14 1367/878/14 1399/848/14 1398/847/14
f 1367/878/14 1368/879/14 1400/849/14 1399/848/14
f 1368/879/14 1369/880/14 1401/850/14 1400/849/14
f 1369/880/14 1370/881/14 1402/851/14 1401/850/14
f 1370/881/14 1371/882/14 1403/852/14 1402/851/14
f 1371/882/14 1372/883/14 1404/853/14 1403/852/14
f 1372/883/14 1373/884/14 1405/854/14 1404/853/14
f 1373/884/14 1374/885/14 1406/855/14 1405/854/14
f 1374/885/14 1375/886/14 1407/856/14 1406/855/14
f 1375/886/14 1376/887/14 1408/857/14 1407/856/14
f 1376/887/14 1377/888/14 1409/858/14 1408/857/14
f 1377/888/14 1378/889/14 1410/859/14 1409/858/14
f 1378/889/14 1379/890/14 1411/615/14 1410/859/14
f 1379/890/14 1380/891/14 1412/614/14 1411/615/14
f 1380/891/14 1349/862/14 1381/830/14 1412/614/14
s 1
f 1350/863/137 1349/862/11 1413/862/11 1414/863/137
f 1377/888/16 1376/887/127 1440/887/127 1441/888/16
f 1364/875/107 1363/860/160 1427/860/160 1428/875/107
f 1351/864/139 1350/863/137 1414/863/137 1415/864/139
f 1378/889/130 1377/888/16 1441/888/16 1442/889/130
f 1365/876/9 1364/875/107 1428/875/107 1429/876/9
f 1352/865/141 1351/864/139 1415/864/139 1416/865/141
f 1379/890/132 1378/889/130 1442/889/130 1443/890/132
f 1366/877/162 1365/876/9 1429/876/9 1430/877/162
f 1353/866/12 1352/865/141 1416/865/141 1417/866/12
f 1380/891/134 1379/890/132 1443/890/132 1444/891/134
f 1367/878/110 1366/877/162 1430/877/162 1431/878/110
f 1354/867/144 1353/866/12 1417/866/12 1418/867/144
f 1349/862/11 1380/891/134 1444/891/134 1413/862/11
f 1368/879/113 1367/878/110 1431/878/110 1432/879/113
f 1355/868/146 1354/867/144 1418/867/144 1419/868/146
f 1369/880/17 1368/879/113 1432/879/113 1433/880/17
f 1356/869/148 1355/868/146 1419/868/146 1420/869/148
f 1370/881/116 1369/880/17 1433/880/17 1434/881/116
f 1357/870/6 1356/869/148 1420/869/148 1421/870/6
f 1371/882/118 1370/881/116 1434/881/116 1435/882/118
f 1358/871/151 1357/870/6 1421/870/6 1422/871/151
f 1372/883/120 1371/882/118 1435/882/118 1436/883/120
f 1359/872/153 1358/871/151 1422/871/151 1423/872/153
f 1373/884/4 1372/883/120 1436/883/120 1437/884/4
f 1360/873/155 1359/872/153 1423/872/153 1424/873/155
f 1374/885/123 1373/884/4 1437/884/4 1438/885/123
f 1361/874/15 1360/873/155 1424/873/155 1425/874/15
f 1375/886/125 1374/885/123 1438/885/123 1439/886/125
f 1362/861/158 1361/874/15 1425/874/15 1426/861/158
f 1376/887/127 1375/886/125 1439/886/125 1440/887/127
s 0
usemtl M_Noir_Profond
f 301/261/4 304/264/4 303/263/4 302/262/4
f 297/256/6 300/260/6 299/259/6 298/257/6
f 309/267/11 312/271/11 311/270/11 310/268/11
f 305/47/9 308/48/9 307/52/9 306/91/9
f 434/479/227 433/480/227 497/480/227 498/479/227
f 409/551/14 410/552/14 442/553/14 441/554/14
f 410/552/14 411/555/14 443/556/14 442/553/14
f 411/555/14 412/557/14 444/558/14 443/556/14
f 412/557/14 413/559/14 445/560/14 444/558/14
f 413/559/14 414/561/14 446/562/14 445/560/14
f 414/561/14 415/563/14 447/564/14 446/562/14
f 415/563/14 416/565/14 448/566/14 447/564/14
f 416/565/14 417/567/14 449/568/14 448/566/14
f 417/567/14 418/569/14 450/570/14 449/568/14
f 418/569/14 419/571/14 451/572/14 450/570/14
f 419/571/14 420/573/14 452/574/14 451/572/14
f 420/573/14 421/575/14 453/576/14 452/574/14
f 421/575/14 422/577/14 454/578/14 453/576/14
f 422/577/14 423/579/14 455/580/14 454/578/14
f 423/579/14 424/581/14 456/582/14 455/580/14
f 424/581/14 425/583/14 457/584/14 456/582/14
f 425/583/14 426/585/14 458/586/14 457/584/14
f 426/585/14 427/587/14 459/588/14 458/586/14
f 427/587/14 428/589/14 460/590/14 459/588/14
f 428/589/14 429/591/14 461/592/14 460/590/14
f 429/591/14 430/593/14 462/594/14 461/592/14
f 430/593/14 431/595/14 463/596/14 462/594/14
f 431/595/14 432/597/14 464/598/14 463/596/14
f 432/597/14 433/480/14 465/599/14 464/598/14
f 433/480/14 434/479/14 466/600/14 465/599/14
f 434/479/14 435/601/14 467/602/14 466/600/14
f 435/601/14 436/603/14 468/604/14 467/602/14
f 436/603/14 437/605/14 469/606/14 468/604/14
f 437/605/14 438/607/14 470/608/14 469/606/14
f 438/607/14 439/609/14 471/610/14 470/608/14
f 439/609/14 440/611/14 472/612/14 471/610/14
f 440/611/14 409/551/14 441/554/14 472/612/14
f 421/575/228 420/573/228 484/573/228 485/575/228
f 435/601/229 434/479/229 498/479/229 499/601/229
f 422/577/230 421/575/230 485/575/230 486/577/230
f 436/603/231 435/601/231 499/601/231 500/603/231
f 423/579/232 422/577/232 486/577/232 487/579/232
f 410/552/233 409/551/233 473/551/233 474/552/233
f 437/605/234 436/603/234 500/603/234 501/605/234
f 424/581/235 423/579/235 487/579/235 488/581/235
f 411/555/236 410/552/236 474/552/236 475/555/236
f 438/607/237 437/605/237 501/605/237 502/607/237
f 425/583/238 424/581/238 488/581/238 489/583/238
f 412/557/239 411/555/239 475/555/239 476/557/239
f 439/609/240 438/607/240 502/607/240 503/609/240
f 426/585/241 425/583/241 489/583/241 490/585/241
f 413/559/242 412/557/242 476/557/242 477/559/242
f 440/611/243 439/609/243 503/609/243 504/611/243
f 427/587/244 426/585/244 490/585/244 491/587/244
f 414/561/245 413/559/245 477/559/245 478/561/245
f 409/551/246 440/611/246 504/611/246 473/551/246
f 428/589/247 427/587/247 491/587/247 492/589/247
f 415/563/248 414/561/248 478/561/248 479/563/248
f 429/591/249 428/589/249 492/589/249 493/591/249
f 416/565/250 415/563/250 479/563/250 480/565/250
f 430/593/251 429/591/251 493/591/251 494/593/251
f 417/567/252 416/565/252 480/565/252 481/567/252
f 431/595/253 430/593/253 494/593/253 495/595/253
f 418/569/254 417/567/254 481/567/254 482/569/254
f 432/597/255 431/595/255 495/595/255 496/597/255
f 419/571/256 418/569/256 482/569/256 483/571/256
f 433/480/257 432/597/257 496/597/257 497/480/257
f 420/573/258 419/571/258 483/571/258 484/573/258
f 509/559/259 508/557/259 540/557/259 541/559/259
f 544/565/260 543/563/260 575/563/260 576/565/260
f 536/611/261 535/609/261 567/609/261 568/611/261
f 523/587/262 522/585/262 554/585/262 555/587/262
f 510/561/263 509/559/263 541/559/263 542/561/263
f 505/551/264 536/611/264 568/611/264 537/551/264
f 524/589/265 523/587/265 555/587/265 556/589/265
f 511/563/266 510/561/266 542/561/266 543/563/266
f 525/591/267 524/589/267 556/589/267 557/591/267
f 512/565/268 511/563/268 543/563/268 544/565/268
f 526/593/269 525/591/269 557/591/269 558/593/269
f 513/567/270 512/565/270 544/565/270 545/567/270
f 527/595/271 526/593/271 558/593/271 559/595/271
f 514/569/272 513/567/272 545/567/272 546/569/272
f 528/597/273 527/595/273 559/595/273 560/597/273
f 515/571/274 514/569/274 546/569/274 547/571/274
f 529/480/275 528/597/275 560/597/275 561/480/275
f 516/573/276 515/571/276 547/571/276 548/573/276
f 530/479/277 529/480/277 561/480/277 562/479/277
f 517/575/278 516/573/278 548/573/278 549/575/278
f 531/601/279 530/479/279 562/479/279 563/601/279
f 518/577/280 517/575/280 549/575/280 550/577/280
f 532/603/281 531/601/281 563/601/281 564/603/281
f 519/579/282 518/577/282 550/577/282 551/579/282
f 506/552/283 505/551/283 537/551/283 538/552/283
f 533/605/284 532/603/284 564/603/284 565/605/284
f 520/581/285 519/579/285 551/579/285 552/581/285
f 507/555/286 506/552/286 538/552/286 539/555/286
f 534/607/287 533/605/287 565/605/287 566/607/287
f 521/583/288 520/581/288 552/581/288 553/583/288
f 508/557/289 507/555/289 539/555/289 540/557/289
f 535/609/290 534/607/290 566/607/290 567/609/290
f 522/585/291 521/583/291 553/583/291 554/585/291
f 558/593/293 557/591/293 589/591/293 590/593/293
f 545/567/294 544/565/294 576/565/294 577/567/294
f 559/595/295 558/593/295 590/593/295 591/595/295
f 546/569/296 545/567/296 577/567/296 578/569/296
f 560/597/297 559/595/297 591/595/297 592/597/297
f 547/571/298 546/569/298 578/569/298 579/571/298
f 561/480/299 560/597/299 592/597/299 593/480/299
f 548/573/300 547/571/300 579/571/300 580/573/300
f 562/479/301 561/480/301 593/480/301 594/479/301
f 549/575/302 548/573/302 580/573/302 581/575/302
f 563/601/303 562/479/303 594/479/303 595/601/303
f 550/577/304 549/575/304 581/575/304 582/577/304
f 564/603/305 563/601/305 595/601/305 596/603/305
f 551/579/306 550/577/306 582/577/306 583/579/306
f 538/552/307 537/551/307 569/551/307 570/552/307
f 565/605/308 564/603/308 596/603/308 597/605/308
f 552/581/309 551/579/309 583/579/309 584/581/309
f 539/555/310 538/552/310 570/552/310 571/555/310
f 566/607/311 565/605/311 597/605/311 598/607/311
f 553/583/312 552/581/312 584/581/312 585/583/312
f 540/557/313 539/555/313 571/555/313 572/557/313
f 567/609/314 566/607/314 598/607/314 599/609/314
f 554/585/315 553/583/315 585/583/315 586/585/315
f 541/559/316 540/557/316 572/557/316 573/559/316
f 568/611/317 567/609/317 599/609/317 600/611/317
f 555/587/318 554/585/318 586/585/318 587/587/318
f 542/561/319 541/559/319 573/559/319 574/561/319
f 537/551/320 568/611/320 600/611/320 569/551/320
f 556/589/321 555/587/321 587/587/321 588/589/321
f 543/563/322 542/561/322 574/561/322 575/563/322
f 557/591/323 556/589/323 588/589/323 589/591/323
f 1494/681/732 1481/893/732 1482/484/732 1498/680/732
f 1484/895/733 1495/894/733 1499/719/733 1483/541/733
f 1496/896/734 1484/895/734 1483/541/734 1500/716/734
f 1481/893/735 1493/892/735 1497/897/735 1482/484/735
f 1516/694/736 1492/463/736 1491/905/736 1515/720/736
f 1492/463/737 1514/652/737 1513/904/737 1491/905/737
f 1512/902/738 1490/447/738 1489/447/738 1511/903/738
f 1490/447/739 1510/901/739 1509/721/739 1489/447/739
f 1508/900/740 1488/431/740 1487/715/740 1507/718/740
f 1488/431/741 1506/714/741 1505/714/741 1487/715/741
f 1485/666/742 1503/717/742 1504/899/742 1486/415/742
f 1502/898/743 1485/666/743 1486/415/743 1501/674/743
s 1
usemtl M_Cyan
f 474/552/162 473/551/9 505/551/9 506/552/162
f 501/605/15 500/603/155 532/603/155 533/605/15
f 488/581/134 487/579/132 519/579/132 520/581/134
f 475/555/110 474/552/162 506/552/162 507/555/110
f 502/607/158 501/605/15 533/605/15 534/607/158
f 489/583/11 488/581/134 520/581/134 521/583/11
f 476/557/113 475/555/110 507/555/110 508/557/113
f 503/609/160 502/607/158 534/607/158 535/609/160
f 490/585/137 489/583/11 521/583/11 522/585/137
f 477/559/17 476/557/113 508/557/113 509/559/17
f 504/611/107 503/609/160 535/609/160 536/611/107
f 491/587/139 490/585/137 522/585/137 523/587/139
f 478/561/116 477/559/17 509/559/17 510/561/116
f 473/551/9 504/611/107 536/611/107 505/551/9
f 492/589/141 491/587/139 523/587/139 524/589/141
f 479/563/118 478/561/116 510/561/116 511/563/118
f 493/591/12 492/589/141 524/589/141 525/591/12
f 480/565/120 479/563/118 511/563/118 512/565/120
f 494/593/144 493/591/12 525/591/12 526/593/144
f 481/567/4 480/565/120 512/565/120 513/567/4
f 495/595/146 494/593/144 526/593/144 527/595/146
f 482/569/123 481/567/4 513/567/4 514/569/123
f 496/597/148 495/595/146 527/595/146 528/597/148
f 483/571/125 482/569/123 514/569/123 515/571/125
f 497/480/6 496/597/148 528/597/148 529/480/6
f 484/573/127 483/571/125 515/571/125 516/573/127
f 498/479/151 497/480/6 529/480/6 530/479/151
f 485/575/16 484/573/127 516/573/127 517/575/16
f 499/601/153 498/479/151 530/479/151 531/601/153
f 486/577/130 485/575/16 517/575/16 518/577/130
f 500/603/155 499/601/153 531/601/153 532/603/155
f 487/579/132 486/577/130 518/577/130 519/579/132
s 0
f 1126/401/572 1127/407/572 1128/404/572 1125/398/572
f 1130/395/573 1126/401/573 1125/398/573 1129/392/573
f 1132/389/574 1130/395/574 1129/392/574 1131/386/574
f 1134/382/575 1132/389/575 1131/386/575 1133/376/575
f 1136/381/576 1134/382/576 1133/376/576 1135/377/576
f 1138/745/577 1136/381/577 1135/377/577 1137/747/577
f 1140/748/578 1138/745/578 1137/747/578 1139/750/578
f 1142/751/579 1140/748/579 1139/750/579 1141/753/579
f 1144/754/580 1142/751/580 1141/753/580 1143/756/580
f 1146/757/581 1144/754/581 1143/756/581 1145/759/581
f 1148/760/582 1146/757/582 1145/759/582 1147/762/582
f 1150/763/583 1148/760/583 1147/762/583 1149/765/583
f 1152/766/584 1150/763/584 1149/765/584 1151/768/584
f 1154/769/585 1152/766/585 1151/768/585 1153/771/585
f 1156/772/586 1154/769/586 1153/771/586 1155/774/586
f 1158/775/587 1156/772/587 1155/774/587 1157/777/587
f 1160/647/588 1158/775/588 1157/777/588 1159/645/588
f 1162/643/589 1160/647/589 1159/645/589 1161/641/589
f 1164/639/590 1162/643/590 1161/641/590 1163/637/590
f 1166/635/591 1164/639/591 1163/637/591 1165/633/591
f 1168/631/592 1166/635/592 1165/633/592 1167/629/592
f 1170/626/593 1168/631/593 1167/629/593 1169/624/593
f 1172/622/594 1170/626/594 1169/624/594 1171/620/594
f 1174/618/595 1172/622/595 1171/620/595 1173/616/595
f 1176/410/596 1174/618/596 1173/616/596 1175/408/596
f 1178/405/597 1176/410/597 1175/408/597 1177/402/597
f 1180/399/598 1178/405/598 1177/402/598 1179/396/598
f 1182/393/599 1180/399/599 1179/396/599 1181/390/599
f 1184/387/600 1182/393/600 1181/390/600 1183/383/600
f 1186/379/601 1184/387/601 1183/383/601 1185/384/601
f 1188/378/602 1186/379/602 1185/384/602 1187/793/602
f 1127/407/603 1188/378/603 1187/793/603 1128/404/603
f 1192/812/604 1189/811/604 1190/815/604 1191/816/604
f 1196/799/605 1193/798/605 1194/613/605 1195/409/605
f 1198/813/606 1192/812/606 1191/816/606 1197/817/606
f 1200/800/607 1196/799/607 1195/409/607 1199/406/607
f 1202/814/608 1198/813/608 1197/817/608 1201/818/608
f 1204/801/609 1200/800/609 1199/406/609 1203/403/609
f 1206/646/610 1202/814/610 1201/818/610 1205/819/610
f 1208/802/611 1204/801/611 1203/403/611 1207/400/611
f 1210/644/612 1206/646/612 1205/819/612 1209/820/612
f 1212/803/613 1208/802/613 1207/400/613 1211/397/613
f 1214/642/614 1210/644/614 1209/820/614 1213/821/614
f 1216/804/615 1212/803/615 1211/397/615 1215/394/615
f 1218/640/616 1214/642/616 1213/821/616 1217/822/616
f 1220/805/617 1216/804/617 1215/394/617 1219/391/617
f 1222/638/618 1218/640/618 1217/822/618 1221/823/618
f 1224/806/619 1220/805/619 1219/391/619 1223/388/619
f 1226/636/620 1222/638/620 1221/823/620 1225/824/620
f 1228/807/621 1224/806/621 1223/388/621 1227/385/621
f 1232/794/622 1229/627/622 1230/625/622 1231/623/622
f 1234/634/623 1226/636/623 1225/824/623 1233/825/623
f 1236/808/624 1228/807/624 1227/385/624 1235/380/624
f 1238/795/625 1232/794/625 1231/623/625 1237/621/625
f 1240/632/626 1234/634/626 1233/825/626 1239/826/626
f 1242/809/627 1236/808/627 1235/380/627 1241/374/627
f 1244/796/628 1238/795/628 1237/621/628 1243/619/628
f 1246/630/629 1240/632/629 1239/826/629 1245/827/629
f 1248/810/630 1242/809/630 1241/374/630 1247/375/630
f 1250/797/631 1244/796/631 1243/619/631 1249/617/631
f 1252/628/632 1246/630/632 1245/827/632 1251/828/632
f 1189/811/633 1248/810/633 1247/375/633 1190/815/633
f 1193/798/634 1250/797/634 1249/617/634 1194/613/634
f 1229/627/635 1252/628/635 1251/828/635 1230/625/635
