# Blender 4.2.3 LTS
# www.blender.org
mtllib SM_Batterie.mtl
o SM_Batterie
v -0.463678 0.180873 0.209170
v -0.463678 0.180873 -0.209170
v 0.463678 0.180873 -0.209170
v 0.463678 0.180873 0.209170
v -0.463678 0.841615 0.201405
v -0.463678 0.841615 -0.201405
v 0.463678 0.841615 -0.201405
v 0.463678 0.841615 0.201405
v -0.209170 0.180873 -0.463678
v 0.209170 0.180873 -0.463678
v 0.209170 0.180873 0.463678
v -0.209170 0.180873 0.463678
v -0.201405 0.841615 -0.463678
v 0.201405 0.841615 -0.463678
v 0.201405 0.841615 0.463678
v -0.201405 0.841615 0.463678
v 0.225556 0.000000 -0.225556
v -0.225556 0.000000 -0.225556
v 0.225556 0.000000 0.225556
v -0.225556 0.000000 0.225556
v -0.225556 0.969000 -0.225556
v 0.225556 0.969000 -0.225556
v -0.225556 0.969000 0.225556
v 0.225556 0.969000 0.225556
v -0.454507 0.100000 -0.225556
v 0.454507 0.100000 0.225556
v -0.454507 0.150000 -0.225556
v 0.454507 0.150000 0.225556
v -0.454507 0.100000 0.225556
v 0.454507 0.100000 -0.225556
v -0.454507 0.150000 0.225556
v 0.454507 0.150000 -0.225556
v 0.225556 0.100000 -0.454507
v -0.225556 0.100000 0.454507
v 0.225556 0.150000 -0.454507
v -0.225556 0.150000 0.454507
v -0.225556 0.100000 -0.454507
v 0.225556 0.100000 0.454507
v -0.225556 0.150000 -0.454507
v 0.225556 0.150000 0.454507
v -0.463678 0.180873 0.125502
v -0.463678 0.180873 -0.125502
v 0.463678 0.180873 -0.125502
v 0.463678 0.180873 0.125502
v -0.463678 0.841615 0.125502
v -0.463678 0.841615 -0.125502
v 0.463678 0.841615 -0.125502
v 0.463678 0.841615 0.125502
v -0.225556 0.000000 -0.135333
v -0.225556 0.000000 0.135333
v 0.225556 0.000000 -0.135333
v 0.225556 0.000000 0.135333
v 0.225556 0.969000 -0.135333
v 0.225556 0.969000 0.135333
v -0.225556 0.969000 -0.135333
v -0.225556 0.969000 0.135333
v -0.454507 0.100000 0.135333
v -0.454507 0.100000 -0.135333
v 0.454507 0.100000 -0.135333
v 0.454507 0.100000 0.135333
v -0.454507 0.150000 0.135333
v -0.454507 0.150000 -0.135333
v 0.454507 0.150000 -0.135333
v 0.454507 0.150000 0.135333
v -0.470726 0.050000 0.212350
v -0.470726 0.050000 -0.212350
v 0.470726 0.050000 -0.212350
v 0.470726 0.050000 0.212350
v -0.212350 0.050000 -0.470726
v 0.212350 0.050000 -0.470726
v 0.212350 0.050000 0.470726
v -0.212350 0.050000 0.470726
v 0.470726 0.050000 -0.114669
v 0.470726 0.050000 0.114669
v -0.470726 0.050000 0.114669
v -0.470726 0.050000 -0.114669
v -0.125502 0.180873 -0.463678
v 0.125502 0.180873 -0.463678
v 0.125502 0.180873 0.463678
v -0.125502 0.180873 0.463678
v -0.125502 0.841615 -0.463678
v 0.125502 0.841615 -0.463678
v 0.125502 0.841615 0.463678
v -0.125502 0.841615 0.463678
v 0.135333 0.000000 -0.225556
v -0.135333 0.000000 -0.225556
v 0.135333 0.000000 0.225556
v -0.135333 0.000000 0.225556
v -0.135333 0.969000 -0.225556
v 0.135333 0.969000 -0.225556
v -0.135333 0.969000 0.225556
v 0.135333 0.969000 0.225556
v -0.135333 0.100000 -0.454507
v 0.135333 0.100000 -0.454507
v 0.135333 0.100000 0.454507
v -0.135333 0.100000 0.454507
v -0.135333 0.150000 -0.454507
v 0.135333 0.150000 -0.454507
v 0.135333 0.150000 0.454507
v -0.135333 0.150000 0.454507
v 0.135333 0.000000 -0.135333
v -0.135333 0.000000 -0.135333
v 0.135333 0.000000 0.135333
v -0.135333 0.000000 0.135333
v 0.114669 0.050000 0.470726
v -0.114669 0.050000 0.470726
v -0.114669 0.050000 -0.470726
v 0.114669 0.050000 -0.470726
v -0.127410 0.000000 0.370726
v 0.127410 0.000000 0.370726
v 0.114669 0.050000 0.370726
v -0.114669 0.050000 0.370726
v 0.127410 0.000000 -0.370726
v -0.127410 0.000000 -0.370726
v -0.114669 0.050000 -0.370726
v 0.114669 0.050000 -0.370726
v 0.370726 0.000000 0.127410
v 0.370726 0.000000 -0.127410
v 0.370726 0.050000 -0.114669
v 0.370726 0.050000 0.114669
v -0.370726 0.000000 -0.127410
v -0.370726 0.000000 0.127410
v -0.370726 0.050000 0.114669
v -0.370726 0.050000 -0.114669
v -0.462247 0.000000 -0.212822
v -0.470726 0.007964 -0.212350
v -0.470726 0.007964 0.212350
v -0.462247 0.000000 0.212822
v -0.466234 0.100000 0.216008
v -0.470726 0.092036 0.212350
v -0.470726 0.092036 -0.212350
v -0.466234 0.100000 -0.216008
v 0.462247 0.000000 0.212822
v 0.470726 0.007964 0.212350
v 0.470726 0.007964 -0.212350
v 0.462247 0.000000 -0.212822
v 0.466234 0.100000 -0.216008
v 0.470726 0.092036 -0.212350
v 0.470726 0.092036 0.212350
v 0.466234 0.100000 0.216008
v 0.212822 0.000000 -0.462247
v 0.212350 0.007964 -0.470726
v -0.212350 0.007964 -0.470726
v -0.212822 0.000000 -0.462247
v -0.216008 0.100000 -0.466234
v -0.212350 0.092036 -0.470726
v 0.212350 0.092036 -0.470726
v 0.216008 0.100000 -0.466234
v -0.212822 0.000000 0.462247
v -0.212350 0.007964 0.470726
v 0.212350 0.007964 0.470726
v 0.212822 0.000000 0.462247
v 0.216008 0.100000 0.466234
v 0.212350 0.092036 0.470726
v -0.212350 0.092036 0.470726
v -0.216008 0.100000 0.466234
v -0.470726 0.007964 -0.125381
v -0.462267 0.000000 -0.127692
v -0.462763 0.000000 -0.127410
v -0.462267 0.000000 0.127692
v -0.470726 0.007964 0.125381
v -0.462763 0.000000 0.127410
v -0.465977 0.100000 0.129730
v -0.470726 0.092036 0.125381
v -0.470726 0.092036 -0.125381
v -0.465977 0.100000 -0.129730
v 0.470726 0.007964 0.125381
v 0.462267 0.000000 0.127692
v 0.462763 0.000000 0.127410
v 0.462267 0.000000 -0.127692
v 0.470726 0.007964 -0.125381
v 0.462763 0.000000 -0.127410
v 0.465977 0.100000 -0.129730
v 0.470726 0.092036 -0.125381
v 0.470726 0.092036 0.125381
v 0.465977 0.100000 0.129730
v 0.125381 0.007964 -0.470726
v 0.127692 0.000000 -0.462267
v 0.127410 0.000000 -0.462763
v -0.127692 0.000000 -0.462267
v -0.125381 0.007964 -0.470726
v -0.127410 0.000000 -0.462763
v -0.129730 0.100000 -0.465977
v -0.125381 0.092036 -0.470726
v 0.125381 0.092036 -0.470726
v 0.129730 0.100000 -0.465977
v -0.125381 0.007964 0.470726
v -0.127692 0.000000 0.462267
v -0.127410 0.000000 0.462763
v 0.127692 0.000000 0.462267
v 0.125381 0.007964 0.470726
v 0.127410 0.000000 0.462763
v 0.129730 0.100000 0.465977
v 0.125381 0.092036 0.470726
v -0.125381 0.092036 0.470726
v -0.129730 0.100000 0.465977
v 0.463678 0.797919 0.201405
v 0.463678 0.797919 -0.201405
v -0.463678 0.797919 -0.201405
v -0.463678 0.797919 0.201405
v -0.201405 0.797919 0.463678
v 0.201405 0.797919 0.463678
v 0.201405 0.797919 -0.463678
v -0.201405 0.797919 -0.463678
v -0.463678 0.790407 -0.125502
v -0.463678 0.790407 0.125502
v 0.463678 0.790407 0.125502
v 0.463678 0.790407 -0.125502
v 0.125502 0.790407 -0.463678
v -0.125502 0.790407 -0.463678
v -0.125502 0.790407 0.463678
v 0.125502 0.790407 0.463678
v 0.446208 0.406056 0.169852
v 0.446208 0.743943 0.169852
v 0.446208 0.406056 -0.169852
v 0.446208 0.743943 -0.169852
v -0.446208 0.406056 -0.169852
v -0.446208 0.743943 -0.169852
v -0.446208 0.406056 0.169852
v -0.446208 0.743943 0.169852
v -0.169852 0.406056 0.446208
v -0.169852 0.743943 0.446208
v 0.169852 0.406056 0.446208
v 0.169852 0.743943 0.446208
v 0.169852 0.406056 -0.446208
v 0.169852 0.743943 -0.446208
v -0.169852 0.406056 -0.446208
v -0.169852 0.743943 -0.446208
v -0.446208 0.406056 -0.120774
v -0.446208 0.743943 -0.120774
v -0.446208 0.406056 0.120774
v -0.446208 0.743943 0.120774
v 0.446208 0.406056 0.120774
v 0.446208 0.743943 0.120774
v 0.446208 0.406056 -0.120774
v 0.446208 0.743943 -0.120774
v 0.120774 0.406056 -0.446208
v 0.120774 0.743943 -0.446208
v -0.120774 0.406056 -0.446208
v -0.120774 0.743943 -0.446208
v -0.120774 0.406056 0.446208
v -0.120774 0.743943 0.446208
v 0.120774 0.406056 0.446208
v 0.120774 0.743943 0.446208
v 0.467253 0.378590 0.441632
v 0.467253 0.771408 0.441646
v 0.441646 0.771408 0.467253
v 0.441632 0.378590 0.467253
v -0.467253 0.771408 0.441646
v -0.467253 0.378590 0.441632
v -0.441632 0.378590 0.467253
v -0.441646 0.771408 0.467253
v -0.467253 0.378590 -0.441632
v -0.467253 0.771408 -0.441646
v -0.441646 0.771408 -0.467253
v -0.441632 0.378590 -0.467253
v 0.467253 0.771408 -0.441646
v 0.467253 0.378590 -0.441632
v 0.441632 0.378590 -0.467253
v 0.441646 0.771408 -0.467253
v 0.125502 0.797919 0.463678
v -0.125502 0.797919 0.463678
v -0.125502 0.797919 -0.463678
v 0.125502 0.797919 -0.463678
v 0.463678 0.797919 -0.125502
v 0.463678 0.797919 0.125502
v -0.463678 0.797919 0.125502
v -0.463678 0.797919 -0.125502
v -0.455800 0.797919 -0.125502
v -0.455800 0.841615 -0.125502
v -0.455800 0.797919 0.125502
v -0.455800 0.841615 0.125502
v 0.455800 0.797919 0.125502
v 0.455800 0.841615 0.125502
v 0.455800 0.797919 -0.125502
v 0.455800 0.841615 -0.125502
v 0.125502 0.797919 -0.455800
v 0.125502 0.841615 -0.455800
v -0.125502 0.797919 -0.455800
v -0.125502 0.841615 -0.455800
v -0.125502 0.797919 0.455800
v -0.125502 0.841615 0.455800
v 0.125502 0.797919 0.455800
v 0.125502 0.841615 0.455800
v -0.455800 0.841615 -0.201405
v 0.455800 0.841615 0.201405
v 0.455800 0.797919 0.201405
v 0.455800 0.797919 -0.201405
v 0.455800 0.841615 -0.201405
v -0.455800 0.797919 -0.201405
v -0.455800 0.797919 0.201405
v -0.455800 0.841615 0.201405
v 0.201405 0.841615 -0.455800
v -0.201405 0.841615 0.455800
v -0.201405 0.797919 0.455800
v 0.201405 0.797919 0.455800
v 0.201405 0.841615 0.455800
v 0.201405 0.797919 -0.455800
v -0.201405 0.797919 -0.455800
v -0.201405 0.841615 -0.455800
v 0.446208 0.374618 0.201290
v 0.446208 0.775381 0.201290
v 0.446208 0.374618 -0.201290
v 0.446208 0.775381 -0.201290
v -0.446208 0.374618 -0.201290
v -0.446208 0.775381 -0.201290
v -0.446208 0.374618 0.201290
v -0.446208 0.775381 0.201290
v -0.201290 0.374618 0.446208
v -0.201290 0.775381 0.446208
v 0.201290 0.374618 0.446208
v 0.201290 0.775381 0.446208
v 0.201290 0.374618 -0.446208
v 0.201290 0.775381 -0.446208
v -0.201290 0.374618 -0.446208
v -0.201290 0.775381 -0.446208
v 0.446208 0.374618 -0.120774
v 0.446208 0.775381 -0.120774
v -0.446208 0.374618 0.120774
v -0.446208 0.775381 0.120774
v 0.120774 0.374618 0.446208
v 0.120774 0.775381 0.446208
v -0.120774 0.374618 -0.446208
v -0.120774 0.775381 -0.446208
v -0.446208 0.374618 -0.120774
v -0.446208 0.775381 -0.120774
v 0.446208 0.374618 0.120774
v 0.446208 0.775381 0.120774
v 0.120774 0.374618 -0.446208
v 0.120774 0.775381 -0.446208
v -0.120774 0.374618 0.446208
v -0.120774 0.775381 0.446208
v -0.425339 0.406056 -0.120774
v -0.425339 0.743943 -0.120774
v -0.425339 0.406056 0.120774
v -0.425339 0.743943 0.120774
v 0.425339 0.406056 0.120774
v 0.425339 0.743943 0.120774
v 0.425339 0.406056 -0.120774
v 0.425339 0.743943 -0.120774
v 0.120774 0.406056 -0.425339
v 0.120774 0.743943 -0.425339
v -0.120774 0.406056 -0.425339
v -0.120774 0.735202 -0.425339
v -0.120774 0.414797 0.425339
v -0.120774 0.743943 0.425339
v 0.120774 0.406056 0.425339
v 0.120774 0.743943 0.425339
v 0.425339 0.414797 0.161110
v 0.425339 0.735202 0.161110
v 0.425339 0.414797 -0.161110
v 0.425339 0.735202 -0.161110
v -0.425339 0.414797 -0.161110
v -0.425339 0.735202 -0.161110
v -0.425339 0.414797 0.161110
v -0.425339 0.735202 0.161110
v -0.161110 0.414797 0.425339
v -0.161110 0.735202 0.425339
v 0.161110 0.414797 0.425339
v 0.161110 0.735202 0.425339
v 0.161110 0.414797 -0.425339
v 0.161110 0.735202 -0.425339
v -0.161110 0.414797 -0.425339
v -0.161110 0.735202 -0.425339
v 0.425339 0.406056 0.169852
v 0.425339 0.743943 0.169852
v 0.425339 0.406056 -0.169852
v 0.425339 0.743943 -0.169852
v -0.425339 0.406056 -0.169852
v -0.425339 0.743943 -0.169852
v -0.425339 0.406056 0.169852
v -0.425339 0.743943 0.169852
v -0.169852 0.406056 0.425339
v -0.169852 0.743943 0.425339
v 0.169852 0.406056 0.425339
v 0.169852 0.743943 0.425339
v 0.169852 0.406056 -0.425339
v 0.169852 0.743943 -0.425339
v -0.169852 0.406056 -0.425339
v -0.169852 0.743943 -0.425339
v 0.425339 0.414797 -0.120774
v 0.425339 0.735202 -0.120774
v -0.425339 0.414797 0.120774
v -0.425339 0.735202 0.120774
v 0.120774 0.414797 0.425339
v 0.120774 0.735202 0.425339
v -0.120774 0.414797 -0.425339
v -0.120774 0.743943 -0.425339
v -0.425339 0.414797 -0.120774
v -0.425339 0.735202 -0.120774
v 0.425339 0.414797 0.120774
v 0.425339 0.735202 0.120774
v 0.120774 0.414797 -0.425339
v 0.120774 0.735202 -0.425339
v -0.120774 0.406056 0.425339
v -0.120774 0.735202 0.425339
v -0.434996 0.418823 -0.117739
v -0.434996 0.731176 -0.117739
v -0.434996 0.449596 0.117739
v -0.434996 0.731176 0.117739
v 0.434996 0.449596 0.117739
v 0.434996 0.700403 0.117739
v 0.434996 0.449596 -0.117739
v 0.434996 0.700403 -0.117739
v 0.117739 0.449596 -0.434996
v 0.117739 0.731176 -0.434996
v -0.117739 0.418823 -0.434996
v -0.117739 0.731176 -0.434996
v -0.117739 0.418823 0.434996
v -0.117739 0.731176 0.434996
v 0.117739 0.418823 0.434996
v 0.117739 0.731176 0.434996
v 0.434996 0.449596 0.126288
v 0.434996 0.700403 0.126288
v 0.434996 0.449596 -0.126288
v 0.434996 0.700403 -0.126288
v -0.434996 0.449596 -0.126288
v -0.434996 0.700403 -0.126288
v -0.434996 0.449596 0.126288
v -0.434996 0.700403 0.126288
v -0.126288 0.449596 0.434996
v -0.126288 0.700403 0.434996
v 0.126288 0.449596 0.434996
v 0.126288 0.700403 0.434996
v 0.126288 0.449596 -0.434996
v 0.126288 0.700403 -0.434996
v -0.126288 0.449596 -0.434996
v -0.126288 0.700403 -0.434996
v 0.434996 0.418823 0.157062
v 0.434996 0.731176 0.157062
v 0.434996 0.418823 -0.157062
v 0.434996 0.731176 -0.157062
v -0.434996 0.418823 -0.157062
v -0.434996 0.731176 -0.157062
v -0.434996 0.418823 0.157062
v -0.434996 0.731176 0.157062
v -0.157062 0.418823 0.434996
v -0.157062 0.731176 0.434996
v 0.157062 0.418823 0.434996
v 0.157062 0.731176 0.434996
v 0.157062 0.418823 -0.434996
v 0.157062 0.731176 -0.434996
v -0.157062 0.418823 -0.434996
v -0.157062 0.731176 -0.434996
v 0.434996 0.418823 -0.117739
v 0.434996 0.731176 -0.117739
v -0.434996 0.418823 0.117739
v -0.434996 0.700403 0.117739
v 0.117739 0.449596 0.434996
v 0.117739 0.700403 0.434996
v -0.117739 0.449596 -0.434996
v -0.117739 0.700403 -0.434996
v -0.434996 0.449596 -0.117739
v -0.434996 0.700403 -0.117739
v 0.434996 0.418823 0.117739
v 0.434996 0.731176 0.117739
v 0.117739 0.418823 -0.434996
v 0.117739 0.700403 -0.434996
v -0.117739 0.449596 0.434996
v -0.117739 0.700403 0.434996
v -0.427078 0.446364 -0.120774
v -0.427078 0.703635 -0.120774
v -0.427078 0.446364 0.120774
v -0.427078 0.703635 0.120774
v 0.427078 0.446364 0.120774
v 0.427078 0.703635 0.120774
v 0.427078 0.446364 -0.120774
v 0.427078 0.703635 -0.120774
v 0.120774 0.446364 -0.427078
v 0.120774 0.703635 -0.427078
v -0.120774 0.446364 -0.427078
v -0.120774 0.703635 -0.427078
v -0.120774 0.446364 0.427078
v -0.120774 0.703635 0.427078
v 0.120774 0.446364 0.427078
v 0.120774 0.703635 0.427078
v 0.427078 0.446364 0.129543
v 0.427078 0.703635 0.129543
v 0.427078 0.446364 -0.129543
v 0.427078 0.703635 -0.129543
v -0.427078 0.446364 -0.129543
v -0.427078 0.703635 -0.129543
v -0.427078 0.446364 0.129543
v -0.427078 0.703635 0.129543
v -0.129543 0.446364 0.427078
v -0.129543 0.703635 0.427078
v 0.129543 0.446364 0.427078
v 0.129543 0.703635 0.427078
v 0.129543 0.446364 -0.427078
v 0.129543 0.703635 -0.427078
v -0.129543 0.446364 -0.427078
v -0.129543 0.703635 -0.427078
v 0.135333 0.946795 -0.216741
v 0.216741 0.946795 -0.216741
v 0.135333 0.946795 0.216741
v 0.216741 0.946795 0.216741
v 0.216741 0.946795 0.135333
v -0.216741 0.946795 0.135333
v -0.216741 0.946795 0.216741
v 0.216741 0.946795 -0.135333
v -0.216741 0.946795 -0.216741
v -0.216741 0.946795 -0.135333
v -0.135333 0.946795 -0.216741
v -0.135333 0.946795 0.216741
v 0.135333 0.946795 -0.225556
v 0.225556 0.946795 -0.225556
v 0.135333 0.946795 0.225556
v 0.225556 0.946795 0.225556
v 0.225556 0.946795 0.135333
v -0.225556 0.946795 0.135333
v -0.225556 0.946795 0.225556
v 0.225556 0.946795 -0.135333
v -0.225556 0.946795 -0.225556
v -0.225556 0.946795 -0.135333
v -0.135333 0.946795 -0.225556
v -0.135333 0.946795 0.225556
v 0.135333 0.934280 -0.135333
v 0.216741 0.934280 -0.135333
v 0.135333 0.934280 0.135333
v 0.216741 0.934280 0.135333
v -0.216741 0.934280 -0.135333
v -0.135333 0.934280 -0.135333
v -0.216741 0.934280 0.135333
v -0.135333 0.934280 0.135333
v 0.135333 0.934280 -0.216741
v -0.135333 0.934280 -0.216741
v 0.135333 0.934280 0.216741
v -0.135333 0.934280 0.216741
v 0.216741 0.934280 -0.216741
v 0.216741 0.934280 0.216741
v -0.216741 0.934280 0.216741
v -0.216741 0.934280 -0.216741
v -0.463678 0.913230 -0.125502
v -0.407782 0.969096 -0.127888
v -0.463678 0.913230 -0.205766
v -0.407782 0.969096 -0.213147
v -0.473015 0.977062 -0.215381
v -0.463678 0.913230 -0.209170
v 0.463678 0.913230 0.125502
v 0.407782 0.969096 0.127888
v 0.463678 0.913230 0.205766
v 0.407782 0.969096 0.213147
v 0.473015 0.977062 0.215381
v 0.463678 0.913230 0.209170
v 0.407782 0.969096 -0.213147
v 0.463678 0.913230 -0.205766
v 0.463678 0.913230 -0.209170
v 0.473015 0.977062 -0.215381
v -0.407782 0.969096 0.213147
v -0.463678 0.913230 0.205766
v -0.463678 0.913230 0.209170
v -0.473015 0.977062 0.215381
v 0.125502 0.913230 -0.463678
v 0.127888 0.969096 -0.407782
v 0.205766 0.913230 -0.463678
v 0.213147 0.969096 -0.407782
v 0.215381 0.977062 -0.473015
v 0.209170 0.913230 -0.463678
v -0.125502 0.913230 0.463678
v -0.127888 0.969096 0.407782
v -0.205766 0.913230 0.463678
v -0.213147 0.969096 0.407782
v -0.215381 0.977062 0.473015
v -0.209170 0.913230 0.463678
v 0.213147 0.969096 0.407782
v 0.205766 0.913230 0.463678
v 0.209170 0.913230 0.463678
v 0.215381 0.977062 0.473015
v -0.213147 0.969096 -0.407782
v -0.205766 0.913230 -0.463678
v -0.209170 0.913230 -0.463678
v -0.215381 0.977062 -0.473015
v -0.407782 0.969096 0.127888
v -0.463678 0.913230 0.125502
v 0.407782 0.969096 -0.127888
v 0.463678 0.913230 -0.125502
v -0.127888 0.969096 -0.407782
v -0.125502 0.913230 -0.463678
v 0.127888 0.969096 0.407782
v 0.125502 0.913230 0.463678
v 0.462851 0.378591 0.437230
v 0.462851 0.771408 0.437244
v 0.437244 0.771408 0.462851
v 0.437230 0.378591 0.462851
v -0.462851 0.771408 0.437244
v -0.462851 0.378591 0.437230
v -0.437230 0.378591 0.462851
v -0.437244 0.771408 0.462851
v -0.462851 0.378591 -0.437230
v -0.462851 0.771408 -0.437244
v -0.437244 0.771408 -0.462851
v -0.437230 0.378591 -0.462851
v 0.462851 0.771408 -0.437244
v 0.462851 0.378591 -0.437230
v 0.437230 0.378591 -0.462851
v 0.437244 0.771408 -0.462851
v -0.234835 0.998329 -0.232914
v -0.232257 0.991417 -0.232257
v -0.232914 0.998329 -0.234835
v -0.234833 1.000000 -0.234833
v 0.232914 0.998329 -0.234835
v 0.232257 0.991417 -0.232257
v 0.234835 0.998329 -0.232914
v 0.234833 1.000000 -0.234833
v -0.234835 0.998329 0.232914
v -0.234833 1.000000 0.234833
v -0.232914 0.998329 0.234835
v -0.232257 0.991417 0.232257
v 0.232914 0.998329 0.234835
v 0.234833 1.000000 0.234833
v 0.234835 0.998329 0.232914
v 0.232257 0.991417 0.232257
v 0.234833 0.000000 -0.232199
v 0.231833 0.000000 -0.231833
v 0.232199 0.000000 -0.234833
v 0.234833 0.000000 -0.234833
v -0.232199 0.000000 -0.234833
v -0.231833 0.000000 -0.231833
v -0.234833 0.000000 -0.232199
v -0.234833 0.000000 -0.234833
v 0.234833 0.000000 0.232199
v 0.234833 0.000000 0.234833
v 0.232199 0.000000 0.234833
v 0.231833 0.000000 0.231833
v -0.232199 0.000000 0.234833
v -0.234833 0.000000 0.234833
v -0.234833 0.000000 0.232199
v -0.231833 0.000000 0.231833
v 0.234833 0.000000 -0.225472
v 0.231833 0.000000 -0.225556
v -0.231833 0.000000 -0.225556
v -0.234833 0.000000 -0.225472
v 0.234833 0.000000 0.225472
v 0.231833 0.000000 0.225556
v -0.231833 0.000000 0.225556
v -0.234833 0.000000 0.225472
v -0.234832 0.969001 -0.225449
v -0.231833 0.969000 -0.225556
v 0.231833 0.969000 -0.225556
v 0.234832 0.969001 -0.225449
v -0.234832 0.969001 0.225449
v -0.231833 0.969000 0.225556
v 0.231833 0.969000 0.225556
v 0.234832 0.969001 0.225449
v -0.225556 0.969000 -0.231833
v -0.225449 0.969001 -0.234832
v 0.225449 0.969001 -0.234832
v 0.225556 0.969000 -0.231833
v -0.225449 0.969001 0.234832
v -0.225556 0.969000 0.231833
v 0.225556 0.969000 0.231833
v 0.225449 0.969001 0.234832
v 0.225556 0.000000 -0.231833
v 0.225472 0.000000 -0.234833
v -0.225472 0.000000 -0.234833
v -0.225556 0.000000 -0.231833
v 0.225472 0.000000 0.234833
v 0.225556 0.000000 0.231833
v -0.225556 0.000000 0.231833
v -0.225472 0.000000 0.234833
v -0.454592 0.100000 -0.234833
v -0.454507 0.100000 -0.232103
v 0.234833 0.100000 -0.454592
v 0.232103 0.100000 -0.454507
v 0.454592 0.100000 0.234833
v 0.454507 0.100000 0.232103
v -0.234833 0.100000 0.454592
v -0.232103 0.100000 0.454507
v -0.454507 0.150000 -0.232048
v -0.454592 0.150000 -0.234833
v 0.232048 0.150000 -0.454507
v 0.234833 0.150000 -0.454592
v 0.454507 0.150000 0.232048
v 0.454592 0.150000 0.234833
v -0.232048 0.150000 0.454507
v -0.234833 0.150000 0.454592
v -0.454507 0.100000 0.232103
v -0.454592 0.100000 0.234833
v 0.454507 0.100000 -0.232103
v 0.454592 0.100000 -0.234833
v -0.454592 0.150000 0.234833
v -0.454507 0.150000 0.232048
v 0.454592 0.150000 -0.234833
v 0.454507 0.150000 -0.232048
v -0.232103 0.100000 -0.454507
v -0.234833 0.100000 -0.454592
v 0.232103 0.100000 0.454507
v 0.234833 0.100000 0.454592
v -0.234833 0.150000 -0.454592
v -0.232048 0.150000 -0.454507
v 0.234833 0.150000 0.454592
v 0.232048 0.150000 0.454507
v 0.231833 0.969000 -0.135333
v 0.234832 0.969001 -0.135269
v 0.234832 0.969001 0.135269
v 0.231833 0.969000 0.135333
v -0.234832 0.969001 -0.135269
v -0.231833 0.969000 -0.135333
v -0.231833 0.969000 0.135333
v -0.234832 0.969001 0.135269
v -0.234833 0.000000 -0.135283
v -0.231833 0.000000 -0.135333
v -0.233333 0.000000 -0.133833
v -0.234831 0.000000 -0.135247
v -0.231833 0.000000 0.135333
v -0.234833 0.000000 0.135283
v -0.234831 0.000000 0.135247
v -0.233333 0.000000 0.133833
v 0.231833 0.000000 -0.135333
v 0.234833 0.000000 -0.135283
v 0.234831 0.000000 -0.135247
v 0.233333 0.000000 -0.133833
v 0.234833 0.000000 0.135283
v 0.231833 0.000000 0.135333
v 0.233333 0.000000 0.133833
v 0.234831 0.000000 0.135247
v 0.500000 0.050000 -0.234833
v 0.498458 0.050000 -0.232228
v 0.498458 0.050000 0.232228
v 0.500000 0.050000 0.234833
v -0.500000 0.050000 0.234833
v -0.498458 0.050000 0.232228
v -0.498458 0.050000 -0.232228
v -0.500000 0.050000 -0.234833
v 0.234833 0.050000 0.500000
v 0.232228 0.050000 0.498458
v -0.232228 0.050000 0.498458
v -0.234833 0.050000 0.500000
v -0.234833 0.050000 -0.500000
v -0.232228 0.050000 -0.498458
v 0.232228 0.050000 -0.498458
v 0.234833 0.050000 -0.500000
v -0.135333 0.969000 -0.231833
v -0.135269 0.969001 -0.234832
v 0.135269 0.969001 -0.234832
v 0.135333 0.969000 -0.231833
v -0.135269 0.969001 0.234832
v -0.135333 0.969000 0.231833
v 0.135333 0.969000 0.231833
v 0.135269 0.969001 0.234832
v 0.135283 0.000000 -0.234833
v 0.135333 0.000000 -0.231833
v 0.133833 0.000000 -0.233333
v 0.135247 0.000000 -0.234831
v -0.135333 0.000000 -0.231833
v -0.135283 0.000000 -0.234833
v -0.135247 0.000000 -0.234831
v -0.133833 0.000000 -0.233333
v 0.135333 0.000000 0.231833
v 0.135283 0.000000 0.234833
v 0.135247 0.000000 0.234831
v 0.133833 0.000000 0.233333
v -0.135283 0.000000 0.234833
v -0.135333 0.000000 0.231833
v -0.133833 0.000000 0.233333
v -0.135247 0.000000 0.234831
v -0.463425 0.100000 -0.410133
v -0.464391 0.100000 -0.407285
v -0.407285 0.100000 -0.464391
v -0.410133 0.100000 -0.463425
v 0.464391 0.100000 -0.407285
v 0.463425 0.100000 -0.410133
v 0.410133 0.100000 -0.463425
v 0.407285 0.100000 -0.464391
v 0.407285 0.100000 0.464391
v 0.410133 0.100000 0.463425
v 0.463425 0.100000 0.410133
v 0.464391 0.100000 0.407285
v -0.464391 0.100000 0.407285
v -0.463425 0.100000 0.410133
v -0.410133 0.100000 0.463425
v -0.407285 0.100000 0.464391
v -0.464386 0.150000 -0.407191
v -0.463421 0.150000 -0.410047
v -0.410047 0.150000 -0.463421
v -0.407191 0.150000 -0.464386
v 0.463421 0.150000 -0.410047
v 0.464386 0.150000 -0.407191
v 0.407191 0.150000 -0.464386
v 0.410047 0.150000 -0.463421
v 0.410047 0.150000 0.463421
v 0.407191 0.150000 0.464386
v 0.464386 0.150000 0.407191
v 0.463421 0.150000 0.410047
v -0.463421 0.150000 0.410047
v -0.464386 0.150000 0.407191
v -0.407191 0.150000 0.464386
v -0.410047 0.150000 0.463421
v -0.498926 0.050000 0.446294
v -0.500000 0.050000 0.443601
v -0.443601 0.050000 0.500000
v -0.446294 0.050000 0.498926
v -0.500000 0.050000 -0.443601
v -0.498926 0.050000 -0.446294
v -0.446294 0.050000 -0.498926
v -0.443601 0.050000 -0.500000
v 0.443601 0.050000 -0.500000
v 0.446294 0.050000 -0.498926
v 0.498926 0.050000 -0.446294
v 0.500000 0.050000 -0.443601
v 0.500000 0.050000 0.443601
v 0.498926 0.050000 0.446294
v 0.446294 0.050000 0.498926
v 0.443601 0.050000 0.500000
v -0.498458 0.007964 -0.232228
v -0.500000 0.007964 -0.234833
v -0.490934 0.000000 -0.234833
v -0.489368 0.000000 -0.232214
v -0.489368 0.000000 0.232214
v -0.490934 0.000000 0.234833
v -0.500000 0.007964 0.234833
v -0.498458 0.007964 0.232228
v -0.498433 0.092036 0.232210
v -0.500000 0.092036 0.234833
v -0.491116 0.100000 0.234833
v -0.489459 0.100000 0.232181
v -0.489459 0.100000 -0.232181
v -0.491116 0.100000 -0.234833
v -0.500000 0.092036 -0.234833
v -0.498433 0.092036 -0.232210
v 0.498458 0.007964 0.232228
v 0.500000 0.007964 0.234833
v 0.490934 0.000000 0.234833
v 0.489368 0.000000 0.232214
v 0.489368 0.000000 -0.232214
v 0.490934 0.000000 -0.234833
v 0.500000 0.007964 -0.234833
v 0.498458 0.007964 -0.232228
v 0.498433 0.092036 -0.232210
v 0.500000 0.092036 -0.234833
v 0.491116 0.100000 -0.234833
v 0.489459 0.100000 -0.232181
v 0.489459 0.100000 0.232181
v 0.491116 0.100000 0.234833
v 0.500000 0.092036 0.234833
v 0.498433 0.092036 0.232210
v 0.232228 0.007964 -0.498458
v 0.234833 0.007964 -0.500000
v 0.234833 0.000000 -0.490934
v 0.232214 0.000000 -0.489368
v -0.232214 0.000000 -0.489368
v -0.234833 0.000000 -0.490934
v -0.234833 0.007964 -0.500000
v -0.232228 0.007964 -0.498458
v -0.232210 0.092036 -0.498433
v -0.234833 0.092036 -0.500000
v -0.234833 0.100000 -0.491116
v -0.232181 0.100000 -0.489459
v 0.232181 0.100000 -0.489459
v 0.234833 0.100000 -0.491116
v 0.234833 0.092036 -0.500000
v 0.232210 0.092036 -0.498433
v -0.232228 0.007964 0.498458
v -0.234833 0.007964 0.500000
v -0.234833 0.000000 0.490934
v -0.232214 0.000000 0.489368
v 0.232214 0.000000 0.489368
v 0.234833 0.000000 0.490934
v 0.234833 0.007964 0.500000
v 0.232228 0.007964 0.498458
v 0.232210 0.092036 0.498433
v 0.234833 0.092036 0.500000
v 0.234833 0.100000 0.491116
v 0.232181 0.100000 0.489459
v -0.232181 0.100000 0.489459
v -0.234833 0.100000 0.491116
v -0.234833 0.092036 0.500000
v -0.232210 0.092036 0.498433
v -0.441494 0.000000 0.490976
v -0.444181 0.000000 0.489895
v -0.443711 0.007964 0.500000
v -0.446398 0.007964 0.498921
v -0.489895 0.000000 0.444181
v -0.490976 0.000000 0.441494
v -0.498921 0.007964 0.446398
v -0.500000 0.007964 0.443711
v -0.445986 0.092036 0.498929
v -0.443275 0.092036 0.500000
v -0.434500 0.100000 0.491380
v -0.437239 0.100000 0.490314
v -0.490314 0.100000 0.437239
v -0.491380 0.100000 0.434500
v -0.500000 0.092036 0.443275
v -0.498929 0.092036 0.445986
v -0.490976 0.000000 -0.441494
v -0.489895 0.000000 -0.444181
v -0.500000 0.007964 -0.443711
v -0.498921 0.007964 -0.446398
v -0.444181 0.000000 -0.489895
v -0.441494 0.000000 -0.490976
v -0.446398 0.007964 -0.498921
v -0.443711 0.007964 -0.500000
v -0.437239 0.100000 -0.490314
v -0.434500 0.100000 -0.491380
v -0.443275 0.092036 -0.500000
v -0.445986 0.092036 -0.498929
v -0.498929 0.092036 -0.445986
v -0.500000 0.092036 -0.443275
v -0.491380 0.100000 -0.434500
v -0.490314 0.100000 -0.437239
v 0.490976 0.000000 0.441494
v 0.489895 0.000000 0.444181
v 0.500000 0.007964 0.443711
v 0.498921 0.007964 0.446398
v 0.444181 0.000000 0.489895
v 0.441494 0.000000 0.490976
v 0.446398 0.007964 0.498921
v 0.443711 0.007964 0.500000
v 0.437239 0.100000 0.490314
v 0.434500 0.100000 0.491380
v 0.443275 0.092036 0.500000
v 0.445986 0.092036 0.498929
v 0.498929 0.092036 0.445986
v 0.500000 0.092036 0.443275
v 0.491380 0.100000 0.434500
v 0.490314 0.100000 0.437239
v 0.441494 0.000000 -0.490976
v 0.444181 0.000000 -0.489895
v 0.443711 0.007964 -0.500000
v 0.446398 0.007964 -0.498921
v 0.489895 0.000000 -0.444181
v 0.490976 0.000000 -0.441494
v 0.498921 0.007964 -0.446398
v 0.500000 0.007964 -0.443711
v 0.490314 0.100000 -0.437239
v 0.491380 0.100000 -0.434500
v 0.500000 0.092036 -0.443275
v 0.498929 0.092036 -0.445986
v 0.445986 0.092036 -0.498929
v 0.443275 0.092036 -0.500000
v 0.434500 0.100000 -0.491380
v 0.437239 0.100000 -0.490314
v -0.500000 0.341219 -0.234833
v -0.498751 0.341756 -0.232502
v -0.496778 0.344771 -0.231468
v -0.498863 0.343697 -0.234362
v -0.494778 0.803509 -0.230535
v -0.498751 0.808309 -0.232502
v -0.500000 0.808781 -0.234833
v -0.498863 0.806303 -0.234362
v -0.500000 0.341219 0.234833
v -0.498863 0.343697 0.234362
v -0.496778 0.344771 0.231468
v -0.498751 0.341756 0.232502
v -0.494778 0.803509 0.230535
v -0.498863 0.806303 0.234362
v -0.500000 0.808781 0.234833
v -0.498751 0.808309 0.232502
v 0.500000 0.341219 0.234833
v 0.498751 0.341756 0.232502
v 0.496778 0.344771 0.231468
v 0.498863 0.343697 0.234362
v 0.494778 0.803509 0.230535
v 0.498751 0.808309 0.232502
v 0.500000 0.808781 0.234833
v 0.498863 0.806303 0.234362
v 0.500000 0.341219 -0.234833
v 0.498863 0.343697 -0.234362
v 0.496778 0.344771 -0.231468
v 0.498751 0.341756 -0.232502
v 0.494778 0.803509 -0.230535
v 0.498863 0.806303 -0.234362
v 0.500000 0.808781 -0.234833
v 0.498751 0.808309 -0.232502
v 0.462378 0.360711 0.208584
v 0.463678 0.358052 0.209170
v 0.463678 0.358052 -0.209170
v 0.462378 0.360711 -0.208584
v -0.462378 0.360711 -0.208584
v -0.463678 0.358052 -0.209170
v -0.463678 0.358052 0.209170
v -0.462378 0.360711 0.208584
v 0.232502 0.341756 -0.498751
v 0.231468 0.344771 -0.496778
v 0.234362 0.343697 -0.498863
v 0.234833 0.341219 -0.500000
v 0.234362 0.806303 -0.498863
v 0.230535 0.803509 -0.494778
v 0.232502 0.808309 -0.498751
v 0.234833 0.808781 -0.500000
v -0.232502 0.341756 -0.498751
v -0.234833 0.341219 -0.500000
v -0.234362 0.343697 -0.498863
v -0.231468 0.344771 -0.496778
v -0.234362 0.806303 -0.498863
v -0.234833 0.808781 -0.500000
v -0.232502 0.808309 -0.498751
v -0.230535 0.803509 -0.494778
v -0.232502 0.341756 0.498751
v -0.231468 0.344771 0.496778
v -0.234362 0.343697 0.498863
v -0.234833 0.341219 0.500000
v -0.234362 0.806303 0.498863
v -0.230535 0.803509 0.494778
v -0.232502 0.808309 0.498751
v -0.234833 0.808781 0.500000
v 0.232502 0.341756 0.498751
v 0.234833 0.341219 0.500000
v 0.234362 0.343697 0.498863
v 0.231468 0.344771 0.496778
v 0.234362 0.806303 0.498863
v 0.234833 0.808781 0.500000
v 0.232502 0.808309 0.498751
v 0.230535 0.803509 0.494778
v -0.208584 0.360711 0.462378
v -0.209170 0.358052 0.463678
v 0.209170 0.358052 0.463678
v 0.208584 0.360711 0.462378
v 0.208584 0.360711 -0.462378
v 0.209170 0.358052 -0.463678
v -0.209170 0.358052 -0.463678
v -0.208584 0.360711 -0.462378
v -0.462391 0.360700 -0.125154
v -0.463678 0.358055 -0.125502
v -0.463678 0.358055 0.125502
v -0.462391 0.360700 0.125154
v 0.462391 0.360700 0.125154
v 0.463678 0.358055 0.125502
v 0.463678 0.358055 -0.125502
v 0.462391 0.360700 -0.125154
v 0.125154 0.360700 -0.462391
v 0.125502 0.358055 -0.463678
v -0.125502 0.358055 -0.463678
v -0.125154 0.360700 -0.462391
v -0.125154 0.360700 0.462391
v -0.125502 0.358055 0.463678
v 0.125502 0.358055 0.463678
v 0.125154 0.360700 0.462391
v 0.498939 0.341219 0.445512
v 0.500000 0.341219 0.442952
v 0.498863 0.343697 0.441634
v 0.497993 0.343531 0.444675
v 0.498863 0.806303 0.441680
v 0.500000 0.808781 0.443002
v 0.498939 0.808781 0.445563
v 0.497994 0.806469 0.444724
v 0.445563 0.808781 0.498939
v 0.443002 0.808781 0.500000
v 0.441680 0.806303 0.498863
v 0.444724 0.806469 0.497994
v 0.441634 0.343697 0.498863
v 0.442952 0.341219 0.500000
v 0.445512 0.341219 0.498939
v 0.444675 0.343531 0.497993
v -0.498939 0.808781 0.445563
v -0.500000 0.808781 0.443002
v -0.498863 0.806303 0.441680
v -0.497994 0.806469 0.444724
v -0.498863 0.343697 0.441634
v -0.500000 0.341219 0.442952
v -0.498939 0.341219 0.445512
v -0.497993 0.343531 0.444675
v -0.445512 0.341219 0.498939
v -0.442952 0.341219 0.500000
v -0.441634 0.343697 0.498863
v -0.444675 0.343531 0.497993
v -0.441680 0.806303 0.498863
v -0.443002 0.808781 0.500000
v -0.445563 0.808781 0.498939
v -0.444724 0.806469 0.497994
v -0.498939 0.341219 -0.445512
v -0.500000 0.341219 -0.442952
v -0.498863 0.343697 -0.441634
v -0.497993 0.343531 -0.444675
v -0.498863 0.806303 -0.441680
v -0.500000 0.808781 -0.443002
v -0.498939 0.808781 -0.445563
v -0.497994 0.806469 -0.444724
v -0.445563 0.808781 -0.498939
v -0.443002 0.808781 -0.500000
v -0.441680 0.806303 -0.498863
v -0.444724 0.806469 -0.497994
v -0.441634 0.343697 -0.498863
v -0.442952 0.341219 -0.500000
v -0.445512 0.341219 -0.498939
v -0.444675 0.343531 -0.497993
v 0.498939 0.808781 -0.445563
v 0.500000 0.808781 -0.443002
v 0.498863 0.806303 -0.441680
v 0.497994 0.806469 -0.444724
v 0.498863 0.343697 -0.441634
v 0.500000 0.341219 -0.442952
v 0.498939 0.341219 -0.445512
v 0.497993 0.343531 -0.444675
v 0.445512 0.341219 -0.498939
v 0.442952 0.341219 -0.500000
v 0.441634 0.343697 -0.498863
v 0.444675 0.343531 -0.497993
v 0.441680 0.806303 -0.498863
v 0.443002 0.808781 -0.500000
v 0.445563 0.808781 -0.498939
v 0.444724 0.806469 -0.497994
v -0.479464 0.359683 -0.223413
v -0.481162 0.358921 -0.226100
v -0.481162 0.791078 -0.226100
v -0.479464 0.790315 -0.223413
v -0.481162 0.358921 0.226100
v -0.479464 0.359683 0.223413
v -0.479464 0.790315 0.223413
v -0.481162 0.791078 0.226100
v 0.479464 0.359683 0.223413
v 0.481162 0.358921 0.226100
v 0.481162 0.791078 0.226100
v 0.479464 0.790315 0.223413
v 0.481162 0.358921 -0.226100
v 0.479464 0.359683 -0.223413
v 0.479464 0.790315 -0.223413
v 0.481162 0.791078 -0.226100
v 0.223413 0.359684 -0.479464
v 0.226100 0.358921 -0.481162
v 0.226100 0.791078 -0.481162
v 0.223413 0.790315 -0.479464
v -0.226100 0.358921 -0.481162
v -0.223413 0.359684 -0.479464
v -0.223413 0.790315 -0.479464
v -0.226100 0.791078 -0.481162
v -0.223413 0.359684 0.479464
v -0.226100 0.358921 0.481162
v -0.226100 0.791078 0.481162
v -0.223413 0.790315 0.479464
v 0.226100 0.358921 0.481162
v 0.223413 0.359684 0.479464
v 0.223413 0.790315 0.479464
v 0.226100 0.791078 0.481162
v -0.485323 0.151043 0.232517
v -0.485001 0.150000 0.234833
v -0.499023 0.166335 0.234833
v -0.500000 0.168973 0.234833
v -0.498751 0.168386 0.232502
v -0.496990 0.164650 0.232498
v -0.487760 0.158914 0.226357
v -0.486977 0.161070 0.224670
v -0.498751 0.168386 -0.232502
v -0.500000 0.168973 -0.234833
v -0.499023 0.166335 -0.234833
v -0.496990 0.164650 -0.232498
v -0.485001 0.150000 -0.234833
v -0.485323 0.151043 -0.232517
v -0.486977 0.161070 -0.224670
v -0.487760 0.158914 -0.226357
v 0.485323 0.151043 -0.232517
v 0.485001 0.150000 -0.234833
v 0.499023 0.166335 -0.234833
v 0.500000 0.168973 -0.234833
v 0.498751 0.168386 -0.232502
v 0.496990 0.164650 -0.232498
v 0.487760 0.158914 -0.226357
v 0.486977 0.161070 -0.224670
v 0.498751 0.168386 0.232502
v 0.500000 0.168973 0.234833
v 0.499023 0.166335 0.234833
v 0.496990 0.164650 0.232498
v 0.485001 0.150000 0.234833
v 0.485323 0.151043 0.232517
v 0.486977 0.161070 0.224670
v 0.487760 0.158914 0.226357
v -0.232517 0.151043 -0.485323
v -0.234833 0.150000 -0.485001
v -0.234833 0.166335 -0.499023
v -0.234833 0.168973 -0.500000
v -0.232502 0.168386 -0.498751
v -0.232498 0.164650 -0.496990
v -0.226357 0.158914 -0.487760
v -0.224670 0.161070 -0.486977
v 0.232502 0.168386 -0.498751
v 0.234833 0.168973 -0.500000
v 0.234833 0.166335 -0.499023
v 0.232498 0.164650 -0.496990
v 0.234833 0.150000 -0.485001
v 0.232517 0.151043 -0.485323
v 0.224670 0.161070 -0.486977
v 0.226357 0.158914 -0.487760
v 0.232517 0.151043 0.485323
v 0.234833 0.150000 0.485001
v 0.234833 0.166335 0.499023
v 0.234833 0.168973 0.500000
v 0.232502 0.168386 0.498751
v 0.232498 0.164650 0.496990
v 0.226357 0.158914 0.487760
v 0.224670 0.161070 0.486977
v -0.232502 0.168386 0.498751
v -0.234833 0.168973 0.500000
v -0.234833 0.166335 0.499023
v -0.232498 0.164650 0.496990
v -0.234833 0.150000 0.485001
v -0.232517 0.151043 0.485323
v -0.224670 0.161070 0.486977
v -0.226357 0.158914 0.487760
v -0.499027 0.166332 0.441720
v -0.498117 0.166515 0.444657
v -0.498939 0.168973 0.445468
v -0.500000 0.168973 0.442907
v -0.485098 0.150000 0.427826
v -0.484033 0.150000 0.430605
v -0.430605 0.150000 0.484033
v -0.427826 0.150000 0.485098
v -0.441720 0.166332 0.499027
v -0.442907 0.168973 0.500000
v -0.445468 0.168973 0.498939
v -0.444657 0.166515 0.498117
v -0.441720 0.166332 -0.499027
v -0.444657 0.166515 -0.498117
v -0.445468 0.168973 -0.498939
v -0.442907 0.168973 -0.500000
v -0.427826 0.150000 -0.485098
v -0.430605 0.150000 -0.484033
v -0.484033 0.150000 -0.430605
v -0.485098 0.150000 -0.427826
v -0.499027 0.166332 -0.441720
v -0.500000 0.168973 -0.442907
v -0.498939 0.168973 -0.445468
v -0.498117 0.166515 -0.444657
v 0.499027 0.166332 -0.441720
v 0.498117 0.166515 -0.444657
v 0.498939 0.168973 -0.445468
v 0.500000 0.168973 -0.442907
v 0.485098 0.150000 -0.427826
v 0.484033 0.150000 -0.430605
v 0.430605 0.150000 -0.484033
v 0.427826 0.150000 -0.485098
v 0.441720 0.166332 -0.499027
v 0.442907 0.168973 -0.500000
v 0.445468 0.168973 -0.498939
v 0.444657 0.166515 -0.498117
v 0.441720 0.166332 0.499027
v 0.444657 0.166515 0.498117
v 0.445468 0.168973 0.498939
v 0.442907 0.168973 0.500000
v 0.427826 0.150000 0.485098
v 0.430605 0.150000 0.484033
v 0.484033 0.150000 0.430605
v 0.485098 0.150000 0.427826
v 0.499027 0.166332 0.441720
v 0.500000 0.168973 0.442907
v 0.498939 0.168973 0.445468
v 0.498117 0.166515 0.444657
v -0.498751 0.959431 0.232502
v -0.500000 0.958843 0.234833
v -0.498939 0.961404 0.234833
v -0.496376 0.963352 0.232253
v -0.461404 0.998939 0.234833
v -0.458843 1.000000 0.234833
v -0.461100 0.998636 0.232266
v -0.473015 0.977062 0.215381
v -0.472408 0.978247 0.216308
v -0.461404 0.998939 -0.234833
v -0.461100 0.998636 -0.232266
v -0.458843 1.000000 -0.234833
v -0.498939 0.961404 -0.234833
v -0.500000 0.958843 -0.234833
v -0.498751 0.959431 -0.232502
v -0.496376 0.963352 -0.232253
v -0.472408 0.978247 -0.216308
v -0.473015 0.977062 -0.215381
v 0.498751 0.959431 -0.232502
v 0.500000 0.958843 -0.234833
v 0.498939 0.961404 -0.234833
v 0.496376 0.963352 -0.232253
v 0.461404 0.998939 -0.234833
v 0.458843 1.000000 -0.234833
v 0.461100 0.998636 -0.232266
v 0.473015 0.977062 -0.215381
v 0.472408 0.978247 -0.216308
v 0.461404 0.998939 0.234833
v 0.461100 0.998636 0.232266
v 0.458843 1.000000 0.234833
v 0.498939 0.961404 0.234833
v 0.500000 0.958843 0.234833
v 0.498751 0.959431 0.232502
v 0.496376 0.963352 0.232253
v 0.472408 0.978247 0.216308
v 0.473015 0.977062 0.215381
v -0.232502 0.959431 -0.498751
v -0.234833 0.958843 -0.500000
v -0.234833 0.961404 -0.498939
v -0.232253 0.963352 -0.496376
v -0.234833 0.998939 -0.461404
v -0.234833 1.000000 -0.458843
v -0.232266 0.998636 -0.461100
v -0.215381 0.977062 -0.473015
v -0.216308 0.978247 -0.472408
v 0.234833 0.998939 -0.461404
v 0.232266 0.998636 -0.461100
v 0.234833 1.000000 -0.458843
v 0.234833 0.961404 -0.498939
v 0.234833 0.958843 -0.500000
v 0.232502 0.959431 -0.498751
v 0.232253 0.963352 -0.496376
v 0.216308 0.978247 -0.472408
v 0.215381 0.977062 -0.473015
v 0.232502 0.959431 0.498751
v 0.234833 0.958843 0.500000
v 0.234833 0.961404 0.498939
v 0.232253 0.963352 0.496376
v 0.234833 0.998939 0.461404
v 0.234833 1.000000 0.458843
v 0.232266 0.998636 0.461100
v 0.215381 0.977062 0.473015
v 0.216308 0.978247 0.472408
v -0.234833 0.998939 0.461404
v -0.232266 0.998636 0.461100
v -0.234833 1.000000 0.458843
v -0.234833 0.961404 0.498939
v -0.234833 0.958843 0.500000
v -0.232502 0.959431 0.498751
v -0.232253 0.963352 0.496376
v -0.216308 0.978247 0.472408
v -0.215381 0.977062 0.473015
v -0.458843 1.000000 0.427504
v -0.461404 0.998939 0.427001
v -0.460299 0.998939 0.429670
v -0.498939 0.961404 0.442539
v -0.500000 0.958843 0.443041
v -0.498939 0.958843 0.445602
v -0.497834 0.961404 0.445208
v -0.427001 0.998939 0.461404
v -0.427504 1.000000 0.458843
v -0.429670 0.998939 0.460299
v -0.442539 0.961404 0.498939
v -0.445208 0.961404 0.497834
v -0.445602 0.958843 0.498939
v -0.443041 0.958843 0.500000
v -0.427504 1.000000 -0.458843
v -0.427001 0.998939 -0.461404
v -0.429670 0.998939 -0.460299
v -0.442539 0.961404 -0.498939
v -0.443041 0.958843 -0.500000
v -0.445602 0.958843 -0.498939
v -0.445208 0.961404 -0.497834
v -0.461404 0.998939 -0.427001
v -0.458843 1.000000 -0.427504
v -0.460299 0.998939 -0.429670
v -0.498939 0.961404 -0.442539
v -0.497834 0.961404 -0.445208
v -0.498939 0.958843 -0.445602
v -0.500000 0.958843 -0.443041
v 0.458843 1.000000 -0.427504
v 0.461404 0.998939 -0.427001
v 0.460299 0.998939 -0.429670
v 0.498939 0.961404 -0.442539
v 0.500000 0.958843 -0.443041
v 0.498939 0.958843 -0.445602
v 0.497834 0.961404 -0.445208
v 0.427001 0.998939 -0.461404
v 0.427504 1.000000 -0.458843
v 0.429670 0.998939 -0.460299
v 0.442539 0.961404 -0.498939
v 0.445208 0.961404 -0.497834
v 0.445602 0.958843 -0.498939
v 0.443041 0.958843 -0.500000
v 0.427504 1.000000 0.458843
v 0.427001 0.998939 0.461404
v 0.429670 0.998939 0.460299
v 0.442539 0.961404 0.498939
v 0.443041 0.958843 0.500000
v 0.445602 0.958843 0.498939
v 0.445208 0.961404 0.497834
v 0.461404 0.998939 0.427001
v 0.458843 1.000000 0.427504
v 0.460299 0.998939 0.429670
v 0.498939 0.961404 0.442539
v 0.497834 0.961404 0.445208
v 0.498939 0.958843 0.445602
v 0.500000 0.958843 0.443041
v 0.463678 0.792016 0.209170
v 0.460335 0.787532 0.207662
v 0.463678 0.790407 0.207670
v 0.463678 0.791450 0.208092
v 0.460335 0.787532 -0.207662
v 0.463678 0.792016 -0.209170
v 0.463678 0.791450 -0.208092
v 0.463678 0.790407 -0.207670
v -0.463678 0.792016 -0.209170
v -0.460335 0.787532 -0.207662
v -0.463678 0.790407 -0.207670
v -0.463678 0.791450 -0.208092
v -0.460335 0.787532 0.207662
v -0.463678 0.792016 0.209170
v -0.463678 0.791450 0.208092
v -0.463678 0.790407 0.207670
v -0.209170 0.792016 0.463678
v -0.207662 0.787532 0.460335
v -0.207670 0.790407 0.463678
v -0.208092 0.791450 0.463678
v 0.207662 0.787532 0.460335
v 0.209170 0.792016 0.463678
v 0.208092 0.791450 0.463678
v 0.207670 0.790407 0.463678
v 0.209170 0.792016 -0.463678
v 0.207662 0.787532 -0.460335
v 0.207670 0.790407 -0.463678
v 0.208092 0.791450 -0.463678
v -0.207662 0.787532 -0.460335
v -0.209170 0.792016 -0.463678
v -0.208092 0.791450 -0.463678
v -0.207670 0.790407 -0.463678
v 0.480100 0.358921 0.428784
v 0.481162 0.358921 0.425914
v 0.481162 0.360421 0.427722
v 0.480412 0.359982 0.428472
v 0.481162 0.791078 0.425929
v 0.480100 0.791078 0.428800
v 0.480412 0.790017 0.428488
v 0.481162 0.789578 0.427738
v 0.428800 0.791078 0.480100
v 0.425929 0.791078 0.481162
v 0.427738 0.789578 0.481162
v 0.428488 0.790017 0.480412
v 0.425914 0.358921 0.481162
v 0.428784 0.358921 0.480100
v 0.428472 0.359982 0.480412
v 0.427722 0.360421 0.481162
v -0.480100 0.791078 0.428800
v -0.481162 0.791078 0.425929
v -0.481162 0.789578 0.427738
v -0.480412 0.790017 0.428488
v -0.481162 0.358921 0.425914
v -0.480100 0.358921 0.428784
v -0.480412 0.359982 0.428472
v -0.481162 0.360421 0.427722
v -0.428784 0.358921 0.480100
v -0.425914 0.358921 0.481162
v -0.427722 0.360421 0.481162
v -0.428472 0.359982 0.480412
v -0.425929 0.791078 0.481162
v -0.428800 0.791078 0.480100
v -0.428488 0.790017 0.480412
v -0.427738 0.789578 0.481162
v -0.480100 0.358921 -0.428784
v -0.481162 0.358921 -0.425914
v -0.481162 0.360421 -0.427722
v -0.480412 0.359982 -0.428472
v -0.481162 0.791078 -0.425929
v -0.480100 0.791078 -0.428800
v -0.480412 0.790017 -0.428488
v -0.481162 0.789578 -0.427738
v -0.428800 0.791078 -0.480100
v -0.425929 0.791078 -0.481162
v -0.427738 0.789578 -0.481162
v -0.428488 0.790017 -0.480412
v -0.425914 0.358921 -0.481162
v -0.428784 0.358921 -0.480100
v -0.428472 0.359982 -0.480412
v -0.427722 0.360421 -0.481162
v 0.480100 0.791078 -0.428800
v 0.481162 0.791078 -0.425929
v 0.481162 0.789578 -0.427738
v 0.480412 0.790017 -0.428488
v 0.481162 0.358921 -0.425914
v 0.480100 0.358921 -0.428784
v 0.480412 0.359982 -0.428472
v 0.481162 0.360421 -0.427722
v 0.428784 0.358921 -0.480100
v 0.425914 0.358921 -0.481162
v 0.427722 0.360421 -0.481162
v 0.428472 0.359982 -0.480412
v 0.425929 0.791078 -0.481162
v 0.428800 0.791078 -0.480100
v 0.428488 0.790017 -0.480412
v 0.427738 0.789578 -0.481162
vn 1.0000 -0.0000 -0.0000
vn -0.6952 0.3556 0.6247
vn -0.0000 -0.0000 -1.0000
vn -0.0000 -0.0000 1.0000
vn -0.0005 1.0000 -0.0000
vn -0.8326 -0.0000 0.5539
vn -1.0000 -0.0000 -0.0000
vn -0.6521 0.7582 -0.0000
vn 0.8326 -0.0000 -0.5539
vn 0.6245 -0.3550 0.6957
vn -0.6245 -0.3550 -0.6957
vn -0.0000 1.0000 0.0005
vn -0.0000 -1.0000 -0.0000
vn 0.0318 0.4555 -0.8897
vn 0.6521 -0.7581 -0.0000
vn 0.8897 0.4555 -0.0318
vn -0.0000 -0.2848 -0.9586
vn 0.9586 -0.2848 -0.0000
vn -0.7687 -0.6216 0.1505
vn 0.5826 -0.0000 0.8128
vn 0.5826 -0.0000 -0.8128
vn -0.5826 -0.0000 0.8128
vn -0.0000 1.0000 -0.0000
vn -0.1505 -0.6216 -0.7687
vn -0.9586 -0.2848 -0.0000
vn -0.8897 0.4555 0.0318
vn 0.8897 0.4555 0.0318
vn -0.8128 -0.0000 0.5826
vn -0.8128 -0.0000 -0.5826
vn 0.0005 1.0000 -0.0000
vn 0.6521 0.7582 -0.0000
vn -0.6521 -0.7581 -0.0000
vn 0.6952 0.3556 -0.6247
vn -0.3829 0.8407 0.3829
vn -0.6247 0.3556 0.6952
vn 0.8128 -0.0000 0.5826
vn 0.1505 -0.6216 0.7687
vn -0.0000 -0.7581 -0.6521
vn 0.7687 -0.6216 -0.1505
vn -0.0567 -0.0000 0.9984
vn -0.0000 -0.2469 0.9690
vn 0.8128 -0.0000 -0.5826
vn 0.6957 -0.3550 0.6245
vn 0.7071 -0.0000 0.7071
vn -0.6957 -0.3550 -0.6245
vn -0.0318 0.4555 -0.8897
vn -0.0000 1.0000 -0.0005
vn 0.0567 -0.0000 -0.9984
vn -0.0318 0.4555 0.8897
vn 0.9984 -0.0000 -0.0567
vn -0.9984 -0.0000 0.0567
vn 0.0567 -0.0000 0.9984
vn -0.0567 -0.0000 -0.9984
vn -0.1505 -0.6216 0.7687
vn -0.0000 -0.2848 0.9586
vn -0.0000 0.7582 -0.6521
vn 0.1505 -0.6216 -0.7687
vn -0.0000 -0.7581 0.6521
vn -0.0000 0.7582 0.6521
vn -0.7687 -0.6216 -0.1505
vn 0.6247 0.3556 -0.6952
vn 0.7687 -0.6216 0.1505
vn -0.0000 -0.2469 -0.9690
vn -0.9690 -0.2469 -0.0000
vn -0.5826 -0.0000 -0.8128
vn 0.9984 -0.0000 0.0567
vn 0.9690 -0.2469 -0.0000
vn -0.7071 0.0017 -0.7071
vn 0.7071 0.0051 -0.7071
vn 0.7071 0.0013 0.7071
vn -0.6608 -0.7505 0.0001
vn -0.7071 0.0051 0.7071
vn 0.3829 0.8407 -0.3829
vn -0.3827 -0.8409 -0.3827
vn 0.7071 0.0051 0.7071
vn 0.3827 -0.8409 0.3827
vn 0.7071 0.0013 -0.7071
vn -0.7071 0.0051 -0.7071
vn 0.7071 0.0017 0.7071
vn 0.7071 0.0017 -0.7071
vn -0.7071 0.0017 0.7071
vn -0.7071 0.0013 -0.7071
vn -0.7071 0.0013 0.7071
vn -0.4775 -0.2640 -0.8380
vn -0.4775 -0.2640 0.8380
vn 0.4775 -0.2640 0.8380
vn 0.4775 -0.2640 -0.8380
vn 0.8380 -0.2640 -0.4775
vn -0.8380 -0.2640 -0.4776
vn -0.8380 -0.2640 0.4775
vn 0.8380 -0.2640 0.4776
vn -0.6608 -0.7505 -0.0001
vn -0.6731 0.7395 0.0004
vn 0.6608 -0.7505 0.0001
vn 0.6731 0.7395 -0.0004
vn -0.4846 -0.5540 -0.6769
vn -0.6850 -0.7285 0.0001
vn -0.4789 0.5591 0.6769
vn -0.8646 0.5024 0.0013
vn 0.4846 -0.5540 0.6769
vn 0.6850 -0.7285 -0.0001
vn 0.4789 0.5591 -0.6769
vn 0.8646 0.5024 -0.0013
vn 0.0001 -0.7505 -0.6608
vn -0.0004 0.7395 -0.6731
vn -0.0001 -0.7505 0.6608
vn 0.0004 0.7395 0.6731
vn 0.6769 -0.5540 -0.4846
vn -0.0001 -0.7285 -0.6850
vn -0.6769 0.5591 -0.4789
vn -0.0013 0.5024 -0.8646
vn -0.6769 -0.5540 0.4846
vn 0.0001 -0.7285 0.6850
vn 0.6769 0.5591 0.4789
vn 0.0013 0.5024 0.8646
vn -0.6850 -0.7285 -0.0001
vn -0.8646 0.5024 -0.0013
vn -0.8588 0.5122 -0.0000
vn 0.6850 -0.7285 0.0001
vn 0.8646 0.5024 0.0013
vn 0.8588 0.5122 -0.0000
vn 0.0001 -0.7285 -0.6850
vn 0.0013 0.5024 -0.8646
vn -0.0000 0.5122 -0.8588
vn -0.0001 -0.7285 0.6850
vn -0.0013 0.5024 0.8646
vn -0.0000 0.5122 0.8588
vn -0.5004 -0.7065 -0.5004
vn -0.3848 0.8389 -0.3848
vn 0.3848 0.8389 -0.3848
vn 0.3848 0.8389 0.3848
vn 0.5004 -0.7065 0.5004
vn 0.5004 -0.7065 -0.5004
vn -0.3848 0.8389 0.3848
vn -0.6731 0.7395 -0.0004
vn 0.6769 -0.5540 0.4846
vn -0.4789 0.5591 -0.6769
vn -0.5004 -0.7065 0.5004
vn -0.4846 -0.5540 0.6769
vn 0.0004 0.7395 -0.6731
vn 0.6608 -0.7505 -0.0001
vn 0.6769 0.5591 -0.4789
vn 0.4846 -0.5540 -0.6769
vn -0.0004 0.7395 0.6731
vn -0.0001 -0.7505 -0.6608
vn -0.6769 0.5591 0.4789
vn -0.6769 -0.5540 -0.4846
vn 0.6731 0.7395 0.0004
vn 0.0001 -0.7505 0.6608
vn 0.4789 0.5591 0.6769
vn -0.3827 -0.8409 0.3827
vn 0.7071 -0.0002 -0.7071
vn -0.7071 -0.0002 -0.7071
vn 0.3827 -0.8409 -0.3827
vn -0.7071 -0.0002 0.7071
vn 0.7071 -0.0002 0.7071
vn 0.6247 0.3556 0.6952
vn -0.5539 -0.0000 0.8326
vn -0.8326 -0.0000 -0.5539
vn 0.5539 -0.0000 -0.8326
vn -0.3829 0.8407 -0.3829
vn 0.8326 -0.0000 0.5539
vn 0.5539 -0.0000 0.8326
vn -0.9984 -0.0000 -0.0567
vn -0.6957 -0.3550 0.6245
vn -0.5539 -0.0000 -0.8326
vn 0.6957 -0.3550 -0.6245
vn -0.6698 -0.5750 -0.4698
vn 0.6245 -0.3550 -0.6957
vn -0.6245 -0.3550 0.6957
vn -0.6952 0.3556 -0.6247
vn 0.3829 0.8407 0.3829
vn -0.7071 -0.0000 0.7071
vn 0.7071 -0.0000 -0.7071
vn -0.7599 -0.6501 -0.0002
vn -0.7599 -0.6501 0.0002
vn 0.7599 -0.6501 0.0002
vn 0.7599 -0.6501 -0.0002
vn 0.0002 -0.6501 -0.7599
vn -0.0002 -0.6501 -0.7599
vn -0.0002 -0.6501 0.7599
vn 0.0002 -0.6501 0.7599
vn -0.6560 0.6560 -0.3733
vn -0.4516 -0.7694 -0.4516
vn 0.4516 -0.7694 -0.4516
vn 0.4516 -0.7694 0.4516
vn -0.4516 -0.7694 0.4516
vn -0.6698 -0.5750 0.4698
vn 0.6698 -0.5750 0.4698
vn -0.4698 -0.5750 -0.6698
vn -0.4698 -0.5750 0.6698
vn 0.6698 -0.5750 -0.4698
vn 0.4698 -0.5750 -0.6698
vn 0.4698 -0.5750 0.6698
vn -0.6247 0.3556 -0.6952
vn -0.7071 0.7071 -0.0000
vn 0.7071 0.7071 -0.0000
vn -0.0000 0.7071 -0.7071
vn -0.0000 0.7071 0.7071
vn -0.5000 0.7070 -0.5000
vn 0.5000 0.7070 -0.5000
vn 0.5000 0.7070 0.5000
vn -0.5000 0.7070 0.5000
vn -0.6560 0.6560 0.3733
vn 0.6560 0.6560 0.3733
vn -0.3733 0.6560 -0.6560
vn -0.3733 0.6560 0.6560
vn 0.6560 0.6560 -0.3733
vn 0.3733 0.6560 -0.6560
vn 0.3733 0.6560 0.6560
vn 0.6513 0.3894 0.6513
vn -0.8897 0.4555 -0.0318
vn -0.6513 0.3894 0.6513
vn 0.6952 0.3556 0.6247
vn 0.6513 0.3894 -0.6513
vn -0.6513 0.3894 -0.6513
vn -0.0000 0.9230 -0.3847
vn 0.3866 -0.0000 0.9222
vn -0.0000 0.9230 0.3847
vn -0.0000 -0.9230 -0.3847
vn -0.0000 -0.9230 0.3847
vn -0.3847 0.9230 -0.0000
vn -0.3847 -0.9230 -0.0000
vn 0.3847 0.9230 -0.0000
vn 0.3847 -0.9230 -0.0000
vn 0.3802 -0.0000 0.9249
vn -0.0000 -0.9258 0.3779
vn -0.0000 0.9258 -0.3779
vn -0.3802 -0.0000 0.9249
vn -0.0000 0.9258 0.3779
vn -0.3802 -0.0000 -0.9249
vn -0.0000 -0.9258 -0.3779
vn 0.3779 -0.9258 -0.0000
vn 0.3866 -0.0000 -0.9222
vn -0.3866 -0.0000 -0.9222
vn -0.3866 -0.0000 0.9222
vn -0.9222 -0.0000 0.3866
vn 0.9222 -0.0000 0.3866
vn 0.9222 -0.0000 -0.3866
vn -0.9222 -0.0000 -0.3866
vn 0.3779 0.9258 -0.0000
vn 0.3802 -0.0000 -0.9249
vn 0.9249 -0.0000 -0.3802
vn -0.9249 -0.0000 -0.3802
vn -0.9249 -0.0000 0.3802
vn -0.3779 0.9258 -0.0000
vn 0.9249 -0.0000 0.3802
vn -0.3779 -0.9258 -0.0000
vn -0.0685 0.1388 0.9880
vn 0.0685 0.1388 -0.9880
vn 0.0685 0.1388 0.9880
vn -0.0685 0.1388 -0.9880
vn -0.9880 0.1388 -0.0685
vn 0.9880 0.1388 0.0685
vn -0.9880 0.1388 0.0685
vn 0.9880 0.1388 -0.0685
vn -0.7069 0.7073 -0.0000
vn 0.7069 0.7073 -0.0000
vn -0.0000 0.7073 -0.7069
vn -0.0000 0.7073 0.7069
vn -0.7071 -0.0000 -0.7071
vn 0.6509 0.3908 0.6509
vn -0.6509 0.3908 0.6509
vn 0.6509 0.3908 -0.6509
vn -0.6509 0.3908 -0.6509
vn -0.8336 0.3563 0.4221
vn -0.7877 -0.3946 0.4731
vn -0.8336 0.3563 -0.4221
vn -0.7877 -0.3946 -0.4731
vn 0.8336 0.3563 -0.4221
vn 0.7877 -0.3946 -0.4731
vn 0.8336 0.3563 0.4221
vn 0.7877 -0.3946 0.4731
vn -0.4221 0.3564 -0.8336
vn -0.4731 -0.3946 -0.7877
vn 0.4221 0.3564 -0.8336
vn 0.4730 -0.3946 -0.7877
vn 0.4221 0.3564 0.8336
vn 0.4731 -0.3946 0.7877
vn -0.4221 0.3564 0.8336
vn -0.4730 -0.3946 0.7877
vn 0.8196 0.4900 0.2969
vn 0.8196 -0.4901 0.2967
vn 0.2967 -0.4901 0.8196
vn 0.2969 0.4900 0.8196
vn -0.8196 -0.4901 0.2967
vn -0.8196 0.4900 0.2969
vn -0.2969 0.4900 0.8196
vn -0.2967 -0.4902 0.8196
vn -0.8196 0.4900 -0.2969
vn -0.8196 -0.4901 -0.2967
vn -0.2967 -0.4901 -0.8196
vn -0.2969 0.4900 -0.8196
vn 0.8196 -0.4901 -0.2967
vn 0.8196 0.4900 -0.2969
vn 0.2969 0.4900 -0.8196
vn 0.2967 -0.4902 -0.8196
vn -0.8367 -0.3590 -0.4136
vn -0.8367 -0.3590 0.4136
vn 0.8367 -0.3590 0.4136
vn 0.8367 -0.3590 -0.4136
vn 0.4136 -0.3590 -0.8367
vn -0.4136 -0.3590 -0.8367
vn -0.4136 -0.3590 0.8367
vn 0.4136 -0.3590 0.8367
vn -0.8483 -0.4233 0.3181
vn -0.3181 -0.4233 0.8483
vn -0.3181 -0.4233 -0.8483
vn -0.8483 -0.4233 -0.3181
vn 0.8483 -0.4233 -0.3181
vn 0.3181 -0.4233 -0.8483
vn 0.3181 -0.4233 0.8483
vn 0.8483 -0.4233 0.3181
vn -0.8102 0.4134 -0.4155
vn -0.3782 0.9131 -0.1527
vn -0.3782 0.9131 0.1527
vn -0.8102 0.4134 0.4155
vn 0.8102 0.4134 0.4155
vn 0.3782 0.9131 0.1527
vn 0.3782 0.9131 -0.1527
vn 0.8102 0.4134 -0.4155
vn 0.4155 0.4134 -0.8102
vn 0.1527 0.9130 -0.3782
vn -0.1527 0.9130 -0.3782
vn -0.4155 0.4134 -0.8102
vn -0.4155 0.4134 0.8102
vn -0.1527 0.9130 0.3782
vn 0.1527 0.9130 0.3782
vn 0.4155 0.4134 0.8102
vn -0.4052 0.8987 0.1679
vn -0.8401 0.4162 0.3480
vn -0.1678 0.8987 0.4052
vn -0.3480 0.4162 0.8401
vn -0.1678 0.8987 -0.4052
vn -0.3480 0.4162 -0.8401
vn -0.4052 0.8987 -0.1679
vn -0.8401 0.4162 -0.3480
vn 0.4052 0.8987 -0.1679
vn 0.8401 0.4162 -0.3480
vn 0.1678 0.8987 -0.4052
vn 0.3480 0.4162 -0.8401
vn 0.1678 0.8987 0.4052
vn 0.3480 0.4162 0.8401
vn 0.4052 0.8987 0.1679
vn 0.8401 0.4162 0.3480
vn 0.5764 -0.5574 0.5976
vn 0.5764 -0.5574 -0.5976
vn -0.5764 -0.5574 -0.5976
vn -0.5764 -0.5574 0.5976
vn -0.5975 -0.5574 0.5764
vn 0.5975 -0.5574 0.5764
vn 0.5975 -0.5574 -0.5764
vn -0.5975 -0.5574 -0.5764
vn 0.8589 -0.3323 0.3896
vn 0.8590 0.3324 0.3895
vn 0.3895 0.3324 0.8590
vn 0.3896 -0.3323 0.8589
vn -0.8590 0.3323 0.3894
vn -0.8590 -0.3323 0.3896
vn -0.3896 -0.3323 0.8589
vn -0.3895 0.3324 0.8590
vn -0.8589 -0.3323 -0.3896
vn -0.8590 0.3324 -0.3895
vn -0.3895 0.3324 -0.8590
vn -0.3896 -0.3323 -0.8589
vn 0.8590 0.3323 -0.3894
vn 0.8590 -0.3323 -0.3896
vn 0.3896 -0.3323 -0.8589
vn 0.3895 0.3324 -0.8590
vn -0.9386 0.2588 0.2281
vn -0.9386 0.2588 -0.2281
vn -0.0003 1.0000 -0.0000
vn 0.0003 1.0000 -0.0000
vn -0.2281 0.2588 0.9386
vn 0.2281 0.2588 0.9386
vn -0.2281 0.2588 -0.9386
vn 0.2281 0.2588 -0.9386
vn 0.9386 0.2588 0.2281
vn -0.0000 1.0000 0.0003
vn 0.9386 0.2588 -0.2281
vn -0.0000 1.0000 -0.0003
vn -0.9995 -0.0000 0.0309
vn -0.9995 -0.0000 -0.0309
vn 0.9995 -0.0000 -0.0309
vn 0.9995 -0.0000 0.0309
vn -0.0309 -0.0000 -0.9995
vn 0.0309 -0.0000 -0.9995
vn 0.0309 -0.0000 0.9995
vn -0.0309 -0.0000 0.9995
vn 0.3206 0.0007 -0.9472
vn 0.9472 0.0007 -0.3207
vn 0.3206 0.0007 0.9472
vn 0.9472 0.0007 0.3207
vn -0.3206 0.0007 0.9472
vn -0.9472 0.0007 0.3207
vn -0.3206 0.0007 -0.9472
vn -0.9472 0.0007 -0.3207
vn -0.6140 -0.6996 -0.3653
vn -0.6168 0.6909 0.3770
vn 0.6140 -0.6996 0.3653
vn 0.6168 0.6909 -0.3770
vn -0.6140 -0.6996 0.3653
vn -0.6168 0.6909 -0.3770
vn 0.6140 -0.6996 -0.3653
vn 0.6168 0.6909 0.3770
vn 0.3653 -0.6996 -0.6141
vn -0.3770 0.6909 -0.6168
vn -0.3653 -0.6996 0.6141
vn 0.3770 0.6909 0.6168
vn -0.3653 -0.6996 -0.6141
vn 0.3770 0.6909 -0.6168
vn 0.3653 -0.6996 0.6141
vn -0.3770 0.6909 0.6168
vn -0.2114 0.8155 0.5388
vn -0.5388 0.8155 0.2114
vn -0.2441 -0.7561 -0.6072
vn -0.6072 -0.7561 -0.2441
vn 0.6072 -0.7561 -0.2441
vn 0.2441 -0.7561 -0.6072
vn 0.2441 -0.7561 0.6072
vn 0.6072 -0.7561 0.2441
vn -0.2114 0.8155 -0.5388
vn -0.5388 0.8155 -0.2114
vn 0.2114 0.8155 0.5388
vn 0.5388 0.8155 0.2114
vn 0.5388 0.8155 -0.2114
vn 0.2114 0.8155 -0.5388
vn -0.6072 -0.7561 0.2441
vn -0.2441 -0.7561 0.6072
vn -0.8606 -0.0000 0.5094
vn -0.9284 0.0009 -0.3716
vn -0.8606 -0.0000 -0.5094
vn -0.9284 0.0009 0.3716
vn -0.9294 0.0028 0.3691
vn -0.8595 0.0001 -0.5111
vn -0.8595 0.0001 0.5111
vn -0.9294 0.0028 -0.3691
vn 0.8606 -0.0000 -0.5094
vn 0.9284 0.0009 0.3716
vn 0.8606 -0.0000 0.5094
vn 0.9284 0.0009 -0.3716
vn 0.9294 0.0028 -0.3691
vn 0.8595 0.0001 0.5111
vn 0.8595 0.0001 -0.5111
vn 0.9294 0.0028 0.3691
vn -0.5094 -0.0000 -0.8606
vn 0.3716 0.0009 -0.9284
vn 0.5094 -0.0000 -0.8606
vn -0.3716 0.0009 -0.9284
vn 0.5111 0.0001 -0.8595
vn -0.3691 0.0028 -0.9294
vn -0.5111 0.0001 -0.8595
vn 0.3691 0.0028 -0.9294
vn 0.5094 -0.0000 0.8606
vn -0.3716 0.0009 0.9284
vn -0.5094 -0.0000 0.8606
vn 0.3716 0.0009 0.9284
vn -0.5111 0.0001 0.8595
vn 0.3691 0.0028 0.9294
vn 0.5111 0.0001 0.8595
vn -0.3691 0.0028 0.9294
vn -0.6960 -0.6730 0.2504
vn -0.6960 -0.6730 -0.2504
vn 0.6960 -0.6730 -0.2504
vn 0.6960 -0.6730 0.2504
vn -0.2504 -0.6730 -0.6960
vn 0.2504 -0.6730 -0.6960
vn 0.2504 -0.6730 0.6960
vn -0.2504 -0.6730 0.6960
vn 0.5326 -0.8231 0.1970
vn 0.1971 0.8230 0.5328
vn -0.5328 0.8230 0.1971
vn -0.1970 -0.8231 0.5327
vn -0.5326 -0.8231 -0.1970
vn -0.1971 0.8230 -0.5328
vn 0.5328 0.8230 -0.1971
vn 0.1970 -0.8231 -0.5327
vn 0.6207 -0.4790 -0.6207
vn 0.6208 0.4787 -0.6208
vn -0.6208 0.4787 -0.6208
vn -0.6207 -0.4790 -0.6207
vn -0.6207 -0.4790 0.6207
vn -0.6208 0.4787 0.6208
vn 0.6208 0.4787 0.6208
vn 0.6207 -0.4790 0.6207
vn -0.0000 0.4377 0.8991
vn -0.0000 0.4385 0.8987
vn -0.0000 0.4377 -0.8991
vn -0.0000 0.4385 -0.8987
vn 0.8991 0.4377 -0.0000
vn 0.8987 0.4385 -0.0000
vn -0.8991 0.4377 -0.0000
vn -0.8987 0.4385 -0.0000
vn -0.9089 0.4171 -0.0000
vn -0.9089 -0.4171 -0.0000
vn -0.8040 0.1078 -0.5848
vn -0.7774 -0.1832 -0.6018
vn -0.0000 0.4171 -0.9089
vn -0.0000 -0.4171 -0.9089
vn 0.9089 0.4171 -0.0000
vn 0.9089 -0.4171 -0.0000
vn 0.8039 0.1078 0.5848
vn 0.7774 -0.1832 0.6018
vn -0.8040 0.1078 0.5848
vn -0.7774 -0.1832 0.6018
vn 0.8039 0.1078 -0.5848
vn 0.7774 -0.1832 -0.6018
vn -0.5848 0.1078 0.8040
vn -0.6018 -0.1832 0.7774
vn 0.5848 0.1078 -0.8040
vn 0.6018 -0.1832 -0.7774
vn 0.5848 0.1078 0.8040
vn 0.6018 -0.1832 0.7774
vn -0.0000 0.4171 0.9089
vn -0.0000 -0.4171 0.9089
vn -0.5848 0.1078 -0.8040
vn -0.6018 -0.1832 -0.7774
vn -0.6959 0.6731 0.2503
vn -0.8454 -0.0000 0.5341
vn -0.6959 0.6731 -0.2503
vn -0.8454 -0.0000 -0.5341
vn 0.6959 0.6731 -0.2503
vn 0.8454 -0.0000 -0.5341
vn 0.6959 0.6731 0.2503
vn 0.8454 -0.0000 0.5341
vn -0.2503 0.6731 -0.6959
vn -0.5341 -0.0000 -0.8454
vn 0.2503 0.6731 -0.6959
vn 0.5341 -0.0000 -0.8454
vn 0.2503 0.6731 0.6959
vn 0.5341 -0.0000 0.8454
vn -0.2503 0.6731 0.6959
vn -0.5341 -0.0000 0.8454
vn 0.5328 0.8230 0.1971
vn 0.1970 -0.8231 0.5327
vn -0.5327 -0.8231 0.1970
vn -0.1971 0.8230 0.5328
vn -0.5328 0.8230 -0.1971
vn -0.1970 -0.8231 -0.5327
vn 0.5327 -0.8231 -0.1970
vn 0.1971 0.8230 -0.5328
vn -0.7457 -0.6399 -0.1859
vn -0.6518 -0.3063 -0.6937
vn -0.6518 -0.3063 0.6937
vn -0.7457 -0.6399 0.1859
vn 0.7457 -0.6399 0.1859
vn 0.6518 -0.3063 0.6937
vn 0.6518 -0.3063 -0.6937
vn 0.7457 -0.6399 -0.1859
vn 0.1859 -0.6399 -0.7457
vn 0.6937 -0.3063 -0.6518
vn -0.6937 -0.3063 -0.6518
vn -0.1859 -0.6399 -0.7457
vn -0.1859 -0.6399 0.7457
vn -0.6937 -0.3063 0.6518
vn 0.6937 -0.3063 0.6518
vn 0.1859 -0.6399 0.7457
vn 0.2406 -0.7402 0.6279
vn 0.6279 -0.7402 0.2406
vn 0.6400 -0.4251 0.6400
vn -0.6279 -0.7402 0.2406
vn -0.2406 -0.7402 0.6279
vn -0.6400 -0.4251 0.6400
vn -0.2406 -0.7402 -0.6279
vn -0.6279 -0.7402 -0.2406
vn -0.6400 -0.4251 -0.6400
vn 0.6279 -0.7402 -0.2406
vn 0.2406 -0.7402 -0.6279
vn 0.6400 -0.4251 -0.6400
vn -0.0000 -0.3465 0.9380
vn -0.9380 -0.3465 -0.0000
vn -0.0000 -0.3465 -0.9380
vn 0.9380 -0.3465 -0.0000
vn -0.8814 -0.0000 -0.4723
vn -0.0182 -0.9797 -0.1994
vn -0.9239 -0.0001 0.3827
vn -0.8814 -0.0000 0.4723
vn -0.0182 -0.9797 0.1994
vn -0.9239 -0.0001 -0.3827
vn 0.8814 -0.0000 0.4723
vn 0.0182 -0.9797 0.1994
vn 0.9239 -0.0001 -0.3827
vn 0.8814 -0.0000 -0.4723
vn 0.0182 -0.9797 -0.1994
vn 0.9239 -0.0001 0.3827
vn 0.4723 -0.0000 -0.8814
vn 0.1994 -0.9797 -0.0182
vn -0.3827 -0.0001 -0.9239
vn -0.4723 -0.0000 -0.8814
vn -0.1994 -0.9797 -0.0182
vn 0.3827 -0.0001 -0.9239
vn -0.4723 -0.0000 0.8814
vn -0.1994 -0.9797 0.0182
vn 0.3827 -0.0001 0.9239
vn 0.1994 -0.9797 0.0182
vn -0.3827 -0.0001 0.9239
vn 0.4723 -0.0000 0.8814
vn -0.6812 0.4720 -0.5596
vn -0.6974 0.6973 -0.1656
vn -0.6974 0.6973 0.1656
vn -0.6812 0.4720 0.5596
vn 0.6812 0.4720 0.5596
vn 0.6974 0.6973 0.1656
vn 0.6974 0.6973 -0.1656
vn 0.6812 0.4720 -0.5596
vn 0.5596 0.4720 -0.6812
vn 0.1656 0.6973 -0.6974
vn -0.1656 0.6973 -0.6974
vn -0.5596 0.4720 -0.6812
vn -0.5596 0.4720 0.6812
vn -0.1656 0.6973 0.6974
vn 0.1656 0.6973 0.6974
vn 0.5596 0.4720 0.6812
vn 0.6270 0.7345 0.2597
vn 0.2706 0.9239 0.2706
vn 0.2597 0.7345 0.6270
vn 0.6533 0.3826 0.6533
vn -0.2597 0.7345 0.6270
vn -0.2706 0.9239 0.2706
vn -0.6270 0.7345 0.2597
vn -0.6533 0.3826 0.6533
vn -0.6270 0.7345 -0.2597
vn -0.2706 0.9239 -0.2706
vn -0.2597 0.7345 -0.6270
vn -0.6533 0.3826 -0.6533
vn 0.2597 0.7345 -0.6270
vn 0.2706 0.9239 -0.2706
vn 0.6270 0.7345 -0.2597
vn 0.6533 0.3826 -0.6533
vn -0.0000 0.9239 0.3827
vn -0.0000 0.3827 0.9239
vn -0.3827 0.9239 -0.0000
vn -0.9239 0.3827 -0.0000
vn -0.0000 0.9239 -0.3827
vn -0.0000 0.3827 -0.9239
vn 0.3827 0.9239 -0.0000
vn 0.9239 0.3827 -0.0000
vn 0.0014 0.8280 -0.5608
vn 0.5608 0.8279 -0.0014
vn 0.5608 0.8279 0.0014
vn 0.0014 0.8280 0.5608
vn -0.0014 0.8280 0.5608
vn -0.5608 0.8279 0.0014
vn -0.0014 0.8280 -0.5608
vn -0.5608 0.8279 -0.0014
vn 0.0318 0.4555 0.8897
vt 0.500000 0.517625
vt 0.605091 0.517726
vt 0.605091 0.582865
vt 0.500000 0.582865
vt 0.625000 0.861111
vt 0.625000 0.834725
vt 0.625000 0.834683
vt 0.500000 0.417135
vt 0.605091 0.417135
vt 0.605091 0.482274
vt 0.500000 0.482375
vt 0.394909 0.917135
vt 0.500000 0.917135
vt 0.500000 0.982375
vt 0.394909 0.982410
vt 0.394909 0.667135
vt 0.500000 0.667135
vt 0.500000 0.732375
vt 0.394909 0.732410
vt 0.645222 0.620370
vt 0.707791 0.620370
vt 0.707791 0.629630
vt 0.645222 0.629630
vt 0.625000 0.861111
vt 0.625000 0.843293
vt 0.625000 0.834288
vt 0.625000 0.834288
vt 0.625000 0.611111
vt 0.625000 0.587726
vt 0.625000 0.587925
vt 0.394909 0.167135
vt 0.500000 0.167135
vt 0.500000 0.232375
vt 0.394909 0.232410
vt 0.394909 0.129630
vt 0.500000 0.129630
vt 0.500000 0.138889
vt 0.394909 0.138889
vt 0.625000 0.082838
vt 0.625000 0.017926
vt 0.625000 0.017941
vt 0.625000 0.082827
vt 0.625000 0.361111
vt 0.625000 0.343293
vt 0.625000 0.334288
vt 0.625000 0.334288
vt 0.625000 0.584683
vt 0.625000 0.584725
vt 0.625000 0.611111
vt 0.625000 0.111111
vt 0.625000 0.084683
vt 0.625000 0.084725
vt 0.625000 0.111111
vt 0.736111 0.520222
vt 0.745370 0.520222
vt 0.745370 0.582791
vt 0.736111 0.582791
vt 0.625000 0.388029
vt 0.625000 0.379630
vt 0.625000 0.388512
vt 0.254630 0.588690
vt 0.263889 0.588690
vt 0.263889 0.611111
vt 0.254630 0.611111
vt 0.792209 0.638889
vt 0.854778 0.638889
vt 0.875000 0.646029
vt 0.874375 0.647095
vt 0.863345 0.665439
vt 0.792158 0.665182
vt 0.625000 0.620370
vt 0.625000 0.611277
vt 0.763889 0.667209
vt 0.790182 0.667158
vt 0.790439 0.738345
vt 0.772095 0.749375
vt 0.771029 0.750000
vt 0.763889 0.729778
vt 0.625000 0.388889
vt 0.625000 0.629630
vt 0.625000 0.638889
vt 0.394909 0.379630
vt 0.500000 0.379630
vt 0.500000 0.388889
vt 0.394909 0.388889
vt 0.625000 0.834271
vt 0.625000 0.841354
vt 0.625000 0.843293
vt 0.625000 0.837925
vt 0.286310 0.611111
vt 0.286310 0.620370
vt 0.263889 0.620370
vt 0.263889 0.667193
vt 0.287700 0.667152
vt 0.290150 0.747159
vt 0.263889 0.747024
vt 0.394909 0.584797
vt 0.500000 0.584796
vt 0.500000 0.611111
vt 0.394909 0.611111
vt 0.500000 0.638889
vt 0.605091 0.638889
vt 0.605091 0.665180
vt 0.500000 0.665204
vt 0.394909 0.138889
vt 0.500000 0.165204
vt 0.394909 0.165203
vt 0.605091 0.138889
vt 0.605091 0.165180
vt 0.500000 0.165204
vt 0.625000 0.164819
vt 0.625000 0.138889
vt 0.625000 0.162274
vt 0.394909 0.629630
vt 0.500000 0.629630
vt 0.394909 0.638889
vt 0.625000 0.914819
vt 0.625000 0.888889
vt 0.625000 0.912274
vt 0.292135 0.502833
vt 0.356717 0.502820
vt 0.357557 0.503158
vt 0.371842 0.517444
vt 0.372180 0.518283
vt 0.372167 0.582865
vt 0.292135 0.582865
vt 0.625000 0.084272
vt 0.625000 0.091354
vt 0.625000 0.093293
vt 0.625000 0.111111
vt 0.625000 0.087925
vt 0.394909 0.611111
vt 0.500000 0.620370
vt 0.394909 0.620370
vt 0.625000 0.337726
vt 0.625000 0.337925
vt 0.500000 0.861111
vt 0.605091 0.861111
vt 0.605091 0.870370
vt 0.500000 0.870370
vt 0.625000 0.837726
vt 0.625000 0.129630
vt 0.625000 0.120370
vt 0.625000 0.111970
vt 0.625000 0.111488
vt 0.292152 0.587300
vt 0.372159 0.584850
vt 0.372024 0.611111
vt 0.292193 0.611111
vt 0.709561 0.511655
vt 0.727905 0.500625
vt 0.728971 0.500000
vt 0.736111 0.520222
vt 0.736111 0.582791
vt 0.709818 0.582842
vt 0.625000 0.870370
vt 0.625000 0.879630
vt 0.713690 0.629629
vt 0.736111 0.629630
vt 0.736111 0.638889
vt 0.713690 0.638889
vt 0.625000 0.611970
vt 0.625000 0.611488
vt 0.763889 0.520222
vt 0.771029 0.500000
vt 0.772095 0.500625
vt 0.790439 0.511655
vt 0.790182 0.582842
vt 0.763889 0.582791
vt 0.625000 0.120370
vt 0.213690 0.629629
vt 0.236111 0.629630
vt 0.236111 0.638889
vt 0.213690 0.638889
vt 0.394909 0.834797
vt 0.500000 0.834796
vt 0.394909 0.861111
vt 0.263889 0.502976
vt 0.290150 0.502841
vt 0.287700 0.582848
vt 0.263889 0.582807
vt 0.212300 0.667152
vt 0.236111 0.667193
vt 0.236111 0.747024
vt 0.209850 0.747159
vt 0.292135 0.667135
vt 0.372167 0.667135
vt 0.372180 0.731717
vt 0.371842 0.732557
vt 0.357557 0.746842
vt 0.356717 0.747180
vt 0.292135 0.747167
vt 0.625000 0.412274
vt 0.625000 0.412075
vt 0.394909 0.388889
vt 0.500000 0.415204
vt 0.394909 0.415203
vt 0.792209 0.629630
vt 0.854778 0.629630
vt 0.792209 0.638889
vt 0.792135 0.667135
vt 0.862139 0.667135
vt 0.862139 0.727345
vt 0.852345 0.737139
vt 0.792135 0.737139
vt 0.625000 0.582838
vt 0.625000 0.517926
vt 0.625000 0.517941
vt 0.625000 0.582827
vt 0.625000 0.334288
vt 0.625000 0.353971
vt 0.625000 0.138723
vt 0.625000 0.334725
vt 0.625000 0.334683
vt 0.625000 0.231344
vt 0.625000 0.167149
vt 0.625000 0.167200
vt 0.625000 0.228484
vt 0.625000 0.017009
vt 0.625000 0.017024
vt 0.625000 0.000335
vt 0.625000 0.000345
vt 0.625000 0.165275
vt 0.625000 0.165317
vt 0.394909 0.417135
vt 0.500000 0.482375
vt 0.394909 0.482410
vt 0.394909 0.888889
vt 0.500000 0.888889
vt 0.500000 0.915204
vt 0.394909 0.915203
vt 0.625000 0.584272
vt 0.625000 0.591354
vt 0.625000 0.593293
vt 0.625000 0.587925
vt 0.763889 0.629630
vt 0.786309 0.629630
vt 0.786309 0.638889
vt 0.763889 0.638889
vt 0.625000 0.388723
vt 0.605091 0.917135
vt 0.605091 0.982274
vt 0.625000 0.334272
vt 0.625000 0.341354
vt 0.625000 0.343293
vt 0.625000 0.337925
vt 0.625000 0.832800
vt 0.625000 0.771516
vt 0.625000 0.771550
vt 0.625000 0.832800
vt 0.605091 0.888889
vt 0.605091 0.915180
vt 0.500000 0.915204
vt 0.625000 0.662274
vt 0.625000 0.662075
vt 0.754629 0.520222
vt 0.754629 0.582791
vt 0.394909 0.267590
vt 0.500000 0.267625
vt 0.500000 0.332865
vt 0.394909 0.332865
vt 0.394909 0.879630
vt 0.500000 0.879630
vt 0.394909 0.888889
vt 0.394909 0.767590
vt 0.500000 0.767624
vt 0.500000 0.832865
vt 0.394909 0.832865
vt 0.375000 0.129630
vt 0.394909 0.334797
vt 0.500000 0.334796
vt 0.500000 0.361111
vt 0.394909 0.361111
vt 0.625000 0.870370
vt 0.625000 0.915317
vt 0.625000 0.915275
vt 0.625000 0.111970
vt 0.605091 0.667135
vt 0.605091 0.732274
vt 0.500000 0.732375
vt 0.605091 0.611111
vt 0.605091 0.620370
vt 0.625000 0.741684
vt 0.625000 0.741680
vt 0.625000 0.733133
vt 0.625000 0.732646
vt 0.625000 0.732651
vt 0.625000 0.733139
vt 0.625000 0.834288
vt 0.625000 0.853971
vt 0.625000 0.415317
vt 0.625000 0.415275
vt 0.625000 0.861970
vt 0.625000 0.888029
vt 0.625000 0.888512
vt 0.625000 0.370370
vt 0.625000 0.361970
vt 0.625000 0.361488
vt 0.625000 0.646029
vt 0.645222 0.638889
vt 0.707791 0.638889
vt 0.707842 0.665182
vt 0.636655 0.665439
vt 0.625625 0.647095
vt 0.754629 0.667209
vt 0.754630 0.729778
vt 0.625000 0.332800
vt 0.625000 0.271516
vt 0.625000 0.271549
vt 0.625000 0.332800
vt 0.254630 0.638889
vt 0.263889 0.638889
vt 0.263889 0.661309
vt 0.254630 0.661309
vt 0.127976 0.638889
vt 0.207807 0.638889
vt 0.207848 0.662700
vt 0.127841 0.665150
vt 0.254630 0.667193
vt 0.254630 0.747031
vt 0.127841 0.584850
vt 0.207848 0.587300
vt 0.207807 0.611111
vt 0.127976 0.611111
vt 0.254630 0.502970
vt 0.254630 0.582807
vt 0.127969 0.629629
vt 0.207807 0.629630
vt 0.207807 0.638889
vt 0.254630 0.629630
vt 0.263889 0.629630
vt 0.625000 0.603971
vt 0.625625 0.602905
vt 0.636655 0.584561
vt 0.707842 0.584818
vt 0.707791 0.611111
vt 0.645222 0.611111
vt 0.763889 0.582791
vt 0.645222 0.629630
vt 0.645222 0.638889
vt 0.754629 0.611111
vt 0.763889 0.611111
vt 0.625000 0.731345
vt 0.625000 0.667149
vt 0.625000 0.667200
vt 0.625000 0.728484
vt 0.625000 0.981344
vt 0.625000 0.917149
vt 0.625000 0.917200
vt 0.625000 0.978484
vt 0.625000 0.481344
vt 0.625000 0.417149
vt 0.625000 0.417200
vt 0.625000 0.478484
vt 0.625000 0.332851
vt 0.625000 0.268656
vt 0.625000 0.332800
vt 0.625000 0.085181
vt 0.625000 0.087726
vt 0.625000 0.832851
vt 0.625000 0.768656
vt 0.625000 0.832800
vt 0.625000 0.585181
vt 0.625000 0.587726
vt 0.625000 0.728450
vt 0.625000 0.228484
vt 0.625000 0.167200
vt 0.625000 0.228450
vt 0.625000 0.582851
vt 0.625000 0.518656
vt 0.625000 0.521516
vt 0.625000 0.582800
vt 0.625000 0.335181
vt 0.625000 0.337726
vt 0.625000 0.082851
vt 0.625000 0.018656
vt 0.625000 0.021516
vt 0.625000 0.082800
vt 0.625000 0.835181
vt 0.625000 0.837726
vt 0.625000 0.978450
vt 0.625000 0.478484
vt 0.625000 0.417200
vt 0.625000 0.478450
vt 0.625000 0.370370
vt 0.625000 0.156707
vt 0.625000 0.158646
vt 0.625000 0.165728
vt 0.625000 0.162075
vt 0.625000 0.482074
vt 0.625000 0.417162
vt 0.625000 0.417173
vt 0.625000 0.482059
vt 0.625000 0.656707
vt 0.625000 0.658646
vt 0.625000 0.665728
vt 0.625000 0.414819
vt 0.625000 0.412274
vt 0.625000 0.912274
vt 0.625000 0.912075
vt 0.625000 0.638029
vt 0.625000 0.638512
vt 0.625000 0.664819
vt 0.625000 0.662274
vt 0.394909 0.017590
vt 0.500000 0.017625
vt 0.500000 0.082865
vt 0.394909 0.082865
vt 0.625000 0.982064
vt 0.625000 0.917172
vt 0.625000 0.917162
vt 0.625000 0.982088
vt 0.625000 0.982074
vt 0.625000 0.982059
vt 0.500000 0.111111
vt 0.605091 0.111111
vt 0.605091 0.120370
vt 0.500000 0.120370
vt 0.625000 0.406707
vt 0.625000 0.408646
vt 0.625000 0.415728
vt 0.625000 0.412075
vt 0.605091 0.388889
vt 0.605091 0.415180
vt 0.500000 0.415204
vt 0.605091 0.167135
vt 0.605091 0.232274
vt 0.500000 0.232375
vt 0.625000 0.665275
vt 0.625000 0.665317
vt 0.605091 0.361111
vt 0.605091 0.370370
vt 0.500000 0.370370
vt 0.625000 0.232188
vt 0.625000 0.167135
vt 0.625000 0.232200
vt 0.625000 0.906707
vt 0.625000 0.908646
vt 0.625000 0.915728
vt 0.394909 0.517590
vt 0.500000 0.582865
vt 0.394909 0.582865
vt 0.605091 0.129630
vt 0.375000 0.629630
vt 0.763889 0.620370
vt 0.754629 0.638889
vt 0.745370 0.638889
vt 0.707791 0.611111
vt 0.645222 0.620370
vt 0.792209 0.620370
vt 0.854778 0.620370
vt 0.254630 0.620370
vt 0.207807 0.611111
vt 0.207807 0.620370
vt 0.127969 0.620370
vt 0.291667 0.620422
vt 0.292575 0.620370
vt 0.375000 0.620370
vt 0.292575 0.629630
vt 0.291667 0.629578
vt 0.605091 0.629630
vt 0.375000 0.379630
vt 0.292193 0.611111
vt 0.372031 0.620370
vt 0.292193 0.620370
vt 0.500000 0.584796
vt 0.605091 0.584820
vt 0.394909 0.111111
vt 0.394909 0.120370
vt 0.792209 0.611111
vt 0.854778 0.611111
vt 0.208333 0.629578
vt 0.210150 0.624079
vt 0.375000 0.120370
vt 0.210150 0.615021
vt 0.208333 0.620422
vt 0.625000 0.517936
vt 0.625000 0.517911
vt 0.754629 0.588690
vt 0.763889 0.588690
vt 0.625000 0.138030
vt 0.625000 0.120370
vt 0.713690 0.611111
vt 0.736111 0.611111
vt 0.736111 0.620370
vt 0.713690 0.620370
vt 0.625000 0.620370
vt 0.286310 0.629629
vt 0.625000 0.629630
vt 0.786309 0.611111
vt 0.786309 0.620370
vt 0.605091 0.629630
vt 0.213690 0.611111
vt 0.236111 0.611111
vt 0.236111 0.620370
vt 0.213690 0.620370
vt 0.625000 0.162274
vt 0.625000 0.162075
vt 0.500000 0.834796
vt 0.605091 0.834820
vt 0.236111 0.588690
vt 0.245370 0.588690
vt 0.245370 0.611111
vt 0.500000 0.334796
vt 0.605091 0.334820
vt 0.500000 0.267625
vt 0.605091 0.267726
vt 0.605091 0.332865
vt 0.292193 0.638889
vt 0.372024 0.638889
vt 0.372159 0.665150
vt 0.292152 0.662700
vt 0.500000 0.767625
vt 0.605091 0.767726
vt 0.605091 0.832865
vt 0.394909 0.084797
vt 0.500000 0.084796
vt 0.394909 0.111111
vt 0.286310 0.629630
vt 0.286310 0.638889
vt 0.209850 0.502841
vt 0.236111 0.502976
vt 0.236111 0.582807
vt 0.212300 0.582848
vt 0.292193 0.629630
vt 0.372031 0.629630
vt 0.500000 0.084796
vt 0.605091 0.084820
vt 0.605091 0.111111
vt 0.500000 0.017625
vt 0.605091 0.017726
vt 0.605091 0.082865
vt 0.500000 0.082865
vt 0.625000 0.582800
vt 0.625000 0.521550
vt 0.286310 0.661309
vt 0.394909 0.638889
vt 0.500000 0.665204
vt 0.394909 0.665203
vt 0.625000 0.087726
vt 0.625000 0.087925
vt 0.236111 0.661309
vt 0.213690 0.661309
vt 0.263889 0.588690
vt 0.286310 0.588690
vt 0.127820 0.518283
vt 0.128158 0.517443
vt 0.142443 0.503158
vt 0.143283 0.502820
vt 0.207865 0.502833
vt 0.207865 0.582865
vt 0.127833 0.582865
vt 0.245370 0.638889
vt 0.254578 0.666667
vt 0.245422 0.666667
vt 0.245370 0.661309
vt 0.625000 0.879630
vt 0.245370 0.620370
vt 0.245370 0.629630
vt 0.745370 0.611111
vt 0.605091 0.379630
vt 0.375000 0.879630
vt 0.763889 0.661309
vt 0.754629 0.661309
vt 0.745370 0.667209
vt 0.754629 0.667209
vt 0.754629 0.729778
vt 0.745370 0.729778
vt 0.245370 0.502970
vt 0.245370 0.582807
vt 0.236111 0.582807
vt 0.246783 0.668988
vt 0.255942 0.668887
vt 0.375000 0.870370
vt 0.236111 0.667193
vt 0.245370 0.667193
vt 0.245370 0.747031
vt 0.625000 0.232583
vt 0.625000 0.229921
vt 0.625000 0.270079
vt 0.625000 0.267417
vt 0.394909 0.361111
vt 0.394909 0.370370
vt 0.736111 0.667209
vt 0.736111 0.729778
vt 0.245422 0.583333
vt 0.246783 0.581012
vt 0.375000 0.370370
vt 0.255942 0.581113
vt 0.254578 0.583333
vt 0.736111 0.588690
vt 0.745370 0.588690
vt 0.625000 0.861488
vt 0.745370 0.661309
vt 0.736111 0.661309
vt 0.394909 0.861111
vt 0.394909 0.870370
vt 0.500000 0.266447
vt 0.394909 0.266414
vt 0.394909 0.233586
vt 0.500000 0.233553
vt 0.605091 0.879630
vt 0.605091 0.888889
vt 0.394909 0.870370
vt 0.213690 0.629630
vt 0.394909 0.370370
vt 0.394909 0.620370
vt 0.245370 0.588690
vt 0.254630 0.588690
vt 0.394909 0.120370
vt 0.625000 0.229890
vt 0.625000 0.231864
vt 0.625000 0.268136
vt 0.625000 0.270110
vt 0.605091 0.516545
vt 0.500000 0.516447
vt 0.500000 0.483553
vt 0.605091 0.483455
vt 0.625000 0.770110
vt 0.625000 0.770079
vt 0.625000 0.729921
vt 0.625000 0.729890
vt 0.127820 0.518283
vt 0.125000 0.582865
vt 0.125000 0.517590
vt 0.500000 0.000336
vt 0.605091 0.000335
vt 0.605091 0.016880
vt 0.500000 0.016783
vt 0.625000 0.516664
vt 0.625000 0.516689
vt 0.625000 0.483311
vt 0.625000 0.483336
vt 0.625000 0.768136
vt 0.625000 0.770110
vt 0.625000 0.731864
vt 0.625000 0.233341
vt 0.625000 0.233326
vt 0.625000 0.266674
vt 0.625000 0.266659
vt 0.605091 0.766545
vt 0.500000 0.766447
vt 0.500000 0.733553
vt 0.605091 0.733455
vt 0.625000 0.733341
vt 0.625000 0.733326
vt 0.625000 0.766674
vt 0.625000 0.766659
vt 0.625000 0.520079
vt 0.625000 0.517417
vt 0.625000 0.482583
vt 0.625000 0.479921
vt 0.625000 0.732583
vt 0.625000 0.767417
vt 0.625000 0.000351
vt 0.625000 0.000402
vt 0.625000 0.020481
vt 0.625000 0.017768
vt 0.625000 0.479921
vt 0.625000 0.479890
vt 0.625000 0.520110
vt 0.625000 0.520079
vt 0.605091 0.266545
vt 0.500000 0.266447
vt 0.605091 0.233455
vt 0.500000 0.766447
vt 0.394909 0.766414
vt 0.394909 0.733586
vt 0.394909 0.516414
vt 0.394909 0.483586
vt 0.500000 0.483553
vt 0.625000 0.232646
vt 0.625000 0.232059
vt 0.625000 0.167173
vt 0.625000 0.167173
vt 0.625000 0.232064
vt 0.625000 0.232652
vt 0.394909 0.000337
vt 0.500000 0.000336
vt 0.500000 0.016783
vt 0.394909 0.016751
vt 0.625000 0.270079
vt 0.625000 0.000402
vt 0.625000 0.000402
vt 0.625000 0.020512
vt 0.625000 0.020481
vt 0.127833 0.667135
vt 0.207865 0.667135
vt 0.207865 0.747167
vt 0.143283 0.747180
vt 0.142443 0.746842
vt 0.128158 0.732557
vt 0.127820 0.731717
vt 0.394909 0.129630
vt 0.125000 0.629629
vt 0.127792 0.629629
vt 0.394909 0.629630
vt 0.372208 0.620370
vt 0.245370 0.500000
vt 0.245370 0.502792
vt 0.375000 0.879660
vt 0.254630 0.750000
vt 0.254630 0.747208
vt 0.125000 0.732410
vt 0.125000 0.667135
vt 0.372167 0.582865
vt 0.394909 0.582865
vt 0.605091 0.732274
vt 0.625000 0.667149
vt 0.127841 0.665150
vt 0.125000 0.665203
vt 0.125000 0.638889
vt 0.625000 0.164819
vt 0.605091 0.165180
vt 0.372159 0.584849
vt 0.394909 0.584797
vt 0.625000 0.664818
vt 0.207865 0.502833
vt 0.142590 0.500000
vt 0.207865 0.500000
vt 0.605091 0.417135
vt 0.292135 0.747167
vt 0.356717 0.747180
vt 0.357410 0.750000
vt 0.292135 0.750000
vt 0.209850 0.502841
vt 0.209797 0.500000
vt 0.236111 0.500000
vt 0.625000 0.414818
vt 0.290203 0.750000
vt 0.263889 0.750000
vt 0.625000 0.914818
vt 0.605091 0.915180
vt 0.125000 0.620370
vt 0.125000 0.611111
vt 0.254630 0.500000
vt 0.263889 0.500000
vt 0.245370 0.750000
vt 0.236111 0.750000
vt 0.125337 0.516745
vt 0.141745 0.500337
vt 0.625000 0.232583
vt 0.625000 0.267417
vt 0.625000 0.482583
vt 0.625000 0.517417
vt 0.625000 0.732583
vt 0.357557 0.746842
vt 0.371842 0.732557
vt 0.374663 0.733255
vt 0.358255 0.749663
vt 0.371842 0.517443
vt 0.357557 0.503158
vt 0.358255 0.500337
vt 0.374663 0.516745
vt 0.625000 0.232074
vt 0.625000 0.167162
vt 0.625000 0.167173
vt 0.625000 0.000351
vt 0.625000 0.017768
vt 0.605091 0.000335
vt 0.625000 0.018656
vt 0.625000 0.082851
vt 0.605091 0.017726
vt 0.209850 0.747159
vt 0.209797 0.750000
vt 0.625000 0.085181
vt 0.605091 0.084820
vt 0.128158 0.732557
vt 0.142443 0.746842
vt 0.141745 0.749663
vt 0.125337 0.733255
vt 0.127841 0.584849
vt 0.125000 0.584797
vt 0.605091 0.267726
vt 0.372180 0.731717
vt 0.394909 0.667135
vt 0.625000 0.335181
vt 0.605091 0.334820
vt 0.394909 0.665203
vt 0.292135 0.500000
vt 0.357410 0.500000
vt 0.625000 0.835181
vt 0.290150 0.502841
vt 0.290203 0.500000
vt 0.207865 0.750000
vt 0.142590 0.750000
vt 0.143283 0.747180
vt 0.625000 0.585181
vt 0.213690 0.588690
vt 0.236111 0.588690
vt 0.625000 0.017009
vt 0.625000 0.017004
vt 0.625000 0.000345
vt 0.625000 0.000335
vt 0.625000 0.516696
vt 0.625000 0.516710
vt 0.625000 0.483290
vt 0.625000 0.483304
vt 0.625000 0.518136
vt 0.625000 0.481864
vt 0.625000 0.233320
vt 0.625000 0.233332
vt 0.625000 0.266668
vt 0.625000 0.266680
vt 0.625000 0.516674
vt 0.625000 0.516659
vt 0.625000 0.483341
vt 0.625000 0.483326
vt 0.625000 0.017027
vt 0.625000 0.017041
vt 0.625000 0.000331
vt 0.625000 0.000331
vt 0.625000 0.018498
vt 0.625000 0.020512
vt 0.625000 0.000402
vt 0.625000 0.000362
vt 0.625000 0.733320
vt 0.625000 0.733332
vt 0.625000 0.766668
vt 0.625000 0.766680
vt 0.625000 0.879629
vt 0.625000 0.888770
vt 0.625000 0.888723
vt 0.625000 0.370370
vt 0.625000 0.388030
vt 0.625000 0.388770
vt 0.625000 0.638770
vt 0.625000 0.638723
vt 0.625000 0.138770
vt 0.625000 0.584725
vt 0.625000 0.165712
vt 0.625000 0.146029
vt 0.625000 0.165712
vt 0.625000 0.361277
vt 0.625000 0.361230
vt 0.625000 0.417159
vt 0.625000 0.480578
vt 0.625000 0.478451
vt 0.625000 0.415712
vt 0.625000 0.396029
vt 0.625000 0.415712
vt 0.625000 0.832838
vt 0.625000 0.767926
vt 0.625000 0.767941
vt 0.625000 0.832827
vt 0.625000 0.482188
vt 0.625000 0.417135
vt 0.625000 0.417135
vt 0.625000 0.482200
vt 0.625000 0.332838
vt 0.625000 0.267926
vt 0.625000 0.267941
vt 0.625000 0.332827
vt 0.625000 0.665712
vt 0.625000 0.646029
vt 0.625000 0.665711
vt 0.625000 0.861277
vt 0.625000 0.861230
vt 0.625000 0.233311
vt 0.625000 0.233336
vt 0.625000 0.266664
vt 0.625000 0.266689
vt 0.625000 0.915712
vt 0.625000 0.896029
vt 0.625000 0.915711
vt 0.625000 0.769422
vt 0.625000 0.832841
vt 0.625000 0.832865
vt 0.625000 0.767812
vt 0.625000 0.767800
vt 0.625000 0.832865
vt 0.625000 0.232158
vt 0.625000 0.167135
vt 0.625000 0.167135
vt 0.625000 0.232172
vt 0.625000 0.082865
vt 0.625000 0.017812
vt 0.625000 0.017800
vt 0.625000 0.082865
vt 0.625000 0.269422
vt 0.625000 0.332841
vt 0.625000 0.271550
vt 0.625000 0.332865
vt 0.625000 0.267812
vt 0.625000 0.267800
vt 0.625000 0.732158
vt 0.625000 0.667135
vt 0.625000 0.667135
vt 0.625000 0.732172
vt 0.625000 0.582865
vt 0.625000 0.517812
vt 0.625000 0.517800
vt 0.625000 0.582865
vt 0.625000 0.111277
vt 0.625000 0.111230
vt 0.625000 0.167159
vt 0.625000 0.230578
vt 0.625000 0.228450
vt 0.625000 0.167162
vt 0.625000 0.232089
vt 0.625000 0.611230
vt 0.625000 0.667159
vt 0.625000 0.730578
vt 0.625000 0.728450
vt 0.625000 0.732064
vt 0.625000 0.667173
vt 0.625000 0.667162
vt 0.625000 0.732089
vt 0.625000 0.519422
vt 0.625000 0.582841
vt 0.625000 0.521550
vt 0.625000 0.584288
vt 0.625000 0.584288
vt 0.625000 0.603971
vt 0.625000 0.021516
vt 0.625000 0.021550
vt 0.625000 0.834725
vt 0.625000 0.861111
vt 0.625000 0.019422
vt 0.625000 0.082841
vt 0.625000 0.021550
vt 0.625000 0.084288
vt 0.625000 0.084288
vt 0.625000 0.103971
vt 0.625000 0.482064
vt 0.625000 0.417173
vt 0.625000 0.417162
vt 0.625000 0.482089
vt 0.625000 0.334725
vt 0.625000 0.361111
vt 0.625000 0.917159
vt 0.625000 0.980578
vt 0.625000 0.917199
vt 0.625000 0.982188
vt 0.625000 0.917135
vt 0.625000 0.917135
vt 0.625000 0.982200
vt 0.625000 0.915712
vt 0.625000 0.906707
vt 0.625000 0.915712
vt 0.625000 0.834683
vt 0.625000 0.332827
vt 0.625000 0.267936
vt 0.625000 0.267911
vt 0.625000 0.332838
vt 0.625000 0.915317
vt 0.625000 0.082865
vt 0.625000 0.017842
vt 0.625000 0.017828
vt 0.625000 0.732646
vt 0.625000 0.732059
vt 0.625000 0.667172
vt 0.625000 0.732652
vt 0.625000 0.767936
vt 0.625000 0.767911
vt 0.625000 0.832838
vt 0.625000 0.084272
vt 0.625000 0.084294
vt 0.625000 0.091354
vt 0.625000 0.582865
vt 0.625000 0.517842
vt 0.625000 0.517828
vt 0.625000 0.415317
vt 0.625000 0.665317
vt 0.625000 0.665275
vt 0.625000 0.582827
vt 0.625000 0.517354
vt 0.625000 0.517348
vt 0.625000 0.120370
vt 0.625000 0.165317
vt 0.625000 0.165275
vt 0.625000 0.082827
vt 0.625000 0.017941
vt 0.625000 0.017354
vt 0.625000 0.017348
vt 0.625000 0.017936
vt 0.625000 0.082827
vt 0.625000 0.415275
vt 0.625000 0.879629
vt 0.625000 0.593293
vt 0.625000 0.584288
vt 0.625000 0.584683
vt 0.625000 0.332865
vt 0.625000 0.267842
vt 0.625000 0.267828
vt 0.625000 0.332865
vt 0.625000 0.332827
vt 0.625000 0.267354
vt 0.625000 0.267348
vt 0.625000 0.093293
vt 0.625000 0.084288
vt 0.625000 0.084288
vt 0.625000 0.084683
vt 0.625000 0.084683
vt 0.625000 0.832865
vt 0.625000 0.767842
vt 0.625000 0.767828
vt 0.625000 0.832827
vt 0.625000 0.767354
vt 0.625000 0.767348
vt 0.625000 0.832827
vt 0.625000 0.982158
vt 0.625000 0.917135
vt 0.625000 0.982172
vt 0.625000 0.982646
vt 0.625000 0.917173
vt 0.625000 0.982064
vt 0.625000 0.982651
vt 0.625000 0.885273
vt 0.625000 0.885273
vt 0.625000 0.665712
vt 0.625000 0.415712
vt 0.625000 0.334683
vt 0.625000 0.482158
vt 0.625000 0.417135
vt 0.625000 0.482172
vt 0.625000 0.482646
vt 0.625000 0.417173
vt 0.625000 0.482064
vt 0.625000 0.482652
vt 0.625000 0.129630
vt 0.625000 0.135274
vt 0.625000 0.165712
vt 0.625000 0.156707
vt 0.625000 0.165317
vt 0.625000 0.120370
vt 0.625000 0.629630
vt 0.625000 0.114726
vt 0.625000 0.114726
vt 0.625000 0.620370
vt 0.625000 0.379630
vt 0.625000 0.370370
vt 0.625000 0.879630
vt 0.625000 0.364726
vt 0.625000 0.870370
vt 0.625000 0.733311
vt 0.625000 0.733336
vt 0.625000 0.766664
vt 0.625000 0.766689
vt 0.625000 0.614726
vt 0.625000 0.733290
vt 0.625000 0.733304
vt 0.625000 0.766696
vt 0.625000 0.766710
vt 0.625000 0.241684
vt 0.625000 0.258315
vt 0.625000 0.016999
vt 0.625000 0.017012
vt 0.625000 0.000331
vt 0.625000 0.000331
vt 0.625000 0.258320
vt 0.625000 0.233290
vt 0.625000 0.233304
vt 0.625000 0.266696
vt 0.625000 0.266710
vt 0.625000 0.241680
vt 0.625000 0.516668
vt 0.625000 0.516680
vt 0.625000 0.483320
vt 0.625000 0.483332
vt 0.625000 0.018009
vt 0.625000 0.082858
vt 0.625000 0.167142
vt 0.625000 0.231991
vt 0.625000 0.518009
vt 0.625000 0.582858
vt 0.625000 0.667142
vt 0.625000 0.731990
vt 0.625000 0.268009
vt 0.625000 0.332858
vt 0.625000 0.417142
vt 0.625000 0.481991
vt 0.625000 0.769422
vt 0.625000 0.768009
vt 0.625000 0.832858
vt 0.625000 0.917142
vt 0.625000 0.981991
vt 0.625000 0.085281
vt 0.625000 0.097735
vt 0.625000 0.103612
vt 0.625000 0.268136
vt 0.625000 0.233226
vt 0.625000 0.266773
vt 0.625000 0.518136
vt 0.625000 0.483226
vt 0.625000 0.516774
vt 0.625000 0.768136
vt 0.625000 0.733226
vt 0.625000 0.766774
vt 0.625000 0.018498
vt 0.625000 0.000362
vt 0.625000 0.000340
vt 0.625000 0.017114
vt 0.625000 0.165706
vt 0.625000 0.158646
vt 0.625000 0.584272
vt 0.625000 0.584294
vt 0.625000 0.415706
vt 0.625000 0.834272
vt 0.625000 0.834294
vt 0.625000 0.841354
vt 0.625000 0.665706
vt 0.625000 0.334272
vt 0.625000 0.334294
vt 0.625000 0.341354
vt 0.625000 0.915706
vt 0.625000 0.915728
vt 0.625000 0.084725
vt 0.625000 0.084683
vt 0.625000 0.022812
vt 0.625000 0.082865
vt 0.625000 0.017956
vt 0.625000 0.167135
vt 0.625000 0.227188
vt 0.625000 0.232044
vt 0.637061 0.522812
vt 0.637061 0.582865
vt 0.625331 0.582865
vt 0.625331 0.517956
vt 0.637061 0.667135
vt 0.637061 0.727188
vt 0.625331 0.732044
vt 0.625331 0.667135
vt 0.625000 0.272812
vt 0.625000 0.332865
vt 0.625000 0.267956
vt 0.625000 0.417135
vt 0.625000 0.477188
vt 0.625000 0.482044
vt 0.625000 0.417135
vt 0.625000 0.772812
vt 0.625000 0.832865
vt 0.625000 0.767956
vt 0.625000 0.917135
vt 0.625000 0.977188
vt 0.625000 0.982043
vt 0.625000 0.240428
vt 0.625000 0.259572
vt 0.625000 0.266446
vt 0.625000 0.233554
vt 0.625000 0.490428
vt 0.625000 0.509572
vt 0.625000 0.516446
vt 0.625000 0.483554
vt 0.625000 0.740428
vt 0.625000 0.759572
vt 0.625000 0.766446
vt 0.625000 0.733554
vt 0.625000 0.003878
vt 0.625000 0.013450
vt 0.625000 0.016888
vt 0.625000 0.000442
vt 0.625000 0.152265
vt 0.625000 0.164719
vt 0.625000 0.146388
vt 0.625000 0.584575
vt 0.625000 0.584561
vt 0.625000 0.602905
vt 0.625000 0.402265
vt 0.625000 0.414719
vt 0.625000 0.396388
vt 0.625000 0.835281
vt 0.625000 0.847735
vt 0.625000 0.853612
vt 0.636655 0.665439
vt 0.625625 0.665425
vt 0.625625 0.647095
vt 0.625000 0.335281
vt 0.625000 0.347735
vt 0.625000 0.353612
vt 0.625000 0.902265
vt 0.625000 0.914719
vt 0.625000 0.896388
vt 0.625000 0.732074
vt 0.625000 0.667172
vt 0.786309 0.629629
vt 0.713690 0.629630
vt 0.625000 0.732188
vt 0.625000 0.667135
vt 0.625000 0.732200
vt 0.763889 0.588691
vt 0.787773 0.587227
vt 0.786309 0.611111
vt 0.625000 0.017936
vt 0.625000 0.017911
vt 0.625000 0.082838
vt 0.745370 0.588690
vt 0.754629 0.588690
vt 0.745370 0.661309
vt 0.709818 0.667158
vt 0.736111 0.667209
vt 0.728971 0.750000
vt 0.727905 0.749375
vt 0.709561 0.738345
vt 0.712227 0.587227
vt 0.736111 0.588691
vt 0.713691 0.611111
vt 0.625000 0.915275
vt 0.786309 0.638889
vt 0.787773 0.662773
vt 0.763889 0.661309
vt 0.637861 0.522655
vt 0.647655 0.512861
vt 0.707865 0.512861
vt 0.707865 0.582865
vt 0.637861 0.582865
vt 0.637861 0.667135
vt 0.707865 0.667135
vt 0.707865 0.737139
vt 0.647655 0.737138
vt 0.637861 0.727345
vt 0.792135 0.512861
vt 0.852345 0.512861
vt 0.862139 0.522655
vt 0.862138 0.582865
vt 0.792135 0.582865
vt 0.713691 0.638889
vt 0.736111 0.661309
vt 0.712227 0.662773
vt 0.625000 0.388512
vt 0.625000 0.138512
vt 0.625000 0.361230
vt 0.625000 0.861111
vt 0.625000 0.611230
vt 0.625000 0.635274
vt 0.625000 0.635273
vt 0.625000 0.864726
vt 0.625000 0.864726
vt 0.625000 0.385274
vt 0.625000 0.364726
vt 0.625000 0.620370
vt 0.625000 0.634268
vt 0.625000 0.865732
vt 0.625000 0.865732
vt 0.625000 0.384268
vt 0.625000 0.115732
vt 0.625000 0.115732
vt 0.625000 0.615732
vt 0.625000 0.615732
vt 0.625000 0.134268
vt 0.625000 0.134268
vt 0.625000 0.884268
vt 0.625000 0.884268
vt 0.625000 0.365732
vt 0.625000 0.365732
vt 0.625000 0.879629
vt 0.625000 0.130638
vt 0.625000 0.130638
vt 0.625000 0.369362
vt 0.625000 0.880638
vt 0.625000 0.619362
vt 0.625000 0.619362
vt 0.625000 0.369362
vt 0.625000 0.630638
vt 0.625000 0.630638
vt 0.625000 0.869362
vt 0.625000 0.869362
vt 0.625000 0.380638
vt 0.625000 0.119362
vt 0.625000 0.119362
vt 0.625000 0.880638
vt 0.625000 0.380638
vt 0.625000 0.129630
vt 0.625000 0.629630
vt 0.737016 0.620370
vt 0.737016 0.612016
vt 0.762984 0.620370
vt 0.762984 0.629630
vt 0.745370 0.612016
vt 0.762984 0.637984
vt 0.754629 0.637984
vt 0.762984 0.612016
vt 0.754629 0.612016
vt 0.737016 0.637984
vt 0.737016 0.629630
vt 0.745370 0.637984
vt 0.754629 0.629630
vt 0.754629 0.620370
vt 0.745370 0.620370
vt 0.745370 0.629630
vt 0.625000 0.639329
vt 0.625011 0.611488
vt 0.625000 0.129894
vt 0.625000 0.379894
vt 0.625000 0.879894
vt 0.625000 0.120106
vt 0.625000 0.370106
vt 0.625000 0.870106
vt 0.625000 0.758320
vt 0.625000 0.766866
vt 0.625000 0.733133
vt 0.625000 0.012837
vt 0.625000 0.012832
vt 0.625000 0.017105
vt 0.625000 0.017110
vt 0.625000 0.004517
vt 0.625000 0.000244
vt 0.625000 0.000345
vt 0.625000 0.017004
vt 0.625000 0.233133
vt 0.625000 0.233139
vt 0.625000 0.266866
vt 0.625000 0.233336
vt 0.625000 0.233133
vt 0.625000 0.508320
vt 0.625000 0.508315
vt 0.625000 0.516861
vt 0.625000 0.517348
vt 0.625000 0.517353
vt 0.625000 0.516866
vt 0.625000 0.491684
vt 0.625000 0.483139
vt 0.625000 0.483341
vt 0.625000 0.758315
vt 0.625000 0.733139
vt 0.625000 0.766659
vt 0.625000 0.766861
vt 0.625000 0.767348
vt 0.625000 0.766867
vt 0.625000 0.004517
vt 0.625000 0.017110
vt 0.625000 0.017009
vt 0.625000 0.000345
vt 0.625000 0.000244
vt 0.625000 0.000244
vt 0.625000 0.000000
vt 0.625000 0.000244
vt 0.625000 0.233139
vt 0.625000 0.233341
vt 0.625000 0.266861
vt 0.625000 0.267348
vt 0.625000 0.267354
vt 0.625000 0.491680
vt 0.625000 0.516664
vt 0.625000 0.483134
vt 0.625000 0.482646
vt 0.625000 0.483139
vt 0.792158 0.584818
vt 0.208333 0.620370
vt 0.208333 0.629628
vt 0.208333 0.629627
vt 0.291667 0.620372
vt 0.291667 0.620373
vt 0.291667 0.629630
vt 0.254630 0.583333
vt 0.245372 0.583333
vt 0.245373 0.583333
vt 0.254628 0.666667
vt 0.254627 0.666667
vt 0.245370 0.666667
vt 0.625000 0.000348
vt 0.625000 0.981775
vt 0.625000 0.982657
vt 0.625000 0.982657
vt 0.625000 0.981788
vt 0.625000 0.982627
vt 0.625000 0.982627
vt 0.625000 0.083333
vt 0.625000 0.166667
vt 0.625000 0.167135
vt 0.625000 0.583333
vt 0.637393 0.582865
vt 0.637061 0.583333
vt 0.625000 0.333333
vt 0.625000 0.416667
vt 0.625000 0.417135
vt 0.625000 0.416667
vt 0.625000 0.833333
vt 0.625000 0.833333
vt 0.625000 0.916667
vt 0.625000 0.917135
vt 0.625000 0.022655
vt 0.625000 0.022362
vt 0.625000 0.017956
vt 0.625000 0.017331
vt 0.625000 0.017331
vt 0.625000 0.977345
vt 0.625000 0.977638
vt 0.625000 0.000124
vt 0.625000 0.000331
vt 0.625000 0.272655
vt 0.625000 0.272362
vt 0.625000 0.267956
vt 0.625000 0.267331
vt 0.625000 0.267331
vt 0.625000 0.227345
vt 0.625000 0.227638
vt 0.625000 0.232493
vt 0.625000 0.232669
vt 0.625000 0.232200
vt 0.637393 0.522655
vt 0.637155 0.522362
vt 0.625000 0.517956
vt 0.625000 0.517331
vt 0.625000 0.517331
vt 0.625000 0.477345
vt 0.625000 0.477638
vt 0.625000 0.482493
vt 0.625000 0.482669
vt 0.625000 0.482200
vt 0.625000 0.772655
vt 0.625000 0.772362
vt 0.625000 0.767956
vt 0.625000 0.767331
vt 0.625000 0.767331
vt 0.637393 0.727345
vt 0.637154 0.727638
vt 0.625000 0.732918
vt 0.625000 0.733332
vt 0.625000 0.732669
vt 0.625000 0.636584
vt 0.625000 0.613226
vt 0.625000 0.136585
vt 0.625000 0.113226
vt 0.625000 0.886585
vt 0.625000 0.863226
vt 0.625000 0.386585
vt 0.625000 0.363226
vt 0.625000 0.732064
vt 0.625000 0.733149
vt 0.625000 0.767931
vt 0.625000 0.766856
vt 0.625000 0.017640
vt 0.625000 0.016856
vt 0.625000 0.000244
vt 0.625000 0.000345
vt 0.625000 0.000244
vt 0.625000 0.232064
vt 0.625000 0.233149
vt 0.625000 0.267931
vt 0.625000 0.266856
vt 0.625000 0.517931
vt 0.625000 0.516856
vt 0.625000 0.482064
vt 0.625000 0.483149
vt 0.792209 0.611111
vt 0.606423 0.000000
vt 0.374933 0.517099
vt 0.372180 0.517781
vt 0.372180 0.732219
vt 0.374933 0.732901
vt 0.394919 0.000000
vt 0.500000 0.000000
vt 0.500029 0.000000
vt 0.605091 0.000000
vt 0.625000 0.000000
vt 0.625000 0.000000
vt 0.626036 0.583333
vt 0.625000 0.739792
vt 0.625000 0.740206
vt 0.625000 0.759794
vt 0.625000 0.767507
vt 0.625000 0.003560
vt 0.625000 0.003767
vt 0.625000 0.013561
vt 0.625000 0.017507
vt 0.625000 0.240206
vt 0.625000 0.259794
vt 0.625000 0.260208
vt 0.625000 0.267082
vt 0.625000 0.490206
vt 0.625000 0.509794
vt 0.625000 0.510208
vt 0.625000 0.517082
vt 0.863345 0.584560
vt 0.874375 0.602905
vt 0.875000 0.603971
s 0
usemtl M_Gris_Metal
f 1008/5/2 1000/6/2 1122/7/2 311/5/2
f 11/24/6 1180/25/6 1177/26/6 997/27/6 1007/5/6
f 942/39/8 1049/40/8 1417/41/8 1097/42/8
f 9/43/9 1164/44/9 1161/45/9 981/46/9 1011/43/9
f 304/28/10 1107/47/10 961/48/10 1369/49/10
f 308/50/11 1099/51/11 945/52/11 1377/53/11
f 641/65/14 549/66/14 552/67/14 1244/67/14 1245/68/14 1243/69/14 605/70/14
f 649/73/16 607/74/16 1301/75/16 1307/76/16 1308/77/16 563/77/16 562/78/16
f 1173/86/19 1179/87/19 1180/88/19 11/24/19 40/24/19 692/89/19
f 1125/127/24 1131/128/24 1132/129/24 1/130/24 31/130/24 682/131/24
f 1283/150/26 1289/151/26 1290/152/26 557/152/26 556/153/26 647/154/26 601/155/26
f 569/164/27 572/165/27 1280/165/27 1281/166/27 1279/167/27 599/168/27 646/169/27
f 606/201/23 1242/202/23 1309/203/23 1317/204/23 1302/205/23
f 958/206/31 1081/207/31 1449/208/31 1105/209/31
f 1394/43/9 987/210/9 1273/45/9 1280/211/9 572/211/9 571/43/9
f 1012/43/33 984/213/33 1114/214/33 315/43/33
f 1418/219/34 1052/220/34 1056/221/34 1421/222/34
f 935/223/35 969/112/35 305/112/35 1093/224/35
f 1141/232/37 1147/233/37 1148/234/37 3/28/37 32/28/37 684/235/37
f 1157/243/39 1163/244/39 1164/245/39 9/43/39 39/43/39 690/246/39
f 1120/275/43 310/118/43 1382/118/43 994/276/43
f 246/283/44 245/284/44 1400/285/44 1399/286/44 1404/287/44 1403/288/44
f 1386/24/6 1003/289/6 1291/26/6 1298/290/6 568/290/6 567/24/6
f 1112/291/45 314/79/45 1390/79/45 978/292/45
f 543/299/46 542/300/46 644/301/46 611/302/46 1265/303/46 1271/304/46 1272/299/46
f 1262/332/49 1263/333/49 1261/334/49 603/335/49 640/336/49 545/337/49 548/332/49
f 2/112/54 1139/386/54 1140/387/54 1138/388/54 669/389/54 27/112/54
f 1087/390/56 975/391/56 1110/392/56 1454/393/56
f 4/81/57 1155/394/57 1156/395/57 1154/396/57 673/255/57 28/81/57
f 1425/409/58 1119/410/58 993/411/58 1057/412/58
f 1055/413/59 991/411/59 1118/410/59 1422/414/59
f 10/79/60 1171/419/60 1172/420/60 1170/421/60 671/422/60 35/79/60
f 951/429/61 965/81/61 301/81/61 1101/430/61
f 1066/434/7 939/435/7 1250/435/7 1336/436/7
f 12/118/62 1187/437/62 1188/438/62 1186/439/62 675/400/62 36/118/62
f 1108/209/15 1446/477/15 1079/478/15 962/206/15
f 774/611/13 1207/612/13 1206/613/13 775/614/13
f 1450/630/73 1084/631/73 1088/632/73 1453/633/73
f 1230/634/13 781/635/13 784/622/13 1231/636/13
f 1434/637/74 1068/638/74 1072/639/74 1437/640/74
f 1402/645/76 1036/646/76 1040/647/76 1405/648/76
f 1431/672/7 1430/673/7 1094/674/7 1095/675/7 1433/676/7 1436/677/7
f 1063/755/8 936/756/8 1094/757/8 1430/673/8
f 1048/791/151 1413/792/151 1426/793/151 1060/794/151
f 1083/795/152 1215/796/152 1223/797/152 1085/798/152
f 1218/799/13 777/661/13 780/660/13 1219/800/13
f 1067/801/153 1335/802/153 1328/803/153 1069/804/153
f 1080/805/154 1445/806/154 1458/807/154 1092/808/154
f 1051/809/155 1191/810/155 1199/811/155 1053/812/155
f 1194/813/13 785/814/13 788/815/13 1195/816/13
f 1035/817/156 1363/818/156 1356/819/156 1037/820/156
f 968/28/157 959/830/157 1106/47/157 303/28/157
f 938/831/158 1373/112/158 538/112/158 537/832/158 1254/832/158 1251/833/158
f 1169/836/13 1220/837/13 779/838/13 672/383/13
f 979/839/159 1389/79/159 558/79/159 557/840/159 1290/840/159 1287/841/159
f 999/842/59 1041/843/59 1409/844/59 1121/845/59
f 1090/846/3 980/847/3 1286/848/3 1350/849/3
f 983/850/56 1073/851/56 1441/852/56 1113/853/56
f 954/854/160 1365/81/160 544/81/160 543/855/160 1272/855/160 1269/856/160
f 1064/859/161 1429/860/161 1442/861/161 1076/862/161
f 995/863/162 1381/118/162 564/118/162 563/864/162 1308/864/162 1305/865/162
f 1229/866/13 1174/867/13 691/250/13 782/249/13
f 1002/868/4 1038/869/4 1355/870/4 1292/871/4
f 1210/872/7 1134/873/7 933/874/7 1062/875/7
f 947/876/7 1046/877/7 1313/878/7 1238/879/7
f 1205/880/13 1158/881/13 689/310/13 776/882/13
f 986/883/3 1070/884/3 1327/885/3 1274/883/3
f 1234/886/1 1150/887/1 949/888/1 1030/889/1
f 963/890/1 1078/891/1 1341/892/1 1256/893/1
f 1137/896/13 1208/897/13 773/898/13 670/367/13
f 1433/676/32 1095/674/32 940/899/32 1065/900/32
f 1153/902/13 1232/903/13 783/904/13 674/345/13
f 1401/905/15 1103/906/15 956/907/15 1033/908/15
f 1217/909/13 1142/910/13 683/534/13 778/911/13
f 1370/28/163 964/912/163 1255/913/163 1262/914/163 548/914/163 547/28/163
f 312/24/165 1123/7/165 1004/917/165 1385/918/165
f 1193/919/13 1126/920/13 681/378/13 786/921/13
f 1378/50/166 948/922/166 1237/923/166 1244/924/166 552/924/166 551/50/166
f 1457/925/38 1111/926/38 977/927/38 1089/928/38
f 316/43/167 1115/214/167 988/929/167 1393/930/167
f 1185/931/13 1196/932/13 787/381/13 676/933/13
f 1058/934/4 996/935/4 1304/936/4 1322/937/4
f 1181/938/162 1187/939/162 12/118/162 1006/118/162 989/940/162
f 311/5/6 1122/7/6 1123/941/6 312/24/6
f 1116/942/38 1438/943/38 1071/944/38 985/945/38
f 1117/946/162 309/118/162 310/118/162 1120/275/162
f 1128/947/7 1192/948/7 1050/949/7 941/876/7
f 1399/950/1 1398/951/1 1102/906/1 1103/952/1 1401/905/1 1404/953/1
f 1124/845/58 1406/954/58 1039/955/58 1001/956/58
f 1125/957/168 1130/958/168 1131/959/168
f 1144/960/1 1216/961/1 1082/962/1 957/890/1
f 1109/963/159 313/79/159 314/79/159 1112/291/159
f 1104/964/169 302/81/169 1366/81/169 953/965/169
f 1105/966/1 1449/208/1 1452/967/1 1447/968/1 1446/477/1 1108/209/1
f 1096/970/170 306/112/170 1374/112/170 937/971/170
f 1097/972/7 1417/973/7 1420/974/7 1415/975/7 1414/976/7 1100/977/7
f 974/978/171 1009/79/171 313/79/171 1109/963/171
f 3/28/163 1148/980/163 1145/981/163 960/912/163 967/28/163
f 303/28/163 1106/47/163 1107/982/163 304/28/163
f 1160/983/3 1204/984/3 1074/985/3 982/986/3
f 1113/987/3 1441/852/3 1444/988/3 1439/989/3 1438/943/3 1116/853/3
f 1/130/166 1132/990/166 1129/991/166 944/992/166 971/50/166
f 307/50/166 1098/993/166 1099/994/166 308/50/166
f 1176/995/4 1228/996/4 1042/997/4 998/871/4
f 1121/998/4 1409/844/4 1412/999/4 1407/1000/4 1406/954/4 1124/1001/4
f 1198/1002/4 1182/1003/4 992/936/4 1054/1004/4
f 1423/1005/4 1422/414/4 1118/1006/4 1119/410/4 1425/1007/4 1428/1008/4
f 1149/1011/160 1155/394/160 4/81/160 966/81/160 950/1011/160
f 1101/430/160 301/81/160 302/81/160 1104/430/160
f 1165/1012/159 1171/419/159 10/79/159 1010/79/159 973/841/159
f 315/43/9 1114/214/9 1115/1013/9 316/43/9
f 1222/1014/3 1166/1015/3 976/847/3 1086/1016/3
f 1455/1017/3 1454/393/3 1110/1018/3 1111/392/3 1457/1019/3 1460/1020/3
f 1133/1023/158 1139/1024/158 2/112/158 970/112/158 934/833/158
f 1093/224/158 305/112/158 306/112/158 1096/1025/158
f 1032/1036/172 1397/1037/172 1410/1038/172 1044/1039/172
f 1235/1041/156 1029/1042/156 1043/1043/156 1227/1044/156
f 254/1045/13 255/1046/13 591/1046/13 590/1045/13
f 1314/1047/155 1045/1048/155 1059/1049/155 1321/1050/155
f 255/1046/173 256/1051/173 592/1051/173 591/1046/173
f 1211/1052/153 1061/1053/153 1075/1054/153 1203/1055/153
f 256/1051/23 253/1056/23 589/1056/23 592/1051/23
f 1342/1057/152 1077/1058/152 1091/1059/152 1349/1060/152
f 253/1056/174 254/1045/174 590/1045/174 589/1056/174
f 1126/920/175 1193/919/175 1189/1061/175 1127/1062/175
f 1135/1063/176 1209/1064/176 1208/897/176 1137/896/176
f 1142/910/177 1217/909/177 1213/1065/177 1143/1066/177
f 1151/1067/178 1233/1068/178 1232/903/178 1153/902/178
f 1158/881/179 1205/880/179 1201/1069/179 1159/1070/179
f 1167/1071/180 1221/1072/180 1220/837/180 1169/836/180
f 1174/867/181 1229/1073/181 1225/1074/181 1175/1075/181
f 1196/932/182 1185/931/182 1183/1076/182 1197/1077/182
f 1240/1078/183 1243/1079/183 1245/1080/183
f 1206/1081/184 1207/612/184 1212/1082/184 1202/1083/184
f 1218/1084/185 1219/800/185 1224/1085/185 1214/1086/185
f 1230/1087/186 1231/636/186 1236/1088/186 1226/1089/186
f 1194/1090/187 1195/1091/187 1200/1092/187 1190/1093/187
f 1136/1094/188 1138/388/188 1140/1095/188
f 1141/1096/189 1146/1097/189 1147/233/189
f 1168/1098/190 1170/421/190 1172/420/190
f 1173/1099/191 1178/1100/191 1179/1101/191
f 1152/1102/192 1154/396/192 1156/395/192
f 1157/1103/193 1162/1104/193 1163/1105/193
f 1184/1106/194 1186/1107/194 1188/438/194
f 972/50/195 943/1108/195 1098/1109/195 307/50/195
f 1310/1110/196 1241/1111/196 1239/879/196 1312/1112/196
f 1246/1113/196 1330/1114/196 1333/1115/196 1249/435/196
f 1338/1116/197 1259/1117/197 1257/1118/197 1340/1119/197
f 1264/1120/197 1358/1121/197 1361/1122/197 1267/1123/197
f 1324/1124/198 1277/1125/198 1275/883/198 1326/1126/198
f 1282/1127/198 1344/1128/198 1347/1129/198 1285/1130/198
f 1352/1131/199 1295/1132/199 1293/868/199 1354/1133/199
f 1300/1134/199 1316/1135/199 1319/1136/199 1303/936/199
f 1332/1137/200 1325/1138/200 1329/1139/200 1334/1140/200
f 1346/1141/201 1339/1142/201 1343/1143/201 1348/1144/201
f 1360/1145/202 1353/1146/202 1357/1147/202 1362/1148/202
f 1318/1149/203 1311/1150/203 1315/1151/203 1320/1152/203
f 1247/1153/204 1252/1154/204 1253/1155/204
f 1258/1156/205 1261/1157/205 1263/1158/205
f 1283/1159/206 1288/1160/206 1289/1161/206
f 1294/1162/207 1297/1163/207 1299/1164/207
f 1265/1165/208 1270/1166/208 1271/1167/208
f 1276/1168/209 1279/1169/209 1281/1170/209
f 1301/1171/210 1306/1172/210 1307/1173/210
f 1031/1174/31 952/907/31 1102/1175/31 1398/951/31
f 1034/1178/1 955/888/1 1268/1179/1 1364/1180/1
f 645/1181/211 598/1182/211 638/1183/211 21/342/211
f 1100/977/32 1414/1184/32 1047/1185/32 946/1186/32
f 609/1190/212 652/1191/212 565/585/212 568/1192/212 1298/1192/212 1299/1193/212 1297/1194/212
f 602/1195/213 648/1196/213 22/484/213 639/1197/213
f 990/1198/214 1005/118/214 309/118/214 1117/946/214
f 23/239/215 642/1199/215 608/1200/215 650/1201/215
f 1337/1202/23 1345/1203/23 1284/1204/23 604/1205/23 1260/1206/23
f 1266/1207/23 610/1208/23 1296/1209/23 1351/1210/23 1359/1211/23
f 1278/1212/23 1323/1213/23 1331/1214/23 1248/1215/23 600/1216/23
f 643/1217/216 24/160/216 651/1218/216 612/1219/216
f 418/1247/226 417/1248/226 481/1248/226 482/1247/226
f 428/1249/227 452/824/227 472/824/227 492/1249/227
f 421/1250/228 459/979/228 473/979/228 485/1250/228
f 415/1251/229 416/1252/229 480/1252/229 479/1251/229
f 451/824/230 427/1253/230 491/1253/230 471/824/230
f 452/824/227 458/59/227 470/59/227 472/824/227
f 414/1254/231 413/1255/231 477/1255/231 478/1254/231
f 424/1256/232 450/156/232 476/156/232 488/1256/232
f 405/59/230 451/824/230 471/824/230 469/59/230
f 449/156/228 423/1257/228 487/1257/228 475/156/228
f 458/59/227 426/1258/227 490/1258/227 470/59/227
f 420/1259/233 448/482/233 464/482/233 484/1259/233
f 413/1255/1 414/1254/1 430/1232/1 429/1232/1
f 416/1252/1 415/1251/1 431/1239/1 432/1238/1
f 417/1248/7 418/1247/7 434/1241/7 433/1240/7
f 420/1259/7 419/1260/7 435/1237/7 436/1236/7
f 421/1250/4 422/1261/4 438/1243/4 437/1242/4
f 424/1256/4 423/1257/4 439/1234/4 440/1233/4
f 425/1262/3 426/1258/3 442/1235/3 441/1235/3
f 428/1249/3 427/1253/3 443/1245/3 444/1244/3
f 415/1251/1 403/1231/1 445/1231/1 431/1239/1
f 404/71/1 416/1252/1 432/1238/1 446/71/1
f 419/1260/7 399/969/7 447/969/7 435/1237/7
f 448/482/7 420/1259/7 436/1236/7 400/482/7
f 423/1257/4 449/156/4 411/156/4 439/1234/4
f 450/156/4 424/1256/4 440/1233/4 412/156/4
f 427/1253/3 451/824/3 407/824/3 443/1245/3
f 452/824/3 428/1249/3 444/1244/3 408/824/3
f 453/142/7 417/1248/7 433/1240/7 397/142/7
f 418/1247/7 454/1263/7 398/142/7 434/1241/7
f 399/969/7 453/142/7 397/142/7 447/969/7
f 454/1263/7 448/482/7 400/482/7 398/142/7
f 401/80/1 413/1255/1 429/1232/1 455/80/1
f 414/1254/1 402/1264/1 456/80/1 430/1232/1
f 403/1231/1 401/80/1 455/80/1 445/1231/1
f 402/1264/1 404/71/1 446/71/1 456/80/1
f 405/59/3 425/1262/3 441/1235/3 457/59/3
f 426/1258/3 458/59/3 406/59/3 442/1235/3
f 451/824/3 405/59/3 457/59/3 407/824/3
f 458/59/3 452/824/3 408/824/3 406/59/3
f 459/979/4 421/1250/4 437/1242/4 409/821/4
f 422/1261/4 460/1246/4 410/1246/4 438/1243/4
f 449/156/4 459/979/4 409/821/4 411/156/4
f 460/1246/4 450/156/4 412/156/4 410/1246/4
f 460/1246/232 422/1261/232 486/1261/232 474/1246/232
f 417/1248/241 453/142/241 461/142/241 481/1248/241
f 419/1260/242 420/1259/242 484/1259/242 483/1260/242
f 459/979/228 449/156/228 475/156/228 473/979/228
f 454/1263/233 418/1247/233 482/1247/233 462/1263/233
f 422/1261/243 421/1250/243 485/1250/243 486/1261/243
f 450/156/232 460/1246/232 474/1246/232 476/156/232
f 453/142/241 399/969/241 463/969/241 461/142/241
f 423/1257/244 424/1256/244 488/1256/244 487/1257/244
f 448/482/233 454/1263/233 462/1263/233 464/482/233
f 426/1258/245 425/1262/245 489/1262/245 490/1258/245
f 413/1255/246 401/80/246 465/80/246 477/1255/246
f 427/1253/247 428/1249/247 492/1249/247 491/1253/247
f 402/1264/248 414/1254/248 478/1254/248 466/1264/248
f 403/1231/246 415/1251/246 479/1251/246 467/1231/246
f 401/80/246 403/1231/246 467/1231/246 465/80/246
f 416/1252/248 404/71/248 468/71/248 480/1252/248
f 404/71/248 402/1264/248 466/1264/248 468/71/248
f 399/969/241 419/1260/241 483/1260/241 463/969/241
f 425/1262/230 405/59/230 469/59/230 489/1262/230
f 535/112/249 536/112/249 537/832/249 538/112/249
f 549/50/252 550/50/252 551/50/252 552/924/252
f 555/79/253 556/79/253 557/840/253 558/79/253
f 561/118/254 562/118/254 563/864/254 564/118/254
f 565/5/255 566/24/255 567/24/255 568/290/255
f 569/43/256 570/43/256 571/43/256 572/211/256
f 245/284/44 248/1289/44 1411/1290/44 1410/1038/44 1397/1037/44 1400/1291/44
f 250/1292/173 249/1293/173 1416/1294/173 1415/975/173 1420/974/173 1419/1295/173
f 249/1293/173 252/1296/173 1427/1297/173 1426/1298/173 1413/1299/173 1416/1294/173
f 254/1045/261 253/1056/261 1432/1300/261 1431/672/261 1436/677/261 1435/1301/261
f 253/1056/261 256/1051/261 1443/1302/261 1442/861/261 1429/1303/261 1432/1304/261
f 258/1305/174 257/1306/174 1448/1307/174 1447/1308/174 1452/1309/174 1451/1310/174
f 257/1306/174 260/1311/174 1459/1312/174 1458/1313/174 1445/806/174 1448/1307/174
f 247/1314/44 246/283/44 1403/1315/44 1402/645/44 1405/1316/44 1408/1317/44
f 248/1289/44 247/1314/44 1408/1317/44 1407/1318/44 1412/999/44 1411/1319/44
f 251/1320/173 250/1292/173 1419/1321/173 1418/1322/173 1421/1323/173 1424/1324/173
f 252/1296/173 251/1320/173 1424/1325/173 1423/1326/173 1428/1326/173 1427/1327/173
f 255/1046/261 254/1045/261 1435/1328/261 1434/1329/261 1437/640/261 1440/1330/261
f 256/1051/261 255/1046/261 1440/1330/261 1439/1331/261 1444/1332/261 1443/1302/261
f 259/1333/174 258/1305/174 1451/1310/174 1450/1334/174 1453/633/174 1456/1335/174
f 260/1311/174 259/1333/174 1456/1335/174 1455/1336/174 1460/1020/174 1459/1337/174
f 257/1306/261 258/1305/261 594/1305/261 593/1306/261
f 260/1311/13 257/1306/13 593/1306/13 596/1311/13
f 259/1333/44 260/1311/44 596/1311/44 595/1333/44
f 245/284/173 246/283/173 582/283/173 581/284/173
f 258/1305/23 259/1333/23 595/1333/23 594/1305/23
f 248/1289/23 245/284/23 581/284/23 584/1289/23
f 247/1314/174 248/1289/174 584/1289/174 583/1314/174
f 246/283/13 247/1314/13 583/1314/13 582/283/13
f 249/1293/44 250/1292/44 586/1292/44 585/1293/44
f 252/1296/13 249/1293/13 585/1293/13 588/1296/13
f 251/1320/261 252/1296/261 588/1296/261 587/1320/261
f 250/1292/23 251/1320/23 587/1320/23 586/1292/23
f 597/1338/262 598/1182/262 599/168/262 600/1216/262
f 601/155/263 602/1195/263 603/335/263 604/1205/263
f 605/70/264 606/201/264 607/74/264 608/1200/264
f 609/1190/265 610/1208/265 611/302/265 612/1219/265
f 933/874/266 934/833/266 935/223/266 936/756/266
f 937/971/267 938/831/267 939/435/267 940/899/267
f 941/876/268 942/39/268 943/1108/268 944/992/268
f 945/52/269 946/1186/269 947/876/269 948/922/269
f 949/888/270 950/1011/270 951/429/270 952/907/270
f 953/965/271 954/854/271 955/888/271 956/907/271
f 957/890/272 958/206/272 959/830/272 960/912/272
f 961/48/273 962/206/273 963/890/273 964/912/273
f 973/841/274 974/978/274 975/391/274 976/847/274
f 977/927/275 978/292/275 979/839/275 980/847/275
f 981/46/276 982/986/276 983/850/276 984/213/276
f 985/945/277 986/883/277 987/210/277 988/929/277
f 989/940/278 990/1198/278 991/411/278 992/936/278
f 993/411/279 994/276/279 995/863/279 996/935/279
f 997/27/280 998/871/280 999/842/280 1000/6/280
f 1001/956/281 1002/868/281 1003/289/281 1004/917/281
f 1029/1042/282 1030/889/282 1031/1174/282 1032/1036/282
f 1033/908/283 1034/1178/283 1035/817/283 1036/646/283
f 1037/820/284 1038/869/284 1039/955/284 1040/647/284
f 1041/843/285 1042/997/285 1043/1043/285 1044/1039/285
f 1045/1048/286 1046/877/286 1047/1185/286 1048/791/286
f 1049/40/287 1050/949/287 1051/809/287 1052/220/287
f 1053/812/288 1054/1326/288 1055/1326/288 1056/1351/288
f 1057/1352/289 1058/934/289 1059/1353/289 1060/1354/289
f 1061/1053/290 1062/875/290 1063/755/290 1064/859/290
f 1065/900/291 1066/434/291 1067/801/291 1068/638/291
f 1069/804/292 1070/884/292 1071/944/292 1072/639/292
f 1073/851/293 1074/985/293 1075/1054/293 1076/862/293
f 1077/1058/294 1078/891/294 1079/478/294 1080/805/294
f 1081/207/295 1082/962/295 1083/795/295 1084/631/295
f 1085/798/296 1086/1016/296 1087/390/296 1088/632/296
f 1089/928/297 1090/846/297 1091/1059/297 1092/808/297
f 1127/1062/298 1128/947/298 1129/991/298 1130/958/298
f 1133/1023/299 1134/873/299 1135/1063/299 1136/1094/299
f 1143/1066/300 1144/960/300 1145/981/300 1146/1097/300
f 1149/1011/301 1150/887/301 1151/1067/301 1152/1102/301
f 1159/1070/302 1160/983/302 1161/45/302 1162/1104/302
f 1165/1012/303 1166/1015/303 1167/1071/303 1168/1098/303
f 1175/1075/304 1176/995/304 1177/26/304 1178/1100/304
f 1181/938/305 1182/1003/305 1183/1076/305 1184/1106/305
f 1189/1061/306 1190/1093/306 1191/810/306 1192/948/306
f 1197/1355/307 1198/1002/307 1199/1356/307 1200/1357/307
f 1201/1069/308 1202/1083/308 1203/1055/308 1204/984/308
f 1209/1064/309 1210/872/309 1211/1052/309 1212/1082/309
f 1213/1065/310 1214/1086/310 1215/796/310 1216/961/310
f 1221/1072/311 1222/1014/311 1223/797/311 1224/1085/311
f 1225/1074/312 1226/1089/312 1227/1044/312 1228/996/312
f 1233/1068/313 1234/886/313 1235/1041/313 1236/1088/313
f 1237/1358/314 1238/879/314 1239/879/314 1240/1358/314
f 1241/1111/315 1242/879/315 1243/1358/315
f 1246/1113/316 1247/1359/316 1248/435/316
f 1249/1360/317 1250/435/317 1251/1359/317 1252/1359/317
f 1255/1361/318 1256/893/318 1257/893/318 1258/1361/318
f 1259/1117/319 1260/1362/319 1261/1363/319
f 1264/1120/320 1265/303/320 1266/1207/320
f 1267/1123/321 1268/1179/321 1269/856/321 1270/1166/321
f 1273/1364/322 1274/883/322 1275/986/322 1276/1364/322
f 1277/1125/323 1278/883/323 1279/1364/323
f 1282/1127/324 1283/1365/324 1284/1130/324
f 1285/1366/325 1286/848/325 1287/1367/325 1288/1367/325
f 1291/1368/326 1292/871/326 1293/871/326 1294/1368/326
f 1295/1132/327 1296/871/327 1297/1369/327
f 1300/1134/328 1301/1370/328 1302/936/328
f 1303/1371/329 1304/936/329 1305/1370/329 1306/1370/329
f 1309/1372/330 1310/1110/330 1311/1373/330
f 1312/1374/331 1313/878/331 1314/1375/331 1315/1376/331
f 1316/1135/332 1317/1377/332 1318/1378/332
f 1319/1379/333 1320/1152/333 1321/1380/333 1322/1326/333
f 1323/1381/334 1324/1124/334 1325/1382/334
f 1326/1383/335 1327/885/335 1328/1384/335 1329/1385/335
f 1330/1114/336 1331/1386/336 1332/1387/336
f 1333/1115/337 1334/1388/337 1335/1389/337 1336/1390/337
f 1337/1391/338 1338/1116/338 1339/1392/338
f 1340/1393/339 1341/892/339 1342/1394/339 1343/1395/339
f 1344/1128/340 1345/1396/340 1346/1397/340
f 1347/1129/341 1348/1398/341 1349/1399/341 1350/1400/341
f 1351/1401/342 1352/1131/342 1353/1402/342
f 1354/1403/343 1355/870/343 1356/1404/343 1357/1405/343
f 1358/1121/344 1359/1406/344 1360/1407/344
f 1361/1408/345 1362/1148/345 1363/1409/345 1364/1410/345
f 1365/81/346 1366/1411/346 1367/828/346 1368/827/346
f 1369/49/347 1370/1412/347 1371/1224/347 1372/72/347
f 1373/112/348 1374/1413/348 1375/212/348 1376/829/348
f 1377/53/349 1378/1414/349 1379/895/349 1380/894/349
f 1381/118/350 1382/1415/350 1383/823/350 1384/822/350
f 1385/918/351 1386/1416/351 1387/858/351 1388/857/351
f 1389/79/352 1390/1417/352 1391/240/352 1392/826/352
f 1393/930/353 1394/1418/353 1395/1222/353 1396/834/353
f 1397/1037/354 1398/1419/354 1399/950/354 1400/285/354
f 1401/905/355 1402/1420/355 1403/1315/355 1404/287/355
f 1405/648/356 1406/1421/356 1407/1000/356 1408/1317/356
f 1409/844/357 1410/1422/357 1411/1290/357 1412/999/357
f 1413/792/358 1414/1423/358 1415/975/358 1416/1294/358
f 1417/41/359 1418/1424/359 1419/1321/359 1420/974/359
f 1421/222/360 1422/1326/360 1423/1326/360 1424/1425/360
f 1425/1326/361 1426/1426/361 1427/1427/361 1428/1326/361
f 1429/860/362 1430/1428/362 1431/672/362 1432/1300/362
f 1433/676/363 1434/1429/363 1435/1328/363 1436/677/363
f 1437/640/364 1438/1430/364 1439/989/364 1440/1330/364
f 1441/852/365 1442/1431/365 1443/1302/365 1444/1332/365
f 1445/806/366 1446/1432/366 1447/968/366 1448/1307/366
f 1449/208/367 1450/1433/367 1451/1310/367 1452/1309/367
f 1453/633/368 1454/1434/368 1455/1017/368 1456/1335/368
f 1457/925/369 1458/1435/369 1459/1312/369 1460/1020/369
f 648/1196/370 602/1195/370 601/155/370 647/154/370
f 652/1191/371 609/1190/371 612/1219/371 651/1218/371
f 602/1195/374 639/1197/374 640/336/374 603/335/374
f 597/1338/375 637/1436/375 638/1183/375 598/1182/375
f 643/1217/376 612/1219/376 611/302/376 644/301/376
f 641/65/377 605/70/377 608/1200/377 642/1199/377
f 598/1182/378 645/1181/378 646/169/378 599/168/378
f 607/74/380 649/73/380 650/1201/380 608/1200/380
f 1096/970/462 937/971/462 940/899/462 1095/674/462
f 1100/977/463 946/1186/463 945/52/463 1099/51/463
f 1104/964/464 953/965/464 956/907/464 1103/906/464
f 1108/209/465 962/206/465 961/48/465 1107/47/465
f 1112/291/466 978/292/466 977/927/466 1111/926/466
f 1116/942/467 985/945/467 988/929/467 1115/214/467
f 1120/275/468 994/276/468 993/411/468 1119/410/468
f 1124/845/469 1001/956/469 1004/917/469 1123/7/469
f 1401/905/470 1033/908/470 1036/646/470 1402/645/470
f 1409/844/471 1041/843/471 1044/1039/471 1410/1038/471
f 1417/41/472 1049/40/472 1052/220/472 1418/219/472
f 1425/1326/473 1057/1326/473 1060/794/473 1426/793/473
f 1433/676/474 1065/900/474 1068/638/474 1434/637/474
f 1441/852/475 1073/851/475 1076/862/475 1442/861/475
f 1449/208/476 1081/207/476 1084/631/476 1450/630/476
f 1457/925/477 1089/928/477 1092/808/477 1458/807/477
f 1080/805/478 1092/808/478 1091/1059/478 1077/1058/478
f 1083/795/479 1085/798/479 1088/632/479 1084/631/479
f 1064/859/480 1076/862/480 1075/1054/480 1061/1053/480
f 1067/801/481 1069/804/481 1072/639/481 1068/638/481
f 1048/791/482 1060/794/482 1059/1049/482 1045/1048/482
f 1051/809/483 1053/812/483 1056/221/483 1052/220/483
f 1032/1036/484 1044/1039/484 1043/1043/484 1029/1042/484
f 1035/817/485 1037/820/485 1040/647/485 1036/646/485
f 936/756/494 1063/755/494 1062/875/494 933/874/494
f 939/435/495 1066/434/495 1065/900/495 940/899/495
f 1009/79/496 974/978/496 973/841/496 1010/79/496
f 1389/79/497 979/839/497 978/292/497 1390/79/497
f 975/391/498 1087/390/498 1086/1016/498 976/847/498
f 980/847/499 1090/846/499 1089/928/499 977/927/499
f 952/907/500 1031/1174/500 1030/889/500 949/888/500
f 955/888/501 1034/1178/501 1033/908/501 956/907/501
f 1005/118/502 990/1198/502 989/940/502 1006/118/502
f 1381/118/503 995/863/503 994/276/503 1382/118/503
f 1000/6/504 1008/5/504 1007/5/504 997/27/504
f 1003/289/505 1386/24/505 1385/918/505 1004/917/505
f 1049/40/494 942/39/494 941/876/494 1050/949/494
f 1046/877/495 947/876/495 946/1186/495 1047/1185/495
f 984/213/506 1012/43/506 1011/43/506 981/46/506
f 987/210/507 1394/43/507 1393/930/507 988/929/507
f 1081/207/500 958/206/500 957/890/500 1082/962/500
f 1078/891/501 963/890/501 962/206/501 1079/478/501
f 969/112/508 935/223/508 934/833/508 970/112/508
f 1373/112/509 938/831/509 937/971/509 1374/112/509
f 965/81/510 951/429/510 950/1011/510 966/81/510
f 1365/81/511 954/854/511 953/965/511 1366/81/511
f 959/830/512 968/28/512 967/28/512 960/912/512
f 964/912/513 1370/28/513 1369/49/513 961/48/513
f 1041/843/514 999/842/514 998/871/514 1042/997/514
f 1038/869/515 1002/868/515 1001/956/515 1039/955/515
f 943/1108/516 972/50/516 971/50/516 944/992/516
f 948/922/517 1378/50/517 1377/53/517 945/52/517
f 1073/851/498 983/850/498 982/986/498 1074/985/498
f 1070/884/499 986/883/499 985/945/499 1071/944/499
f 991/411/514 1055/413/514 1054/1004/514 992/936/514
f 996/935/515 1058/934/515 1057/412/515 993/411/515
f 935/223/518 1093/224/518 1094/757/518 936/756/518
f 1093/224/519 1096/1025/519 1095/675/519 1094/674/519
f 942/39/520 1097/42/520 1098/1109/520 943/1108/520
f 1097/972/521 1100/977/521 1099/994/521 1098/993/521
f 951/429/522 1101/430/522 1102/1175/522 952/907/522
f 1101/430/523 1104/430/523 1103/952/523 1102/906/523
f 958/206/524 1105/209/524 1106/47/524 959/830/524
f 1105/966/525 1108/209/525 1107/982/525 1106/47/525
f 974/978/526 1109/963/526 1110/392/526 975/391/526
f 1109/963/527 1112/291/527 1111/392/527 1110/1018/527
f 983/850/528 1113/853/528 1114/214/528 984/213/528
f 1113/987/529 1116/853/529 1115/1013/529 1114/214/529
f 990/1198/530 1117/946/530 1118/410/530 991/411/530
f 1117/946/531 1120/275/531 1119/410/531 1118/1006/531
f 999/842/532 1121/845/532 1122/7/532 1000/6/532
f 1121/998/533 1124/1001/533 1123/941/533 1122/7/533
f 1031/1174/534 1398/951/534 1397/1037/534 1032/1036/534
f 1039/955/535 1406/954/535 1405/648/535 1040/647/535
f 1047/1185/536 1414/1184/536 1413/792/536 1048/791/536
f 1055/1446/537 1422/1326/537 1421/222/537 1056/221/537
f 1063/755/538 1430/673/538 1429/860/538 1064/859/538
f 1071/944/539 1438/943/539 1437/640/539 1072/639/539
f 1079/478/540 1446/477/540 1445/806/540 1080/805/540
f 1087/390/541 1454/393/541 1453/633/541 1088/632/541
f 1126/920/542 1127/1062/542 1130/958/542 1125/957/542
f 1129/991/543 1132/990/543 1131/959/543 1130/958/543
f 1139/1024/544 1133/1023/544 1136/1094/544 1140/1095/544
f 1135/1063/545 1137/896/545 1138/388/545 1136/1094/545
f 1142/910/546 1143/1066/546 1146/1097/546 1141/1096/546
f 1145/981/547 1148/980/547 1147/233/547 1146/1097/547
f 1155/394/548 1149/1011/548 1152/1102/548 1156/395/548
f 1151/1067/549 1153/902/549 1154/396/549 1152/1102/549
f 1158/881/550 1159/1070/550 1162/1104/550 1157/1103/550
f 1161/45/551 1164/44/551 1163/1105/551 1162/1104/551
f 1171/419/552 1165/1012/552 1168/1098/552 1172/420/552
f 1167/1071/553 1169/836/553 1170/421/553 1168/1098/553
f 1174/867/554 1175/1075/554 1178/1100/554 1173/1099/554
f 1177/26/555 1180/25/555 1179/1101/555 1178/1100/555
f 1187/939/556 1181/938/556 1184/1106/556 1188/438/556
f 1183/1076/557 1185/931/557 1186/1107/557 1184/1106/557
f 1225/1074/558 1229/1073/558 1230/1087/558 1226/1089/558
f 1232/903/559 1233/1068/559 1236/1088/559 1231/636/559
f 1235/1041/560 1227/1044/560 1226/1089/560 1236/1088/560
f 1189/1061/561 1193/919/561 1194/1090/561 1190/1093/561
f 1196/1326/562 1197/1447/562 1200/1092/562 1195/1091/562
f 1199/811/563 1191/810/563 1190/1093/563 1200/1092/563
f 1201/1069/564 1205/880/564 1206/1081/564 1202/1083/564
f 1208/897/565 1209/1064/565 1212/1082/565 1207/612/565
f 1211/1052/566 1203/1055/566 1202/1083/566 1212/1082/566
f 1213/1065/567 1217/909/567 1218/1084/567 1214/1086/567
f 1220/837/568 1221/1072/568 1224/1085/568 1219/800/568
f 1223/797/569 1215/796/569 1214/1086/569 1224/1085/569
f 1182/1003/570 1198/1002/570 1197/1077/570 1183/1076/570
f 1192/948/571 1128/947/571 1127/1062/571 1189/1061/571
f 1134/873/571 1210/872/571 1209/1064/571 1135/1063/571
f 1204/984/572 1160/983/572 1159/1070/572 1201/1069/572
f 1166/1015/572 1222/1014/572 1221/1072/572 1167/1071/572
f 1216/961/573 1144/960/573 1143/1066/573 1213/1065/573
f 1150/887/573 1234/886/573 1233/1068/573 1151/1067/573
f 1228/996/570 1176/995/570 1175/1075/570 1225/1074/570
f 1128/947/574 941/876/574 944/992/574 1129/991/574
f 681/378/575 1126/920/575 1125/127/575 682/131/575
f 785/814/13 1194/813/13 1193/919/13 786/921/13
f 1191/810/576 1051/809/576 1050/949/576 1192/948/576
f 933/874/577 1134/873/577 1133/1023/577 934/833/577
f 1137/896/578 670/367/578 669/389/578 1138/388/578
f 1207/612/13 774/611/13 773/898/13 1208/897/13
f 1061/1053/579 1211/1052/579 1210/872/579 1062/875/579
f 1144/960/580 957/890/580 960/912/580 1145/981/580
f 683/534/581 1142/910/581 1141/232/581 684/235/581
f 777/661/13 1218/799/13 1217/909/13 778/911/13
f 1215/796/582 1083/795/582 1082/962/582 1216/961/582
f 949/888/583 1150/887/583 1149/1011/583 950/1011/583
f 1153/902/584 674/345/584 673/255/584 1154/396/584
f 1231/636/13 784/622/13 783/904/13 1232/903/13
f 1029/1042/585 1235/1041/585 1234/886/585 1030/889/585
f 1160/983/586 982/986/586 981/46/586 1161/45/586
f 689/310/587 1158/881/587 1157/243/587 690/246/587
f 775/614/13 1206/613/13 1205/880/13 776/882/13
f 1203/1055/588 1075/1054/588 1074/985/588 1204/984/588
f 976/847/589 1166/1015/589 1165/1012/589 973/841/589
f 1169/836/590 672/383/590 671/422/590 1170/421/590
f 1219/800/13 780/660/13 779/838/13 1220/837/13
f 1085/798/591 1223/797/591 1222/1014/591 1086/1016/591
f 1176/995/592 998/871/592 997/27/592 1177/26/592
f 691/250/593 1174/867/593 1173/86/593 692/89/593
f 781/635/13 1230/634/13 1229/866/13 782/249/13
f 1227/1044/594 1043/1043/594 1042/997/594 1228/996/594
f 675/400/595 1186/439/595 1185/931/595 676/933/595
f 1195/816/13 788/815/13 787/1326/13 1196/1326/13
f 1053/812/596 1199/811/596 1198/1447/596 1054/1326/596
f 1181/938/597 989/940/597 992/936/597 1182/1003/597
f 1244/924/598 1237/923/598 1240/1078/598 1245/1080/598
f 1239/879/599 1241/1111/599 1243/1358/599 1240/1358/599
f 1246/1113/600 1249/435/600 1252/1359/600 1247/1359/600
f 1251/833/601 1254/832/601 1253/1155/601 1252/1154/601
f 1262/914/602 1255/913/602 1258/1156/602 1263/1158/602
f 1257/1118/603 1259/1117/603 1261/1363/603 1258/1448/603
f 1264/1120/604 1267/1123/604 1270/1166/604 1265/1165/604
f 1269/856/605 1272/855/605 1271/1167/605 1270/1166/605
f 1280/211/606 1273/45/606 1276/1168/606 1281/1170/606
f 1275/883/607 1277/1125/607 1279/1364/607 1276/1364/607
f 1282/1127/608 1285/1130/608 1288/1367/608 1283/1365/608
f 1287/841/609 1290/840/609 1289/1161/609 1288/1160/609
f 1298/290/610 1291/26/610 1294/1162/610 1299/1164/610
f 1293/868/611 1295/1132/611 1297/1369/611 1294/1368/611
f 1300/1134/612 1303/936/612 1306/1370/612 1301/1370/612
f 1305/865/613 1308/864/613 1307/1173/613 1306/1172/613
f 1361/1408/614 1358/1449/614 1360/1145/614 1362/1148/614
f 1359/1450/615 1351/1451/615 1353/1146/615 1360/1145/615
f 1352/1131/616 1354/1133/616 1357/1452/616 1353/1402/616
f 1356/819/617 1363/818/617 1362/1148/617 1357/1147/617
f 1319/1379/618 1316/1453/618 1318/1149/618 1320/1152/618
f 1317/1454/619 1309/1455/619 1311/1150/619 1318/1149/619
f 1310/1110/620 1312/1112/620 1315/1456/620 1311/1373/620
f 1314/1047/621 1321/1050/621 1320/1152/621 1315/1151/621
f 1333/1115/622 1330/1114/622 1332/1387/622 1334/1388/622
f 1331/1457/623 1323/1458/623 1325/1138/623 1332/1137/623
f 1324/1459/624 1326/1460/624 1329/1139/624 1325/1138/624
f 1328/803/625 1335/802/625 1334/1140/625 1329/1139/625
f 1347/1129/626 1344/1128/626 1346/1397/626 1348/1398/626
f 1345/1461/627 1337/1462/627 1339/1142/627 1346/1141/627
f 1338/1463/628 1340/1464/628 1343/1143/628 1339/1142/628
f 1342/1057/629 1349/1060/629 1348/1144/629 1343/1143/629
f 1302/936/630 1317/1377/630 1316/1135/630 1300/1134/630
f 1322/937/631 1304/936/631 1303/936/631 1319/1136/631
f 1309/1372/632 1242/879/632 1241/1111/632 1310/1110/632
f 1238/879/633 1313/878/633 1312/1112/633 1239/879/633
f 1248/435/632 1331/1386/632 1330/1114/632 1246/1113/632
f 1336/436/633 1250/435/633 1249/435/633 1333/1115/633
f 1323/1381/634 1278/883/634 1277/1125/634 1324/1124/634
f 1274/883/635 1327/885/635 1326/1126/635 1275/883/635
f 1284/1130/634 1345/1396/634 1344/1128/634 1282/1127/634
f 1350/849/635 1286/848/635 1285/1130/635 1347/1129/635
f 1337/1202/636 1260/1206/636 1259/1117/636 1338/1116/636
f 1256/893/637 1341/892/637 1340/1119/637 1257/1118/637
f 1266/1207/636 1359/1211/636 1358/1121/636 1264/1120/636
f 1364/1180/637 1268/1179/637 1267/1123/637 1361/1122/637
f 1351/1401/630 1296/871/630 1295/1132/630 1352/1131/630
f 1292/871/631 1355/870/631 1354/1133/631 1293/868/631
f 1237/923/574 948/922/574 947/876/574 1238/879/574
f 1045/1048/576 1314/1047/576 1313/878/576 1046/877/576
f 1242/202/638 606/201/638 605/70/638 1243/69/638
f 1301/75/639 607/74/639 606/201/639 1302/205/639
f 1250/435/577 939/435/577 938/831/577 1251/833/577
f 599/168/640 1279/167/640 1278/1212/640 600/1216/640
f 1247/1465/641 597/1338/641 600/1216/641 1248/1215/641
f 1335/802/579 1067/801/579 1066/434/579 1336/436/579
f 1255/913/580 964/912/580 963/890/580 1256/893/580
f 1077/1058/582 1342/1057/582 1341/892/582 1078/891/582
f 1260/1206/642 604/1205/642 603/335/642 1261/334/642
f 1283/150/643 601/155/643 604/1205/643 1284/1204/643
f 610/1208/644 1266/1207/644 1265/303/644 611/302/644
f 1268/1179/583 955/888/583 954/854/583 1269/856/583
f 609/1190/645 1297/1194/645 1296/1209/645 610/1208/645
f 1363/818/585 1035/817/585 1034/1178/585 1364/1180/585
f 1273/45/586 987/210/586 986/883/586 1274/883/586
f 1069/804/588 1328/803/588 1327/885/588 1070/884/588
f 1286/848/589 980/847/589 979/839/589 1287/841/589
f 1349/1060/591 1091/1059/591 1090/846/591 1350/849/591
f 1291/26/592 1003/289/592 1002/868/592 1292/871/592
f 1037/820/594 1356/819/594 1355/870/594 1038/869/594
f 1304/936/597 996/935/597 995/863/597 1305/865/597
f 1321/1050/596 1059/1049/596 1058/1326/596 1322/1326/596
f 597/1338/646 1247/1465/646 1253/1466/646 1254/1467/646 537/1467/646 536/471/646 637/1436/646
usemtl M_Noir_Bleuté
f 800/1/1 927/2/1 830/3/1 717/4/1
f 732/8/3 851/9/3 930/10/3 797/11/3
f 854/12/4 728/13/4 791/14/4 871/15/4
f 822/16/1 720/17/1 801/18/1 903/19/1
f 575/20/5 694/21/5 695/22/5 540/23/5
f 806/31/7 724/32/7 793/33/7 887/34/7
f 157/35/7 76/36/7 66/37/7 126/38/7
f 556/54/12 554/55/12 735/56/12 647/57/12
f 14/58/3 82/59/3 553/59/3 555/60/3
f 742/61/13 653/62/13 17/63/13 85/64/13
f 318/71/15 304/28/15 1369/28/15 1372/72/15 208/71/15
f 78/59/17 10/79/17 35/79/17 98/59/17
f 44/80/18 4/81/18 28/81/18 64/80/18
f 177/82/3 108/83/3 70/84/3 142/85/3
f 17/63/13 630/90/13 709/91/13 51/92/13
f 657/93/13 623/94/13 857/95/13 152/96/13
f 828/97/20 718/98/20 67/99/20 135/100/20
f 68/101/21 139/102/21 836/103/21 719/104/21
f 126/105/22 66/37/22 723/106/22 805/107/22
f 66/37/22 131/108/22 820/109/22 723/110/22
f 817/111/23 132/112/23 25/112/23 662/113/23
f 167/114/1 74/115/1 68/101/1 134/116/1
f 865/117/23 156/118/23 34/118/23 668/119/23
f 839/120/13 917/121/13 918/122/13 921/123/13 922/124/13 826/125/13 616/126/13
f 135/132/1 67/99/1 73/133/1 171/134/1
f 71/137/4 154/138/4 194/139/4 105/140/4
f 42/142/25 2/112/25 27/112/25 62/142/25
f 4/81/1 44/80/1 1018/80/1 966/81/1
f 45/143/7 5/144/7 550/145/7 574/143/7
f 613/146/13 825/147/13 136/148/13 629/149/13
f 82/59/13 14/58/13 293/58/13 278/59/13
f 83/156/13 84/157/13 282/157/13 284/156/13
f 48/80/1 47/71/1 576/71/1 539/80/1
f 696/158/23 54/159/23 24/160/23 643/161/23
f 47/71/1 7/162/1 546/163/1 576/71/1
f 163/170/23 129/50/23 29/130/23 57/143/23
f 705/171/13 50/172/13 20/173/13 635/174/13
f 860/175/28 726/176/28 71/137/28 151/177/28
f 141/178/13 840/179/13 615/180/13 654/181/13
f 625/182/13 660/183/13 149/184/13 856/185/13
f 622/186/13 823/187/13 901/188/13 902/189/13 905/190/13 906/191/13 858/192/13
f 142/195/29 70/84/29 731/196/29 837/197/29
f 700/198/30 573/199/30 549/66/30 641/200/30
f 306/112/32 326/142/32 205/142/32 1375/212/32 1374/112/32
f 899/215/23 818/216/23 661/217/23 758/218/23
f 838/225/3 732/8/3 797/226/3 919/227/3
f 150/228/36 72/229/36 727/230/36 853/231/36
f 56/236/23 699/237/23 642/238/23 23/239/23
f 314/79/38 330/59/38 209/59/38 1391/240/38 1390/79/38
f 728/13/4 867/241/4 878/242/4 791/14/4
f 72/229/36 155/251/36 868/252/36 727/253/36
f 554/55/12 577/256/12 734/257/12 735/56/12
f 892/258/3 796/259/3 729/260/3 843/261/3
f 187/262/4 106/263/4 72/229/4 150/264/4
f 908/265/4 804/266/4 725/267/4 859/268/4
f 76/36/41 157/35/41 159/269/41 121/269/41 124/36/41
f 844/270/42 730/271/42 69/272/42 143/273/42
f 193/156/23 153/5/23 38/24/23 95/274/23
f 200/277/3 5/144/3 292/144/3 291/277/3
f 720/17/1 835/278/1 914/279/1 801/280/1
f 67/99/1 138/281/1 174/282/1 73/133/1
f 84/157/4 83/156/4 580/156/4 559/157/4
f 15/293/13 83/156/13 284/156/13 297/293/13
f 16/294/4 84/157/4 559/157/4 561/295/4
f 81/296/3 13/297/3 570/298/3 578/296/3
f 737/305/47 649/73/47 562/78/47 560/306/47
f 87/311/13 19/312/13 658/313/13 749/314/13
f 128/315/13 636/316/13 627/317/13 809/318/13
f 750/319/13 657/93/13 152/96/13 190/320/13
f 808/321/13 619/322/13 632/323/13 125/324/13
f 178/325/13 141/178/13 654/181/13 741/326/13
f 160/327/13 706/328/13 636/329/13 128/315/13
f 103/330/13 52/331/13 19/312/13 87/311/13
f 577/256/12 569/164/12 646/338/12 734/257/12
f 540/339/5 695/22/5 644/301/5 542/340/5
f 89/341/4 21/342/4 513/342/4 515/341/4
f 915/343/23 834/344/23 665/345/23 768/346/23
f 879/347/23 866/348/23 667/349/23 772/350/23
f 931/351/23 850/352/23 663/353/23 764/354/23
f 847/355/23 894/356/23 759/308/23 686/357/23
f 129/130/23 816/358/23 677/359/23 29/130/23
f 863/360/23 910/361/23 765/248/23 688/362/23
f 137/28/23 832/363/23 679/364/23 30/28/23
f 831/369/23 926/370/23 761/371/23 680/372/23
f 145/43/23 848/373/23 685/374/23 37/43/23
f 815/375/23 882/376/23 769/377/23 678/378/23
f 153/24/23 864/379/23 687/380/23 38/24/23
f 80/157/55 12/118/55 36/118/55 100/157/55
f 849/397/23 148/79/23 33/79/23 664/398/23
f 8/401/1 48/80/1 539/80/1 541/402/1
f 833/403/23 140/81/23 26/81/23 666/404/23
f 876/405/7 790/406/7 721/407/7 811/408/7
f 65/415/7 130/416/7 164/417/7 75/418/7
f 70/84/29 147/423/29 852/424/29 731/425/29
f 724/32/7 819/426/7 898/427/7 793/428/7
f 69/272/3 146/431/3 184/432/3 107/433/3
f 924/440/1 800/1/1 717/441/1 827/442/1
f 76/36/7 165/443/7 131/108/7 66/37/7
f 74/115/63 167/114/63 169/444/63 117/444/63 120/115/63
f 55/445/1 56/236/1 510/236/1 514/445/1
f 91/446/3 92/447/3 507/447/3 516/446/3
f 545/337/5 640/448/5 694/21/5 575/449/5
f 697/450/30 534/451/30 573/199/30 700/198/30
f 85/64/13 17/63/13 51/92/13 101/452/13
f 101/452/13 51/92/13 52/331/13 103/330/13
f 125/324/13 632/453/13 701/454/13 158/455/13
f 712/456/13 711/457/13 118/458/13 117/444/13 716/459/13 715/460/13
f 74/115/1 175/461/1 139/102/1 68/101/1
f 108/83/64 177/82/64 179/462/64 113/462/64 116/83/64
f 629/463/13 136/148/13 170/464/13 710/465/13
f 718/466/20 829/467/20 138/281/20 67/99/20
f 127/468/7 65/415/7 75/418/7 161/469/7
f 637/470/30 536/471/30 534/451/30 697/450/30
f 708/472/13 707/473/13 122/474/13 121/269/13 704/475/13 703/476/13
f 733/479/23 645/480/23 21/342/23 89/341/23
f 265/71/23 198/162/23 288/162/23 275/71/23
f 6/481/4 199/481/4 290/481/4 285/481/4
f 81/296/13 82/59/13 278/59/13 280/296/13
f 267/482/23 200/277/23 291/277/23 271/482/23
f 46/142/7 45/143/7 574/143/7 533/142/7
f 639/483/23 22/484/23 53/485/23 693/486/23
f 1/130/25 41/143/25 61/143/25 31/130/25
f 41/143/25 42/142/25 62/142/25 61/143/25
f 173/487/23 137/28/23 30/28/23 59/71/23
f 51/92/13 709/91/13 712/456/13 715/460/13 714/488/13 52/331/13
f 140/81/23 176/489/23 60/80/23 26/81/23
f 176/489/23 173/487/23 59/71/23 60/80/23
f 132/112/23 166/142/23 58/142/23 25/112/23
f 166/142/23 163/170/23 57/143/23 58/142/23
f 3/28/18 43/71/18 63/71/18 32/28/18
f 43/71/18 44/80/18 64/80/18 63/71/18
f 75/418/7 164/417/7 165/443/7 76/36/7
f 21/342/23 638/490/23 698/491/23 55/445/23
f 73/133/1 174/282/1 175/492/1 74/115/1
f 631/493/13 18/494/13 49/495/13 702/496/13
f 726/499/28 861/500/28 154/138/28 71/137/28
f 656/501/13 745/502/13 86/503/13 18/494/13
f 730/504/42 845/505/42 146/431/42 69/272/42
f 796/506/3 895/507/3 846/508/3 729/260/3
f 633/509/13 133/510/13 824/511/13 621/512/13
f 804/513/4 911/514/4 862/515/4 725/267/4
f 812/516/65 722/517/65 65/415/65 127/518/65
f 52/331/13 714/519/13 634/520/13 19/312/13
f 841/521/13 144/522/13 655/523/13 617/524/13
f 713/525/13 168/526/13 133/510/13 633/509/13
f 722/527/65 813/528/65 130/529/65 65/415/65
f 790/530/7 883/531/7 814/532/7 721/533/7
f 19/312/13 634/520/13 624/536/13 658/313/13
f 134/537/21 68/101/21 719/538/21 821/539/21
f 635/174/13 20/173/13 659/542/13 628/543/13
f 653/544/13 614/545/13 630/90/13 17/63/13
f 885/546/13 886/547/13 889/548/13 890/549/13 842/550/13 620/551/13 807/552/13
f 183/385/23 145/43/23 37/43/23 93/385/23
f 88/553/13 87/311/13 749/314/13 752/554/13 755/555/13 754/556/13
f 20/173/13 88/553/13 754/556/13 659/542/13
f 196/557/23 193/156/23 95/274/23 96/557/23
f 49/495/13 102/558/13 104/559/13 50/172/13
f 102/558/13 101/452/13 103/330/13 104/559/13
f 18/494/13 86/503/13 102/558/13 49/495/13
f 86/503/13 85/64/13 101/452/13 102/558/13
f 24/160/7 54/159/7 509/159/7 508/160/7
f 21/342/1 55/445/1 514/445/1 513/342/1
f 22/484/4 90/560/4 505/560/4 506/484/4
f 23/239/3 91/446/3 516/446/3 511/239/3
f 108/83/3 185/561/3 147/423/3 70/84/3
f 106/263/67 187/262/67 189/562/67 109/562/67 112/263/67
f 11/24/55 79/156/55 99/156/55 40/24/55
f 79/156/55 80/157/55 100/157/55 99/156/55
f 54/159/7 53/485/7 512/485/7 509/159/7
f 90/560/4 89/341/4 515/341/4 505/560/4
f 91/446/23 23/239/23 650/563/23 738/564/23
f 740/565/47 737/566/47 560/567/47 579/568/47
f 50/172/13 104/559/13 88/553/13 20/173/13
f 104/559/13 103/330/13 87/311/13 88/553/13
f 144/522/13 180/569/13 746/570/13 655/571/13
f 109/562/13 756/572/13 755/555/13 752/554/13 751/573/13 110/574/13
f 660/575/13 753/576/13 188/577/13 149/184/13
f 900/578/23 757/579/23 760/580/23 893/581/23
f 143/582/3 69/272/3 107/433/3 181/583/3
f 652/584/47 740/565/47 579/568/47 565/585/47
f 748/586/13 747/587/13 114/588/13 113/462/13 744/589/13 743/590/13
f 82/59/3 81/296/3 578/296/3 553/59/3
f 648/591/23 736/592/23 90/560/23 22/484/23
f 198/162/4 7/162/4 289/162/4 288/162/4
f 13/297/13 81/296/13 280/296/13 300/297/13
f 83/156/4 15/293/4 566/593/4 580/156/4
f 24/160/23 92/447/23 739/594/23 651/595/23
f 261/156/23 202/293/23 296/293/23 283/156/23
f 8/401/3 197/401/3 287/401/3 286/401/3
f 151/596/4 71/137/4 105/140/4 191/597/4
f 156/118/23 196/557/23 96/557/23 34/118/23
f 795/598/68 891/599/68 888/600/68 794/601/68
f 148/79/23 186/59/23 94/59/23 33/79/23
f 186/59/23 183/385/23 93/385/23 94/59/23
f 106/263/4 195/602/4 155/603/4 72/229/4
f 105/140/4 194/139/4 195/602/4 106/263/4
f 9/43/17 77/296/17 97/296/17 39/43/17
f 77/296/17 78/59/17 98/59/17 97/296/17
f 110/574/4 111/140/4 112/263/4 109/562/4
f 192/574/64 191/604/64 105/140/64 111/140/64 110/574/64
f 703/476/13 702/496/13 49/495/13 50/172/13 705/605/13 708/472/13
f 105/140/13 106/263/13 112/263/13 111/140/13
f 114/588/3 115/433/3 116/83/3 113/462/3
f 107/433/3 184/432/3 185/561/3 108/83/3
f 182/588/67 181/606/67 107/433/67 115/433/67 114/588/67
f 107/433/13 108/83/13 116/83/13 115/433/13
f 118/458/1 119/133/1 120/115/1 117/444/1
f 172/458/41 171/607/41 73/133/41 119/133/41 118/458/41
f 73/133/13 74/115/13 120/115/13 119/133/13
f 745/608/13 748/586/13 743/590/13 742/609/13 85/64/13 86/503/13
f 122/474/7 123/418/7 124/36/7 121/269/7
f 162/474/63 161/610/63 75/418/63 123/418/63 122/474/63
f 75/418/13 76/36/13 124/36/13 123/418/13
f 928/615/69 799/616/69 798/617/69 929/618/69
f 885/623/71 807/552/71 806/624/71 887/625/71
f 792/626/72 877/627/72 884/628/72 789/629/72
f 912/641/75 803/642/75 802/643/75 913/644/75
f 762/649/23 925/650/23 932/651/23 763/652/23
f 916/653/23 767/621/23 766/620/23 909/654/23
f 880/655/23 771/656/23 770/657/23 881/658/23
f 896/663/78 795/664/78 794/601/78 897/665/78
f 803/666/79 907/667/79 904/668/79 802/643/79
f 799/616/80 923/669/80 920/670/80 798/671/80
f 872/678/81 792/679/81 789/680/81 875/681/81
f 810/687/13 626/688/13 855/689/13 869/690/13 870/691/13 873/692/13 874/693/13
f 157/694/84 158/269/84 159/269/84
f 160/327/85 161/695/85 162/696/85
f 167/697/86 168/444/86 169/444/86
f 170/464/87 171/458/87 172/698/87
f 177/82/88 178/462/88 179/462/88
f 180/569/89 181/699/89 182/700/89
f 187/262/90 188/701/90 189/562/90
f 190/320/91 191/702/91 192/703/91
f 810/687/92 874/693/92 876/704/92 811/705/92
f 898/427/93 819/426/93 818/216/93 899/215/93
f 826/706/94 922/124/94 924/440/94 827/707/94
f 914/708/95 835/278/95 834/709/95 915/343/95
f 128/315/96 809/710/96 812/711/96 127/712/96
f 160/327/97 128/315/97 127/712/97 161/695/97
f 132/112/98 817/713/98 820/714/98 131/108/98
f 166/142/99 132/112/99 131/108/99 165/443/99
f 136/148/100 825/715/100 828/716/100 135/100/100
f 170/464/101 136/148/101 135/132/101 171/134/101
f 140/81/102 833/717/102 836/103/102 139/102/102
f 176/489/103 140/81/103 139/102/103 175/461/103
f 842/718/104 890/549/104 892/719/104 843/720/104
f 930/10/105 851/721/105 850/352/105 931/351/105
f 858/722/106 906/723/106 908/724/106 859/725/106
f 866/348/107 879/347/107 878/242/107 867/241/107
f 144/522/108 841/726/108 844/727/108 143/728/108
f 180/569/109 144/522/109 143/728/109 181/699/109
f 148/79/110 849/729/110 852/424/110 147/423/110
f 186/59/111 148/79/111 147/423/111 185/561/111
f 152/96/112 857/95/112 860/730/112 151/731/112
f 190/320/113 152/96/113 151/731/113 191/702/113
f 156/118/114 865/732/114 868/733/114 155/251/114
f 196/557/115 156/118/115 155/603/115 195/602/115
f 125/324/116 158/455/116 157/734/116 126/735/116
f 129/50/117 163/170/117 164/417/117 130/416/117
f 163/170/118 166/142/118 165/443/118 164/417/118
f 133/510/119 168/526/119 167/114/119 134/116/119
f 137/28/120 173/487/120 174/282/120 138/281/120
f 173/487/121 176/489/121 175/492/121 174/282/121
f 141/178/122 178/325/122 177/736/122 142/737/122
f 145/43/123 183/385/123 184/432/123 146/431/123
f 183/385/124 186/59/124 185/561/124 184/432/124
f 149/184/125 188/577/125 187/738/125 150/739/125
f 153/5/126 193/156/126 194/139/126 154/138/126
f 193/156/127 196/557/127 195/602/127 194/139/127
f 889/548/128 886/547/128 888/740/128 891/741/128
f 896/663/129 897/665/129 900/742/129 893/743/129
f 928/615/130 929/618/130 932/744/130 925/745/130
f 912/641/131 913/644/131 916/746/131 909/654/131
f 905/747/132 902/748/132 904/749/132 907/750/132
f 921/751/133 918/752/133 920/753/133 923/754/133
f 880/758/134 881/759/134 884/628/134 877/760/134
f 882/761/135 815/762/135 814/532/135 883/763/135
f 856/764/136 149/184/136 150/739/136 853/765/136
f 816/766/137 129/130/137 130/529/137 813/767/137
f 873/768/138 870/769/138 872/770/138 875/771/138
f 808/772/139 125/324/139 126/735/139 805/773/139
f 894/356/140 847/355/140 846/508/140 895/774/140
f 901/775/141 823/187/141 822/776/141 903/19/141
f 848/777/142 145/43/142 146/431/142 845/778/142
f 824/511/143 133/510/143 134/537/143 821/779/143
f 910/361/144 863/360/144 862/515/144 911/514/144
f 917/121/145 839/120/145 838/780/145 919/781/145
f 864/782/146 153/24/146 154/138/146 861/500/146
f 840/783/147 141/178/147 142/737/147 837/784/147
f 926/370/148 831/369/148 830/3/148 927/2/148
f 854/785/149 871/786/149 869/787/149 855/689/149
f 832/788/150 137/28/150 138/281/150 829/467/150
f 618/789/13 656/790/13 18/494/13 631/493/13
f 1025/821/59 1028/156/59 321/156/59 331/821/59
f 332/821/58 322/156/58 212/156/58 211/821/58
f 1005/118/59 1025/821/59 331/821/59 309/118/59
f 262/157/4 201/294/4 1384/822/4 1383/823/4 211/821/4
f 1021/59/56 1024/824/56 323/824/56 329/59/56
f 330/59/38 324/824/38 210/824/38 209/59/38
f 1009/79/56 1021/59/56 329/59/56 313/79/56
f 264/59/3 203/825/3 1392/826/3 1391/240/3 209/59/3
f 1017/80/31 1020/71/31 317/71/31 327/80/31
f 328/80/15 318/71/15 208/71/15 207/80/15
f 965/81/31 1017/80/31 327/80/31 301/81/31
f 266/80/1 197/401/1 1368/827/1 1367/828/1 207/80/1
f 1013/142/8 1016/482/8 319/482/8 325/142/8
f 326/142/32 320/482/32 206/482/32 205/142/32
f 969/112/8 1013/142/8 325/142/8 305/112/8
f 268/142/7 199/481/7 1376/829/7 1375/212/7 205/142/7
f 1024/824/56 1012/43/56 315/43/56 323/824/56
f 204/297/3 263/824/3 210/824/3 1396/834/3 1395/835/3
f 1028/156/59 1008/5/59 311/5/59 321/156/59
f 202/293/4 261/156/4 212/156/4 1388/857/4 1387/858/4
f 1016/482/8 972/50/8 307/50/8 319/482/8
f 200/277/7 267/482/7 206/482/7 1380/894/7 1379/895/7
f 1020/71/31 968/28/31 303/28/31 317/71/31
f 198/162/1 265/71/1 208/71/1 1372/72/1 1371/901/1
f 2/112/7 42/142/7 1014/142/7 970/112/7
f 229/142/23 231/969/23 335/969/23 333/142/23
f 244/156/13 242/979/13 346/979/13 348/156/13
f 10/79/3 78/59/3 1022/59/3 1010/79/3
f 222/1009/1 221/1010/1 373/1010/1 374/1009/1
f 42/142/7 41/143/7 1015/482/7 1014/1021/7
f 230/142/13 218/1022/13 370/1022/13 334/142/13
f 41/143/7 1/130/7 971/50/7 1015/1026/7
f 241/821/23 243/156/23 347/156/23 395/821/23
f 44/80/1 43/71/1 1019/71/1 1018/1027/1
f 219/1028/3 220/1029/3 372/1029/3 371/1028/3
f 43/71/1 3/28/1 967/28/1 1019/1030/1
f 217/1022/23 229/142/23 333/142/23 369/1022/23
f 78/59/3 77/296/3 1023/824/3 1022/1031/3
f 242/979/13 222/1009/13 374/1009/13 346/979/13
f 77/296/3 9/43/3 1011/43/3 1023/1032/3
f 218/1022/4 217/1022/4 369/1022/4 370/1022/4
f 80/157/4 79/156/4 1027/156/4 1026/1033/4
f 228/1034/13 240/824/13 388/824/13 380/1034/13
f 79/156/4 11/24/4 1007/5/4 1027/1035/4
f 221/1010/23 241/821/23 395/821/23 373/1010/23
f 215/1040/4 216/1040/4 368/1040/4 367/1040/4
f 302/81/15 328/80/15 207/80/15 1367/828/15 1366/81/15
f 55/445/23 698/491/23 699/1176/23 56/236/23
f 693/486/23 53/485/23 54/159/23 696/1177/23
f 310/118/58 332/821/58 211/821/58 1383/823/58 1382/118/58
f 736/1187/23 733/1188/23 89/341/23 90/560/23
f 92/447/23 91/446/23 738/564/23 739/1189/23
f 12/118/4 80/157/4 1026/821/4 1006/118/4
f 320/482/32 308/50/32 1377/50/32 1380/894/32 206/482/32
f 324/824/38 316/43/38 1393/43/38 1396/834/38 210/824/38
f 322/156/58 312/24/58 1385/24/58 1388/857/58 212/156/58
f 261/156/4 262/157/4 211/821/4 212/156/4
f 201/294/4 16/294/4 561/295/4 564/118/4 1381/118/4 1384/822/4
f 263/824/3 264/59/3 209/59/3 210/824/3
f 203/825/3 14/58/3 555/1220/3 558/79/3 1389/79/3 1392/826/3
f 265/71/1 266/80/1 207/80/1 208/71/1
f 197/401/1 8/401/1 541/402/1 544/81/1 1365/81/1 1368/827/1
f 267/482/7 268/142/7 205/142/7 206/482/7
f 199/481/7 6/481/7 535/1221/7 538/112/7 1373/112/7 1376/829/7
f 13/297/3 204/297/3 1395/1222/3 1394/43/3 571/43/3 570/298/3
f 15/293/4 202/293/4 1387/858/4 1386/1223/4 567/24/4 566/593/4
f 5/144/7 200/277/7 1379/895/7 1378/50/7 551/50/7 550/145/7
f 7/162/1 198/162/1 1371/1224/1 1370/28/1 547/28/1 546/163/1
f 262/157/23 261/156/23 283/156/23 281/157/23
f 84/157/13 16/294/13 294/294/13 282/157/13
f 201/294/23 262/157/23 281/157/23 295/294/23
f 16/294/1 201/294/1 295/294/1 294/294/1
f 264/59/23 263/824/23 279/824/23 277/59/23
f 202/293/7 15/293/7 297/293/7 296/293/7
f 203/825/23 264/59/23 277/59/23 298/825/23
f 14/58/7 203/825/7 298/825/7 293/58/7
f 266/80/23 265/71/23 275/71/23 273/80/23
f 204/297/1 13/297/1 300/297/1 299/297/1
f 197/401/23 266/80/23 273/80/23 287/401/23
f 5/144/13 45/143/13 272/143/13 292/144/13
f 268/142/23 267/482/23 271/482/23 269/142/23
f 45/143/13 46/142/13 270/142/13 272/143/13
f 46/142/13 6/481/13 285/481/13 270/142/13
f 199/481/23 268/142/23 269/142/23 290/481/23
f 7/162/13 47/71/13 276/71/13 289/162/13
f 48/80/13 8/401/13 286/401/13 274/80/13
f 263/824/23 204/297/23 299/297/23 279/824/23
f 47/71/13 48/80/13 274/80/13 276/71/13
f 213/1225/1 214/1226/1 302/81/1 301/81/1
f 216/1040/1 215/1040/1 303/28/1 304/28/1
f 217/1022/7 218/1022/7 306/112/7 305/112/7
f 220/1029/7 219/1028/7 307/50/7 308/50/7
f 221/1010/4 222/1009/4 310/118/4 309/118/4
f 224/1227/4 223/1228/4 311/5/4 312/24/4
f 225/1229/3 226/1229/3 314/79/3 313/79/3
f 228/1034/3 227/1230/3 315/43/3 316/43/3
f 215/1040/1 235/1231/1 317/71/1 303/28/1
f 236/71/1 216/1040/1 304/28/1 318/71/1
f 219/1028/7 231/969/7 319/482/7 307/50/7
f 232/482/7 220/1029/7 308/50/7 320/482/7
f 223/1228/4 243/156/4 321/156/4 311/5/4
f 244/156/4 224/1227/4 312/24/4 322/156/4
f 227/1230/3 239/824/3 323/824/3 315/43/3
f 240/824/3 228/1034/3 316/43/3 324/824/3
f 229/142/7 217/1022/7 305/112/7 325/142/7
f 218/1022/7 230/142/7 326/142/7 306/112/7
f 231/969/7 229/142/7 325/142/7 319/482/7
f 230/142/7 232/482/7 320/482/7 326/142/7
f 233/80/1 213/1225/1 301/81/1 327/80/1
f 214/1226/1 234/80/1 328/80/1 302/81/1
f 235/1231/1 233/80/1 327/80/1 317/71/1
f 234/80/1 236/71/1 318/71/1 328/80/1
f 237/59/3 225/1229/3 313/79/3 329/59/3
f 226/1229/3 238/59/3 330/59/3 314/79/3
f 239/824/3 237/59/3 329/59/3 323/824/3
f 238/59/3 240/824/3 324/824/3 330/59/3
f 241/821/4 221/1010/4 309/118/4 331/821/4
f 222/1009/4 242/979/4 332/821/4 310/118/4
f 243/156/4 241/821/4 331/821/4 321/156/4
f 242/979/4 244/156/4 322/156/4 332/821/4
f 223/1228/7 224/1227/7 376/1227/7 375/1228/7
f 232/482/13 230/142/13 334/142/13 336/482/13
f 226/1229/7 225/1229/7 377/1229/7 378/1229/7
f 213/1225/23 233/80/23 337/80/23 365/1225/23
f 227/1230/1 228/1034/1 380/1034/1 379/1230/1
f 234/80/13 214/1226/13 366/1226/13 338/80/13
f 235/1231/23 215/1040/23 367/1040/23 339/1231/23
f 233/80/23 235/1231/23 339/1231/23 337/80/23
f 216/1040/13 236/71/13 340/71/13 368/1040/13
f 236/71/13 234/80/13 338/80/13 340/71/13
f 231/969/23 219/1028/23 371/1028/23 335/969/23
f 225/1229/23 237/59/23 341/59/23 377/1229/23
f 220/1029/13 232/482/13 336/482/13 372/1029/13
f 238/59/13 226/1229/13 378/1229/13 342/59/13
f 243/156/23 223/1228/23 375/1228/23 347/156/23
f 237/59/23 239/824/23 343/824/23 341/59/23
f 224/1227/13 244/156/13 348/156/13 376/1227/13
f 214/1226/3 213/1225/3 365/1225/3 366/1226/3
f 240/824/13 238/59/13 342/59/13 388/824/13
f 239/824/23 227/1230/23 379/1230/23 343/824/23
f 56/236/1 23/239/1 511/239/1 510/236/1
f 53/485/7 22/484/7 506/484/7 512/485/7
f 92/447/3 24/160/3 508/160/3 507/447/3
f 524/1277/23 523/1268/23 531/1270/23 528/1271/23
f 526/1273/23 532/1272/23 521/1267/23 522/1278/23
f 522/1278/23 521/1267/23 523/1268/23 524/1277/23
f 518/1265/23 517/1279/23 519/1280/23 520/1275/23
f 517/1279/23 522/1278/23 524/1277/23 519/1280/23
f 529/1266/23 525/1269/23 517/1279/23 518/1265/23
f 525/1269/23 526/1273/23 522/1278/23 517/1279/23
f 520/1275/23 519/1280/23 527/1276/23 530/1274/23
f 519/1280/23 524/1277/23 528/1271/23 527/1276/23
f 541/402/250 542/1281/250 543/299/250 544/81/250
f 545/337/251 546/1282/251 547/28/251 548/914/251
f 534/1283/257 536/112/257 535/1221/257 533/142/257
f 540/339/258 542/340/258 541/402/258 539/80/258
f 554/1284/259 556/79/259 555/60/259 553/59/259
f 560/1285/260 562/118/260 561/295/260 559/157/260
f 549/130/257 573/1286/257 574/143/257 550/145/257
f 573/143/257 534/142/257 533/142/257 574/143/257
f 545/337/258 575/449/258 576/71/258 546/163/258
f 575/20/258 540/23/258 539/80/258 576/71/258
f 569/43/259 577/1287/259 578/296/259 570/298/259
f 577/296/259 554/59/259 553/59/259 578/296/259
f 565/24/260 579/1288/260 580/156/260 566/593/260
f 579/156/260 560/157/260 559/157/260 580/156/260
f 6/481/7 46/142/7 533/142/7 535/1221/7
f 581/284/44 582/283/44 583/1314/44 584/1289/44
f 585/1293/173 586/1292/173 587/1320/173 588/1296/173
f 589/1056/261 590/1045/261 591/1046/261 592/1051/261
f 593/1306/174 594/1305/174 595/1333/174 596/1311/174
f 613/146/13 614/545/13 615/180/13 616/126/13
f 617/524/13 618/789/13 619/322/13 620/551/13
f 621/512/13 622/186/13 623/94/13 624/536/13
f 625/182/13 626/688/13 627/317/13 628/543/13
f 701/1339/13 702/496/13 703/1339/13 704/1339/13
f 705/605/13 706/1340/13 707/1341/13 708/472/13
f 709/91/13 710/1342/13 711/1343/13 712/456/13
f 713/1344/13 714/519/13 715/1344/13 716/1344/13
f 741/1345/13 742/61/13 743/1345/13 744/1345/13
f 745/608/13 746/1346/13 747/1347/13 748/586/13
f 749/314/13 750/1348/13 751/1349/13 752/554/13
f 753/1350/13 754/556/13 755/1350/13 756/1350/13
f 656/790/13 618/789/13 617/524/13 655/523/13
f 660/183/13 625/182/13 628/543/13 659/542/13
f 696/158/372 643/161/372 644/301/372 695/22/372
f 700/198/373 641/200/373 642/238/373 699/237/373
f 705/171/13 635/174/13 636/329/13 706/328/13
f 713/525/13 633/509/13 634/520/13 714/519/13
f 618/789/13 631/493/13 632/323/13 619/322/13
f 613/146/13 629/149/13 630/90/13 614/545/13
f 635/174/13 628/543/13 627/317/13 636/316/13
f 633/509/13 621/512/13 624/536/13 634/520/13
f 736/592/379 648/591/379 647/57/379 735/56/379
f 740/565/381 652/584/381 651/595/381 739/594/381
f 614/545/13 653/544/13 654/181/13 615/180/13
f 745/502/13 656/501/13 655/571/13 746/570/13
f 623/94/13 657/93/13 658/313/13 624/536/13
f 753/576/13 660/575/13 659/542/13 754/556/13
f 639/483/372 693/486/372 694/21/372 640/448/372
f 693/486/372 696/1177/372 695/22/372 694/21/372
f 637/470/373 697/450/373 698/491/373 638/490/373
f 697/450/373 700/198/373 699/1176/373 698/491/373
f 631/493/13 702/496/13 701/454/13 632/453/13
f 629/463/13 710/465/13 709/91/13 630/90/13
f 645/480/379 733/479/379 734/257/379 646/338/379
f 733/1188/379 736/1187/379 735/56/379 734/257/379
f 649/73/381 737/305/381 738/564/381 650/563/381
f 737/566/381 740/565/381 739/1189/381 738/564/381
f 653/62/13 742/61/13 741/326/13 654/181/13
f 657/93/13 750/319/13 749/314/13 658/313/13
f 810/687/398 811/705/398 812/711/398 809/710/398
f 818/216/399 819/426/399 820/714/399 817/713/399
f 826/706/400 827/707/400 828/716/400 825/715/400
f 834/709/401 835/278/401 836/103/401 833/717/401
f 806/624/402 807/552/402 808/772/402 805/773/402
f 814/532/403 815/762/403 816/766/403 813/767/403
f 822/776/404 823/187/404 824/511/404 821/779/404
f 830/3/405 831/369/405 832/788/405 829/467/405
f 842/718/406 843/720/406 844/727/406 841/726/406
f 850/352/407 851/721/407 852/424/407 849/729/407
f 858/722/408 859/725/408 860/730/408 857/95/408
f 866/348/409 867/241/409 868/733/409 865/732/409
f 838/780/410 839/120/410 840/783/410 837/784/410
f 846/508/411 847/355/411 848/777/411 845/778/411
f 854/785/412 855/689/412 856/764/412 853/765/412
f 862/515/413 863/360/413 864/782/413 861/500/413
f 878/1437/414 879/1326/414 880/758/414 877/760/414
f 882/761/415 883/763/415 884/628/415 881/759/415
f 892/719/416 890/549/416 889/548/416 891/741/416
f 885/623/417 887/625/417 888/740/417 886/547/417
f 924/1438/418 922/1439/418 921/751/418 923/754/418
f 917/121/419 919/781/419 920/753/419 918/752/419
f 908/724/420 906/723/420 905/747/420 907/750/420
f 901/1440/421 903/1441/421 904/749/421 902/748/421
f 894/356/422 895/774/422 896/663/422 893/743/422
f 898/427/423 899/215/423 900/742/423 897/665/423
f 910/361/424 911/514/424 912/641/424 909/654/424
f 914/708/425 915/343/425 916/746/425 913/644/425
f 926/370/426 927/2/426 928/615/426 925/745/426
f 930/10/427 931/351/427 932/744/427 929/618/427
f 876/704/428 874/693/428 873/768/428 875/771/428
f 869/787/429 871/786/429 872/770/429 870/769/429
f 841/521/13 617/524/13 620/551/13 842/550/13
f 619/322/13 808/321/13 807/552/13 620/551/13
f 805/107/430 723/106/430 724/32/430 806/31/430
f 794/601/431 888/600/431 887/34/431 793/33/431
f 811/408/432 721/407/432 722/517/432 812/516/432
f 875/681/433 789/680/433 790/406/433 876/405/433
f 626/688/13 810/687/13 809/318/13 627/317/13
f 625/182/13 856/185/13 855/689/13 626/688/13
f 815/375/23 678/378/23 677/359/23 816/358/23
f 789/629/434 884/628/434 883/531/434 790/530/434
f 813/528/435 722/527/435 721/533/435 814/532/435
f 881/658/23 770/657/23 769/377/23 882/376/23
f 757/579/23 900/578/23 899/215/23 758/218/23
f 817/111/23 662/113/23 661/217/23 818/216/23
f 819/426/436 724/32/436 723/110/436 820/109/436
f 897/665/437 794/601/437 793/428/437 898/427/437
f 720/17/438 822/16/438 821/539/438 719/538/438
f 823/187/13 622/186/13 621/512/13 824/511/13
f 857/95/13 623/94/13 622/186/13 858/192/13
f 802/643/439 904/668/439 903/19/439 801/18/439
f 827/442/440 717/441/440 718/98/440 828/97/440
f 615/180/13 840/179/13 839/120/13 616/126/13
f 825/147/13 613/146/13 616/126/13 826/125/13
f 923/669/441 799/616/441 800/1/441 924/440/441
f 831/369/23 680/372/23 679/364/23 832/363/23
f 799/616/442 928/615/442 927/2/442 800/1/442
f 829/467/443 718/466/443 717/4/443 830/3/443
f 925/650/23 762/649/23 761/371/23 926/370/23
f 665/345/23 834/344/23 833/403/23 666/404/23
f 767/621/23 916/653/23 915/343/23 768/346/23
f 835/278/444 720/17/444 719/104/444 836/103/444
f 913/644/445 802/643/445 801/280/445 914/279/445
f 837/197/446 731/196/446 732/8/446 838/225/446
f 798/671/447 920/670/447 919/227/447 797/226/447
f 843/261/448 729/260/448 730/271/448 844/270/448
f 891/599/449 795/598/449 796/259/449 892/258/449
f 847/355/23 686/357/23 685/374/23 848/373/23
f 729/260/450 846/508/450 845/505/450 730/504/450
f 795/664/451 896/663/451 895/507/451 796/506/451
f 893/581/23 760/580/23 759/308/23 894/356/23
f 663/353/23 850/352/23 849/397/23 664/398/23
f 851/9/452 732/8/452 731/425/452 852/424/452
f 929/618/453 798/617/453 797/11/453 930/10/453
f 763/652/23 932/651/23 931/351/23 764/354/23
f 853/231/454 727/230/454 728/13/454 854/12/454
f 792/679/455 872/678/455 871/1442/455 791/1443/455
f 859/268/456 725/267/456 726/176/456 860/175/456
f 907/667/457 803/666/457 804/266/457 908/265/457
f 687/380/23 864/379/23 863/360/23 688/362/23
f 909/654/23 766/620/23 765/248/23 910/361/23
f 725/267/458 862/515/458 861/500/458 726/499/458
f 803/642/459 912/641/459 911/514/459 804/513/459
f 667/349/23 866/348/23 865/117/23 668/119/23
f 771/656/23 880/655/23 879/1326/23 772/1326/23
f 867/241/460 728/13/460 727/253/460 868/252/460
f 877/627/461 792/626/461 791/1444/461 878/1445/461
f 1028/156/486 1025/821/486 1026/1033/486 1027/156/486
f 1025/821/487 1005/118/487 1006/118/487 1026/821/487
f 1024/824/488 1021/59/488 1022/1031/488 1023/824/488
f 1021/59/489 1009/79/489 1010/79/489 1022/59/489
f 1020/71/490 1017/80/490 1018/1027/490 1019/71/490
f 1017/80/491 965/81/491 966/81/491 1018/80/491
f 1016/482/492 1013/142/492 1014/1021/492 1015/482/492
f 1013/142/493 969/112/493 970/112/493 1014/142/493
f 1012/43/489 1024/824/489 1023/1032/489 1011/43/489
f 1008/5/487 1028/156/487 1027/1035/487 1007/5/487
f 972/50/493 1016/482/493 1015/1026/493 971/50/493
f 968/28/491 1020/71/491 1019/1030/491 967/28/491
usemtl M_Orange
f 30/28/1 679/29/1 684/30/1 32/28/1
f 37/43/3 685/135/3 690/136/3 39/43/3
f 38/24/4 687/141/4 692/89/4 40/24/4
f 664/193/3 33/79/3 35/79/3 671/194/3
f 688/247/40 765/248/40 782/249/40 691/250/40
f 666/254/1 26/81/1 28/81/1 673/255/1
f 686/307/48 759/308/48 776/309/48 689/310/48
f 768/346/50 665/345/50 674/345/50 783/365/50
f 59/71/1 30/28/1 32/28/1 63/71/1
f 758/366/51 661/367/51 670/217/51 773/368/51
f 57/143/7 29/130/7 31/130/7 61/143/7
f 772/350/52 667/349/52 676/349/52 787/381/52
f 95/274/4 38/24/4 40/24/4 99/156/4
f 764/382/53 663/383/53 672/383/53 779/384/53
f 93/385/3 37/43/3 39/43/3 97/296/3
f 668/399/4 34/118/4 36/118/4 675/400/4
f 25/112/7 58/142/7 62/142/7 27/112/7
f 58/142/7 57/143/7 61/143/7 62/142/7
f 26/81/1 60/80/1 64/80/1 28/81/1
f 60/80/1 59/71/1 63/71/1 64/80/1
f 662/497/7 25/112/7 27/112/7 669/498/7
f 680/534/66 761/371/66 778/535/66 683/534/66
f 29/130/7 677/540/7 682/541/7 31/130/7
f 33/79/3 94/59/3 98/59/3 35/79/3
f 94/59/3 93/385/3 97/296/3 98/59/3
f 34/118/4 96/557/4 100/157/4 36/118/4
f 96/557/4 95/274/4 99/156/4 100/157/4
f 781/619/70 766/620/70 767/621/70 784/622/70
f 763/659/77 780/660/77 777/661/77 762/662/77
f 775/614/82 760/682/82 757/579/82 774/611/82
f 771/683/83 788/684/83 785/685/83 770/686/83
f 678/378/164 769/915/164 786/916/164 681/378/164
f 275/71/1 288/162/1 289/162/1 276/71/1
f 271/482/7 291/277/7 292/144/7 272/143/7
f 283/156/4 296/293/4 297/293/4 284/156/4
f 279/824/3 299/297/3 300/297/3 280/296/3
f 290/481/7 269/142/7 270/142/7 285/481/7
f 269/142/7 271/482/7 272/143/7 270/142/7
f 287/401/1 273/80/1 274/80/1 286/401/1
f 273/80/1 275/71/1 276/71/1 274/80/1
f 298/825/3 277/59/3 278/59/3 293/58/3
f 277/59/3 279/824/3 280/296/3 278/59/3
f 295/294/4 281/157/4 282/157/4 294/294/4
f 281/157/4 283/156/4 284/156/4 282/157/4
f 500/1265/7 494/1266/7 529/1266/7 518/1265/7
f 502/1267/1 498/1268/1 523/1268/1 521/1267/1
f 494/1266/4 493/1269/4 525/1269/4 529/1266/4
f 499/1270/3 504/1271/3 528/1271/3 531/1270/3
f 498/1268/1 499/1270/1 531/1270/1 523/1268/1
f 501/1272/1 502/1267/1 521/1267/1 532/1272/1
f 493/1269/4 503/1273/4 526/1273/4 525/1269/4
f 496/1274/7 497/1275/7 520/1275/7 530/1274/7
f 497/1275/7 500/1265/7 518/1265/7 520/1275/7
f 493/1269/23 494/1266/23 506/484/23 505/560/23
f 496/1274/23 495/1276/23 507/447/23 508/160/23
f 497/1275/23 496/1274/23 508/160/23 509/159/23
f 499/1270/23 498/1268/23 510/236/23 511/239/23
f 494/1266/23 500/1265/23 512/485/23 506/484/23
f 500/1265/23 497/1275/23 509/159/23 512/485/23
f 502/1267/23 501/1272/23 513/342/23 514/445/23
f 498/1268/23 502/1267/23 514/445/23 510/236/23
f 501/1272/23 503/1273/23 515/341/23 513/342/23
f 503/1273/23 493/1269/23 505/560/23 515/341/23
f 504/1271/23 499/1270/23 511/239/23 516/446/23
f 495/1276/23 504/1271/23 516/446/23 507/447/23
f 504/1271/3 495/1276/3 527/1276/3 528/1271/3
f 495/1276/3 496/1274/3 530/1274/3 527/1276/3
f 503/1273/4 501/1272/4 532/1272/4 526/1273/4
f 662/497/382 669/498/382 670/217/382 661/367/382
f 678/378/383 681/378/383 682/541/383 677/540/383
f 666/254/384 673/255/384 674/345/384 665/345/384
f 680/534/385 683/534/385 684/30/385 679/29/385
f 664/193/386 671/194/386 672/383/386 663/383/386
f 686/307/387 689/310/387 690/136/387 685/135/387
f 668/399/388 675/400/388 676/349/388 667/349/388
f 688/247/389 691/250/389 692/89/389 687/141/389
f 764/382/390 779/384/390 780/660/390 763/659/390
f 778/535/391 761/371/391 762/662/391 777/661/391
f 782/249/392 765/248/392 766/620/392 781/619/392
f 768/346/393 783/365/393 784/622/393 767/621/393
f 772/1326/394 787/1326/394 788/684/394 771/683/394
f 786/916/395 769/915/395 770/686/395 785/685/395
f 776/309/396 759/308/396 760/682/396 775/614/396
f 758/366/397 773/368/397 774/611/397 757/579/397
usemtl M_Noir_Profond
f 344/824/217 394/59/217 406/59/217 408/824/217
f 350/1232/218 349/1232/218 429/1232/218 430/1232/218
f 360/1233/219 386/156/219 412/156/219 440/1233/219
f 393/59/220 387/824/220 407/824/220 457/59/220
f 385/156/221 359/1234/221 439/1234/221 411/156/221
f 394/59/217 362/1235/217 442/1235/217 406/59/217
f 356/1236/222 384/482/222 400/482/222 436/1236/222
f 361/1235/220 393/59/220 457/59/220 441/1235/220
f 383/969/223 355/1237/223 435/1237/223 447/969/223
f 382/71/224 392/80/224 456/80/224 446/71/224
f 352/1238/224 382/71/224 446/71/224 432/1238/224
f 391/80/225 381/1231/225 445/1231/225 455/80/225
f 349/1232/1 350/1232/1 366/1226/1 365/1225/1
f 352/1238/1 351/1239/1 367/1040/1 368/1040/1
f 353/1240/7 354/1241/7 370/1022/7 369/1022/7
f 356/1236/7 355/1237/7 371/1028/7 372/1029/7
f 357/1242/4 358/1243/4 374/1009/4 373/1010/4
f 360/1233/4 359/1234/4 375/1228/4 376/1227/4
f 361/1235/3 362/1235/3 378/1229/3 377/1229/3
f 364/1244/3 363/1245/3 379/1230/3 380/1034/3
f 351/1239/1 381/1231/1 339/1231/1 367/1040/1
f 382/71/1 352/1238/1 368/1040/1 340/71/1
f 355/1237/7 383/969/7 335/969/7 371/1028/7
f 384/482/7 356/1236/7 372/1029/7 336/482/7
f 359/1234/4 385/156/4 347/156/4 375/1228/4
f 386/156/4 360/1233/4 376/1227/4 348/156/4
f 363/1245/3 387/824/3 343/824/3 379/1230/3
f 344/824/3 364/1244/3 380/1034/3 388/824/3
f 389/142/7 353/1240/7 369/1022/7 333/142/7
f 354/1241/7 390/142/7 334/142/7 370/1022/7
f 383/969/7 389/142/7 333/142/7 335/969/7
f 390/142/7 384/482/7 336/482/7 334/142/7
f 391/80/1 349/1232/1 365/1225/1 337/80/1
f 350/1232/1 392/80/1 338/80/1 366/1226/1
f 381/1231/1 391/80/1 337/80/1 339/1231/1
f 392/80/1 382/71/1 340/71/1 338/80/1
f 393/59/3 361/1235/3 377/1229/3 341/59/3
f 362/1235/3 394/59/3 342/59/3 378/1229/3
f 387/824/3 393/59/3 341/59/3 343/824/3
f 394/59/3 344/824/3 388/824/3 342/59/3
f 345/821/4 357/1242/4 373/1010/4 395/821/4
f 358/1243/4 396/1246/4 346/979/4 374/1009/4
f 385/156/4 345/821/4 395/821/4 347/156/4
f 396/1246/4 386/156/4 348/156/4 346/979/4
f 387/824/220 363/1245/220 443/1245/220 407/824/220
f 351/1239/234 352/1238/234 432/1238/234 431/1239/234
f 357/1242/221 345/821/221 409/821/221 437/1242/221
f 364/1244/217 344/824/217 408/824/217 444/1244/217
f 354/1241/235 353/1240/235 433/1240/235 434/1241/235
f 396/1246/219 358/1243/219 438/1243/219 410/1246/219
f 353/1240/223 389/142/223 397/142/223 433/1240/223
f 355/1237/236 356/1236/236 436/1236/236 435/1237/236
f 345/821/221 385/156/221 411/156/221 409/821/221
f 390/142/222 354/1241/222 434/1241/222 398/142/222
f 358/1243/237 357/1242/237 437/1242/237 438/1243/237
f 386/156/219 396/1246/219 410/1246/219 412/156/219
f 389/142/223 383/969/223 447/969/223 397/142/223
f 359/1234/238 360/1233/238 440/1233/238 439/1234/238
f 384/482/222 390/142/222 398/142/222 400/482/222
f 362/1235/239 361/1235/239 441/1235/239 442/1235/239
f 349/1232/225 391/80/225 455/80/225 429/1232/225
f 363/1245/240 364/1244/240 444/1244/240 443/1245/240
f 392/80/224 350/1232/224 430/1232/224 456/80/224
f 381/1231/225 351/1239/225 431/1239/225 445/1231/225
usemtl M_Cyan
f 467/1231/1 479/1251/1 480/1252/1 468/71/1
f 463/969/7 483/1260/7 484/1259/7 464/482/7
f 475/156/4 487/1257/4 488/1256/4 476/156/4
f 471/824/3 491/1253/3 492/1249/3 472/824/3
f 481/1248/7 461/142/7 462/1263/7 482/1247/7
f 461/142/7 463/969/7 464/482/7 462/1263/7
f 477/1255/1 465/80/1 466/1264/1 478/1254/1
f 465/80/1 467/1231/1 468/71/1 466/1264/1
f 489/1262/3 469/59/3 470/59/3 490/1258/3
f 469/59/3 471/824/3 472/824/3 470/59/3
f 485/1250/4 473/979/4 474/1246/4 486/1261/4
f 473/979/4 475/156/4 476/156/4 474/1246/4
