# Blender 4.2.3 LTS
# www.blender.org
mtllib SM_Reactor.mtl
o SM_Reactor_Base
v -0.287166 0.150289 -0.287166
v 0.287166 0.150289 -0.287166
v -0.287166 0.150289 0.287166
v 0.287166 0.150289 0.287166
v 0.166667 0.000000 -0.166667
v -0.166667 0.000000 -0.166667
v 0.166667 0.000000 0.166667
v -0.166667 0.000000 0.166667
v -0.166667 0.000000 -0.161111
v -0.166667 0.000000 0.161111
v 0.166667 0.000000 -0.161111
v 0.166667 0.000000 0.161111
v 0.166667 0.150000 -0.161111
v 0.166667 0.150000 0.161111
v -0.166667 0.150000 -0.161111
v -0.166667 0.150000 0.161111
v -0.161111 0.150000 -0.166667
v 0.161111 0.150000 -0.166667
v -0.161111 0.150000 0.166667
v 0.161111 0.150000 0.166667
v 0.161111 0.000000 -0.166667
v -0.161111 0.000000 -0.166667
v 0.161111 0.000000 0.166667
v -0.161111 0.000000 0.166667
v -0.161111 0.150000 -0.161111
v 0.161111 0.150000 -0.161111
v -0.161111 0.150000 0.161111
v 0.161111 0.150000 0.161111
v 0.161111 0.000000 -0.161111
v -0.161111 0.000000 -0.161111
v 0.161111 0.000000 0.161111
v -0.161111 0.000000 0.161111
v -0.500000 0.040880 -0.188094
v -0.476270 0.000000 -0.166667
v -0.476270 0.000000 0.166667
v -0.500000 0.040880 0.188094
v -0.500000 0.109120 0.188094
v -0.451723 0.150090 0.270566
v -0.451723 0.150090 -0.270566
v -0.500000 0.109120 -0.188094
v 0.500000 0.040880 0.188094
v 0.476270 0.000000 0.166667
v 0.476270 0.000000 -0.166667
v 0.500000 0.040880 -0.188094
v 0.500000 0.109120 -0.188094
v 0.451723 0.150090 -0.270566
v 0.451723 0.150090 0.270566
v 0.500000 0.109120 0.188094
v 0.188094 0.040880 -0.500000
v 0.166667 0.000000 -0.476270
v -0.166667 0.000000 -0.476270
v -0.188094 0.040880 -0.500000
v -0.188094 0.109120 -0.500000
v -0.270566 0.150090 -0.451723
v 0.270566 0.150090 -0.451723
v 0.188094 0.109120 -0.500000
v -0.188094 0.040880 0.500000
v -0.166667 0.000000 0.476270
v 0.166667 0.000000 0.476270
v 0.188094 0.040880 0.500000
v 0.188094 0.109120 0.500000
v 0.270566 0.150090 0.451723
v -0.270566 0.150090 0.451723
v -0.188094 0.109120 0.500000
v -0.419729 0.000000 -0.131434
v -0.440000 0.033579 -0.114761
v -0.440000 0.033579 0.114761
v -0.419729 0.000000 0.131434
v -0.419729 0.150000 0.131434
v -0.440000 0.116420 0.114761
v -0.440000 0.116420 -0.114761
v -0.419729 0.150000 -0.131434
v 0.419729 0.000000 0.131434
v 0.440000 0.033579 0.114761
v 0.440000 0.033579 -0.114761
v 0.419729 0.000000 -0.131434
v 0.419729 0.150000 -0.131434
v 0.440000 0.116420 -0.114761
v 0.440000 0.116420 0.114761
v 0.419729 0.150000 0.131434
v 0.131434 0.000000 -0.419729
v 0.114761 0.033579 -0.440000
v -0.114761 0.033579 -0.440000
v -0.131434 0.000000 -0.419729
v -0.131434 0.150000 -0.419729
v -0.114761 0.116420 -0.440000
v 0.114761 0.116420 -0.440000
v 0.131434 0.150000 -0.419729
v -0.131434 0.000000 0.419729
v -0.114761 0.033579 0.440000
v 0.114761 0.033579 0.440000
v 0.131434 0.000000 0.419729
v 0.131434 0.150000 0.419729
v 0.114761 0.116420 0.440000
v -0.114761 0.116420 0.440000
v -0.131434 0.150000 0.419729
v -0.312791 0.000000 0.476435
v -0.300000 0.040880 0.500000
v -0.476435 0.000000 0.312791
v -0.500000 0.040880 0.300000
v -0.389931 0.000000 0.455765
v -0.400000 0.040880 0.473205
v -0.455765 0.000000 0.389931
v -0.473205 0.040880 0.400000
v -0.451802 0.150090 0.340423
v -0.500000 0.109120 0.300000
v -0.340423 0.150090 0.451802
v -0.300000 0.109120 0.500000
v -0.437217 0.150090 0.394853
v -0.473205 0.109120 0.400000
v -0.394853 0.150090 0.437217
v -0.400000 0.109120 0.473205
v -0.476435 0.000000 -0.312791
v -0.500000 0.040880 -0.300000
v -0.312791 0.000000 -0.476435
v -0.300000 0.040880 -0.500000
v -0.455765 0.000000 -0.389931
v -0.473205 0.040880 -0.400000
v -0.389931 0.000000 -0.455765
v -0.400000 0.040880 -0.473205
v -0.340423 0.150090 -0.451802
v -0.300000 0.109120 -0.500000
v -0.451802 0.150090 -0.340423
v -0.500000 0.109120 -0.300000
v -0.394853 0.150090 -0.437217
v -0.400000 0.109120 -0.473205
v -0.437217 0.150090 -0.394853
v -0.473205 0.109120 -0.400000
v 0.476435 0.000000 0.312791
v 0.500000 0.040880 0.300000
v 0.312791 0.000000 0.476435
v 0.300000 0.040880 0.500000
v 0.455765 0.000000 0.389931
v 0.473205 0.040880 0.400000
v 0.389931 0.000000 0.455765
v 0.400000 0.040880 0.473205
v 0.340423 0.150090 0.451802
v 0.300000 0.109120 0.500000
v 0.451802 0.150090 0.340423
v 0.500000 0.109120 0.300000
v 0.394853 0.150090 0.437217
v 0.400000 0.109120 0.473205
v 0.437217 0.150090 0.394853
v 0.473205 0.109120 0.400000
v 0.312791 0.000000 -0.476435
v 0.300000 0.040880 -0.500000
v 0.476435 0.000000 -0.312791
v 0.500000 0.040880 -0.300000
v 0.389931 0.000000 -0.455765
v 0.400000 0.040880 -0.473205
v 0.455765 0.000000 -0.389931
v 0.473205 0.040880 -0.400000
v 0.451802 0.150090 -0.340423
v 0.500000 0.109120 -0.300000
v 0.340423 0.150090 -0.451802
v 0.300000 0.109120 -0.500000
v 0.437217 0.150090 -0.394853
v 0.473205 0.109120 -0.400000
v 0.394853 0.150090 -0.437217
v 0.400000 0.109120 -0.473205
v -0.440000 0.019452 0.128889
v -0.440000 0.019452 -0.128889
v -0.440000 0.130548 -0.128889
v -0.440000 0.130548 0.128889
v 0.440000 0.019452 -0.128889
v 0.440000 0.019452 0.128889
v 0.440000 0.130548 0.128889
v 0.440000 0.130548 -0.128889
v -0.128889 0.019452 -0.440000
v 0.128889 0.019452 -0.440000
v 0.128889 0.130548 -0.440000
v -0.128889 0.130548 -0.440000
v 0.128889 0.019452 0.440000
v -0.128889 0.019452 0.440000
v -0.128889 0.130548 0.440000
v 0.128889 0.130548 0.440000
v -0.431454 0.059696 0.088645
v -0.431454 0.059696 -0.088645
v -0.431454 0.090304 -0.088645
v -0.431454 0.090304 0.088645
v 0.431454 0.059696 -0.088645
v 0.431454 0.059696 0.088645
v 0.431454 0.090304 0.088645
v 0.431454 0.090304 -0.088645
v -0.088645 0.059696 -0.431454
v 0.088645 0.059696 -0.431454
v 0.088645 0.090304 -0.431454
v -0.088645 0.090304 -0.431454
v 0.088645 0.059696 0.431454
v -0.088645 0.059696 0.431454
v -0.088645 0.090304 0.431454
v 0.088645 0.090304 0.431454
v -0.431454 0.033579 0.114761
v -0.431454 0.033579 -0.114761
v -0.431454 0.116420 -0.114761
v -0.431454 0.116420 0.114761
v 0.431454 0.033579 -0.114761
v 0.431454 0.033579 0.114761
v 0.431454 0.116420 0.114761
v 0.431454 0.116420 -0.114761
v -0.114761 0.033579 -0.431454
v 0.114761 0.033579 -0.431454
v 0.114761 0.116420 -0.431454
v -0.114761 0.116420 -0.431454
v 0.114761 0.033579 0.431454
v -0.114761 0.033579 0.431454
v -0.114761 0.116420 0.431454
v 0.114761 0.116420 0.431454
v -0.424089 0.059696 0.088645
v -0.424089 0.059696 -0.088645
v -0.424089 0.090304 -0.088645
v -0.424089 0.090304 0.088645
v 0.424089 0.059696 -0.088645
v 0.424089 0.059696 0.088645
v 0.424089 0.090304 0.088645
v 0.424089 0.090304 -0.088645
v -0.088645 0.059696 -0.424089
v 0.088645 0.059696 -0.424089
v 0.088645 0.090304 -0.424089
v -0.088645 0.090304 -0.424089
v 0.088645 0.059696 0.424089
v -0.088645 0.059696 0.424089
v -0.088645 0.090304 0.424089
v 0.088645 0.090304 0.424089
v -0.300000 0.019452 0.500000
v -0.400000 0.019452 0.473205
v -0.400000 0.130548 0.473205
v -0.300000 0.130548 0.500000
v -0.473205 0.019452 0.400000
v -0.473205 0.130548 0.400000
v -0.500000 0.019452 0.300000
v -0.500000 0.130548 0.300000
v -0.300000 0.130548 -0.500000
v -0.400000 0.130548 -0.473205
v -0.400000 0.019452 -0.473205
v -0.300000 0.019452 -0.500000
v -0.473205 0.130548 -0.400000
v -0.473205 0.019452 -0.400000
v -0.500000 0.130548 -0.300000
v -0.500000 0.019452 -0.300000
v 0.500000 0.130548 -0.300000
v 0.473205 0.130548 -0.400000
v 0.473205 0.019452 -0.400000
v 0.500000 0.019452 -0.300000
v 0.400000 0.130548 -0.473205
v 0.400000 0.019452 -0.473205
v 0.300000 0.130548 -0.500000
v 0.300000 0.019452 -0.500000
v 0.300000 0.130548 0.500000
v 0.400000 0.130548 0.473205
v 0.400000 0.019452 0.473205
v 0.300000 0.019452 0.500000
v 0.473205 0.130548 0.400000
v 0.473205 0.019452 0.400000
v 0.500000 0.130548 0.300000
v 0.500000 0.019452 0.300000
v -0.500000 0.019452 0.166667
v -0.166667 0.019452 0.500000
v -0.500000 0.130548 0.166667
v -0.166667 0.130548 0.500000
v -0.166667 0.019452 -0.500000
v -0.166667 0.130548 -0.500000
v -0.500000 0.019452 -0.166667
v -0.500000 0.130548 -0.166667
v 0.166667 0.019452 0.500000
v 0.166667 0.130548 0.500000
v 0.500000 0.019452 0.166667
v 0.500000 0.130548 0.166667
v 0.500000 0.019452 -0.166667
v 0.500000 0.130548 -0.166667
v 0.166667 0.019452 -0.500000
v 0.166667 0.130548 -0.500000
v -0.491972 0.109120 -0.298943
v -0.491972 0.040880 -0.298943
v -0.491972 0.040880 0.298943
v -0.491972 0.109120 0.298943
v 0.491972 0.109120 0.298943
v 0.491972 0.040880 0.298943
v 0.491972 0.062516 -0.298943
v 0.491972 0.109120 -0.298943
v 0.298943 0.109120 -0.491972
v 0.298943 0.040880 -0.491972
v -0.298943 0.062516 -0.491972
v -0.298943 0.109120 -0.491972
v -0.298943 0.087484 0.491972
v -0.298943 0.062516 0.491972
v 0.298943 0.040880 0.491972
v 0.298943 0.109120 0.491972
v -0.395951 0.087484 0.466193
v -0.395951 0.062516 0.466193
v -0.466193 0.040880 0.395951
v -0.466193 0.109120 0.395951
v -0.466193 0.109120 -0.395951
v -0.466193 0.040880 -0.395951
v -0.395951 0.040880 -0.466193
v -0.395951 0.109120 -0.466193
v 0.466193 0.109120 0.395951
v 0.466193 0.040880 0.395951
v 0.395951 0.040880 0.466193
v 0.395951 0.109120 0.466193
v 0.395951 0.087484 -0.466193
v 0.395951 0.062516 -0.466193
v 0.466193 0.062516 -0.395951
v 0.466193 0.087484 -0.395951
v -0.491916 0.062516 0.209731
v -0.209731 0.062516 0.491916
v -0.491916 0.087484 0.209731
v -0.209731 0.087484 0.491916
v -0.209731 0.062516 -0.491916
v -0.209731 0.087484 -0.491916
v -0.491916 0.062516 -0.209731
v -0.491916 0.087484 -0.209731
v 0.209731 0.062516 0.491916
v 0.209731 0.087484 0.491916
v 0.491916 0.062516 0.209731
v 0.491916 0.087484 0.209731
v 0.491916 0.062516 -0.209731
v 0.491916 0.087484 -0.209731
v 0.209731 0.062516 -0.491916
v 0.209731 0.087484 -0.491916
v -0.298943 0.040880 0.491972
v -0.395951 0.040880 0.466193
v -0.395951 0.109120 0.466193
v -0.298943 0.109120 0.491972
v -0.466193 0.062516 0.395951
v -0.466193 0.087484 0.395951
v -0.491972 0.062516 0.298943
v -0.491972 0.087484 0.298943
v -0.298943 0.087484 -0.491972
v -0.395951 0.087484 -0.466193
v -0.395951 0.062516 -0.466193
v -0.298943 0.040880 -0.491972
v -0.466193 0.087484 -0.395951
v -0.466193 0.062516 -0.395951
v -0.491972 0.087484 -0.298943
v -0.491972 0.062516 -0.298943
v 0.491972 0.087484 -0.298943
v 0.466193 0.109120 -0.395951
v 0.466193 0.040880 -0.395951
v 0.491972 0.040880 -0.298943
v 0.395951 0.109120 -0.466193
v 0.395951 0.040880 -0.466193
v 0.298943 0.087484 -0.491972
v 0.298943 0.062516 -0.491972
v 0.298943 0.087484 0.491972
v 0.395951 0.087484 0.466193
v 0.395951 0.062516 0.466193
v 0.298943 0.062516 0.491972
v 0.466193 0.087484 0.395951
v 0.466193 0.062516 0.395951
v 0.491972 0.087484 0.298943
v 0.491972 0.062516 0.298943
v -0.491903 0.040880 0.188094
v -0.188094 0.040880 0.491903
v -0.491903 0.109120 0.188094
v -0.188094 0.109120 0.491903
v -0.188094 0.040880 -0.491903
v -0.188094 0.109120 -0.491903
v -0.491903 0.040880 -0.188094
v -0.491903 0.109120 -0.188094
v 0.188094 0.040880 0.491903
v 0.188094 0.109120 0.491903
v 0.491903 0.040880 0.188094
v 0.491903 0.109120 0.188094
v 0.491903 0.040880 -0.188094
v 0.491903 0.109120 -0.188094
v 0.188094 0.040880 -0.491903
v 0.188094 0.109120 -0.491903
v -0.489296 0.087484 -0.298594
v -0.489296 0.062516 -0.298594
v -0.489296 0.062516 0.298594
v -0.489296 0.087484 0.298594
v 0.489296 0.087484 0.298594
v 0.489296 0.062516 0.298594
v 0.489296 0.062516 -0.298594
v 0.489296 0.087484 -0.298594
v 0.298594 0.087484 -0.489296
v 0.298594 0.062516 -0.489296
v -0.298594 0.062516 -0.489296
v -0.298594 0.087484 -0.489296
v -0.298594 0.087484 0.489296
v -0.298594 0.062516 0.489296
v 0.298594 0.062516 0.489296
v 0.298594 0.087484 0.489296
v -0.394604 0.087484 0.463854
v -0.394604 0.062516 0.463854
v -0.463854 0.062516 0.394604
v -0.463854 0.087484 0.394604
v -0.463854 0.087484 -0.394604
v -0.463854 0.062516 -0.394604
v -0.394604 0.062516 -0.463854
v -0.394604 0.087484 -0.463854
v 0.463854 0.087484 0.394604
v 0.463854 0.062516 0.394604
v 0.394604 0.062516 0.463854
v 0.394604 0.087484 0.463854
v 0.394604 0.087484 -0.463854
v 0.394604 0.062516 -0.463854
v 0.463854 0.062516 -0.394604
v 0.463854 0.087484 -0.394604
v -0.489217 0.062516 0.209732
v -0.209732 0.062516 0.489217
v -0.489217 0.087484 0.209732
v -0.209732 0.087484 0.489217
v -0.209732 0.062516 -0.489217
v -0.209732 0.087484 -0.489217
v -0.489217 0.062516 -0.209732
v -0.489217 0.087484 -0.209732
v 0.209732 0.062516 0.489217
v 0.209732 0.087484 0.489217
v 0.489217 0.062516 0.209732
v 0.489217 0.087484 0.209732
v 0.489217 0.062516 -0.209732
v 0.489217 0.087484 -0.209732
v 0.209732 0.062516 -0.489217
v 0.209732 0.087484 -0.489217
v -0.312791 0.150000 0.476435
v -0.389931 0.150000 0.455765
v -0.455765 0.150000 0.389931
v -0.476435 0.150000 0.312791
v -0.389931 0.150000 -0.455765
v -0.312791 0.150000 -0.476435
v -0.455765 0.150000 -0.389931
v -0.476435 0.150000 -0.312791
v 0.455765 0.150000 -0.389931
v 0.476435 0.150000 -0.312791
v 0.389931 0.150000 -0.455765
v 0.312791 0.150000 -0.476435
v 0.389931 0.150000 0.455765
v 0.312791 0.150000 0.476435
v 0.455765 0.150000 0.389931
v 0.476435 0.150000 0.312791
v -0.476270 0.150000 0.166667
v -0.166667 0.150000 0.476270
v -0.166667 0.150000 -0.476270
v -0.476270 0.150000 -0.166667
v 0.166667 0.150000 0.476270
v 0.476270 0.150000 0.166667
v 0.476270 0.150000 -0.166667
v 0.166667 0.150000 -0.476270
v -0.166667 0.150000 0.166667
v -0.166667 0.150000 -0.166667
v 0.166667 0.150000 -0.166667
v 0.166667 0.150000 0.166667
v -0.338527 0.139991 0.437338
v -0.387367 0.139991 0.424251
v -0.424251 0.139991 0.387367
v -0.437338 0.139991 0.338527
v -0.387367 0.139991 -0.424251
v -0.338527 0.139991 -0.437338
v -0.424251 0.139991 -0.387367
v -0.437338 0.139991 -0.338527
v 0.424251 0.139991 -0.387367
v 0.437338 0.139991 -0.338527
v 0.387367 0.139991 -0.424251
v 0.338527 0.139991 -0.437338
v 0.387367 0.139991 0.424251
v 0.338527 0.139991 0.437338
v 0.424251 0.139991 0.387367
v 0.437338 0.139991 0.338527
v -0.437278 0.139991 0.285028
v -0.285028 0.139991 0.437278
v -0.285028 0.139991 -0.437278
v -0.437278 0.139991 -0.285028
v 0.285028 0.139991 0.437278
v 0.437278 0.139991 0.285028
v 0.437278 0.139991 -0.285028
v 0.285028 0.139991 -0.437278
v -0.302515 0.139570 0.302515
v -0.302515 0.139570 -0.302515
v 0.302515 0.139570 -0.302515
v 0.302515 0.139570 0.302515
v -0.340423 0.139991 0.451802
v -0.394853 0.139991 0.437217
v -0.437217 0.139991 0.394853
v -0.451802 0.139991 0.340423
v -0.394853 0.139991 -0.437217
v -0.340423 0.139991 -0.451802
v -0.437217 0.139991 -0.394853
v -0.451802 0.139991 -0.340423
v 0.437217 0.139991 -0.394853
v 0.451802 0.139991 -0.340423
v 0.394853 0.139991 -0.437217
v 0.340423 0.139991 -0.451802
v 0.394853 0.139991 0.437217
v 0.340423 0.139991 0.451802
v 0.437217 0.139991 0.394853
v 0.451802 0.139991 0.340423
v -0.451723 0.139991 0.270566
v -0.270566 0.139991 0.451723
v -0.270566 0.139991 -0.451723
v -0.451723 0.139991 -0.270566
v 0.270566 0.139991 0.451723
v 0.451723 0.139991 0.270566
v 0.451723 0.139991 -0.270566
v 0.270566 0.139991 -0.451723
v -0.287166 0.139570 0.287166
v -0.287166 0.139570 -0.287166
v 0.287166 0.139570 -0.287166
v 0.287166 0.139570 0.287166
v -0.336412 0.164673 0.421203
v -0.379017 0.164673 0.409787
v -0.409787 0.164673 0.379017
v -0.421203 0.164673 0.336412
v -0.379017 0.164673 -0.409787
v -0.336412 0.164673 -0.421203
v -0.409787 0.164673 -0.379017
v -0.421203 0.164673 -0.336412
v 0.409787 0.164673 -0.379017
v 0.421203 0.164673 -0.336412
v 0.379017 0.164673 -0.409787
v 0.336412 0.164673 -0.421203
v 0.379017 0.164673 0.409787
v 0.336412 0.164673 0.421203
v 0.409787 0.164673 0.379017
v 0.421203 0.164673 0.336412
v -0.421163 0.164673 0.301161
v -0.301161 0.164673 0.421163
v -0.301161 0.164673 -0.421163
v -0.421163 0.164673 -0.301161
v 0.301161 0.164673 0.421163
v 0.421163 0.164673 0.301161
v 0.421163 0.164673 -0.301161
v 0.301161 0.164673 -0.421163
v -0.319637 0.165766 0.319637
v -0.319637 0.165766 -0.319637
v 0.319637 0.165766 -0.319637
v 0.319637 0.165766 0.319637
v -0.338527 0.164673 0.437338
v -0.387367 0.164673 0.424251
v -0.424251 0.164673 0.387367
v -0.437338 0.164673 0.338527
v -0.387367 0.164673 -0.424251
v -0.338527 0.164673 -0.437338
v -0.424251 0.164673 -0.387367
v -0.437338 0.164673 -0.338527
v 0.424251 0.164673 -0.387367
v 0.437338 0.164673 -0.338527
v 0.387367 0.164673 -0.424251
v 0.338527 0.164673 -0.437338
v 0.387367 0.164673 0.424251
v 0.338527 0.164673 0.437338
v 0.424251 0.164673 0.387367
v 0.437338 0.164673 0.338527
v -0.437278 0.164673 0.285028
v -0.285028 0.164673 0.437278
v -0.285028 0.164673 -0.437278
v -0.437278 0.164673 -0.285028
v 0.285028 0.164673 0.437278
v 0.437278 0.164673 0.285028
v 0.437278 0.164673 -0.285028
v 0.285028 0.164673 -0.437278
v -0.302515 0.165766 0.302515
v -0.302515 0.165766 -0.302515
v 0.302515 0.165766 -0.302515
v 0.302515 0.165766 0.302515
v -0.336412 0.151901 0.421203
v -0.379017 0.151901 0.409787
v -0.409787 0.151901 0.379017
v -0.421203 0.151901 0.336412
v -0.379017 0.151901 -0.409787
v -0.336412 0.151901 -0.421203
v -0.409787 0.151901 -0.379017
v -0.421203 0.151901 -0.336412
v 0.409787 0.151901 -0.379017
v 0.421203 0.151901 -0.336412
v 0.379017 0.151901 -0.409787
v 0.336412 0.151901 -0.421203
v 0.379017 0.151901 0.409787
v 0.336412 0.151901 0.421203
v 0.409787 0.151901 0.379017
v 0.421203 0.151901 0.336412
v -0.421163 0.151901 0.301161
v -0.301161 0.151901 0.421163
v -0.301161 0.151901 -0.421163
v -0.421163 0.151901 -0.301161
v 0.301161 0.151901 0.421163
v 0.421163 0.151901 0.301161
v 0.421163 0.151901 -0.301161
v 0.301161 0.151901 -0.421163
v -0.319637 0.150358 0.319637
v -0.319637 0.150358 -0.319637
v 0.319637 0.150358 -0.319637
v 0.319637 0.150358 0.319637
v 0.000000 0.149932 -0.397593
v 0.000000 0.160747 -0.408460
v 0.000000 0.231624 -0.379164
v 0.000000 0.220810 -0.408460
v 0.077566 0.149932 -0.389953
v 0.079686 0.160747 -0.400611
v 0.073971 0.231624 -0.371878
v 0.079686 0.220810 -0.400611
v 0.152152 0.149932 -0.367328
v 0.156311 0.160747 -0.377367
v 0.145100 0.231624 -0.350302
v 0.156311 0.220810 -0.377367
v 0.220891 0.149932 -0.330586
v 0.226928 0.160747 -0.339622
v 0.210652 0.231624 -0.315263
v 0.226928 0.220810 -0.339622
v 0.281141 0.149932 -0.281141
v 0.288824 0.160747 -0.288824
v 0.272164 0.231623 -0.264420
v 0.288824 0.220810 -0.288824
v 0.330586 0.149932 -0.220891
v 0.339622 0.160747 -0.226928
v 0.315264 0.231623 -0.211901
v 0.339622 0.220810 -0.226928
v 0.367328 0.149932 -0.152152
v 0.377367 0.160747 -0.156311
v 0.350302 0.231624 -0.145100
v 0.377367 0.220810 -0.156311
v 0.389953 0.149932 -0.077566
v 0.400611 0.160747 -0.079687
v 0.371878 0.231624 -0.073971
v 0.400611 0.220810 -0.079687
v 0.397593 0.149932 -0.000000
v 0.408460 0.160747 -0.000000
v 0.379164 0.231624 -0.000000
v 0.408460 0.220810 -0.000000
v 0.389953 0.149932 0.077566
v 0.400611 0.160747 0.079687
v 0.371878 0.231624 0.073971
v 0.400611 0.220810 0.079687
v 0.367328 0.149932 0.152152
v 0.377367 0.160747 0.156311
v 0.350302 0.231624 0.145100
v 0.377367 0.220810 0.156311
v 0.330586 0.149932 0.220891
v 0.339622 0.160747 0.226928
v 0.315263 0.231624 0.210652
v 0.339622 0.220810 0.226928
v 0.281141 0.149932 0.281141
v 0.288824 0.160747 0.288824
v 0.268109 0.231624 0.268109
v 0.288824 0.220810 0.288824
v 0.220891 0.149932 0.330586
v 0.226928 0.160747 0.339622
v 0.210652 0.231624 0.315263
v 0.226928 0.220810 0.339622
v 0.152152 0.149932 0.367328
v 0.156311 0.160747 0.377367
v 0.145100 0.231624 0.350302
v 0.156311 0.220810 0.377367
v 0.077566 0.149932 0.389953
v 0.079686 0.160747 0.400611
v 0.073971 0.231624 0.371878
v 0.079686 0.220810 0.400611
v 0.000000 0.149932 0.397593
v 0.000000 0.160747 0.408460
v 0.000000 0.231624 0.379164
v 0.000000 0.220810 0.408460
v -0.077566 0.149932 0.389953
v -0.079687 0.160747 0.400611
v -0.073971 0.231624 0.371878
v -0.079687 0.220810 0.400611
v -0.152152 0.149932 0.367328
v -0.156311 0.160747 0.377367
v -0.145100 0.231624 0.350302
v -0.156311 0.220810 0.377367
v -0.220891 0.149932 0.330586
v -0.226928 0.160747 0.339622
v -0.210652 0.231624 0.315263
v -0.226928 0.220810 0.339622
v -0.281141 0.149932 0.281141
v -0.288824 0.160747 0.288824
v -0.268109 0.231624 0.268109
v -0.288824 0.220810 0.288824
v -0.330586 0.149932 0.220891
v -0.339622 0.160747 0.226928
v -0.315263 0.231624 0.210652
v -0.339622 0.220810 0.226928
v -0.367328 0.149932 0.152152
v -0.377367 0.160747 0.156311
v -0.350302 0.231624 0.145100
v -0.377367 0.220810 0.156311
v -0.389953 0.149932 0.077566
v -0.400611 0.160747 0.079687
v -0.371878 0.231624 0.073971
v -0.400611 0.220810 0.079687
v -0.397593 0.149932 -0.000000
v -0.408460 0.160747 -0.000000
v -0.379164 0.231624 -0.000000
v -0.408460 0.220810 -0.000000
v -0.389953 0.149932 -0.077566
v -0.400611 0.160747 -0.079687
v -0.371878 0.231624 -0.073971
v -0.400611 0.220810 -0.079687
v -0.367328 0.149932 -0.152152
v -0.377367 0.160747 -0.156311
v -0.350302 0.231624 -0.145100
v -0.377367 0.220810 -0.156311
v -0.330586 0.149932 -0.220891
v -0.339622 0.160747 -0.226928
v -0.315263 0.231624 -0.210652
v -0.339622 0.220810 -0.226928
v -0.281141 0.149932 -0.281141
v -0.288824 0.160747 -0.288824
v -0.268109 0.231624 -0.268109
v -0.288824 0.220810 -0.288824
v -0.220891 0.149932 -0.330586
v -0.226928 0.160747 -0.339622
v -0.210652 0.231624 -0.315263
v -0.226928 0.220810 -0.339622
v -0.152152 0.149932 -0.367328
v -0.156311 0.160747 -0.377367
v -0.145100 0.231624 -0.350302
v -0.156311 0.220810 -0.377367
v -0.077566 0.149932 -0.389953
v -0.079687 0.160747 -0.400611
v -0.073971 0.231624 -0.371878
v -0.079687 0.220810 -0.400611
v 0.000000 0.231624 -0.397593
v 0.077566 0.231624 -0.389953
v 0.152152 0.231624 -0.367328
v 0.220891 0.231624 -0.330586
v 0.284075 0.231623 -0.276331
v 0.329270 0.231623 -0.221260
v 0.367328 0.231624 -0.152152
v 0.389953 0.231624 -0.077566
v 0.397593 0.231624 -0.000000
v 0.389953 0.231624 0.077566
v 0.367328 0.231624 0.152152
v 0.330586 0.231624 0.220891
v 0.281141 0.231624 0.281141
v 0.220891 0.231624 0.330586
v 0.152152 0.231624 0.367328
v 0.077566 0.231624 0.389953
v 0.000000 0.231624 0.397593
v -0.077566 0.231624 0.389953
v -0.152152 0.231624 0.367328
v -0.220891 0.231624 0.330586
v -0.281141 0.231624 0.281141
v -0.330586 0.231624 0.220891
v -0.367328 0.231624 0.152152
v -0.389953 0.231624 0.077566
v -0.397593 0.231624 -0.000000
v -0.389953 0.231624 -0.077566
v -0.367328 0.231624 -0.152152
v -0.330586 0.231624 -0.220891
v -0.281141 0.231624 -0.281141
v -0.220891 0.231624 -0.330586
v -0.152152 0.231624 -0.367328
v -0.077566 0.231624 -0.389953
v -0.000000 0.256582 -0.363032
v 0.070824 0.256582 -0.356056
v 0.138926 0.256582 -0.335397
v 0.201689 0.256582 -0.301850
v 0.256702 0.256582 -0.256702
v 0.301850 0.256582 -0.201689
v 0.335397 0.256582 -0.138926
v 0.356056 0.256582 -0.070824
v 0.363032 0.256582 -0.000000
v 0.356056 0.256582 0.070824
v 0.335397 0.256582 0.138926
v 0.301850 0.256582 0.201689
v 0.256702 0.256582 0.256702
v 0.201689 0.256582 0.301850
v 0.138926 0.256582 0.335397
v 0.070824 0.256582 0.356056
v -0.000000 0.256582 0.363032
v -0.070824 0.256582 0.356056
v -0.138926 0.256582 0.335397
v -0.201689 0.256582 0.301850
v -0.256702 0.256582 0.256702
v -0.301850 0.256582 0.201689
v -0.335397 0.256582 0.138926
v -0.356056 0.256582 0.070824
v -0.363032 0.256582 -0.000000
v -0.356056 0.256582 -0.070824
v -0.335397 0.256582 -0.138926
v -0.301850 0.256582 -0.201689
v -0.256702 0.256582 -0.256702
v -0.201689 0.256582 -0.301850
v -0.138926 0.256582 -0.335397
v -0.070824 0.256582 -0.356056
v -0.000000 0.256582 -0.379164
v 0.073971 0.256582 -0.371878
v 0.145100 0.256582 -0.350302
v 0.210652 0.256582 -0.315263
v 0.268109 0.256582 -0.268109
v 0.315263 0.256582 -0.210652
v 0.350302 0.256582 -0.145100
v 0.371878 0.256582 -0.073971
v 0.379164 0.256582 -0.000000
v 0.371878 0.256582 0.073971
v 0.350302 0.256582 0.145100
v 0.315263 0.256582 0.210652
v 0.268109 0.256582 0.268109
v 0.210652 0.256582 0.315263
v 0.145100 0.256582 0.350302
v 0.073971 0.256582 0.371878
v -0.000000 0.256582 0.379164
v -0.073971 0.256582 0.371878
v -0.145100 0.256582 0.350302
v -0.210652 0.256582 0.315263
v -0.268109 0.256582 0.268109
v -0.315263 0.256582 0.210652
v -0.350302 0.256582 0.145100
v -0.371878 0.256582 0.073971
v -0.379164 0.256582 -0.000000
v -0.371878 0.256582 -0.073971
v -0.350302 0.256582 -0.145100
v -0.315263 0.256582 -0.210652
v -0.268109 0.256582 -0.268109
v -0.210652 0.256582 -0.315263
v -0.145100 0.256582 -0.350302
v -0.073971 0.256582 -0.371878
v -0.000000 0.512201 -0.363032
v 0.070824 0.512201 -0.356056
v 0.216741 0.276054 -0.289497
v 0.256702 0.276054 -0.256702
v 0.289497 0.276054 -0.216741
v 0.356056 0.512201 -0.070824
v 0.363032 0.512201 -0.000000
v 0.356056 0.512201 0.070824
v 0.289497 0.276054 0.216741
v 0.256702 0.276054 0.256702
v 0.216741 0.276054 0.289497
v 0.070824 0.512201 0.356056
v -0.000000 0.512201 0.363032
v -0.070824 0.512201 0.356056
v -0.216741 0.276054 0.289497
v -0.256702 0.276054 0.256702
v -0.289497 0.276054 0.216741
v -0.356056 0.512201 0.070824
v -0.363032 0.512201 -0.000000
v -0.356056 0.512201 -0.070824
v -0.289497 0.276054 -0.216741
v -0.256702 0.276054 -0.256702
v -0.216741 0.276054 -0.289497
v -0.070824 0.512201 -0.356056
v 0.000000 0.729261 -0.363032
v 0.070824 0.729261 -0.356056
v 0.216741 0.965407 -0.289497
v 0.256702 0.965407 -0.256702
v 0.289497 0.965407 -0.216741
v 0.356056 0.729261 -0.070824
v 0.363032 0.729261 -0.000000
v 0.356056 0.729261 0.070824
v 0.289497 0.965407 0.216741
v 0.256702 0.965407 0.256702
v 0.216741 0.965407 0.289497
v 0.070824 0.729261 0.356056
v 0.000000 0.729261 0.363032
v -0.070824 0.729261 0.356056
v -0.216741 0.965407 0.289497
v -0.256702 0.965407 0.256702
v -0.289497 0.965407 0.216741
v -0.356056 0.729261 0.070824
v -0.363032 0.729261 -0.000000
v -0.356056 0.729261 -0.070824
v -0.289497 0.965407 -0.216741
v -0.256702 0.965407 -0.256702
v -0.216741 0.965407 -0.289497
v -0.070824 0.729261 -0.356056
v 0.152340 1.000574 -0.365832
v 0.220611 1.000574 -0.329341
v 0.280451 1.000574 -0.280232
v 0.329560 1.000574 -0.220392
v 0.366052 1.000574 -0.152121
v 0.366052 1.000574 0.150113
v 0.329560 1.000574 0.218384
v 0.280451 1.000574 0.278224
v 0.220611 1.000574 0.327334
v 0.152340 1.000574 0.363825
v -0.149894 1.000574 0.363825
v -0.218165 1.000574 0.327334
v -0.278005 1.000574 0.278224
v -0.327114 1.000574 0.218384
v -0.363606 1.000574 0.150113
v -0.363606 1.000574 -0.152121
v -0.327114 1.000574 -0.220392
v -0.278005 1.000574 -0.280232
v -0.218165 1.000574 -0.329341
v -0.149894 1.000574 -0.365832
v 0.000000 1.137962 -0.347978
v 0.067887 1.137962 -0.341292
v 0.133166 1.137962 -0.321490
v 0.193326 1.137962 -0.289333
v 0.246058 1.137962 -0.246058
v 0.289333 1.137962 -0.193326
v 0.321490 1.137962 -0.133165
v 0.341292 1.137962 -0.067887
v 0.347978 1.137962 -0.000000
v 0.341292 1.137962 0.067887
v 0.321490 1.137962 0.133165
v 0.289333 1.137962 0.193326
v 0.246058 1.137962 0.246058
v 0.193326 1.137962 0.289333
v 0.133166 1.137962 0.321490
v 0.067887 1.137962 0.341292
v 0.000000 1.137962 0.347978
v -0.067887 1.137962 0.341292
v -0.133165 1.137962 0.321490
v -0.193326 1.137962 0.289333
v -0.246058 1.137962 0.246058
v -0.289333 1.137962 0.193326
v -0.321490 1.137962 0.133165
v -0.341292 1.137962 0.067887
v -0.347978 1.137962 -0.000000
v -0.341292 1.137962 -0.067887
v -0.321490 1.137962 -0.133165
v -0.289333 1.137962 -0.193326
v -0.246058 1.137962 -0.246058
v -0.193326 1.137962 -0.289333
v -0.133165 1.137962 -0.321490
v -0.067887 1.137962 -0.341292
v 0.152340 1.128552 -0.365832
v 0.220611 1.128552 -0.329341
v 0.280451 1.128552 -0.280232
v 0.329560 1.128552 -0.220392
v 0.366052 1.128552 -0.152121
v 0.366052 1.128552 0.150113
v 0.329560 1.128552 0.218384
v 0.280451 1.128552 0.278224
v 0.220611 1.128552 0.327334
v 0.152340 1.128552 0.363825
v -0.149894 1.128552 0.363825
v -0.218165 1.128552 0.327334
v -0.278005 1.128552 0.278224
v -0.327114 1.128552 0.218384
v -0.363606 1.128552 0.150113
v -0.363606 1.128552 -0.152121
v -0.327114 1.128552 -0.220392
v -0.278005 1.128552 -0.280232
v -0.218165 1.128552 -0.329341
v -0.149894 1.128552 -0.365832
v 0.000000 1.100582 -0.331943
v 0.064759 1.100582 -0.325565
v 0.127029 1.100582 -0.306675
v 0.184418 1.100582 -0.276001
v 0.234719 1.100582 -0.234719
v 0.276001 1.100582 -0.184418
v 0.306675 1.100582 -0.127029
v 0.325565 1.100582 -0.064759
v 0.331943 1.100582 0.000000
v 0.325565 1.100582 0.064759
v 0.306675 1.100582 0.127029
v 0.276001 1.100582 0.184418
v 0.234719 1.100582 0.234719
v 0.184418 1.100582 0.276001
v 0.127029 1.100582 0.306675
v 0.064759 1.100582 0.325565
v 0.000000 1.100582 0.331943
v -0.064759 1.100582 0.325565
v -0.127029 1.100582 0.306675
v -0.184418 1.100582 0.276001
v -0.234719 1.100582 0.234719
v -0.276001 1.100582 0.184418
v -0.306675 1.100582 0.127029
v -0.325565 1.100582 0.064759
v -0.331943 1.100582 -0.000000
v -0.325565 1.100582 -0.064759
v -0.306675 1.100582 -0.127029
v -0.276001 1.100582 -0.184418
v -0.234719 1.100582 -0.234719
v -0.184418 1.100582 -0.276001
v -0.127029 1.100582 -0.306675
v -0.064759 1.100582 -0.325565
v 0.000000 1.100582 -0.347978
v 0.067887 1.100582 -0.341292
v 0.133166 1.100582 -0.321490
v 0.193326 1.100582 -0.289333
v 0.246058 1.100582 -0.246058
v 0.289333 1.100582 -0.193326
v 0.321490 1.100582 -0.133165
v 0.341292 1.100582 -0.067887
v 0.347978 1.100582 -0.000000
v 0.341292 1.100582 0.067887
v 0.321490 1.100582 0.133165
v 0.289333 1.100582 0.193326
v 0.246058 1.100582 0.246058
v 0.193326 1.100582 0.289333
v 0.133166 1.100582 0.321490
v 0.067887 1.100582 0.341292
v 0.000000 1.100582 0.347978
v -0.067887 1.100582 0.341292
v -0.133165 1.100582 0.321490
v -0.193326 1.100582 0.289333
v -0.246058 1.100582 0.246058
v -0.289333 1.100582 0.193326
v -0.321490 1.100582 0.133165
v -0.341292 1.100582 0.067887
v -0.347978 1.100582 -0.000000
v -0.341292 1.100582 -0.067887
v -0.321490 1.100582 -0.133165
v -0.289333 1.100582 -0.193326
v -0.246058 1.100582 -0.246058
v -0.193326 1.100582 -0.289333
v -0.133165 1.100582 -0.321490
v -0.067887 1.100582 -0.341292
v 0.000000 1.179384 -0.331943
v 0.000000 1.207830 -0.245019
v 0.047801 1.207830 -0.240311
v 0.064759 1.179384 -0.325565
v 0.093765 1.207830 -0.226368
v 0.127029 1.179384 -0.306675
v 0.136125 1.207830 -0.203726
v 0.184418 1.179384 -0.276001
v 0.173254 1.207830 -0.173254
v 0.234719 1.179384 -0.234719
v 0.203726 1.207830 -0.136125
v 0.276001 1.179384 -0.184418
v 0.226368 1.207830 -0.093765
v 0.306675 1.179384 -0.127029
v 0.240311 1.207830 -0.047801
v 0.325565 1.179384 -0.064759
v 0.245019 1.207830 0.000000
v 0.331943 1.179384 0.000000
v 0.240311 1.207830 0.047801
v 0.325565 1.179384 0.064759
v 0.226368 1.207830 0.093765
v 0.306675 1.179384 0.127029
v 0.203726 1.207830 0.136125
v 0.276001 1.179384 0.184418
v 0.173254 1.207830 0.173254
v 0.234719 1.179384 0.234719
v 0.136125 1.207830 0.203726
v 0.184418 1.179384 0.276001
v 0.093765 1.207830 0.226368
v 0.127029 1.179384 0.306675
v 0.047801 1.207830 0.240311
v 0.064759 1.179384 0.325565
v 0.000000 1.207830 0.245019
v 0.000000 1.179384 0.331943
v -0.047801 1.207830 0.240311
v -0.064759 1.179384 0.325565
v -0.093765 1.207830 0.226368
v -0.127029 1.179384 0.306675
v -0.136125 1.207830 0.203726
v -0.184418 1.179384 0.276001
v -0.173254 1.207830 0.173254
v -0.234719 1.179384 0.234719
v -0.203726 1.207830 0.136125
v -0.276001 1.179384 0.184418
v -0.226368 1.207830 0.093765
v -0.306675 1.179384 0.127029
v -0.240311 1.207830 0.047801
v -0.325565 1.179384 0.064759
v -0.245019 1.207830 -0.000000
v -0.331943 1.179384 -0.000000
v -0.240311 1.207830 -0.047801
v -0.325565 1.179384 -0.064759
v -0.226368 1.207830 -0.093765
v -0.306675 1.179384 -0.127029
v -0.203726 1.207830 -0.136125
v -0.276001 1.179384 -0.184418
v -0.173254 1.207830 -0.173254
v -0.234719 1.179384 -0.234719
v -0.136125 1.207830 -0.203726
v -0.184418 1.179384 -0.276001
v -0.093765 1.207830 -0.226368
v -0.127029 1.179384 -0.306675
v -0.047801 1.207830 -0.240311
v -0.064759 1.179384 -0.325565
v 0.000000 1.207830 -0.303359
v 0.059182 1.207830 -0.297530
v 0.116091 1.207830 -0.280268
v 0.168537 1.207830 -0.252234
v 0.214508 1.207830 -0.214507
v 0.252234 1.207830 -0.168537
v 0.280268 1.207830 -0.116091
v 0.297530 1.207830 -0.059182
v 0.303359 1.207830 0.000000
v 0.297531 1.207830 0.059182
v 0.280268 1.207830 0.116091
v 0.252234 1.207830 0.168537
v 0.214508 1.207830 0.214507
v 0.168537 1.207830 0.252234
v 0.116091 1.207830 0.280268
v 0.059182 1.207830 0.297530
v 0.000000 1.207830 0.303359
v -0.059182 1.207830 0.297530
v -0.116091 1.207830 0.280268
v -0.168537 1.207830 0.252234
v -0.214507 1.207830 0.214507
v -0.252234 1.207830 0.168537
v -0.280268 1.207830 0.116091
v -0.297530 1.207830 0.059182
v -0.303359 1.207830 -0.000000
v -0.297530 1.207830 -0.059182
v -0.280268 1.207830 -0.116091
v -0.252234 1.207830 -0.168537
v -0.214507 1.207830 -0.214507
v -0.168537 1.207830 -0.252234
v -0.116091 1.207830 -0.280268
v -0.059182 1.207830 -0.297530
v 0.000000 1.173417 -0.215678
v 0.042077 1.173417 -0.211534
v 0.082536 1.173417 -0.199260
v 0.119824 1.173417 -0.179330
v 0.152507 1.173417 -0.152507
v 0.179330 1.173417 -0.119824
v 0.199260 1.173417 -0.082536
v 0.211534 1.173417 -0.042076
v 0.215678 1.173417 0.000000
v 0.211534 1.173417 0.042076
v 0.199260 1.173417 0.082536
v 0.179330 1.173417 0.119824
v 0.152507 1.173417 0.152507
v 0.119824 1.173417 0.179330
v 0.082536 1.173417 0.199260
v 0.042076 1.173417 0.211534
v 0.000000 1.173417 0.215678
v -0.042076 1.173417 0.211534
v -0.082536 1.173417 0.199260
v -0.119824 1.173417 0.179330
v -0.152507 1.173417 0.152507
v -0.179330 1.173417 0.119824
v -0.199260 1.173417 0.082536
v -0.211534 1.173417 0.042076
v -0.215678 1.173417 -0.000000
v -0.211534 1.173417 -0.042076
v -0.199260 1.173417 -0.082536
v -0.179330 1.173417 -0.119824
v -0.152507 1.173417 -0.152507
v -0.119824 1.173417 -0.179330
v -0.082536 1.173417 -0.199260
v -0.042076 1.173417 -0.211534
v 0.000000 0.962378 -0.367294
v 0.071655 0.962378 -0.360236
v 0.140169 0.962382 -0.339495
v 0.339495 0.962382 -0.140169
v 0.360236 0.962378 -0.071655
v 0.367294 0.962378 -0.000000
v 0.360236 0.962378 0.071655
v 0.339495 0.962382 0.140169
v 0.140169 0.962382 0.339495
v 0.071655 0.962378 0.360236
v 0.000000 0.962378 0.367294
v -0.071655 0.962378 0.360236
v -0.140169 0.962382 0.339495
v -0.339495 0.962382 0.140169
v -0.360236 0.962378 0.071655
v -0.367294 0.962378 -0.000000
v -0.360236 0.962378 -0.071655
v -0.339495 0.962382 -0.140169
v -0.140169 0.962382 -0.339495
v -0.071655 0.962378 -0.360236
v 0.001223 0.987616 -0.412332
v 0.081469 0.987616 -0.404428
v 0.157121 0.987654 -0.381594
v 0.381813 0.987654 -0.156902
v 0.404647 0.987616 -0.081250
v 0.412551 0.987616 -0.001004
v 0.404647 0.987616 0.079242
v 0.381813 0.987654 0.154895
v 0.157121 0.987654 0.379586
v 0.081469 0.987616 0.402421
v 0.001223 0.987616 0.410324
v -0.079023 0.987616 0.402421
v -0.154675 0.987654 0.379586
v -0.379367 0.987654 0.154895
v -0.402201 0.987616 0.079242
v -0.410105 0.987616 -0.001004
v -0.402201 0.987616 -0.081250
v -0.379367 0.987654 -0.156902
v -0.154675 0.987654 -0.381594
v -0.079023 0.987616 -0.404428
v 0.001223 1.142906 -0.411128
v 0.081234 1.142906 -0.403248
v 0.156773 1.142869 -0.380446
v 0.380665 1.142869 -0.156554
v 0.403467 1.142906 -0.081015
v 0.411347 1.142906 -0.001004
v 0.403467 1.142906 0.079008
v 0.380665 1.142869 0.154546
v 0.156773 1.142869 0.378439
v 0.081234 1.142906 0.401240
v 0.001223 1.142906 0.409121
v -0.078788 1.142906 0.401240
v -0.154327 1.142869 0.378439
v -0.378219 1.142869 0.154546
v -0.401021 1.142906 0.079008
v -0.408901 1.142906 -0.001004
v -0.401021 1.142906 -0.081015
v -0.378219 1.142869 -0.156554
v -0.154327 1.142869 -0.380446
v -0.078788 1.142906 -0.403248
v 0.000000 1.160863 -0.347978
v 0.067887 1.160863 -0.341292
v 0.133166 1.160863 -0.321490
v 0.321490 1.160863 -0.133165
v 0.341292 1.160863 -0.067887
v 0.347978 1.160863 -0.000000
v 0.341292 1.160863 0.067887
v 0.321490 1.160863 0.133165
v 0.133166 1.160863 0.321490
v 0.067887 1.160863 0.341292
v 0.000000 1.160863 0.347978
v -0.067887 1.160863 0.341292
v -0.133165 1.160863 0.321490
v -0.321490 1.160863 0.133165
v -0.341292 1.160863 0.067887
v -0.347978 1.160863 -0.000000
v -0.341292 1.160863 -0.067887
v -0.321490 1.160863 -0.133165
v -0.133165 1.160863 -0.321490
v -0.067887 1.160863 -0.341292
v -0.000000 0.256582 -0.363032
v 0.070824 0.256582 -0.356056
v 0.138926 0.256582 -0.335397
v 0.335397 0.256582 -0.138926
v 0.356056 0.256582 -0.070824
v 0.363032 0.256582 -0.000000
v 0.356056 0.256582 0.070824
v 0.335397 0.256582 0.138926
v 0.138926 0.256582 0.335397
v 0.070824 0.256582 0.356056
v -0.000000 0.256582 0.363032
v -0.070824 0.256582 0.356056
v -0.138926 0.256582 0.335397
v -0.335397 0.256582 0.138926
v -0.356056 0.256582 0.070824
v -0.363032 0.256582 -0.000000
v -0.356056 0.256582 -0.070824
v -0.335397 0.256582 -0.138926
v -0.138926 0.256582 -0.335397
v -0.070824 0.256582 -0.356056
v 0.000000 0.984879 -0.363032
v 0.070824 0.984879 -0.356056
v 0.138926 0.984879 -0.335397
v 0.335397 0.984879 -0.138926
v 0.356056 0.984879 -0.070824
v 0.363032 0.984879 -0.000000
v 0.356056 0.984879 0.070824
v 0.335397 0.984879 0.138926
v 0.138926 0.984879 0.335397
v 0.070824 0.984879 0.356056
v 0.000000 0.984879 0.363032
v -0.070824 0.984879 0.356056
v -0.138926 0.984879 0.335397
v -0.335397 0.984879 0.138926
v -0.356056 0.984879 0.070824
v -0.363032 0.984879 -0.000000
v -0.356056 0.984879 -0.070824
v -0.335397 0.984879 -0.138926
v -0.138926 0.984879 -0.335397
v -0.070824 0.984879 -0.356056
v -0.341242 0.550240 -0.055138
v -0.341242 0.691222 -0.055138
v -0.000000 0.550240 -0.346673
v 0.000000 0.729261 -0.346673
v 0.055138 0.691222 -0.341242
v 0.055138 0.550240 -0.341242
v 0.055138 0.691222 0.341242
v 0.055138 0.550240 0.341242
v 0.000000 0.729261 0.346673
v -0.000000 0.512201 0.346673
v -0.055138 0.691222 0.341242
v -0.055138 0.550240 0.341242
v -0.055138 0.691222 -0.341242
v -0.055138 0.550240 -0.341242
v 0.341242 0.691222 -0.055138
v 0.341242 0.550240 -0.055138
v 0.346673 0.729261 -0.000000
v 0.346673 0.512201 -0.000000
v 0.341242 0.691222 0.055138
v 0.341242 0.550240 0.055138
v -0.341242 0.691222 0.055138
v -0.341242 0.550240 0.055138
v -0.346673 0.691222 -0.000000
v -0.346673 0.512201 -0.000000
v 0.072033 0.512201 -0.355689
v 0.098895 0.540272 -0.347541
v 0.103233 0.484498 -0.346225
v 0.347541 0.540272 -0.098895
v 0.355689 0.512201 -0.072033
v 0.346225 0.484498 -0.103233
v 0.355689 0.512201 0.072033
v 0.347541 0.540272 0.098895
v 0.346225 0.484498 0.103233
v 0.098895 0.540272 0.347541
v 0.072033 0.512201 0.355689
v 0.103233 0.484498 0.346225
v -0.072033 0.512201 0.355689
v -0.098895 0.540272 0.347541
v -0.103233 0.484498 0.346225
v -0.347541 0.540272 0.098895
v -0.355689 0.512201 0.072033
v -0.346225 0.484498 0.103233
v -0.355689 0.512201 -0.072033
v -0.347541 0.540272 -0.098895
v -0.346225 0.484498 -0.103233
v -0.098895 0.540272 -0.347541
v -0.072033 0.512201 -0.355689
v -0.103233 0.484498 -0.346225
v 0.098895 0.701190 -0.347541
v 0.072033 0.729261 -0.355689
v 0.103233 0.756963 -0.346225
v 0.355689 0.729261 -0.072033
v 0.347541 0.701190 -0.098895
v 0.346225 0.756963 -0.103233
v 0.347541 0.701190 0.098895
v 0.355689 0.729261 0.072033
v 0.346225 0.756963 0.103233
v 0.072033 0.729261 0.355689
v 0.098895 0.701190 0.347541
v 0.103233 0.756963 0.346225
v -0.098895 0.701190 0.347541
v -0.072033 0.729261 0.355689
v -0.103233 0.756963 0.346225
v -0.355689 0.729261 0.072033
v -0.347541 0.701190 0.098895
v -0.346225 0.756963 0.103233
v -0.347541 0.701190 -0.098895
v -0.355689 0.729261 -0.072033
v -0.346225 0.756963 -0.103233
v -0.072033 0.729261 -0.355689
v -0.098895 0.701190 -0.347541
v -0.103233 0.756963 -0.346225
v 0.094146 0.540272 -0.331887
v 0.067632 0.512201 -0.340012
v 0.340012 0.512201 -0.067632
v 0.331887 0.540272 -0.094146
v 0.331887 0.540272 0.094146
v 0.340012 0.512201 0.067632
v 0.067632 0.512201 0.340012
v 0.094146 0.540272 0.331887
v -0.094146 0.540272 0.331887
v -0.067632 0.512201 0.340012
v -0.340012 0.512201 0.067632
v -0.331887 0.540272 0.094146
v -0.331887 0.540272 -0.094146
v -0.340012 0.512201 -0.067632
v -0.067632 0.512201 -0.340012
v -0.094146 0.540272 -0.331887
v 0.067632 0.729261 -0.340012
v 0.094146 0.701190 -0.331887
v 0.331887 0.701190 -0.094146
v 0.340012 0.729261 -0.067632
v 0.340012 0.729261 0.067632
v 0.331887 0.701190 0.094146
v 0.094146 0.701190 0.331887
v 0.067632 0.729261 0.340012
v -0.067632 0.729261 0.340012
v -0.094146 0.701190 0.331887
v -0.331887 0.701190 0.094146
v -0.340012 0.729261 0.067632
v -0.340012 0.729261 -0.067632
v -0.331887 0.701190 -0.094146
v -0.094146 0.701190 -0.331887
v -0.067632 0.729261 -0.340012
v -0.340012 0.512201 -0.067632
v -0.340012 0.729261 -0.067632
v 0.067632 0.729261 -0.340012
v 0.067632 0.512201 -0.340012
v 0.067632 0.729261 0.340012
v 0.067632 0.512201 0.340012
v -0.067632 0.729261 0.340012
v -0.067632 0.512201 0.340012
v -0.067632 0.729261 -0.340012
v -0.067632 0.512201 -0.340012
v 0.340012 0.729261 -0.067632
v 0.340012 0.512201 -0.067632
v 0.340012 0.729261 0.067632
v 0.340012 0.512201 0.067632
v -0.340012 0.729261 0.067632
v -0.340012 0.512201 0.067632
v -0.000000 0.512201 -0.346673
v 0.346673 0.550240 -0.000000
v -0.000000 0.550240 0.346673
v -0.346673 0.550240 -0.000000
v 0.000000 0.691222 -0.346673
v 0.346673 0.691222 -0.000000
v 0.000000 0.691222 0.346673
v -0.346673 0.729261 -0.000000
v 0.000000 0.550240 -0.334009
v 0.000000 0.691222 -0.334009
v 0.000000 0.691222 0.334009
v 0.000000 0.550240 0.334009
v 0.334009 0.691222 -0.000000
v 0.334009 0.550240 -0.000000
v -0.334009 0.691222 -0.000000
v -0.334009 0.550240 -0.000000
v -0.328639 0.550240 -0.053897
v -0.328639 0.691222 -0.053897
v 0.053897 0.691222 -0.328639
v 0.053897 0.550240 -0.328639
v 0.053897 0.691222 0.328639
v 0.053897 0.550240 0.328639
v -0.053897 0.691222 0.328639
v -0.053897 0.550240 0.328639
v -0.053897 0.691222 -0.328639
v -0.053897 0.550240 -0.328639
v 0.328639 0.691222 -0.053897
v 0.328639 0.550240 -0.053897
v 0.328639 0.691222 0.053897
v 0.328639 0.550240 0.053897
v -0.328639 0.691222 0.053897
v -0.328639 0.550240 0.053897
v 0.130400 0.256582 -0.319445
v 0.193163 0.256582 -0.285897
v 0.285897 0.256582 -0.193163
v 0.319445 0.256582 -0.130400
v 0.319445 0.256582 0.130400
v 0.285897 0.256582 0.193163
v 0.193163 0.256582 0.285897
v 0.130400 0.256582 0.319445
v -0.130400 0.256582 0.319445
v -0.193163 0.256582 0.285897
v -0.285897 0.256582 0.193163
v -0.319445 0.256582 0.130400
v -0.319445 0.256582 -0.130400
v -0.285897 0.256582 -0.193163
v -0.193163 0.256582 -0.285897
v -0.130400 0.256582 -0.319445
v 0.130400 0.984879 -0.319445
v 0.193163 0.984879 -0.285897
v 0.285897 0.984879 -0.193163
v 0.319445 0.984879 -0.130400
v 0.319445 0.984879 0.130400
v 0.285897 0.984879 0.193163
v 0.193163 0.984879 0.285897
v 0.130400 0.984879 0.319445
v -0.130400 0.984879 0.319445
v -0.193163 0.984879 0.285897
v -0.285897 0.984879 0.193163
v -0.319445 0.984879 0.130400
v -0.319445 0.984879 -0.130400
v -0.285897 0.984879 -0.193163
v -0.193163 0.984879 -0.285897
v -0.130400 0.984879 -0.319445
v 0.201689 0.256582 -0.301850
v 0.256702 0.256582 -0.256702
v 0.301850 0.256582 -0.201689
v 0.301850 0.256582 0.201689
v 0.256702 0.256582 0.256702
v 0.201689 0.256582 0.301850
v -0.201689 0.256582 0.301850
v -0.256702 0.256582 0.256702
v -0.301850 0.256582 0.201689
v -0.301850 0.256582 -0.201689
v -0.256702 0.256582 -0.256702
v -0.201689 0.256582 -0.301850
v 0.201689 0.984879 -0.301850
v 0.256702 0.984879 -0.256702
v 0.301850 0.984879 -0.201689
v 0.301850 0.984879 0.201689
v 0.256702 0.984879 0.256702
v 0.201689 0.984879 0.301850
v -0.201689 0.984879 0.301850
v -0.256702 0.984879 0.256702
v -0.301850 0.984879 0.201689
v -0.301850 0.984879 -0.201689
v -0.256702 0.984879 -0.256702
v -0.201689 0.984879 -0.301850
v 0.244730 0.965407 0.244730
v 0.244730 0.276054 0.244730
v -0.244730 0.965407 -0.244730
v -0.244730 0.284618 -0.244730
v 0.244730 0.965407 -0.244730
v 0.244730 0.276054 -0.244730
v -0.244730 0.956843 0.244730
v -0.244730 0.276054 0.244730
v 0.212629 0.284618 -0.270986
v 0.270986 0.284618 -0.212629
v 0.270986 0.284618 0.212629
v 0.212629 0.284618 0.270986
v -0.212629 0.284618 0.270986
v -0.270986 0.284618 0.212629
v -0.270986 0.284618 -0.212629
v -0.212629 0.284618 -0.270986
v 0.212629 0.956843 -0.270986
v 0.270986 0.956843 -0.212629
v 0.270986 0.956843 0.212629
v 0.212629 0.956843 0.270986
v -0.212629 0.956843 0.270986
v -0.270986 0.956843 0.212629
v -0.270986 0.956843 -0.212629
v -0.212629 0.956843 -0.270986
v 0.206000 0.276054 -0.276409
v 0.244730 0.284618 -0.244730
v 0.276409 0.276054 -0.206000
v 0.276409 0.276054 0.206000
v 0.244730 0.284618 0.244730
v 0.206000 0.276054 0.276409
v -0.206000 0.276054 0.276409
v -0.244730 0.284618 0.244730
v -0.276409 0.276054 0.206000
v -0.276409 0.276054 -0.206000
v -0.244730 0.276054 -0.244730
v -0.206000 0.276054 -0.276409
v 0.206000 0.965407 -0.276409
v 0.244730 0.956843 -0.244730
v 0.276409 0.965407 -0.206000
v 0.276409 0.965407 0.206000
v 0.244730 0.956843 0.244730
v 0.206000 0.965407 0.276409
v -0.206000 0.965407 0.276409
v -0.244730 0.965407 0.244730
v -0.276409 0.965407 0.206000
v -0.276409 0.965407 -0.206000
v -0.244730 0.956843 -0.244730
v -0.206000 0.965407 -0.276409
v 0.256736 0.956843 0.256736
v 0.256736 0.284618 0.256736
v -0.256736 0.956843 -0.256736
v -0.256736 0.311878 -0.256736
v 0.256736 0.956843 -0.256736
v 0.256736 0.284618 -0.256736
v -0.256736 0.956843 0.256736
v -0.256736 0.284618 0.256736
v 0.244446 0.311878 -0.266829
v 0.266829 0.311878 -0.244446
v 0.266829 0.311878 0.244446
v 0.244446 0.311878 0.266829
v -0.244446 0.311878 0.266829
v -0.266829 0.311878 0.244446
v -0.266829 0.311878 -0.244446
v -0.244446 0.311878 -0.266829
v 0.244446 0.929583 -0.266829
v 0.266829 0.929583 -0.244446
v 0.266829 0.929583 0.244446
v 0.244446 0.929583 0.266829
v -0.244446 0.929583 0.266829
v -0.266829 0.929583 0.244446
v -0.266829 0.929583 -0.244446
v -0.244446 0.929583 -0.266829
v 0.223379 0.284618 -0.284129
v 0.256736 0.311878 -0.256736
v 0.284129 0.284618 -0.223379
v 0.284129 0.284618 0.223379
v 0.256736 0.311878 0.256736
v 0.223379 0.284618 0.284129
v -0.223380 0.284618 0.284129
v -0.256736 0.311878 0.256736
v -0.284129 0.284618 0.223380
v -0.284129 0.284618 -0.223379
v -0.256736 0.284618 -0.256736
v -0.223380 0.284618 -0.284129
v 0.223380 0.956843 -0.284129
v 0.256736 0.929583 -0.256736
v 0.284129 0.956843 -0.223379
v 0.284129 0.956843 0.223379
v 0.256736 0.929583 0.256736
v 0.223380 0.956843 0.284129
v -0.223379 0.956843 0.284129
v -0.256736 0.929583 0.256736
v -0.284129 0.956843 0.223379
v -0.284129 0.956843 -0.223379
v -0.256736 0.929583 -0.256736
v -0.223380 0.956843 -0.284129
v 0.250733 0.929583 0.250733
v 0.250733 0.311878 0.250733
v -0.250733 0.929583 -0.250733
v -0.250733 0.311878 -0.250733
v 0.250733 0.929583 -0.250733
v 0.250733 0.311878 -0.250733
v -0.250733 0.929583 0.250733
v -0.250733 0.311878 0.250733
v 0.239058 0.311878 -0.260268
v 0.260268 0.311878 -0.239058
v 0.260268 0.311878 0.239058
v 0.239058 0.311878 0.260268
v -0.239058 0.311878 0.260268
v -0.260268 0.311878 0.239058
v -0.260268 0.311878 -0.239058
v -0.239058 0.311878 -0.260268
v 0.239058 0.929583 -0.260268
v 0.260268 0.929583 -0.239058
v 0.260268 0.929583 0.239058
v 0.239058 0.929583 0.260268
v -0.239058 0.929583 0.260268
v -0.260268 0.929583 0.239058
v -0.260268 0.929583 -0.239058
v -0.239058 0.929583 -0.260268
v 0.331444 0.404947 -0.043124
v 0.331444 0.396534 -0.042295
v 0.331444 0.388444 -0.039841
v 0.331444 0.380989 -0.035856
v 0.331444 0.374454 -0.030493
v 0.331444 0.369091 -0.023958
v 0.331444 0.365106 -0.016503
v 0.331444 0.362652 -0.008413
v 0.331444 0.361823 0.000000
v 0.331444 0.362652 0.008413
v 0.331444 0.365106 0.016503
v 0.331444 0.369091 0.023958
v 0.331444 0.374454 0.030493
v 0.331444 0.380989 0.035856
v 0.331444 0.388444 0.039841
v 0.331444 0.396534 0.042295
v 0.331444 0.404947 0.043124
v 0.331444 0.413360 0.042295
v 0.331444 0.421450 0.039841
v 0.331444 0.428905 0.035856
v 0.331444 0.435440 0.030493
v 0.331444 0.440803 0.023958
v 0.331444 0.444788 0.016503
v 0.331444 0.447242 0.008413
v 0.331444 0.448071 0.000000
v 0.331444 0.447242 -0.008413
v 0.331444 0.444788 -0.016503
v 0.331444 0.440803 -0.023958
v 0.331444 0.435440 -0.030493
v 0.331444 0.428905 -0.035856
v 0.331444 0.421450 -0.039841
v 0.331444 0.413360 -0.042295
v 0.384666 0.404947 -0.031913
v 0.379345 0.404947 -0.043124
v 0.384666 0.398721 -0.031300
v 0.379345 0.396534 -0.042295
v 0.384666 0.392734 -0.029484
v 0.379345 0.388444 -0.039841
v 0.384666 0.387217 -0.026535
v 0.379345 0.380989 -0.035856
v 0.384666 0.382381 -0.022566
v 0.379345 0.374454 -0.030493
v 0.384666 0.378412 -0.017730
v 0.379345 0.369091 -0.023958
v 0.384666 0.375463 -0.012213
v 0.379345 0.365106 -0.016503
v 0.384666 0.373647 -0.006226
v 0.379345 0.362652 -0.008413
v 0.384666 0.373034 0.000000
v 0.379345 0.361823 0.000000
v 0.384666 0.373647 0.006226
v 0.379345 0.362652 0.008413
v 0.384666 0.375463 0.012213
v 0.379345 0.365106 0.016503
v 0.384666 0.378412 0.017730
v 0.379345 0.369091 0.023958
v 0.384666 0.382381 0.022566
v 0.379345 0.374454 0.030493
v 0.384666 0.387217 0.026535
v 0.379345 0.380989 0.035856
v 0.384666 0.392734 0.029484
v 0.379345 0.388444 0.039841
v 0.384666 0.398721 0.031300
v 0.379345 0.396534 0.042295
v 0.384666 0.404947 0.031913
v 0.379345 0.404947 0.043124
v 0.384666 0.411173 0.031300
v 0.379345 0.413360 0.042295
v 0.384666 0.417160 0.029484
v 0.379345 0.421450 0.039841
v 0.384666 0.422677 0.026535
v 0.379345 0.428905 0.035856
v 0.384666 0.427513 0.022566
v 0.379345 0.435440 0.030493
v 0.384666 0.431482 0.017730
v 0.379345 0.440803 0.023958
v 0.384666 0.434431 0.012213
v 0.379345 0.444788 0.016503
v 0.384666 0.436247 0.006226
v 0.379345 0.447242 0.008413
v 0.384666 0.436861 0.000000
v 0.379345 0.448071 0.000000
v 0.384666 0.436247 -0.006226
v 0.379345 0.447242 -0.008413
v 0.384666 0.434431 -0.012213
v 0.379345 0.444788 -0.016503
v 0.384666 0.431482 -0.017730
v 0.379345 0.440803 -0.023958
v 0.384666 0.427513 -0.022566
v 0.379345 0.435440 -0.030493
v 0.384666 0.422677 -0.026535
v 0.379345 0.428905 -0.035856
v 0.384666 0.417160 -0.029484
v 0.379345 0.421450 -0.039841
v 0.384666 0.411173 -0.031300
v 0.379345 0.413360 -0.042295
v 0.384666 0.404947 -0.037777
v 0.384666 0.397577 -0.037052
v 0.384666 0.390490 -0.034902
v 0.384666 0.383959 -0.031411
v 0.384666 0.378234 -0.026713
v 0.384666 0.373536 -0.020988
v 0.384666 0.370045 -0.014457
v 0.384666 0.367896 -0.007370
v 0.384666 0.367170 0.000000
v 0.384666 0.367896 0.007370
v 0.384666 0.370045 0.014457
v 0.384666 0.373536 0.020988
v 0.384666 0.378234 0.026713
v 0.384666 0.383959 0.031411
v 0.384666 0.390490 0.034902
v 0.384666 0.397577 0.037052
v 0.384666 0.404947 0.037777
v 0.384666 0.412317 0.037052
v 0.384666 0.419404 0.034902
v 0.384666 0.425935 0.031411
v 0.384666 0.431660 0.026713
v 0.384666 0.436358 0.020988
v 0.384666 0.439849 0.014457
v 0.384666 0.441999 0.007370
v 0.384666 0.442725 0.000000
v 0.384666 0.441999 -0.007370
v 0.384666 0.439849 -0.014457
v 0.384666 0.436358 -0.020988
v 0.384666 0.431660 -0.026713
v 0.384666 0.425935 -0.031411
v 0.384666 0.419404 -0.034902
v 0.384666 0.412317 -0.037052
v 0.369897 0.404947 -0.031913
v 0.369897 0.398721 -0.031300
v 0.369897 0.392734 -0.029484
v 0.369897 0.387217 -0.026535
v 0.369897 0.382381 -0.022566
v 0.369897 0.378412 -0.017730
v 0.369897 0.375463 -0.012213
v 0.369897 0.373647 -0.006226
v 0.369897 0.373034 0.000000
v 0.369897 0.373647 0.006226
v 0.369897 0.375463 0.012213
v 0.369897 0.378412 0.017730
v 0.369897 0.382381 0.022566
v 0.369897 0.387217 0.026535
v 0.369897 0.392734 0.029484
v 0.369897 0.398721 0.031300
v 0.369897 0.404947 0.031913
v 0.369897 0.411173 0.031300
v 0.369897 0.417160 0.029484
v 0.369897 0.422677 0.026535
v 0.369897 0.427513 0.022566
v 0.369897 0.431482 0.017730
v 0.369897 0.434431 0.012213
v 0.369897 0.436247 0.006226
v 0.369897 0.436861 0.000000
v 0.369897 0.436247 -0.006226
v 0.369897 0.434431 -0.012213
v 0.369897 0.431482 -0.017730
v 0.369897 0.427513 -0.022566
v 0.369897 0.422677 -0.026535
v 0.369897 0.417160 -0.029484
v 0.369897 0.411173 -0.031300
v -0.043124 0.857135 -0.331444
v -0.042295 0.848722 -0.331444
v -0.039841 0.840632 -0.331444
v -0.035856 0.833176 -0.331444
v -0.030493 0.826642 -0.331444
v -0.023958 0.821279 -0.331444
v -0.016503 0.817294 -0.331444
v -0.008413 0.814840 -0.331444
v -0.000000 0.814011 -0.331444
v 0.008413 0.814840 -0.331444
v 0.016503 0.817294 -0.331444
v 0.023958 0.821279 -0.331444
v 0.030493 0.826642 -0.331444
v 0.035856 0.833176 -0.331444
v 0.039841 0.840632 -0.331444
v 0.042295 0.848722 -0.331444
v 0.043124 0.857135 -0.331444
v 0.042295 0.865548 -0.331444
v 0.039841 0.873638 -0.331444
v 0.035856 0.881093 -0.331444
v 0.030493 0.887628 -0.331444
v 0.023958 0.892991 -0.331444
v 0.016503 0.896976 -0.331444
v 0.008413 0.899430 -0.331444
v -0.000000 0.900259 -0.331444
v -0.008413 0.899430 -0.331444
v -0.016503 0.896976 -0.331444
v -0.023958 0.892991 -0.331444
v -0.030493 0.887628 -0.331444
v -0.035856 0.881093 -0.331444
v -0.039841 0.873638 -0.331444
v -0.042295 0.865548 -0.331444
v -0.031913 0.857135 -0.384666
v -0.043124 0.857135 -0.379345
v -0.031300 0.850909 -0.384666
v -0.042295 0.848722 -0.379345
v -0.029484 0.844922 -0.384666
v -0.039841 0.840632 -0.379345
v -0.026535 0.839405 -0.384666
v -0.035856 0.833176 -0.379345
v -0.022566 0.834569 -0.384666
v -0.030493 0.826642 -0.379345
v -0.017730 0.830600 -0.384666
v -0.023958 0.821279 -0.379345
v -0.012213 0.827651 -0.384666
v -0.016503 0.817294 -0.379345
v -0.006226 0.825835 -0.384666
v -0.008413 0.814840 -0.379345
v -0.000000 0.825221 -0.384666
v -0.000000 0.814011 -0.379345
v 0.006226 0.825835 -0.384666
v 0.008413 0.814840 -0.379345
v 0.012213 0.827651 -0.384666
v 0.016503 0.817294 -0.379345
v 0.017730 0.830600 -0.384666
v 0.023958 0.821279 -0.379345
v 0.022566 0.834569 -0.384666
v 0.030493 0.826642 -0.379345
v 0.026535 0.839405 -0.384666
v 0.035856 0.833176 -0.379345
v 0.029484 0.844922 -0.384666
v 0.039841 0.840632 -0.379345
v 0.031300 0.850909 -0.384666
v 0.042295 0.848722 -0.379345
v 0.031913 0.857135 -0.384666
v 0.043124 0.857135 -0.379345
v 0.031300 0.863361 -0.384666
v 0.042295 0.865548 -0.379345
v 0.029484 0.869348 -0.384666
v 0.039841 0.873638 -0.379345
v 0.026535 0.874865 -0.384666
v 0.035856 0.881093 -0.379345
v 0.022566 0.879701 -0.384666
v 0.030493 0.887628 -0.379345
v 0.017730 0.883670 -0.384666
v 0.023958 0.892991 -0.379345
v 0.012213 0.886619 -0.384666
v 0.016503 0.896976 -0.379345
v 0.006226 0.888435 -0.384666
v 0.008413 0.899430 -0.379345
v -0.000000 0.889048 -0.384666
v -0.000000 0.900259 -0.379345
v -0.006226 0.888435 -0.384666
v -0.008413 0.899430 -0.379345
v -0.012213 0.886619 -0.384666
v -0.016503 0.896976 -0.379345
v -0.017730 0.883670 -0.384666
v -0.023958 0.892991 -0.379345
v -0.022566 0.879701 -0.384666
v -0.030493 0.887628 -0.379345
v -0.026535 0.874865 -0.384666
v -0.035856 0.881093 -0.379345
v -0.029484 0.869348 -0.384666
v -0.039841 0.873638 -0.379345
v -0.031300 0.863361 -0.384666
v -0.042295 0.865548 -0.379345
v -0.037777 0.857135 -0.384666
v -0.037052 0.849765 -0.384666
v -0.034902 0.842678 -0.384666
v -0.031411 0.836147 -0.384666
v -0.026713 0.830422 -0.384666
v -0.020988 0.825724 -0.384666
v -0.014457 0.822233 -0.384666
v -0.007370 0.820083 -0.384666
v -0.000000 0.819357 -0.384666
v 0.007370 0.820083 -0.384666
v 0.014457 0.822233 -0.384666
v 0.020988 0.825724 -0.384666
v 0.026713 0.830422 -0.384666
v 0.031411 0.836147 -0.384666
v 0.034902 0.842678 -0.384666
v 0.037052 0.849765 -0.384666
v 0.037777 0.857135 -0.384666
v 0.037052 0.864505 -0.384666
v 0.034902 0.871592 -0.384666
v 0.031411 0.878123 -0.384666
v 0.026713 0.883847 -0.384666
v 0.020988 0.888546 -0.384666
v 0.014457 0.892037 -0.384666
v 0.007370 0.894186 -0.384666
v -0.000000 0.894912 -0.384666
v -0.007370 0.894186 -0.384666
v -0.014457 0.892037 -0.384666
v -0.020988 0.888546 -0.384666
v -0.026713 0.883847 -0.384666
v -0.031411 0.878123 -0.384666
v -0.034902 0.871592 -0.384666
v -0.037052 0.864505 -0.384666
v -0.031913 0.857135 -0.369897
v -0.031300 0.850909 -0.369897
v -0.029484 0.844922 -0.369897
v -0.026535 0.839405 -0.369897
v -0.022566 0.834569 -0.369897
v -0.017730 0.830600 -0.369897
v -0.012213 0.827651 -0.369897
v -0.006226 0.825835 -0.369897
v -0.000000 0.825221 -0.369897
v 0.006226 0.825835 -0.369897
v 0.012213 0.827651 -0.369897
v 0.017730 0.830600 -0.369897
v 0.022566 0.834569 -0.369897
v 0.026535 0.839405 -0.369897
v 0.029484 0.844922 -0.369897
v 0.031300 0.850909 -0.369897
v 0.031913 0.857135 -0.369897
v 0.031300 0.863361 -0.369897
v 0.029484 0.869348 -0.369897
v 0.026535 0.874865 -0.369897
v 0.022566 0.879701 -0.369897
v 0.017730 0.883670 -0.369897
v 0.012213 0.886619 -0.369897
v 0.006226 0.888435 -0.369897
v -0.000000 0.889048 -0.369897
v -0.006226 0.888435 -0.369897
v -0.012213 0.886619 -0.369897
v -0.017730 0.883670 -0.369897
v -0.022566 0.879701 -0.369897
v -0.026535 0.874865 -0.369897
v -0.029484 0.869348 -0.369897
v -0.031300 0.863361 -0.369897
v 0.043124 0.857135 0.331444
v 0.042295 0.848722 0.331444
v 0.039841 0.840632 0.331444
v 0.035856 0.833176 0.331444
v 0.030493 0.826642 0.331444
v 0.023958 0.821279 0.331444
v 0.016503 0.817294 0.331444
v 0.008413 0.814840 0.331444
v -0.000000 0.814011 0.331444
v -0.008413 0.814840 0.331444
v -0.016503 0.817294 0.331444
v -0.023958 0.821279 0.331444
v -0.030493 0.826642 0.331444
v -0.035856 0.833176 0.331444
v -0.039841 0.840632 0.331444
v -0.042295 0.848722 0.331444
v -0.043124 0.857135 0.331444
v -0.042295 0.865548 0.331444
v -0.039841 0.873638 0.331444
v -0.035856 0.881093 0.331444
v -0.030493 0.887628 0.331444
v -0.023958 0.892991 0.331444
v -0.016503 0.896976 0.331444
v -0.008413 0.899430 0.331444
v -0.000000 0.900259 0.331444
v 0.008413 0.899430 0.331444
v 0.016503 0.896976 0.331444
v 0.023958 0.892991 0.331444
v 0.030493 0.887628 0.331444
v 0.035856 0.881093 0.331444
v 0.039841 0.873638 0.331444
v 0.042295 0.865548 0.331444
v 0.031913 0.857135 0.384666
v 0.043124 0.857135 0.379345
v 0.031300 0.850909 0.384666
v 0.042295 0.848722 0.379345
v 0.029484 0.844922 0.384666
v 0.039841 0.840632 0.379345
v 0.026535 0.839405 0.384666
v 0.035856 0.833176 0.379345
v 0.022566 0.834569 0.384666
v 0.030493 0.826642 0.379345
v 0.017730 0.830600 0.384666
v 0.023958 0.821279 0.379345
v 0.012213 0.827651 0.384666
v 0.016503 0.817294 0.379345
v 0.006226 0.825835 0.384666
v 0.008413 0.814840 0.379345
v -0.000000 0.825221 0.384666
v -0.000000 0.814011 0.379345
v -0.006226 0.825835 0.384666
v -0.008413 0.814840 0.379345
v -0.012213 0.827651 0.384666
v -0.016503 0.817294 0.379345
v -0.017730 0.830600 0.384666
v -0.023958 0.821279 0.379345
v -0.022566 0.834569 0.384666
v -0.030493 0.826642 0.379345
v -0.026535 0.839405 0.384666
v -0.035856 0.833176 0.379345
v -0.029484 0.844922 0.384666
v -0.039841 0.840632 0.379345
v -0.031300 0.850909 0.384666
v -0.042295 0.848722 0.379345
v -0.031913 0.857135 0.384666
v -0.043124 0.857135 0.379345
v -0.031300 0.863361 0.384666
v -0.042295 0.865548 0.379345
v -0.029484 0.869348 0.384666
v -0.039841 0.873638 0.379345
v -0.026535 0.874865 0.384666
v -0.035856 0.881093 0.379345
v -0.022566 0.879701 0.384666
v -0.030493 0.887628 0.379345
v -0.017730 0.883670 0.384666
v -0.023958 0.892991 0.379345
v -0.012213 0.886619 0.384666
v -0.016503 0.896976 0.379345
v -0.006226 0.888435 0.384666
v -0.008413 0.899430 0.379345
v -0.000000 0.889048 0.384666
v -0.000000 0.900259 0.379345
v 0.006226 0.888435 0.384666
v 0.008413 0.899430 0.379345
v 0.012213 0.886619 0.384666
v 0.016503 0.896976 0.379345
v 0.017730 0.883670 0.384666
v 0.023958 0.892991 0.379345
v 0.022566 0.879701 0.384666
v 0.030493 0.887628 0.379345
v 0.026535 0.874865 0.384666
v 0.035856 0.881093 0.379345
v 0.029484 0.869348 0.384666
v 0.039841 0.873638 0.379345
v 0.031300 0.863361 0.384666
v 0.042295 0.865548 0.379345
v 0.037777 0.857135 0.384666
v 0.037052 0.849765 0.384666
v 0.034902 0.842678 0.384666
v 0.031411 0.836147 0.384666
v 0.026713 0.830422 0.384666
v 0.020988 0.825724 0.384666
v 0.014457 0.822233 0.384666
v 0.007370 0.820083 0.384666
v -0.000000 0.819357 0.384666
v -0.007370 0.820083 0.384666
v -0.014457 0.822233 0.384666
v -0.020988 0.825724 0.384666
v -0.026713 0.830422 0.384666
v -0.031411 0.836147 0.384666
v -0.034902 0.842678 0.384666
v -0.037052 0.849765 0.384666
v -0.037777 0.857135 0.384666
v -0.037052 0.864505 0.384666
v -0.034902 0.871592 0.384666
v -0.031411 0.878123 0.384666
v -0.026713 0.883847 0.384666
v -0.020988 0.888546 0.384666
v -0.014457 0.892037 0.384666
v -0.007370 0.894186 0.384666
v -0.000000 0.894912 0.384666
v 0.007370 0.894186 0.384666
v 0.014457 0.892037 0.384666
v 0.020988 0.888546 0.384666
v 0.026713 0.883847 0.384666
v 0.031411 0.878123 0.384666
v 0.034902 0.871592 0.384666
v 0.037052 0.864505 0.384666
v 0.031913 0.857135 0.369897
v 0.031300 0.850909 0.369897
v 0.029484 0.844922 0.369897
v 0.026535 0.839405 0.369897
v 0.022566 0.834569 0.369897
v 0.017730 0.830600 0.369897
v 0.012213 0.827651 0.369897
v 0.006226 0.825835 0.369897
v -0.000000 0.825221 0.369897
v -0.006226 0.825835 0.369897
v -0.012213 0.827651 0.369897
v -0.017730 0.830600 0.369897
v -0.022566 0.834569 0.369897
v -0.026535 0.839405 0.369897
v -0.029484 0.844922 0.369897
v -0.031300 0.850909 0.369897
v -0.031913 0.857135 0.369897
v -0.031300 0.863361 0.369897
v -0.029484 0.869348 0.369897
v -0.026535 0.874865 0.369897
v -0.022566 0.879701 0.369897
v -0.017730 0.883670 0.369897
v -0.012213 0.886619 0.369897
v -0.006226 0.888435 0.369897
v -0.000000 0.889048 0.369897
v 0.006226 0.888435 0.369897
v 0.012213 0.886619 0.369897
v 0.017730 0.883670 0.369897
v 0.022566 0.879701 0.369897
v 0.026535 0.874865 0.369897
v 0.029484 0.869348 0.369897
v 0.031300 0.863361 0.369897
v -0.331444 0.404947 0.043124
v -0.331444 0.396534 0.042295
v -0.331444 0.388444 0.039841
v -0.331444 0.380989 0.035856
v -0.331444 0.374454 0.030493
v -0.331444 0.369091 0.023958
v -0.331444 0.365106 0.016503
v -0.331444 0.362652 0.008413
v -0.331444 0.361823 0.000000
v -0.331444 0.362652 -0.008413
v -0.331444 0.365106 -0.016503
v -0.331444 0.369091 -0.023958
v -0.331444 0.374454 -0.030493
v -0.331444 0.380989 -0.035856
v -0.331444 0.388444 -0.039841
v -0.331444 0.396534 -0.042295
v -0.331444 0.404947 -0.043124
v -0.331444 0.413360 -0.042295
v -0.331444 0.421450 -0.039841
v -0.331444 0.428905 -0.035856
v -0.331444 0.435440 -0.030493
v -0.331444 0.440803 -0.023958
v -0.331444 0.444788 -0.016503
v -0.331444 0.447242 -0.008413
v -0.331444 0.448071 0.000000
v -0.331444 0.447242 0.008413
v -0.331444 0.444788 0.016503
v -0.331444 0.440803 0.023958
v -0.331444 0.435440 0.030493
v -0.331444 0.428905 0.035856
v -0.331444 0.421450 0.039841
v -0.331444 0.413360 0.042295
v -0.384666 0.404947 0.031914
v -0.379345 0.404947 0.043124
v -0.384666 0.398721 0.031300
v -0.379345 0.396534 0.042295
v -0.384666 0.392734 0.029484
v -0.379345 0.388444 0.039841
v -0.384666 0.387217 0.026535
v -0.379345 0.380989 0.035856
v -0.384666 0.382381 0.022566
v -0.379345 0.374454 0.030493
v -0.384666 0.378412 0.017730
v -0.379345 0.369091 0.023958
v -0.384666 0.375463 0.012213
v -0.379345 0.365106 0.016503
v -0.384666 0.373647 0.006226
v -0.379345 0.362652 0.008413
v -0.384666 0.373034 0.000000
v -0.379345 0.361823 0.000000
v -0.384666 0.373647 -0.006226
v -0.379345 0.362652 -0.008413
v -0.384666 0.375463 -0.012213
v -0.379345 0.365106 -0.016503
v -0.384666 0.378412 -0.017730
v -0.379345 0.369091 -0.023958
v -0.384666 0.382381 -0.022566
v -0.379345 0.374454 -0.030493
v -0.384666 0.387217 -0.026535
v -0.379345 0.380989 -0.035856
v -0.384666 0.392734 -0.029484
v -0.379345 0.388444 -0.039841
v -0.384666 0.398721 -0.031300
v -0.379345 0.396534 -0.042295
v -0.384666 0.404947 -0.031913
v -0.379345 0.404947 -0.043124
v -0.384666 0.411173 -0.031300
v -0.379345 0.413360 -0.042295
v -0.384666 0.417160 -0.029484
v -0.379345 0.421450 -0.039841
v -0.384666 0.422677 -0.026535
v -0.379345 0.428905 -0.035856
v -0.384666 0.427513 -0.022566
v -0.379345 0.435440 -0.030493
v -0.384666 0.431482 -0.017730
v -0.379345 0.440803 -0.023958
v -0.384666 0.434431 -0.012213
v -0.379345 0.444788 -0.016503
v -0.384666 0.436247 -0.006226
v -0.379345 0.447242 -0.008413
v -0.384666 0.436861 0.000000
v -0.379345 0.448071 0.000000
v -0.384666 0.436247 0.006226
v -0.379345 0.447242 0.008413
v -0.384666 0.434431 0.012213
v -0.379345 0.444788 0.016503
v -0.384666 0.431482 0.017730
v -0.379345 0.440803 0.023958
v -0.384666 0.427513 0.022566
v -0.379345 0.435440 0.030493
v -0.384666 0.422677 0.026535
v -0.379345 0.428905 0.035856
v -0.384666 0.417160 0.029484
v -0.379345 0.421450 0.039841
v -0.384666 0.411173 0.031300
v -0.379345 0.413360 0.042295
v -0.384666 0.404947 0.037778
v -0.384666 0.397577 0.037052
v -0.384666 0.390490 0.034902
v -0.384666 0.383959 0.031411
v -0.384666 0.378234 0.026713
v -0.384666 0.373536 0.020988
v -0.384666 0.370045 0.014457
v -0.384666 0.367896 0.007370
v -0.384666 0.367170 0.000000
v -0.384666 0.367896 -0.007370
v -0.384666 0.370045 -0.014457
v -0.384666 0.373536 -0.020988
v -0.384666 0.378234 -0.026713
v -0.384666 0.383959 -0.031411
v -0.384666 0.390490 -0.034902
v -0.384666 0.397577 -0.037051
v -0.384666 0.404947 -0.037777
v -0.384666 0.412317 -0.037051
v -0.384666 0.419404 -0.034902
v -0.384666 0.425935 -0.031411
v -0.384666 0.431660 -0.026713
v -0.384666 0.436358 -0.020988
v -0.384666 0.439849 -0.014457
v -0.384666 0.441999 -0.007370
v -0.384666 0.442725 0.000000
v -0.384666 0.441999 0.007370
v -0.384666 0.439849 0.014457
v -0.384666 0.436358 0.020988
v -0.384666 0.431660 0.026713
v -0.384666 0.425935 0.031411
v -0.384666 0.419404 0.034902
v -0.384666 0.412317 0.037052
v -0.369897 0.404947 0.031914
v -0.369897 0.398721 0.031300
v -0.369897 0.392734 0.029484
v -0.369897 0.387217 0.026535
v -0.369897 0.382381 0.022566
v -0.369897 0.378412 0.017730
v -0.369897 0.375463 0.012213
v -0.369897 0.373647 0.006226
v -0.369897 0.373034 0.000000
v -0.369897 0.373647 -0.006226
v -0.369897 0.375463 -0.012213
v -0.369897 0.378412 -0.017730
v -0.369897 0.382381 -0.022566
v -0.369897 0.387217 -0.026535
v -0.369897 0.392734 -0.029484
v -0.369897 0.398721 -0.031300
v -0.369897 0.404947 -0.031913
v -0.369897 0.411173 -0.031300
v -0.369897 0.417160 -0.029484
v -0.369897 0.422677 -0.026535
v -0.369897 0.427513 -0.022566
v -0.369897 0.431482 -0.017730
v -0.369897 0.434431 -0.012213
v -0.369897 0.436247 -0.006226
v -0.369897 0.436861 0.000000
v -0.369897 0.436247 0.006226
v -0.369897 0.434431 0.012213
v -0.369897 0.431482 0.017730
v -0.369897 0.427513 0.022566
v -0.369897 0.422677 0.026535
v -0.369897 0.417160 0.029484
v -0.369897 0.411173 0.031300
v 0.022070 0.876162 0.366697
v 0.027970 0.861797 0.366629
v 0.025898 0.846407 0.366653
v 0.016409 0.834115 0.366762
v 0.002045 0.828214 0.366928
v -0.013344 0.830286 0.367105
v -0.025635 0.839776 0.367247
v -0.031535 0.854141 0.367314
v -0.029463 0.869531 0.367291
v -0.019974 0.881823 0.367181
v -0.005611 0.887724 0.367016
v 0.009778 0.885651 0.366839
v 0.389578 0.150107 0.345904
v 0.378597 0.150259 0.334925
v 0.363597 0.150315 0.330906
v 0.348597 0.150259 0.334925
v 0.337616 0.150106 0.345904
v 0.333597 0.149897 0.360903
v 0.337616 0.149688 0.375901
v 0.348597 0.149535 0.386881
v 0.363597 0.149479 0.390900
v 0.378597 0.149536 0.386881
v 0.389578 0.149689 0.375901
v 0.393597 0.149898 0.360903
v 0.389578 0.150107 0.345904
v 0.378597 0.150259 0.334925
v 0.363597 0.150315 0.330906
v 0.348597 0.150259 0.334925
v 0.337616 0.150106 0.345904
v 0.333597 0.149897 0.360903
v 0.337616 0.149688 0.375901
v 0.348597 0.149535 0.386881
v 0.363597 0.149479 0.390900
v 0.378597 0.149536 0.386881
v 0.389578 0.149689 0.375901
v 0.393597 0.149898 0.360903
v 0.382222 0.285148 0.353896
v 0.371255 0.285060 0.342903
v 0.356328 0.283809 0.338807
v 0.341441 0.281731 0.342707
v 0.330583 0.279383 0.353558
v 0.326663 0.277394 0.368452
v 0.330732 0.276297 0.383398
v 0.341699 0.276385 0.394392
v 0.356626 0.277636 0.398488
v 0.371513 0.279714 0.394588
v 0.382371 0.282062 0.383737
v 0.386291 0.284051 0.368843
v 0.361818 0.404116 0.371706
v 0.350910 0.403682 0.360661
v 0.336217 0.401071 0.356366
v 0.321675 0.396984 0.359970
v 0.311182 0.392514 0.370509
v 0.307549 0.388860 0.385159
v 0.311748 0.387001 0.399993
v 0.322656 0.387435 0.411038
v 0.337349 0.390046 0.415333
v 0.351891 0.394134 0.411729
v 0.362384 0.398604 0.401190
v 0.366017 0.402257 0.386541
v 0.330923 0.507623 0.396004
v 0.320159 0.506709 0.384849
v 0.305872 0.502734 0.380239
v 0.291892 0.496764 0.383410
v 0.281964 0.490397 0.393513
v 0.278748 0.485341 0.407839
v 0.283107 0.482949 0.422551
v 0.293871 0.483863 0.433706
v 0.308158 0.487837 0.438315
v 0.322138 0.493808 0.435144
v 0.332067 0.500174 0.425042
v 0.335282 0.505231 0.410715
v 0.292167 0.596367 0.423405
v 0.281677 0.594822 0.412060
v 0.267971 0.589514 0.407048
v 0.254720 0.581867 0.409713
v 0.245476 0.573929 0.419340
v 0.242716 0.567828 0.433351
v 0.247178 0.565198 0.447991
v 0.257668 0.566743 0.459337
v 0.271374 0.572051 0.464349
v 0.284625 0.579698 0.461684
v 0.293869 0.587636 0.452056
v 0.296629 0.593737 0.438045
v 0.248208 0.671143 0.450515
v 0.238198 0.668779 0.438881
v 0.225256 0.662168 0.433409
v 0.212850 0.653080 0.435566
v 0.204303 0.643952 0.444774
v 0.201907 0.637229 0.458566
v 0.206303 0.634713 0.473246
v 0.216313 0.637077 0.484880
v 0.229255 0.643688 0.490352
v 0.241661 0.652776 0.488195
v 0.250208 0.661904 0.478987
v 0.252604 0.668627 0.465195
v 0.201726 0.732800 0.473950
v 0.192528 0.729355 0.461921
v 0.180580 0.721421 0.455967
v 0.169082 0.711125 0.457683
v 0.161117 0.701223 0.466609
v 0.158818 0.694371 0.480354
v 0.162801 0.692404 0.495234
v 0.171999 0.695848 0.507263
v 0.183947 0.703782 0.513217
v 0.195444 0.714079 0.511501
v 0.203410 0.723980 0.502575
v 0.205709 0.730832 0.488830
v 0.155459 0.782163 0.490351
v 0.147659 0.777224 0.477864
v 0.137056 0.767852 0.471470
v 0.126490 0.756559 0.472881
v 0.118792 0.746372 0.481719
v 0.116026 0.740018 0.495617
v 0.118933 0.739202 0.510850
v 0.126732 0.744142 0.523336
v 0.137336 0.753514 0.529731
v 0.147902 0.764806 0.528320
v 0.155599 0.774994 0.519482
v 0.158365 0.781347 0.505584
v 0.112361 0.819931 0.496470
v 0.107028 0.812822 0.483735
v 0.098353 0.801754 0.477147
v 0.088659 0.789695 0.478470
v 0.080544 0.779874 0.487350
v 0.076183 0.774924 0.501408
v 0.076744 0.776170 0.516877
v 0.082077 0.783279 0.529612
v 0.090753 0.794346 0.536200
v 0.100446 0.806406 0.534877
v 0.108561 0.816227 0.525997
v 0.112922 0.821177 0.511939
v 0.075698 0.846684 0.489635
v 0.074367 0.836621 0.477883
v 0.068339 0.823600 0.471944
v 0.059227 0.811111 0.473411
v 0.049475 0.802499 0.481889
v 0.041694 0.800073 0.495107
v 0.037969 0.804483 0.509524
v 0.039300 0.814546 0.521276
v 0.045328 0.827567 0.527214
v 0.054440 0.840056 0.525748
v 0.064192 0.848668 0.517270
v 0.071973 0.851094 0.504052
v 0.047888 0.863689 0.468158
v 0.050924 0.850862 0.459948
v 0.047426 0.836240 0.456062
v 0.038331 0.823740 0.457541
v 0.026076 0.816712 0.463990
v 0.013945 0.817039 0.473680
v 0.005189 0.824634 0.484014
v 0.002153 0.837461 0.492224
v 0.005651 0.852083 0.496110
v 0.014746 0.864583 0.494630
v 0.027000 0.871611 0.488182
v 0.039131 0.871284 0.478492
v 0.029467 0.873117 0.428897
v 0.034862 0.858992 0.425358
v 0.032568 0.843707 0.423856
v 0.023200 0.831358 0.424794
v 0.009267 0.825253 0.427920
v -0.005497 0.827029 0.432397
v -0.017135 0.836210 0.437024
v -0.022530 0.850335 0.440563
v -0.020236 0.865620 0.442065
v -0.010867 0.877970 0.441127
v 0.003065 0.884074 0.438001
v 0.017829 0.882298 0.433524
v 0.022070 0.876162 0.366697
v 0.027970 0.861797 0.366629
v 0.025898 0.846407 0.366653
v 0.016409 0.834115 0.366762
v 0.002045 0.828214 0.366928
v -0.013344 0.830286 0.367105
v -0.025635 0.839776 0.367247
v -0.031535 0.854141 0.367314
v -0.029463 0.869531 0.367291
v -0.019974 0.881823 0.367181
v -0.005611 0.887724 0.367016
v 0.009778 0.885651 0.366839
v -0.022070 0.876162 -0.366697
v -0.027970 0.861797 -0.366629
v -0.025898 0.846407 -0.366653
v -0.016409 0.834115 -0.366762
v -0.002045 0.828214 -0.366928
v 0.013344 0.830286 -0.367105
v 0.025635 0.839776 -0.367247
v 0.031535 0.854141 -0.367314
v 0.029463 0.869531 -0.367291
v 0.019974 0.881823 -0.367181
v 0.005611 0.887724 -0.367016
v -0.009778 0.885651 -0.366839
v -0.389578 0.150107 -0.345904
v -0.378597 0.150259 -0.334925
v -0.363597 0.150315 -0.330906
v -0.348597 0.150259 -0.334924
v -0.337616 0.150106 -0.345904
v -0.333597 0.149897 -0.360903
v -0.337616 0.149688 -0.375901
v -0.348597 0.149535 -0.386881
v -0.363597 0.149479 -0.390900
v -0.378597 0.149536 -0.386881
v -0.389578 0.149689 -0.375901
v -0.393597 0.149898 -0.360903
v -0.389578 0.150107 -0.345904
v -0.378597 0.150259 -0.334925
v -0.363597 0.150315 -0.330906
v -0.348597 0.150259 -0.334924
v -0.337616 0.150106 -0.345904
v -0.333597 0.149897 -0.360903
v -0.337616 0.149688 -0.375901
v -0.348597 0.149535 -0.386881
v -0.363597 0.149479 -0.390900
v -0.378597 0.149536 -0.386881
v -0.389578 0.149689 -0.375901
v -0.393597 0.149898 -0.360903
v -0.382222 0.285148 -0.353896
v -0.371255 0.285060 -0.342902
v -0.356328 0.283809 -0.338807
v -0.341441 0.281731 -0.342707
v -0.330583 0.279383 -0.353558
v -0.326663 0.277394 -0.368452
v -0.330732 0.276297 -0.383398
v -0.341699 0.276385 -0.394392
v -0.356626 0.277636 -0.398488
v -0.371513 0.279714 -0.394588
v -0.382371 0.282062 -0.383737
v -0.386291 0.284051 -0.368843
v -0.361818 0.404116 -0.371706
v -0.350910 0.403682 -0.360661
v -0.336217 0.401071 -0.356366
v -0.321676 0.396984 -0.359970
v -0.311182 0.392514 -0.370509
v -0.307549 0.388860 -0.385159
v -0.311749 0.387001 -0.399993
v -0.322656 0.387435 -0.411038
v -0.337349 0.390046 -0.415333
v -0.351891 0.394134 -0.411729
v -0.362384 0.398604 -0.401190
v -0.366018 0.402257 -0.386540
v -0.330924 0.507623 -0.396004
v -0.320159 0.506709 -0.384849
v -0.305872 0.502734 -0.380239
v -0.291892 0.496764 -0.383410
v -0.281964 0.490397 -0.393513
v -0.278748 0.485341 -0.407839
v -0.283107 0.482949 -0.422551
v -0.293872 0.483863 -0.433706
v -0.308158 0.487837 -0.438315
v -0.322139 0.493808 -0.435144
v -0.332067 0.500174 -0.425042
v -0.335282 0.505231 -0.410715
v -0.292167 0.596367 -0.423405
v -0.281677 0.594822 -0.412060
v -0.267971 0.589514 -0.407048
v -0.254721 0.581867 -0.409713
v -0.245477 0.573929 -0.419340
v -0.242716 0.567828 -0.433351
v -0.247178 0.565198 -0.447991
v -0.257668 0.566743 -0.459337
v -0.271374 0.572051 -0.464349
v -0.284625 0.579698 -0.461684
v -0.293869 0.587636 -0.452056
v -0.296629 0.593737 -0.438045
v -0.248208 0.671143 -0.450515
v -0.238198 0.668779 -0.438881
v -0.225256 0.662168 -0.433409
v -0.212850 0.653080 -0.435566
v -0.204303 0.643952 -0.444774
v -0.201907 0.637229 -0.458566
v -0.206303 0.634713 -0.473246
v -0.216313 0.637077 -0.484880
v -0.229255 0.643688 -0.490352
v -0.241661 0.652776 -0.488195
v -0.250208 0.661904 -0.478987
v -0.252604 0.668627 -0.465195
v -0.201726 0.732800 -0.473950
v -0.192528 0.729355 -0.461921
v -0.180580 0.721421 -0.455967
v -0.169082 0.711125 -0.457683
v -0.161117 0.701223 -0.466609
v -0.158818 0.694371 -0.480354
v -0.162801 0.692404 -0.495234
v -0.171999 0.695848 -0.507263
v -0.183947 0.703782 -0.513217
v -0.195444 0.714079 -0.511501
v -0.203410 0.723980 -0.502575
v -0.205709 0.730832 -0.488830
v -0.155459 0.782163 -0.490351
v -0.147659 0.777224 -0.477864
v -0.137056 0.767852 -0.471470
v -0.126490 0.756559 -0.472881
v -0.118792 0.746372 -0.481719
v -0.116026 0.740018 -0.495617
v -0.118933 0.739202 -0.510850
v -0.126733 0.744142 -0.523336
v -0.137336 0.753514 -0.529731
v -0.147902 0.764806 -0.528320
v -0.155599 0.774994 -0.519482
v -0.158365 0.781347 -0.505584
v -0.112361 0.819931 -0.496470
v -0.107028 0.812822 -0.483735
v -0.098353 0.801754 -0.477147
v -0.088659 0.789695 -0.478470
v -0.080545 0.779874 -0.487350
v -0.076183 0.774924 -0.501408
v -0.076744 0.776170 -0.516877
v -0.082077 0.783279 -0.529612
v -0.090753 0.794346 -0.536200
v -0.100446 0.806406 -0.534877
v -0.108561 0.816227 -0.525997
v -0.112922 0.821177 -0.511939
v -0.075698 0.846684 -0.489635
v -0.074367 0.836621 -0.477883
v -0.068339 0.823600 -0.471944
v -0.059228 0.811111 -0.473411
v -0.049475 0.802499 -0.481889
v -0.041694 0.800073 -0.495107
v -0.037969 0.804483 -0.509524
v -0.039300 0.814546 -0.521276
v -0.045328 0.827567 -0.527214
v -0.054440 0.840056 -0.525748
v -0.064192 0.848668 -0.517270
v -0.071974 0.851094 -0.504052
v -0.047888 0.863689 -0.468158
v -0.050924 0.850862 -0.459948
v -0.047426 0.836240 -0.456062
v -0.038331 0.823740 -0.457541
v -0.026076 0.816712 -0.463990
v -0.013945 0.817039 -0.473680
v -0.005189 0.824634 -0.484014
v -0.002153 0.837461 -0.492224
v -0.005651 0.852083 -0.496110
v -0.014746 0.864583 -0.494630
v -0.027000 0.871611 -0.488182
v -0.039131 0.871284 -0.478492
v -0.029467 0.873117 -0.428897
v -0.034862 0.858992 -0.425358
v -0.032568 0.843707 -0.423856
v -0.023200 0.831358 -0.424794
v -0.009267 0.825253 -0.427920
v 0.005496 0.827029 -0.432397
v 0.017135 0.836210 -0.437024
v 0.022530 0.850335 -0.440563
v 0.020236 0.865620 -0.442065
v 0.010867 0.877970 -0.441127
v -0.003065 0.884074 -0.438001
v -0.017829 0.882298 -0.433524
v -0.022070 0.876162 -0.366697
v -0.027970 0.861797 -0.366629
v -0.025898 0.846407 -0.366653
v -0.016409 0.834115 -0.366762
v -0.002045 0.828214 -0.366928
v 0.013344 0.830286 -0.367105
v 0.025635 0.839776 -0.367247
v 0.031535 0.854141 -0.367314
v 0.029463 0.869531 -0.367291
v 0.019974 0.881823 -0.367181
v 0.005611 0.887724 -0.367016
v -0.009778 0.885651 -0.366839
v 0.348225 0.433312 -0.003340
v 0.348386 0.426355 -0.017223
v 0.348485 0.413388 -0.025767
v 0.348496 0.397886 -0.026684
v 0.348415 0.384003 -0.019727
v 0.348265 0.375458 -0.006761
v 0.348085 0.374541 0.008740
v 0.347924 0.381498 0.022622
v 0.347825 0.394464 0.031167
v 0.347814 0.409967 0.032083
v 0.347895 0.423850 0.025127
v 0.348045 0.432395 0.012161
v 0.345903 0.150004 -0.389578
v 0.334923 0.150082 -0.378597
v 0.330904 0.150110 -0.363597
v 0.334923 0.150082 -0.348597
v 0.345903 0.150004 -0.337616
v 0.360903 0.149898 -0.333597
v 0.375902 0.149791 -0.337616
v 0.386883 0.149713 -0.348597
v 0.390902 0.149685 -0.363597
v 0.386883 0.149713 -0.378597
v 0.375902 0.149791 -0.389578
v 0.360903 0.149897 -0.393597
v 0.345903 0.150004 -0.389578
v 0.334923 0.150082 -0.378597
v 0.330904 0.150110 -0.363597
v 0.334923 0.150082 -0.348597
v 0.345903 0.150004 -0.337616
v 0.360903 0.149898 -0.333597
v 0.375902 0.149791 -0.337616
v 0.386883 0.149713 -0.348597
v 0.390902 0.149685 -0.363597
v 0.386883 0.149713 -0.378597
v 0.375902 0.149791 -0.389578
v 0.360903 0.149897 -0.393597
v 0.353347 0.218111 -0.381119
v 0.342307 0.217641 -0.370207
v 0.337975 0.214769 -0.355574
v 0.341512 0.210264 -0.341139
v 0.351969 0.205333 -0.330772
v 0.366545 0.201298 -0.327249
v 0.381334 0.199239 -0.331515
v 0.392374 0.199709 -0.342426
v 0.396706 0.202582 -0.357060
v 0.393169 0.207087 -0.371494
v 0.382712 0.212018 -0.381862
v 0.368136 0.216053 -0.385385
v 0.372023 0.274918 -0.357833
v 0.360772 0.273780 -0.347190
v 0.355617 0.268308 -0.333602
v 0.357939 0.259968 -0.320709
v 0.367116 0.250996 -0.311967
v 0.380689 0.243795 -0.309717
v 0.395022 0.240294 -0.314563
v 0.406273 0.241432 -0.325206
v 0.411428 0.246904 -0.338794
v 0.409106 0.255244 -0.351687
v 0.399929 0.264216 -0.360429
v 0.386356 0.271418 -0.362678
v 0.397483 0.320206 -0.323547
v 0.385857 0.318376 -0.313415
v 0.379661 0.310977 -0.301249
v 0.380553 0.299992 -0.290309
v 0.388295 0.288364 -0.283526
v 0.400813 0.279209 -0.282719
v 0.414751 0.274980 -0.288102
v 0.426376 0.276810 -0.298234
v 0.432573 0.284209 -0.310400
v 0.431681 0.295194 -0.321340
v 0.423939 0.306822 -0.328122
v 0.411421 0.315977 -0.328930
v 0.425573 0.355286 -0.281865
v 0.413443 0.352801 -0.272493
v 0.406229 0.344082 -0.261858
v 0.405865 0.331467 -0.252810
v 0.412447 0.318335 -0.247772
v 0.424213 0.308205 -0.248096
v 0.438009 0.303791 -0.253694
v 0.450139 0.306276 -0.263066
v 0.457353 0.314994 -0.273702
v 0.457717 0.327609 -0.282750
v 0.451135 0.340742 -0.287787
v 0.439370 0.350872 -0.287463
v 0.452752 0.381879 -0.235691
v 0.440000 0.378761 -0.227396
v 0.431860 0.369101 -0.218364
v 0.430513 0.355487 -0.211017
v 0.436320 0.341567 -0.207321
v 0.447725 0.331070 -0.208268
v 0.461672 0.326810 -0.213604
v 0.474425 0.329928 -0.221899
v 0.482565 0.339588 -0.230931
v 0.483912 0.353202 -0.238279
v 0.478105 0.367123 -0.241974
v 0.466700 0.377619 -0.241027
v 0.475734 0.401474 -0.187580
v 0.462245 0.397697 -0.180876
v 0.453259 0.387281 -0.173673
v 0.451183 0.373015 -0.167900
v 0.456573 0.358722 -0.165104
v 0.467986 0.348232 -0.166035
v 0.482363 0.344356 -0.170443
v 0.495852 0.348133 -0.177147
v 0.504838 0.358549 -0.184351
v 0.506914 0.372815 -0.190124
v 0.501524 0.387108 -0.192919
v 0.490111 0.397598 -0.191988
v 0.491250 0.415290 -0.140058
v 0.476993 0.410769 -0.135881
v 0.467284 0.399652 -0.131054
v 0.464725 0.384918 -0.126870
v 0.470001 0.370514 -0.124451
v 0.481699 0.360300 -0.124445
v 0.496684 0.357014 -0.126853
v 0.510941 0.361535 -0.131030
v 0.520650 0.372652 -0.135858
v 0.523209 0.387386 -0.140041
v 0.517933 0.401790 -0.142460
v 0.506235 0.412003 -0.142467
v 0.496017 0.424378 -0.095816
v 0.481454 0.418986 -0.095802
v 0.471495 0.407156 -0.094385
v 0.468807 0.392057 -0.091944
v 0.474112 0.377736 -0.089133
v 0.485988 0.368029 -0.086705
v 0.501252 0.365537 -0.085311
v 0.515816 0.370929 -0.085324
v 0.525775 0.382759 -0.086741
v 0.528462 0.397858 -0.089182
v 0.523158 0.412180 -0.091994
v 0.511282 0.421887 -0.094421
v 0.486996 0.429712 -0.057785
v 0.474066 0.423453 -0.063683
v 0.465330 0.410973 -0.066696
v 0.463130 0.395615 -0.066017
v 0.468054 0.381496 -0.061829
v 0.478784 0.372398 -0.055252
v 0.492444 0.370759 -0.048050
v 0.505374 0.377018 -0.042153
v 0.514110 0.389498 -0.039139
v 0.516311 0.404856 -0.039818
v 0.511386 0.418975 -0.044007
v 0.500657 0.428073 -0.050583
v 0.461597 0.432314 -0.028472
v 0.453157 0.425528 -0.039602
v 0.447592 0.412676 -0.046310
v 0.446395 0.397200 -0.046800
v 0.449885 0.383249 -0.040941
v 0.457128 0.374560 -0.030302
v 0.466183 0.373461 -0.017734
v 0.474624 0.380247 -0.006604
v 0.480188 0.393100 0.000104
v 0.481386 0.408575 0.000595
v 0.477895 0.422526 -0.005265
v 0.470652 0.431215 -0.015904
v 0.416647 0.433209 -0.009598
v 0.413208 0.426271 -0.023058
v 0.411002 0.413316 -0.031332
v 0.410622 0.397816 -0.032203
v 0.412168 0.383924 -0.025437
v 0.415226 0.375362 -0.012848
v 0.418978 0.374425 0.002192
v 0.422417 0.381363 0.015653
v 0.424623 0.394318 0.023927
v 0.425004 0.409818 0.024798
v 0.423457 0.423710 0.018032
v 0.420399 0.432272 0.005442
v 0.348225 0.433312 -0.003340
v 0.348386 0.426355 -0.017223
v 0.348485 0.413388 -0.025767
v 0.348496 0.397886 -0.026684
v 0.348415 0.384003 -0.019727
v 0.348265 0.375458 -0.006761
v 0.348085 0.374541 0.008740
v 0.347924 0.381498 0.022622
v 0.347825 0.394464 0.031167
v 0.347814 0.409967 0.032083
v 0.347895 0.423850 0.025127
v 0.348045 0.432395 0.012161
v -0.348225 0.433312 0.003340
v -0.348386 0.426355 0.017223
v -0.348485 0.413388 0.025767
v -0.348496 0.397886 0.026684
v -0.348415 0.384003 0.019727
v -0.348265 0.375458 0.006762
v -0.348085 0.374541 -0.008739
v -0.347924 0.381498 -0.022622
v -0.347825 0.394464 -0.031167
v -0.347814 0.409967 -0.032083
v -0.347895 0.423850 -0.025127
v -0.348045 0.432395 -0.012161
v -0.345903 0.150004 0.389578
v -0.334923 0.150082 0.378597
v -0.330903 0.150110 0.363597
v -0.334923 0.150082 0.348597
v -0.345903 0.150004 0.337617
v -0.360903 0.149898 0.333597
v -0.375902 0.149791 0.337617
v -0.386883 0.149713 0.348597
v -0.390902 0.149685 0.363597
v -0.386883 0.149713 0.378597
v -0.375902 0.149791 0.389578
v -0.360903 0.149897 0.393597
v -0.345903 0.150004 0.389578
v -0.334923 0.150082 0.378597
v -0.330903 0.150110 0.363597
v -0.334923 0.150082 0.348597
v -0.345903 0.150004 0.337617
v -0.360903 0.149898 0.333597
v -0.375902 0.149791 0.337617
v -0.386883 0.149713 0.348597
v -0.390902 0.149685 0.363597
v -0.386883 0.149713 0.378597
v -0.375902 0.149791 0.389578
v -0.360903 0.149897 0.393597
v -0.353346 0.218111 0.381119
v -0.342307 0.217641 0.370207
v -0.337975 0.214769 0.355574
v -0.341511 0.210264 0.341139
v -0.351969 0.205333 0.330772
v -0.366545 0.201298 0.327249
v -0.381334 0.199239 0.331515
v -0.392374 0.199709 0.342426
v -0.396705 0.202582 0.357060
v -0.393169 0.207087 0.371494
v -0.382712 0.212018 0.381862
v -0.368136 0.216053 0.385385
v -0.372023 0.274918 0.357833
v -0.360772 0.273780 0.347190
v -0.355617 0.268308 0.333602
v -0.357939 0.259968 0.320709
v -0.367116 0.250996 0.311967
v -0.380689 0.243795 0.309718
v -0.395022 0.240294 0.314563
v -0.406273 0.241432 0.325206
v -0.411428 0.246904 0.338794
v -0.409106 0.255244 0.351687
v -0.399929 0.264216 0.360429
v -0.386356 0.271418 0.362679
v -0.397483 0.320206 0.323547
v -0.385857 0.318376 0.313415
v -0.379661 0.310977 0.301249
v -0.380553 0.299992 0.290309
v -0.388295 0.288364 0.283526
v -0.400812 0.279209 0.282719
v -0.414751 0.274980 0.288102
v -0.426376 0.276810 0.298234
v -0.432573 0.284209 0.310400
v -0.431681 0.295194 0.321340
v -0.423939 0.306822 0.328123
v -0.411421 0.315977 0.328930
v -0.425573 0.355286 0.281866
v -0.413443 0.352801 0.272493
v -0.406229 0.344082 0.261858
v -0.405865 0.331467 0.252810
v -0.412447 0.318335 0.247773
v -0.424213 0.308205 0.248096
v -0.438009 0.303791 0.253694
v -0.450139 0.306276 0.263067
v -0.457353 0.314994 0.273702
v -0.457717 0.327609 0.282750
v -0.451135 0.340742 0.287787
v -0.439369 0.350872 0.287464
v -0.452752 0.381879 0.235691
v -0.440000 0.378761 0.227396
v -0.431860 0.369101 0.218365
v -0.430512 0.355487 0.211017
v -0.436320 0.341567 0.207321
v -0.447725 0.331070 0.208268
v -0.461672 0.326810 0.213605
v -0.474425 0.329928 0.221900
v -0.482565 0.339588 0.230931
v -0.483912 0.353202 0.238279
v -0.478105 0.367123 0.241974
v -0.466700 0.377619 0.241027
v -0.475734 0.401474 0.187580
v -0.462245 0.397697 0.180876
v -0.453259 0.387281 0.173673
v -0.451183 0.373015 0.167900
v -0.456573 0.358722 0.165104
v -0.467986 0.348232 0.166035
v -0.482363 0.344356 0.170443
v -0.495852 0.348133 0.177147
v -0.504838 0.358549 0.184351
v -0.506914 0.372815 0.190124
v -0.501524 0.387108 0.192920
v -0.490111 0.397598 0.191989
v -0.491250 0.415290 0.140058
v -0.476993 0.410769 0.135881
v -0.467284 0.399652 0.131054
v -0.464725 0.384918 0.126870
v -0.470001 0.370514 0.124451
v -0.481699 0.360300 0.124445
v -0.496684 0.357014 0.126853
v -0.510941 0.361535 0.131031
v -0.520650 0.372652 0.135858
v -0.523209 0.387386 0.140041
v -0.517933 0.401790 0.142460
v -0.506235 0.412003 0.142467
v -0.496017 0.424378 0.095816
v -0.481454 0.418986 0.095802
v -0.471495 0.407156 0.094385
v -0.468807 0.392057 0.091944
v -0.474112 0.377736 0.089133
v -0.485988 0.368029 0.086705
v -0.501252 0.365537 0.085311
v -0.515816 0.370929 0.085324
v -0.525775 0.382759 0.086741
v -0.528462 0.397858 0.089183
v -0.523158 0.412180 0.091994
v -0.511282 0.421887 0.094422
v -0.486996 0.429712 0.057785
v -0.474066 0.423453 0.063683
v -0.465330 0.410973 0.066696
v -0.463130 0.395615 0.066017
v -0.468054 0.381496 0.061829
v -0.478784 0.372398 0.055252
v -0.492444 0.370759 0.048050
v -0.505374 0.377018 0.042153
v -0.514110 0.389498 0.039139
v -0.516311 0.404856 0.039818
v -0.511386 0.418975 0.044007
v -0.500657 0.428073 0.050583
v -0.461597 0.432314 0.028472
v -0.453157 0.425528 0.039602
v -0.447592 0.412676 0.046310
v -0.446395 0.397200 0.046800
v -0.449885 0.383249 0.040941
v -0.457128 0.374560 0.030302
v -0.466183 0.373461 0.017734
v -0.474624 0.380247 0.006604
v -0.480188 0.393100 -0.000104
v -0.481386 0.408575 -0.000594
v -0.477895 0.422526 0.005265
v -0.470652 0.431215 0.015904
v -0.416647 0.433209 0.009598
v -0.413208 0.426271 0.023058
v -0.411002 0.413316 0.031332
v -0.410622 0.397816 0.032203
v -0.412168 0.383924 0.025437
v -0.415226 0.375362 0.012848
v -0.418978 0.374425 -0.002192
v -0.422417 0.381363 -0.015653
v -0.424623 0.394318 -0.023927
v -0.425004 0.409818 -0.024798
v -0.423457 0.423710 -0.018032
v -0.420399 0.432272 -0.005442
v -0.348225 0.433312 0.003340
v -0.348386 0.426355 0.017223
v -0.348485 0.413388 0.025767
v -0.348496 0.397886 0.026684
v -0.348415 0.384003 0.019727
v -0.348265 0.375458 0.006762
v -0.348085 0.374541 -0.008739
v -0.347924 0.381498 -0.022622
v -0.347825 0.394464 -0.031167
v -0.347814 0.409967 -0.032083
v -0.347895 0.423850 -0.025127
v -0.348045 0.432395 -0.012161
vn 0.5328 -0.0000 -0.8462
vn -0.0000 1.0000 -0.0000
vn -0.0000 -1.0000 -0.0000
vn -0.7071 -0.0000 -0.7071
vn -0.8462 -0.0000 -0.5328
vn 0.8462 -0.0000 0.5328
vn -0.5328 -0.0000 0.8462
vn -0.9950 -0.0000 -0.1004
vn -0.0000 -0.0000 1.0000
vn 1.0000 -0.0000 -0.0000
vn -0.8462 -0.0000 0.5328
vn -0.5328 -0.0000 -0.8462
vn -0.2588 -0.0000 -0.9659
vn 0.5328 -0.0000 0.8462
vn -1.0000 -0.0000 -0.0000
vn -0.1004 -0.0000 -0.9950
vn -0.0000 -0.0000 -1.0000
vn 0.8462 -0.0000 -0.5328
vn -0.4439 -0.5485 -0.7086
vn -0.4439 0.5485 0.7086
vn 0.4439 -0.5485 0.7086
vn 0.4439 0.5485 -0.7086
vn 0.7086 -0.5485 -0.4439
vn -0.7086 0.5485 -0.4439
vn -0.7086 -0.5485 0.4439
vn 0.7086 0.5485 0.4439
vn -0.4439 -0.5485 0.7086
vn -0.6924 -0.7215 -0.0000
vn -0.4439 0.5485 -0.7086
vn -0.6924 0.7215 -0.0000
vn 0.4439 -0.5485 -0.7086
vn 0.6924 -0.7215 -0.0000
vn 0.4439 0.5485 0.7086
vn 0.6924 0.7215 -0.0000
vn -0.7086 -0.5485 -0.4439
vn -0.0000 -0.7215 -0.6924
vn 0.7086 0.5485 -0.4439
vn -0.0000 0.7215 -0.6924
vn 0.7086 -0.5485 0.4439
vn -0.0000 -0.7215 0.6924
vn -0.7086 0.5485 0.4439
vn -0.0000 0.7215 0.6924
vn -0.3474 -0.7193 0.6017
vn -0.1190 -0.7335 0.6693
vn -0.1063 -0.4019 0.9095
vn -0.4647 -0.3692 0.8048
vn -0.1190 0.7335 0.6693
vn -0.3474 0.7193 0.6017
vn -0.4647 0.3692 0.8048
vn -0.1063 0.4019 0.9095
vn -0.6017 -0.7193 0.3474
vn -0.8048 -0.3692 0.4647
vn -0.6017 0.7193 0.3474
vn -0.8048 0.3692 0.4647
vn -0.6693 -0.7335 0.1190
vn -0.9095 -0.4019 0.1063
vn -0.6693 0.7335 0.1190
vn -0.9095 0.4019 0.1063
vn -0.3474 0.7193 -0.6017
vn -0.1190 0.7335 -0.6693
vn -0.1063 0.4019 -0.9095
vn -0.4647 0.3692 -0.8048
vn -0.1190 -0.7335 -0.6693
vn -0.3474 -0.7193 -0.6017
vn -0.4647 -0.3692 -0.8048
vn -0.1063 -0.4019 -0.9095
vn -0.6017 0.7193 -0.3474
vn -0.8048 0.3692 -0.4647
vn -0.6017 -0.7193 -0.3474
vn -0.8048 -0.3692 -0.4647
vn -0.6693 0.7335 -0.1190
vn -0.9095 0.4019 -0.1063
vn -0.6693 -0.7335 -0.1190
vn -0.9095 -0.4019 -0.1063
vn 0.6017 0.7193 -0.3474
vn 0.6693 0.7335 -0.1190
vn 0.9095 0.4019 -0.1063
vn 0.8048 0.3692 -0.4647
vn 0.6693 -0.7335 -0.1190
vn 0.6017 -0.7193 -0.3474
vn 0.8048 -0.3692 -0.4647
vn 0.9095 -0.4019 -0.1063
vn 0.3474 0.7193 -0.6017
vn 0.4647 0.3692 -0.8048
vn 0.3474 -0.7193 -0.6017
vn 0.4647 -0.3692 -0.8048
vn 0.1190 0.7335 -0.6693
vn 0.1063 0.4019 -0.9095
vn 0.1190 -0.7335 -0.6693
vn 0.1063 -0.4019 -0.9095
vn 0.3474 0.7193 0.6017
vn 0.1190 0.7335 0.6693
vn 0.1063 0.4019 0.9095
vn 0.4647 0.3692 0.8048
vn 0.1190 -0.7335 0.6693
vn 0.3474 -0.7193 0.6017
vn 0.4647 -0.3692 0.8048
vn 0.1063 -0.4019 0.9095
vn 0.6017 0.7193 0.3474
vn 0.8048 0.3692 0.4647
vn 0.6017 -0.7193 0.3474
vn 0.8048 -0.3692 0.4647
vn 0.6693 0.7335 0.1190
vn 0.9095 0.4019 0.1063
vn 0.6693 -0.7335 0.1190
vn 0.9095 -0.4019 0.1063
vn -0.9042 -0.4271 -0.0002
vn -0.6352 -0.7723 -0.0004
vn 0.0002 -0.4271 0.9042
vn 0.0004 -0.7723 0.6352
vn -0.6352 0.7723 -0.0004
vn -0.9042 0.4271 -0.0002
vn 0.0004 0.7723 0.6352
vn 0.0002 0.4271 0.9042
vn 0.0004 -0.7723 -0.6352
vn 0.0002 -0.4271 -0.9042
vn 0.0004 0.7723 -0.6352
vn 0.0002 0.4271 -0.9042
vn -0.9042 -0.4271 0.0002
vn -0.6352 -0.7723 0.0004
vn -0.6352 0.7723 0.0004
vn -0.9042 0.4271 0.0002
vn -0.0004 -0.7723 0.6352
vn -0.0002 -0.4271 0.9042
vn -0.0004 0.7723 0.6352
vn -0.0002 0.4271 0.9042
vn 0.9042 -0.4271 -0.0002
vn 0.6352 -0.7723 -0.0004
vn 0.6352 0.7723 -0.0004
vn 0.9042 0.4271 -0.0002
vn 0.6352 -0.7723 0.0004
vn 0.9042 -0.4271 0.0002
vn 0.6352 0.7723 0.0004
vn 0.9042 0.4271 0.0002
vn -0.0002 -0.4271 -0.9042
vn -0.0004 -0.7723 -0.6352
vn -0.0004 0.7723 -0.6352
vn -0.0002 0.4271 -0.9042
vn -0.1305 -0.0000 0.9914
vn -0.5000 -0.0000 0.8660
vn -0.8660 -0.0000 0.5000
vn -0.9914 -0.0000 0.1305
vn -0.1305 -0.0000 -0.9914
vn -0.5000 -0.0000 -0.8660
vn -0.8660 -0.0000 -0.5000
vn -0.9914 -0.0000 -0.1305
vn 0.9914 -0.0000 -0.1305
vn 0.8660 -0.0000 -0.5000
vn 0.5000 -0.0000 -0.8660
vn 0.1305 -0.0000 -0.9914
vn 0.1305 -0.0000 0.9914
vn 0.5000 -0.0000 0.8660
vn 0.8660 -0.0000 0.5000
vn 0.9914 -0.0000 0.1305
vn -1.0000 -0.0000 0.0006
vn -1.0000 -0.0000 -0.0006
vn 1.0000 -0.0000 -0.0006
vn 0.0006 -0.0000 -1.0000
vn 0.0006 -0.0000 1.0000
vn -0.1292 -0.0000 0.9916
vn -0.4991 -0.0000 0.8665
vn -0.8665 -0.0000 0.4991
vn -0.9916 -0.0000 0.1292
vn -0.1292 -0.0000 -0.9916
vn -0.4991 -0.0000 -0.8665
vn -0.8665 -0.0000 -0.4991
vn -0.9916 -0.0000 -0.1292
vn 0.9916 -0.0000 -0.1292
vn 0.8665 -0.0000 -0.4991
vn 0.4991 -0.0000 -0.8665
vn 0.1292 -0.0000 -0.9916
vn 0.1292 -0.0000 0.9916
vn 0.4991 -0.0000 0.8665
vn 0.8665 -0.0000 0.4991
vn 0.9916 -0.0000 0.1292
vn -0.0006 -0.0000 1.0000
vn 1.0000 -0.0000 0.0006
vn -0.0006 -0.0000 -1.0000
vn 0.9917 -0.0000 -0.1287
vn 1.0000 -0.0000 0.0009
vn -0.0009 -0.0000 -1.0000
vn 0.1287 -0.0000 -0.9917
vn 1.0000 -0.0000 -0.0009
vn 0.9917 -0.0000 0.1287
vn -1.0000 -0.0000 0.0009
vn -0.9917 -0.0000 -0.1287
vn -0.9917 -0.0000 0.1287
vn -1.0000 -0.0000 -0.0009
vn -0.1287 -0.0000 -0.9917
vn 0.0009 -0.0000 -1.0000
vn 0.1287 -0.0000 0.9917
vn -0.0009 -0.0000 1.0000
vn 0.0009 -0.0000 1.0000
vn -0.1287 -0.0000 0.9917
vn -0.4988 -0.0000 0.8667
vn -0.8667 -0.0000 0.4988
vn -0.8667 -0.0000 -0.4988
vn -0.4988 -0.0000 -0.8667
vn 0.8667 -0.0000 0.4988
vn 0.8667 -0.0000 -0.4988
vn 0.4988 -0.0000 -0.8667
vn 0.4988 -0.0000 0.8667
vn -0.0014 1.0000 0.0052
vn -0.0066 1.0000 0.0066
vn -0.0052 1.0000 0.0014
vn -0.0014 1.0000 -0.0052
vn -0.0066 1.0000 -0.0066
vn -0.0052 1.0000 -0.0014
vn 0.0052 1.0000 -0.0014
vn 0.0066 1.0000 -0.0066
vn 0.0014 1.0000 -0.0052
vn 0.0014 1.0000 0.0052
vn 0.0066 1.0000 0.0066
vn 0.0052 1.0000 0.0014
vn -0.0037 1.0000 -0.0000
vn -0.0000 1.0000 0.0037
vn -0.0000 1.0000 -0.0037
vn 0.0037 1.0000 -0.0000
vn -0.0004 1.0000 -0.0018
vn 0.0018 1.0000 0.0004
vn -0.0004 1.0000 0.0018
vn 0.0018 1.0000 -0.0004
vn 0.0004 1.0000 0.0018
vn -0.0018 1.0000 -0.0004
vn 0.0004 1.0000 -0.0018
vn -0.0018 1.0000 0.0004
vn 0.9659 -0.0000 -0.2588
vn -0.0011 -0.0000 -1.0000
vn -0.9659 -0.0000 -0.2588
vn 0.1004 -0.0000 -0.9950
vn 0.9950 -0.0000 -0.1004
vn 1.0000 -0.0000 0.0011
vn 0.1004 -0.0000 0.9950
vn 0.2588 -0.0000 -0.9659
vn 0.9950 -0.0000 0.1004
vn -0.0011 -0.0000 1.0000
vn 0.7071 -0.0000 -0.7071
vn 1.0000 -0.0000 -0.0011
vn 0.0011 -0.0000 -1.0000
vn 0.2588 -0.0000 0.9659
vn -1.0000 -0.0000 0.0011
vn 0.7071 -0.0000 0.7071
vn -1.0000 -0.0000 -0.0011
vn 0.9659 -0.0000 0.2588
vn 0.0011 -0.0000 1.0000
vn -0.9659 -0.0000 0.2588
vn -0.1004 -0.0000 0.9950
vn -0.7071 -0.0000 0.7071
vn -0.9950 -0.0000 0.1004
vn -0.2588 -0.0000 0.9659
vn 0.0028 1.0000 0.0001
vn -0.0001 1.0000 -0.0028
vn 0.0028 1.0000 -0.0001
vn -0.0001 1.0000 0.0028
vn -0.0028 1.0000 -0.0001
vn 0.0001 1.0000 0.0028
vn -0.0028 1.0000 0.0001
vn 0.0001 1.0000 -0.0028
vn 0.9838 -0.0000 0.1790
vn 0.1790 -0.0000 0.9838
vn -0.0092 1.0000 -0.0003
vn 0.0003 1.0000 0.0092
vn -0.0092 1.0000 0.0003
vn 0.0003 1.0000 -0.0092
vn 0.0092 1.0000 0.0003
vn -0.0003 1.0000 -0.0092
vn 0.0092 1.0000 -0.0003
vn -0.0003 1.0000 0.0092
vn 0.0089 0.9999 -0.0089
vn -0.0089 0.9999 -0.0089
vn -0.0089 0.9999 0.0089
vn 0.0089 0.9999 0.0089
vn -0.1790 -0.0000 0.9838
vn -0.9838 -0.0000 0.1790
vn -0.1790 -0.0000 -0.9838
vn -0.9838 -0.0000 -0.1790
vn 0.1790 -0.0000 -0.9838
vn 0.9838 -0.0000 -0.1790
vn -0.1808 -0.3756 -0.9090
vn -0.1808 0.3756 -0.9090
vn -0.0000 0.3756 -0.9268
vn -0.0000 -0.3756 -0.9268
vn 0.3547 -0.3756 -0.8562
vn 0.3547 0.3756 -0.8562
vn 0.5139 0.3846 -0.7668
vn 0.5149 -0.3756 -0.7706
vn 0.6469 0.3921 -0.6541
vn 0.6553 -0.3756 -0.6553
vn 0.7667 0.3879 -0.5116
vn 0.7706 -0.3756 -0.5149
vn 0.8541 0.3806 -0.3545
vn 0.8562 -0.3756 -0.3547
vn 0.9090 0.3756 -0.1808
vn 0.9090 -0.3756 -0.1808
vn 0.9268 0.3756 -0.0000
vn 0.9268 -0.3756 -0.0000
vn 0.9090 0.3756 0.1808
vn 0.9090 -0.3756 0.1808
vn 0.8562 0.3756 0.3547
vn 0.8562 -0.3756 0.3547
vn 0.7706 0.3756 0.5149
vn 0.7706 -0.3756 0.5149
vn 0.6553 0.3756 0.6553
vn 0.6553 -0.3756 0.6553
vn 0.5149 0.3756 0.7706
vn 0.5149 -0.3756 0.7706
vn 0.3547 0.3756 0.8562
vn 0.3547 -0.3756 0.8562
vn 0.1808 0.3756 0.9090
vn 0.1808 -0.3756 0.9090
vn -0.0000 0.3756 0.9268
vn -0.0000 -0.3756 0.9268
vn -0.1808 0.3756 0.9090
vn -0.1808 -0.3756 0.9090
vn -0.3547 0.3756 0.8562
vn -0.3547 -0.3756 0.8562
vn -0.5149 0.3756 0.7706
vn -0.5149 -0.3756 0.7706
vn -0.6553 0.3756 0.6553
vn -0.6553 -0.3756 0.6553
vn -0.7706 0.3756 0.5149
vn -0.7706 -0.3756 0.5149
vn -0.8562 0.3756 0.3547
vn -0.8562 -0.3756 0.3547
vn -0.9090 0.3756 0.1808
vn -0.9090 -0.3756 0.1808
vn -0.9268 0.3756 -0.0000
vn -0.9268 -0.3756 -0.0000
vn -0.9090 0.3756 -0.1808
vn -0.9090 -0.3756 -0.1808
vn -0.8562 0.3756 -0.3547
vn -0.8562 -0.3756 -0.3547
vn -0.7706 0.3756 -0.5149
vn -0.7706 -0.3756 -0.5149
vn -0.6553 0.3756 -0.6553
vn -0.6553 -0.3756 -0.6553
vn -0.5149 0.3756 -0.7706
vn -0.5149 -0.3756 -0.7706
vn -0.3547 0.3756 -0.8562
vn -0.3547 -0.3756 -0.8562
vn 0.1808 -0.3756 -0.9090
vn 0.1808 0.3756 -0.9090
vn -0.9808 -0.0000 0.1951
vn 0.1376 -0.7088 -0.6918
vn -0.0000 -0.7088 -0.7054
vn -0.0000 0.7088 -0.7054
vn 0.1376 0.7088 -0.6918
vn 0.2699 -0.7088 -0.6517
vn 0.2699 0.7088 -0.6517
vn 0.3919 -0.7088 -0.5865
vn 0.3861 0.7230 -0.5729
vn 0.4988 -0.7088 -0.4988
vn 0.4919 0.7341 -0.4681
vn 0.5865 -0.7088 -0.3919
vn 0.5669 0.7288 -0.3841
vn 0.6517 -0.7088 -0.2699
vn 0.6437 0.7167 -0.2683
vn 0.6918 -0.7088 -0.1376
vn 0.6918 0.7088 -0.1376
vn 0.7054 -0.7088 -0.0000
vn 0.7054 0.7088 -0.0000
vn 0.6918 -0.7088 0.1376
vn 0.6918 0.7088 0.1376
vn 0.6517 -0.7088 0.2699
vn 0.6517 0.7088 0.2699
vn 0.5865 -0.7088 0.3919
vn 0.5865 0.7088 0.3919
vn 0.4988 -0.7088 0.4988
vn 0.4988 0.7088 0.4988
vn 0.3919 -0.7088 0.5865
vn 0.3919 0.7088 0.5865
vn 0.2699 -0.7088 0.6517
vn 0.2699 0.7088 0.6517
vn 0.1376 -0.7088 0.6918
vn 0.1376 0.7088 0.6918
vn -0.0000 -0.7088 0.7054
vn -0.0000 0.7088 0.7054
vn -0.1376 -0.7088 0.6918
vn -0.1376 0.7088 0.6918
vn -0.2699 -0.7088 0.6517
vn -0.2699 0.7088 0.6517
vn -0.3919 -0.7088 0.5865
vn -0.3919 0.7088 0.5865
vn -0.4988 -0.7088 0.4988
vn -0.4988 0.7088 0.4988
vn -0.5865 -0.7088 0.3919
vn -0.5865 0.7088 0.3919
vn -0.6517 -0.7088 0.2699
vn -0.6517 0.7088 0.2699
vn -0.6918 -0.7088 0.1376
vn -0.6918 0.7088 0.1376
vn -0.7054 -0.7088 -0.0000
vn -0.7054 0.7088 -0.0000
vn -0.6918 -0.7088 -0.1376
vn -0.6918 0.7088 -0.1376
vn -0.6517 -0.7088 -0.2699
vn -0.6517 0.7088 -0.2699
vn -0.5865 -0.7088 -0.3919
vn -0.5865 0.7088 -0.3919
vn -0.4988 -0.7088 -0.4988
vn -0.4988 0.7088 -0.4988
vn -0.3919 -0.7088 -0.5865
vn -0.3919 0.7088 -0.5865
vn -0.2699 -0.7088 -0.6517
vn -0.2699 0.7088 -0.6517
vn -0.1376 -0.7088 -0.6918
vn -0.1376 0.7088 -0.6918
vn 0.8315 -0.0000 0.5556
vn 0.9239 -0.0000 0.3827
vn -0.9808 -0.0000 -0.1951
vn -0.9239 -0.0000 -0.3827
vn 0.5556 -0.0000 0.8315
vn -0.8315 -0.0000 -0.5556
vn 0.3827 -0.0000 0.9239
vn 0.1951 -0.0000 -0.9808
vn 0.1951 -0.0000 0.9808
vn 0.3827 -0.0000 -0.9239
vn -0.5556 -0.0000 -0.8315
vn 0.5563 -0.0027 -0.8310
vn -0.3827 -0.0000 -0.9239
vn -0.1951 -0.0000 0.9808
vn 0.7170 0.0158 -0.6969
vn 0.6982 0.0107 -0.7158
vn -0.1951 -0.0000 -0.9808
vn -0.3827 -0.0000 0.9239
vn 0.8309 0.0221 -0.5560
vn 0.8338 0.0216 -0.5516
vn -0.5556 -0.0000 0.8315
vn 0.9246 0.0059 -0.3809
vn 0.9808 -0.0000 -0.1951
vn -0.8315 -0.0000 0.5556
vn -0.9239 -0.0000 0.3827
vn 0.9808 -0.0000 0.1951
vn -0.9403 -0.1861 -0.2849
vn -0.7730 -0.0000 -0.6344
vn 0.8819 -0.0000 0.4714
vn -0.8819 -0.0000 0.4714
vn 0.9569 -0.0000 -0.2903
vn 0.2930 -0.0000 -0.9561
vn 0.4714 -0.0000 0.8819
vn 0.4714 -0.0000 -0.8819
vn -0.2903 -0.0000 -0.9569
vn -0.6344 -0.0000 -0.7730
vn -0.8819 -0.0000 -0.4714
vn 0.2903 -0.0000 -0.9569
vn -0.9569 -0.0000 -0.2903
vn -0.1113 0.8220 0.5584
vn -0.0003 0.8223 0.5690
vn -0.9780 -0.1852 -0.0963
vn -0.2457 -0.8979 -0.3653
vn -0.3147 -0.8962 -0.3128
vn -0.6064 -0.5132 -0.6074
vn -0.4758 -0.5148 -0.7132
vn -0.9569 -0.0000 0.2903
vn 0.2361 -0.9049 -0.3541
vn 0.2016 -0.9039 -0.3772
vn 0.4018 -0.5229 -0.7517
vn 0.4743 -0.5213 -0.7095
vn -0.2075 -0.8979 -0.3882
vn -0.4066 -0.5060 -0.7607
vn 0.8817 0.3448 0.3219
vn 0.5434 0.8231 0.1648
vn 0.5543 0.8249 0.1106
vn 0.3004 -0.9052 -0.3006
vn 0.6033 -0.5216 -0.6033
vn -0.3586 -0.0425 -0.9325
vn -0.9780 -0.1852 0.0963
vn 0.3534 -0.9052 -0.2360
vn 0.7094 -0.5216 -0.4741
vn 0.5648 0.8252 0.0003
vn -0.2556 -0.8882 0.3818
vn -0.2171 -0.8876 0.4062
vn -0.4081 -0.5005 0.7635
vn -0.4790 -0.5060 0.7173
vn 0.3764 -0.9043 -0.2012
vn 0.7523 -0.5220 -0.4021
vn -0.3255 -0.8878 0.3253
vn -0.6100 -0.5057 0.6101
vn -0.9363 0.0260 -0.3502
vn -0.3825 -0.8878 0.2558
vn -0.7174 -0.5057 0.4793
vn -0.9403 -0.1861 0.2849
vn -0.4072 -0.8870 0.2177
vn -0.7630 -0.5015 0.4078
vn 0.5537 0.8254 -0.1099
vn 0.0963 -0.1852 0.9780
vn 0.8791 0.3528 -0.3205
vn 0.5517 0.8171 -0.1673
vn 0.3626 -0.8995 0.2438
vn 0.3854 -0.8995 0.2060
vn 0.7596 -0.5081 0.4060
vn 0.7124 -0.5163 0.4753
vn 0.2849 -0.1861 0.9403
vn 0.3104 -0.8979 0.3123
vn 0.6067 -0.5148 0.6058
vn 0.9569 -0.0000 0.2903
vn 0.2454 -0.8962 0.3697
vn 0.4774 -0.5132 0.7133
vn -0.3725 -0.8944 -0.2473
vn -0.3974 -0.8927 -0.2124
vn -0.7554 -0.5161 -0.4038
vn -0.7141 -0.5116 -0.4779
vn 0.2108 -0.8945 0.3944
vn 0.4032 -0.5182 0.7543
vn -0.9422 -0.0271 -0.3341
vn -0.8804 0.3484 0.3218
vn 0.5563 0.6174 -0.5562
vn 0.6541 0.6174 -0.4371
vn 0.9217 0.0416 -0.3857
vn -0.3745 0.6074 0.7006
vn -0.4390 0.6127 0.6572
vn 0.6937 0.6175 -0.3708
vn -0.5589 0.6126 0.5589
vn -0.2849 -0.1861 0.9403
vn -0.6572 0.6126 0.4391
vn -0.0963 -0.1852 0.9780
vn -0.6998 0.6086 0.3741
vn 0.3203 0.3540 -0.8787
vn 0.1678 0.8158 -0.5534
vn 0.1099 0.8252 -0.5540
vn -0.9467 -0.0193 0.3216
vn 0.9403 -0.1861 0.2849
vn 0.7004 0.6077 0.3744
vn 0.6553 0.6157 0.4376
vn -0.0003 0.8249 -0.5653
vn 0.5576 0.6153 0.5573
vn -0.3414 0.0221 0.9397
vn 0.4384 0.6148 0.6556
vn -0.6929 0.6186 -0.3704
vn -0.6559 0.6143 -0.4386
vn 0.3700 0.6196 0.6922
vn 0.9780 -0.1852 0.0963
vn -0.5575 0.6148 -0.5578
vn -0.1107 0.8246 -0.5548
vn 0.9780 -0.1852 -0.0963
vn -0.4378 0.6153 -0.6556
vn 0.3704 0.6187 -0.6929
vn 0.4371 0.6173 -0.6541
vn -0.3747 0.6067 -0.7011
vn -0.3221 0.3443 -0.8819
vn -0.1648 0.8232 -0.5433
vn 0.9403 -0.1861 -0.2849
vn 0.9304 -0.0457 0.3637
vn -0.3698 0.0346 -0.9285
vn -0.3219 0.3473 0.8808
vn -0.3365 0.7958 0.5035
vn -0.4283 0.7957 0.4283
vn -0.5036 0.7957 0.3365
vn 0.3750 -0.0529 -0.9255
vn -0.9404 0.0212 0.3393
vn -0.2903 -0.0000 0.9569
vn -0.8778 0.3561 -0.3204
vn -0.5600 0.8109 -0.1698
vn -0.5581 0.8223 -0.1107
vn -0.5023 0.7971 -0.3352
vn -0.4269 0.7975 -0.4264
vn -0.3352 0.7979 -0.5010
vn 0.9245 -0.0543 -0.3773
vn 0.2849 -0.1861 -0.9403
vn -0.5694 0.8220 0.0002
vn 0.9267 0.0365 0.3741
vn 0.3334 0.7997 -0.4992
vn 0.4244 0.7998 -0.4245
vn 0.4991 0.7998 -0.3334
vn 0.0963 -0.1852 -0.9780
vn -0.5588 0.8218 0.1113
vn -0.3241 -0.0209 0.9458
vn -0.0963 -0.1852 -0.9780
vn 0.5006 0.7983 0.3349
vn 0.4260 0.7979 0.4265
vn 0.3349 0.7975 0.5018
vn 0.3203 0.3567 0.8776
vn 0.2903 -0.0000 0.9569
vn -0.5520 0.8169 0.1674
vn 0.8315 -0.0000 -0.5556
vn 0.9239 -0.0000 -0.3827
vn 0.5556 -0.0000 -0.8315
vn -0.7030 0.6488 0.2912
vn -0.6327 0.6488 0.4228
vn 0.5149 0.3756 -0.7706
vn 0.6553 0.3756 -0.6553
vn 0.7706 0.3756 -0.5149
vn 0.8562 0.3756 -0.3547
vn 0.3919 0.7088 -0.5865
vn 0.4988 0.7088 -0.4988
vn 0.5865 0.7088 -0.3919
vn 0.6517 0.7088 -0.2699
vn 0.5381 0.6488 -0.5381
vn 0.4228 0.6488 -0.6327
vn -0.7463 0.6488 0.1485
vn 0.6327 0.6488 -0.4228
vn -0.7610 0.6488 -0.0000
vn 0.7030 0.6488 -0.2912
vn -0.7463 0.6488 -0.1485
vn 0.7463 0.6488 -0.1485
vn -0.7030 0.6488 -0.2912
vn 0.7610 0.6488 -0.0000
vn -0.6327 0.6488 -0.4228
vn 0.7463 0.6488 0.1485
vn -0.5381 0.6488 -0.5381
vn 0.7030 0.6488 0.2912
vn -0.4228 0.6488 -0.6327
vn 0.6327 0.6488 0.4228
vn -0.2912 0.6488 -0.7030
vn -0.1485 0.6488 0.7463
vn -0.0000 0.6488 0.7610
vn 0.5381 0.6488 0.5381
vn -0.1485 0.6488 -0.7463
vn -0.2912 0.6488 0.7030
vn 0.4228 0.6488 0.6327
vn -0.0000 0.6488 -0.7610
vn -0.4228 0.6488 0.6327
vn 0.2912 0.6488 0.7030
vn 0.1485 0.6488 -0.7463
vn -0.5381 0.6488 0.5381
vn 0.1485 0.6488 0.7463
vn 0.2912 0.6488 -0.7030
vn 0.0972 -0.8639 0.4942
vn 0.1461 -0.8636 0.4826
vn 0.2539 -0.4791 0.8403
vn 0.1709 -0.4820 0.8594
vn -0.2531 -0.4837 0.8378
vn -0.1704 -0.4800 0.8606
vn -0.1577 0.5849 0.7957
vn -0.2337 0.5895 0.7732
vn 0.1414 -0.8728 -0.4671
vn 0.0943 -0.8734 -0.4778
vn 0.1699 -0.4899 -0.8551
vn 0.2522 -0.4894 -0.8348
vn -0.0008 -0.8626 0.5059
vn 0.0004 -0.4807 0.8769
vn -0.0996 -0.8615 0.4980
vn -0.0965 -0.8712 -0.4814
vn -0.1431 -0.8695 -0.4727
vn -0.2515 -0.4941 -0.8323
vn -0.1694 -0.4880 -0.8562
vn -0.1479 -0.8599 0.4886
vn -0.0008 -0.8724 -0.4889
vn 0.0004 -0.4889 -0.8723
vn 0.4764 -0.8742 -0.0942
vn 0.4659 -0.8735 -0.1411
vn 0.8340 -0.4909 -0.2520
vn 0.8547 -0.4906 -0.1698
vn 0.4871 -0.8734 0.0006
vn 0.8719 -0.4897 -0.0003
vn 0.4793 -0.8724 0.0960
vn 0.8557 -0.4890 0.1693
vn -0.4995 -0.8606 0.0997
vn -0.4898 -0.8591 0.1483
vn -0.8386 -0.4822 0.2534
vn -0.8610 -0.4792 0.1705
vn 0.4705 -0.8708 0.1425
vn 0.8319 -0.4948 0.2514
vn -0.5078 -0.8614 0.0007
vn -0.8774 -0.4798 -0.0003
vn -0.4964 -0.8626 -0.0977
vn -0.8600 -0.4809 -0.1710
vn -0.4849 -0.8622 -0.1468
vn -0.8406 -0.4783 -0.2540
vn -0.1572 0.5881 -0.7934
vn 0.0002 0.5884 -0.8086
vn 0.7728 0.5902 -0.2335
vn 0.7926 0.5892 -0.1573
vn 0.8083 0.5887 -0.0001
vn 0.7931 0.5885 0.1571
vn -0.7740 0.5884 0.2339
vn -0.7959 0.5846 0.1577
vn 0.7694 0.5950 0.2325
vn -0.8112 0.5847 -0.0002
vn -0.7953 0.5852 -0.1580
vn -0.7774 0.5835 -0.2349
vn 0.1574 0.5889 -0.7927
vn 0.2349 0.5836 0.7773
vn 0.1579 0.5857 0.7950
vn 0.2337 0.5891 -0.7735
vn 0.0002 0.5851 0.8110
vn -0.2325 0.5949 -0.7694
vn -0.1669 0.8180 0.5504
vn 0.1699 0.8108 0.5602
vn 0.1106 0.8226 0.5577
vn 0.3547 0.0279 0.9346
vn 0.3395 -0.0305 0.9401
vn -0.2849 -0.1861 -0.9403
vn 0.3839 0.0408 -0.9225
vn -0.0001 -1.0000 -0.0000
vn 0.0001 -1.0000 -0.0000
vn 0.0001 1.0000 -0.0000
vn -0.2930 -0.0000 -0.9561
vn -0.2930 -0.0000 0.9561
vn 0.9561 -0.0000 -0.2930
vn -0.0980 -0.0000 0.9952
vn -0.9561 -0.0000 0.2930
vn -0.0980 -0.0000 -0.9952
vn 0.9561 -0.0000 0.2930
vn -0.9561 -0.0000 -0.2930
vn 0.2930 -0.0000 0.9561
vn 0.0980 -0.0000 -0.9952
vn -0.0001 1.0000 -0.0000
vn 0.1988 0.7049 0.6808
vn -0.6808 0.7049 -0.1988
vn 0.6808 0.7049 -0.1988
vn -0.1988 0.7049 0.6808
vn -0.1988 -0.7049 0.6808
vn 0.6808 -0.7049 -0.1988
vn -0.6808 -0.7049 -0.1988
vn 0.1988 -0.7049 0.6808
vn 0.1988 0.7049 -0.6808
vn -0.6808 0.7049 0.1988
vn -0.6808 -0.7049 0.1988
vn 0.1988 -0.7049 -0.6808
vn 0.6808 0.7049 0.1988
vn 0.6808 -0.7049 0.1988
vn -0.1988 0.7049 -0.6808
vn -0.1988 -0.7049 -0.6808
vn -0.9952 -0.0000 -0.0980
vn 0.0980 -0.0000 0.9952
vn 0.9952 -0.0000 -0.0980
vn 0.9952 -0.0000 0.0980
vn -0.9952 -0.0000 0.0980
vn 0.0991 -0.0000 -0.9951
vn 0.0991 -0.0000 0.9951
vn -0.0991 -0.0000 0.9951
vn -0.0991 -0.0000 -0.9951
vn 0.9951 -0.0000 -0.0991
vn 0.9951 -0.0000 0.0991
vn -0.9951 -0.0000 0.0991
vn -0.9951 -0.0000 -0.0991
vn -0.4714 -0.0000 -0.8819
vn -0.4714 -0.0000 0.8819
vn 0.8819 -0.0000 -0.4714
vn 0.6344 -0.0000 -0.7730
vn 0.7730 -0.0000 -0.6344
vn 0.7730 -0.0000 0.6344
vn 0.6344 -0.0000 0.7730
vn -0.6344 -0.0000 0.7730
vn -0.7730 -0.0000 0.6344
vn 0.7740 -0.0000 0.6331
vn 0.6331 -0.0000 0.7740
vn 0.6331 -0.0000 -0.7740
vn 0.7740 -0.0000 -0.6331
vn -0.6331 -0.0000 0.7740
vn -0.7740 -0.0000 0.6331
vn -0.7740 -0.0000 -0.6331
vn -0.6331 -0.0000 -0.7740
vn -0.7728 -0.0000 0.6346
vn 0.6346 -0.0000 -0.7728
vn 0.7728 -0.0000 -0.6346
vn 0.7728 -0.0000 0.6346
vn 0.6346 -0.0000 0.7728
vn -0.6346 -0.0000 0.7728
vn -0.7728 -0.0000 -0.6346
vn -0.6346 -0.0000 -0.7728
vn 0.7745 -0.0000 0.6326
vn 0.6326 -0.0000 0.7745
vn -0.7745 -0.0000 -0.6326
vn -0.6326 -0.0000 -0.7745
vn 0.6326 -0.0000 -0.7745
vn 0.7745 -0.0000 -0.6326
vn -0.6326 -0.0000 0.7745
vn -0.7745 -0.0000 0.6326
vn -0.0000 0.0980 -0.9952
vn -0.0000 -0.4714 -0.8819
vn -0.0000 -0.6344 -0.7730
vn -0.0000 -0.7730 -0.6344
vn -0.0000 -0.8819 -0.4714
vn -0.0000 -0.9569 -0.2903
vn -0.0000 -0.9952 -0.0980
vn -0.0000 -0.9952 0.0980
vn -0.0000 -0.9569 0.2903
vn -0.0000 -0.8819 0.4714
vn -0.0000 -0.7730 0.6344
vn -0.0000 -0.6344 0.7730
vn -0.0000 -0.4714 0.8819
vn -0.0000 -0.2903 0.9569
vn -0.0000 -0.0980 0.9952
vn -0.0000 0.0980 0.9952
vn -0.0000 0.2903 0.9569
vn -0.0000 0.4714 0.8819
vn -0.0000 0.6344 0.7730
vn -0.0000 0.7730 0.6344
vn -0.0000 0.8819 0.4714
vn -0.0000 0.9569 0.2903
vn -0.0000 0.9952 0.0980
vn -0.0000 0.9952 -0.0980
vn -0.0000 0.9569 -0.2903
vn -0.0000 0.8819 -0.4714
vn -0.0000 0.7730 -0.6344
vn -0.0000 0.6344 -0.7730
vn -0.0000 0.4714 -0.8819
vn -0.0000 0.2903 -0.9569
vn -0.0000 -0.0980 -0.9952
vn -0.0000 -0.2903 -0.9569
vn 0.7071 -0.0693 -0.7037
vn 0.7071 -0.2053 -0.6767
vn 0.7071 -0.3333 -0.6236
vn 0.7071 -0.4486 -0.5466
vn 0.7071 -0.5466 -0.4486
vn 0.7071 -0.6236 -0.3333
vn 0.7071 -0.6767 -0.2053
vn 0.7071 -0.7037 -0.0693
vn 0.7071 -0.7037 0.0693
vn 0.7071 -0.6767 0.2053
vn 0.7071 -0.6236 0.3333
vn 0.7071 -0.5466 0.4486
vn 0.7071 -0.4486 0.5466
vn 0.7071 -0.3333 0.6236
vn 0.7071 -0.2053 0.6767
vn 0.7071 -0.0693 0.7037
vn 0.7071 0.0693 0.7037
vn 0.7071 0.2053 0.6767
vn 0.7071 0.3333 0.6236
vn 0.7071 0.4486 0.5466
vn 0.7071 0.5466 0.4486
vn 0.7071 0.6236 0.3333
vn 0.7071 0.6767 0.2053
vn 0.7071 0.7037 0.0693
vn 0.7071 0.7037 -0.0693
vn 0.7071 0.6767 -0.2053
vn 0.7071 0.6236 -0.3333
vn 0.7071 0.5466 -0.4486
vn 0.7071 0.4486 -0.5466
vn 0.7071 0.3333 -0.6236
vn 0.7071 0.2053 -0.6767
vn 0.7071 0.0693 -0.7037
vn -0.9952 0.0980 -0.0000
vn -0.8819 -0.4714 -0.0000
vn -0.7730 -0.6344 -0.0000
vn -0.6344 -0.7730 -0.0000
vn -0.4714 -0.8819 -0.0000
vn -0.2903 -0.9569 -0.0000
vn -0.0980 -0.9952 -0.0000
vn 0.0980 -0.9952 -0.0000
vn 0.2903 -0.9569 -0.0000
vn 0.4714 -0.8819 -0.0000
vn 0.6344 -0.7730 -0.0000
vn 0.7730 -0.6344 -0.0000
vn 0.8819 -0.4714 -0.0000
vn 0.9569 -0.2903 -0.0000
vn 0.9952 -0.0980 -0.0000
vn 0.9952 0.0980 -0.0000
vn 0.9569 0.2903 -0.0000
vn 0.8819 0.4714 -0.0000
vn 0.7730 0.6344 -0.0000
vn 0.6344 0.7730 -0.0000
vn 0.4714 0.8819 -0.0000
vn 0.2903 0.9569 -0.0000
vn 0.0980 0.9952 -0.0000
vn -0.0980 0.9952 -0.0000
vn -0.2903 0.9569 -0.0000
vn -0.4714 0.8819 -0.0000
vn -0.6344 0.7730 -0.0000
vn -0.7730 0.6344 -0.0000
vn -0.8819 0.4714 -0.0000
vn -0.9569 0.2903 -0.0000
vn -0.9952 -0.0980 -0.0000
vn -0.9569 -0.2903 -0.0000
vn -0.7037 -0.0693 -0.7071
vn -0.6767 -0.2053 -0.7071
vn -0.6236 -0.3333 -0.7071
vn -0.5466 -0.4486 -0.7071
vn -0.4486 -0.5466 -0.7071
vn -0.3333 -0.6236 -0.7071
vn -0.2053 -0.6767 -0.7071
vn -0.0693 -0.7037 -0.7071
vn 0.0693 -0.7037 -0.7071
vn 0.2053 -0.6767 -0.7071
vn 0.3333 -0.6236 -0.7071
vn 0.4486 -0.5466 -0.7071
vn 0.5466 -0.4486 -0.7071
vn 0.6236 -0.3333 -0.7071
vn 0.6767 -0.2053 -0.7071
vn 0.7037 -0.0693 -0.7071
vn 0.7037 0.0693 -0.7071
vn 0.6767 0.2053 -0.7071
vn 0.6236 0.3333 -0.7071
vn 0.5466 0.4486 -0.7071
vn 0.4486 0.5466 -0.7071
vn 0.3333 0.6236 -0.7071
vn 0.2053 0.6767 -0.7071
vn 0.0693 0.7037 -0.7071
vn -0.0693 0.7037 -0.7071
vn -0.2053 0.6767 -0.7071
vn -0.3333 0.6236 -0.7071
vn -0.4486 0.5466 -0.7071
vn -0.5466 0.4486 -0.7071
vn -0.6236 0.3333 -0.7071
vn -0.6767 0.2053 -0.7071
vn -0.7037 0.0693 -0.7071
vn 0.7037 -0.0693 0.7071
vn 0.6767 -0.2053 0.7071
vn 0.6236 -0.3333 0.7071
vn 0.5466 -0.4486 0.7071
vn 0.4486 -0.5466 0.7071
vn 0.3333 -0.6236 0.7071
vn 0.2053 -0.6767 0.7071
vn 0.0693 -0.7037 0.7071
vn -0.0693 -0.7037 0.7071
vn -0.2053 -0.6767 0.7071
vn -0.3333 -0.6236 0.7071
vn -0.4486 -0.5466 0.7071
vn -0.5466 -0.4486 0.7071
vn -0.6236 -0.3333 0.7071
vn -0.6767 -0.2053 0.7071
vn -0.7037 -0.0693 0.7071
vn -0.7037 0.0693 0.7071
vn -0.6767 0.2053 0.7071
vn -0.6236 0.3333 0.7071
vn -0.5466 0.4486 0.7071
vn -0.4486 0.5466 0.7071
vn -0.3333 0.6236 0.7071
vn -0.2053 0.6767 0.7071
vn -0.0693 0.7037 0.7071
vn 0.0693 0.7037 0.7071
vn 0.2053 0.6767 0.7071
vn 0.3333 0.6236 0.7071
vn 0.4486 0.5466 0.7071
vn 0.5466 0.4486 0.7071
vn 0.6236 0.3333 0.7071
vn 0.6767 0.2053 0.7071
vn 0.7037 0.0693 0.7071
vn -0.7071 -0.0693 0.7037
vn -0.7071 -0.2053 0.6767
vn -0.7071 -0.3333 0.6236
vn -0.7071 -0.4486 0.5466
vn -0.7071 -0.5466 0.4486
vn -0.7071 -0.6236 0.3333
vn -0.7071 -0.6767 0.2053
vn -0.7071 -0.7037 0.0693
vn -0.7071 -0.7037 -0.0693
vn -0.7071 -0.6767 -0.2053
vn -0.7071 -0.6236 -0.3333
vn -0.7071 -0.5466 -0.4486
vn -0.7071 -0.4486 -0.5466
vn -0.7071 -0.3333 -0.6236
vn -0.7071 -0.2053 -0.6767
vn -0.7071 -0.0693 -0.7037
vn -0.7071 0.0693 -0.7037
vn -0.7071 0.2053 -0.6767
vn -0.7071 0.3333 -0.6236
vn -0.7071 0.4486 -0.5466
vn -0.7071 0.5466 -0.4486
vn -0.7071 0.6236 -0.3333
vn -0.7071 0.6767 -0.2053
vn -0.7071 0.7037 -0.0693
vn -0.7071 0.7037 0.0693
vn -0.7071 0.6767 0.2053
vn -0.7071 0.6236 0.3333
vn -0.7071 0.5466 0.4486
vn -0.7071 0.4486 0.5466
vn -0.7071 0.3333 0.6236
vn -0.7071 0.2053 0.6767
vn -0.7071 0.0693 0.7037
vn -0.0115 -0.0000 -0.9999
vn -0.0000 -0.9999 -0.0139
vn 0.8630 0.0766 -0.4994
vn 0.8574 0.1476 -0.4930
vn 0.9937 0.1117 -0.0006
vn 0.9985 0.0548 -0.0066
vn 0.5023 0.0783 -0.8611
vn 0.4964 0.1447 -0.8559
vn 0.0088 0.0596 -0.9982
vn 0.0042 0.1039 -0.9946
vn -0.4901 0.0249 -0.8713
vn -0.4911 0.0353 -0.8704
vn -0.8603 -0.0166 -0.5095
vn -0.8576 -0.0430 -0.5124
vn -0.9985 -0.0538 -0.0082
vn -0.9938 -0.1102 -0.0139
vn -0.8649 -0.0764 0.4961
vn -0.8590 -0.1475 0.4903
vn -0.4954 -0.0782 0.8652
vn -0.4886 -0.1444 0.8605
vn 0.0091 -0.0586 0.9982
vn 0.0145 -0.1018 0.9947
vn 0.5100 -0.0232 0.8599
vn 0.5113 -0.0319 0.8588
vn 0.8712 0.0184 0.4907
vn 0.8685 0.0462 0.4936
vn 0.8341 0.2852 -0.4721
vn 0.9743 0.2244 0.0169
vn 0.4752 0.2712 -0.8371
vn -0.0097 0.1858 -0.9825
vn -0.4940 0.0507 -0.8680
vn -0.8484 -0.0987 -0.5200
vn -0.9746 -0.2221 -0.0294
vn -0.8349 -0.2853 0.4708
vn -0.4664 -0.2703 0.8422
vn 0.0284 -0.1816 0.9830
vn 0.5132 -0.0442 0.8571
vn 0.8581 0.1043 0.5027
vn 0.7972 0.4111 -0.4421
vn 0.9420 0.3327 0.0432
vn 0.4428 0.3815 -0.8114
vn -0.0292 0.2513 -0.9675
vn -0.4956 0.0536 -0.8669
vn -0.8310 -0.1595 -0.5329
vn -0.9424 -0.3303 -0.0528
vn -0.7967 -0.4114 0.4428
vn -0.4332 -0.3799 0.8173
vn 0.0472 -0.2451 0.9683
vn 0.5126 -0.0448 0.8574
vn 0.8389 0.1664 0.5182
vn 0.7508 0.5193 -0.4081
vn 0.8984 0.4327 0.0754
vn 0.4054 0.4693 -0.7845
vn -0.0485 0.2949 -0.9543
vn -0.4913 0.0411 -0.8700
vn -0.8036 -0.2250 -0.5510
vn -0.8987 -0.4310 -0.0811
vn -0.7487 -0.5197 0.4115
vn -0.3948 -0.4666 0.7915
vn 0.0651 -0.2871 0.9557
vn 0.5055 -0.0312 0.8623
vn 0.8094 0.2318 0.5396
vn 0.7005 0.6070 -0.3753
vn 0.8449 0.5234 0.1101
vn 0.3706 0.5305 -0.7624
vn -0.0591 0.3126 -0.9480
vn -0.4747 0.0101 -0.8801
vn -0.7634 -0.2965 -0.5739
vn -0.8450 -0.5232 -0.1108
vn -0.6963 -0.6073 0.3826
vn -0.3587 -0.5261 0.7710
vn 0.0743 -0.3032 0.9500
vn 0.4857 -0.0001 0.8741
vn 0.7667 0.3018 0.5666
vn 0.6520 0.6735 -0.3482
vn 0.7817 0.6067 0.1445
vn 0.3487 0.5619 -0.7501
vn -0.0493 0.2996 -0.9528
vn -0.4357 -0.0446 -0.8990
vn -0.7045 -0.3780 -0.6006
vn -0.7814 -0.6086 -0.1380
vn -0.6453 -0.6730 0.3616
vn -0.3352 -0.5547 0.7615
vn 0.0631 -0.2881 0.9555
vn 0.4430 0.0537 0.8949
vn 0.7051 0.3804 0.5984
vn 0.6132 0.7176 -0.3301
vn 0.7055 0.6867 0.1753
vn 0.3559 0.5576 -0.7499
vn 0.0007 0.2465 -0.9691
vn -0.3560 -0.1332 -0.9249
vn -0.6154 -0.4776 -0.6270
vn -0.7058 -0.6908 -0.1571
vn -0.6040 -0.7141 0.3540
vn -0.3409 -0.5443 0.7665
vn 0.0105 -0.2310 0.9729
vn 0.3577 0.1411 0.9231
vn 0.6114 0.4758 0.6323
vn 0.5974 0.7353 -0.3201
vn 0.6092 0.7688 0.1946
vn 0.4217 0.5049 -0.7531
vn 0.1278 0.1356 -0.9825
vn -0.2016 -0.2737 -0.9404
vn -0.4741 -0.6087 -0.6362
vn -0.6152 -0.7728 -0.1561
vn -0.5896 -0.7220 0.3621
vn -0.4089 -0.4781 0.7773
vn -0.1238 -0.1120 0.9860
vn 0.1922 0.2808 0.9403
vn 0.4596 0.6017 0.6532
vn 0.6251 0.7204 -0.3005
vn 0.4918 0.8521 0.1788
vn 0.5876 0.3927 -0.7075
vn 0.3832 -0.0498 -0.9223
vn 0.0691 -0.4835 -0.8726
vn -0.2626 -0.7774 -0.5715
vn -0.5185 -0.8472 -0.1158
vn -0.6329 -0.6849 0.3611
vn -0.5817 -0.3460 0.7361
vn -0.3828 0.0776 0.9206
vn -0.0876 0.4802 0.8728
vn 0.2306 0.7625 0.6044
vn 0.6944 0.6791 -0.2379
vn 0.3933 0.9132 0.1071
vn 0.8128 0.2535 -0.5245
vn 0.7016 -0.2549 -0.6655
vn 0.3833 -0.6922 -0.6115
vn -0.0429 -0.9230 -0.3823
vn -0.4482 -0.8924 -0.0524
vn -0.7258 -0.6256 0.2860
vn -0.8123 -0.2017 0.5473
vn -0.6925 0.2701 0.6689
vn -0.3993 0.6732 0.6224
vn -0.0050 0.9079 0.4192
vn 0.7609 0.6363 -0.1273
vn 0.3622 0.9316 0.0292
vn 0.9556 0.1605 -0.2470
vn 0.8831 -0.3639 -0.2962
vn 0.5606 -0.7850 -0.2637
vn 0.0824 -0.9838 -0.1591
vn -0.4134 -0.9105 -0.0098
vn -0.7912 -0.5945 0.1435
vn -0.9573 -0.1277 0.2592
vn -0.8774 0.3678 0.3081
vn -0.5754 0.7690 0.2786
vn -0.1255 0.9761 0.1774
vn 0.7833 0.6184 -0.0627
vn 0.3663 0.9305 0.0028
vn 0.9848 0.1353 -0.1092
vn 0.9154 -0.3827 -0.1251
vn 0.5964 -0.7954 -0.1079
vn 0.1128 -0.9917 -0.0615
vn -0.4025 -0.9154 0.0030
vn -0.8040 -0.5908 0.0679
vn -0.9866 -0.1152 0.1153
vn -0.9140 0.3835 0.1326
vn -0.6099 0.7840 0.1158
vn -0.1451 0.9870 0.0685
vn 0.0115 -0.0000 0.9999
vn -0.0000 -0.9999 0.0139
vn -0.8630 0.0766 0.4994
vn -0.8574 0.1476 0.4930
vn -0.9937 0.1117 0.0006
vn -0.9985 0.0548 0.0066
vn -0.5023 0.0783 0.8611
vn -0.4964 0.1447 0.8559
vn -0.0088 0.0596 0.9982
vn -0.0042 0.1039 0.9946
vn 0.4901 0.0249 0.8713
vn 0.4911 0.0353 0.8704
vn 0.8603 -0.0166 0.5095
vn 0.8576 -0.0430 0.5124
vn 0.9985 -0.0538 0.0082
vn 0.9938 -0.1102 0.0139
vn 0.8649 -0.0764 -0.4961
vn 0.8590 -0.1475 -0.4903
vn 0.4954 -0.0782 -0.8652
vn 0.4886 -0.1444 -0.8605
vn -0.0091 -0.0586 -0.9982
vn -0.0145 -0.1018 -0.9947
vn -0.5100 -0.0232 -0.8599
vn -0.5113 -0.0319 -0.8588
vn -0.8712 0.0184 -0.4907
vn -0.8685 0.0462 -0.4936
vn -0.8341 0.2852 0.4721
vn -0.9743 0.2244 -0.0169
vn -0.4752 0.2712 0.8371
vn 0.0097 0.1858 0.9825
vn 0.4940 0.0507 0.8680
vn 0.8484 -0.0987 0.5200
vn 0.9746 -0.2221 0.0294
vn 0.8349 -0.2853 -0.4708
vn 0.4664 -0.2703 -0.8422
vn -0.0284 -0.1816 -0.9830
vn -0.5132 -0.0442 -0.8571
vn -0.8581 0.1043 -0.5027
vn -0.7972 0.4111 0.4421
vn -0.9420 0.3327 -0.0432
vn -0.4428 0.3815 0.8114
vn 0.0292 0.2513 0.9675
vn 0.4956 0.0536 0.8669
vn 0.8310 -0.1595 0.5329
vn 0.9424 -0.3303 0.0528
vn 0.7967 -0.4114 -0.4428
vn 0.4332 -0.3799 -0.8173
vn -0.0472 -0.2451 -0.9683
vn -0.5126 -0.0448 -0.8574
vn -0.8389 0.1664 -0.5182
vn -0.7508 0.5193 0.4081
vn -0.8984 0.4327 -0.0754
vn -0.4054 0.4693 0.7845
vn 0.0485 0.2949 0.9543
vn 0.4913 0.0411 0.8700
vn 0.8036 -0.2250 0.5510
vn 0.8987 -0.4310 0.0811
vn 0.7487 -0.5197 -0.4115
vn 0.3948 -0.4666 -0.7915
vn -0.0651 -0.2871 -0.9557
vn -0.5055 -0.0312 -0.8623
vn -0.8094 0.2318 -0.5396
vn -0.7005 0.6070 0.3753
vn -0.8449 0.5234 -0.1101
vn -0.3706 0.5305 0.7624
vn 0.0591 0.3126 0.9480
vn 0.4747 0.0101 0.8801
vn 0.7634 -0.2965 0.5739
vn 0.8450 -0.5232 0.1108
vn 0.6963 -0.6073 -0.3826
vn 0.3587 -0.5261 -0.7710
vn -0.0743 -0.3032 -0.9500
vn -0.4857 -0.0001 -0.8741
vn -0.7667 0.3018 -0.5666
vn -0.6520 0.6735 0.3482
vn -0.7817 0.6067 -0.1445
vn -0.3487 0.5619 0.7501
vn 0.0493 0.2996 0.9528
vn 0.4357 -0.0446 0.8990
vn 0.7045 -0.3780 0.6006
vn 0.7814 -0.6086 0.1380
vn 0.6453 -0.6730 -0.3616
vn 0.3352 -0.5547 -0.7616
vn -0.0631 -0.2881 -0.9555
vn -0.4430 0.0537 -0.8949
vn -0.7051 0.3804 -0.5984
vn -0.6132 0.7176 0.3301
vn -0.7055 0.6867 -0.1753
vn -0.3559 0.5576 0.7500
vn -0.0007 0.2465 0.9691
vn 0.3560 -0.1332 0.9249
vn 0.6154 -0.4776 0.6270
vn 0.7058 -0.6908 0.1571
vn 0.6040 -0.7141 -0.3540
vn 0.3409 -0.5443 -0.7665
vn -0.0105 -0.2310 -0.9729
vn -0.3577 0.1411 -0.9231
vn -0.6114 0.4758 -0.6323
vn -0.5974 0.7353 0.3201
vn -0.6092 0.7688 -0.1946
vn -0.4217 0.5049 0.7531
vn -0.1278 0.1356 0.9825
vn 0.2016 -0.2737 0.9404
vn 0.4741 -0.6087 0.6362
vn 0.6152 -0.7728 0.1561
vn 0.5896 -0.7220 -0.3621
vn 0.4089 -0.4781 -0.7773
vn 0.1238 -0.1120 -0.9860
vn -0.1922 0.2808 -0.9403
vn -0.4596 0.6017 -0.6532
vn -0.6251 0.7204 0.3005
vn -0.4918 0.8521 -0.1788
vn -0.5876 0.3927 0.7075
vn -0.3832 -0.0498 0.9223
vn -0.0691 -0.4835 0.8726
vn 0.2626 -0.7774 0.5715
vn 0.5185 -0.8472 0.1158
vn 0.6329 -0.6849 -0.3611
vn 0.5817 -0.3460 -0.7361
vn 0.3828 0.0776 -0.9206
vn 0.0876 0.4802 -0.8728
vn -0.2306 0.7625 -0.6044
vn -0.6944 0.6791 0.2379
vn -0.3933 0.9132 -0.1071
vn -0.8128 0.2535 0.5245
vn -0.7016 -0.2549 0.6655
vn -0.3833 -0.6922 0.6115
vn 0.0429 -0.9230 0.3823
vn 0.4482 -0.8924 0.0524
vn 0.7258 -0.6256 -0.2860
vn 0.8123 -0.2017 -0.5473
vn 0.6925 0.2701 -0.6689
vn 0.3993 0.6732 -0.6224
vn 0.0050 0.9079 -0.4192
vn -0.7609 0.6363 0.1273
vn -0.3622 0.9316 -0.0292
vn -0.9556 0.1605 0.2470
vn -0.8831 -0.3639 0.2962
vn -0.5606 -0.7850 0.2637
vn -0.0824 -0.9838 0.1591
vn 0.4134 -0.9105 0.0098
vn 0.7912 -0.5945 -0.1435
vn 0.9573 -0.1277 -0.2592
vn 0.8774 0.3678 -0.3081
vn 0.5754 0.7690 -0.2786
vn 0.1255 0.9761 -0.1774
vn -0.7833 0.6184 0.0627
vn -0.3663 0.9305 -0.0028
vn -0.9848 0.1353 0.1092
vn -0.9154 -0.3827 0.1251
vn -0.5964 -0.7954 0.1079
vn -0.1128 -0.9917 0.0615
vn 0.4025 -0.9154 -0.0030
vn 0.8040 -0.5908 -0.0679
vn 0.9866 -0.1152 -0.1153
vn 0.9140 0.3835 -0.1326
vn 0.6099 0.7840 -0.1158
vn 0.1451 0.9870 -0.0685
vn -0.9999 -0.0000 -0.0116
vn -0.0071 -1.0000 -0.0000
vn -0.4963 0.1602 -0.8533
vn -0.4694 0.3141 -0.8253
vn 0.0115 0.2487 -0.9685
vn -0.0154 0.1248 -0.9921
vn -0.8508 0.1553 -0.5019
vn -0.8298 0.2991 -0.4712
vn -0.9936 0.1111 -0.0194
vn -0.9782 0.2074 0.0053
vn -0.8777 0.0369 0.4777
vn -0.8728 0.0608 0.4843
vn -0.5207 -0.0484 0.8524
vn -0.5332 -0.1039 0.8396
vn -0.0177 -0.1207 0.9925
vn -0.0434 -0.2427 0.9691
vn 0.4889 -0.1596 0.8576
vn 0.4630 -0.3152 0.8284
vn 0.8600 -0.1545 0.4864
vn 0.8398 -0.2986 0.4534
vn 0.9941 -0.1065 -0.0208
vn 0.9791 -0.1981 -0.0464
vn 0.8521 -0.0286 -0.5226
vn 0.8482 -0.0446 -0.5278
vn 0.4781 0.0564 -0.8765
vn 0.4923 0.1185 -0.8623
vn -0.3850 0.5759 -0.7212
vn 0.0829 0.4638 -0.8820
vn -0.7536 0.5399 -0.3750
vn -0.9287 0.3642 0.0698
vn -0.8613 0.0914 0.4998
vn -0.5624 -0.2094 0.7999
vn -0.1067 -0.4567 0.8832
vn 0.3815 -0.5787 0.7208
vn 0.7633 -0.5385 0.3569
vn 0.9315 -0.3486 -0.1039
vn 0.8440 -0.0658 -0.5324
vn 0.5318 0.2307 -0.8149
vn -0.2877 0.7528 -0.5921
vn 0.1697 0.6156 -0.7696
vn -0.6704 0.6947 -0.2608
vn -0.8794 0.4549 0.1402
vn -0.8570 0.0928 0.5069
vn -0.6038 -0.2978 0.7394
vn -0.1839 -0.6101 0.7707
vn 0.2880 -0.7551 0.5890
vn 0.6802 -0.6909 0.2449
vn 0.8842 -0.4372 -0.1646
vn 0.8471 -0.0672 -0.5271
vn 0.5844 0.3173 -0.7469
vn -0.2048 0.8576 -0.4718
vn 0.2495 0.7125 -0.6558
vn -0.6061 0.7784 -0.1638
vn -0.8490 0.4935 0.1889
vn -0.8667 0.0751 0.4931
vn -0.6504 -0.3663 0.6654
vn -0.2556 -0.7099 0.6563
vn 0.2098 -0.8590 0.4670
vn 0.6171 -0.7724 0.1504
vn 0.8550 -0.4761 -0.2057
vn 0.8616 -0.0536 -0.5047
vn 0.6392 0.3804 -0.6683
vn -0.1435 0.9174 -0.3712
vn 0.3168 0.7754 -0.5462
vn -0.5671 0.8179 -0.0976
vn -0.8416 0.5004 0.2034
vn -0.8912 0.0467 0.4513
vn -0.6991 -0.4218 0.5773
vn -0.3157 -0.7763 0.5457
vn 0.1540 -0.9182 0.3649
vn 0.5805 -0.8097 0.0856
vn 0.8486 -0.4833 -0.2153
vn 0.8888 -0.0296 -0.4574
vn 0.6938 0.4299 -0.5778
vn -0.1013 0.9518 -0.2895
vn 0.3735 0.8202 -0.4333
vn -0.5512 0.8316 -0.0677
vn -0.8554 0.4879 0.1739
vn -0.9291 0.0103 0.3696
vn -0.7494 -0.4719 0.4645
vn -0.3641 -0.8252 0.4319
vn 0.1200 -0.9520 0.2816
vn 0.5695 -0.8201 0.0565
vn 0.8640 -0.4694 -0.1821
vn 0.9285 0.0035 -0.3713
vn 0.7491 0.4739 -0.4628
vn -0.0744 0.9718 -0.2237
vn 0.4202 0.8563 -0.3004
vn -0.5526 0.8291 -0.0849
vn -0.8838 0.4610 0.0794
vn -0.9742 -0.0352 0.2228
vn -0.7962 -0.5233 0.3037
vn -0.3983 -0.8667 0.3004
vn 0.1073 -0.9704 0.2164
vn 0.5801 -0.8109 0.0766
vn 0.8952 -0.4381 -0.0814
vn 0.9750 0.0465 -0.2174
vn 0.8020 0.5181 -0.2973
vn -0.0600 0.9830 -0.1735
vn 0.4418 0.8885 -0.1238
vn -0.5524 0.8154 -0.1732
vn -0.8983 0.4222 -0.1212
vn -0.9952 -0.0916 -0.0356
vn -0.8116 -0.5814 0.0568
vn -0.4008 -0.9064 0.1334
vn 0.1157 -0.9774 0.1770
vn 0.5935 -0.7852 0.1765
vn 0.9110 -0.3911 0.1310
vn 0.9936 0.1000 0.0519
vn 0.8238 0.5654 -0.0409
vn -0.0555 0.9879 -0.1449
vn 0.3901 0.9161 0.0927
vn -0.4951 0.7972 -0.3456
vn -0.8067 0.3803 -0.4524
vn -0.8891 -0.1538 -0.4312
vn -0.7106 -0.6430 -0.2857
vn -0.3333 -0.9409 -0.0599
vn 0.1255 -0.9756 0.1802
vn 0.5429 -0.7538 0.3702
vn 0.8174 -0.3420 0.4636
vn 0.8849 0.1538 0.4396
vn 0.7304 0.6111 0.3050
vn -0.0534 0.9875 -0.1486
vn 0.2449 0.9330 0.2637
vn -0.3408 0.7766 -0.5299
vn -0.5355 0.3433 -0.7716
vn -0.5772 -0.1939 -0.7932
vn -0.4538 -0.6730 -0.5840
vn -0.2046 -0.9554 -0.2129
vn 0.0979 -0.9733 0.2078
vn 0.3720 -0.7358 0.5659
vn 0.5489 -0.3129 0.7751
vn 0.5866 0.1868 0.7880
vn 0.4767 0.6398 0.6028
vn -0.0324 0.9845 -0.1724
vn 0.0933 0.9405 0.3267
vn -0.1481 0.7610 -0.6316
vn -0.2212 0.3245 -0.9196
vn -0.2330 -0.2036 -0.9509
vn -0.1817 -0.6740 -0.7160
vn -0.0800 -0.9554 -0.2843
vn 0.0452 -0.9745 0.2198
vn 0.1591 -0.7350 0.6591
vn 0.2315 -0.3075 0.9230
vn 0.2442 0.1965 0.9496
vn 0.1941 0.6509 0.7339
vn -0.0153 0.9826 -0.1852
vn 0.0326 0.9428 0.3319
vn -0.0579 0.7536 -0.6548
vn -0.0838 0.3183 -0.9443
vn -0.0871 -0.2030 -0.9753
vn -0.0672 -0.6692 -0.7400
vn -0.0286 -0.9530 -0.3015
vn 0.0187 -0.9758 0.2180
vn 0.0618 -0.7365 0.6737
vn 0.0886 -0.3078 0.9473
vn 0.0924 0.1968 0.9761
vn 0.0720 0.6526 0.7542
vn 0.9999 -0.0000 0.0116
vn 0.0071 -1.0000 -0.0000
vn 0.4963 0.1602 0.8533
vn 0.4694 0.3141 0.8253
vn -0.0115 0.2487 0.9685
vn 0.0154 0.1248 0.9921
vn 0.8508 0.1553 0.5019
vn 0.8298 0.2991 0.4712
vn 0.9936 0.1111 0.0194
vn 0.9782 0.2074 -0.0053
vn 0.8777 0.0369 -0.4777
vn 0.8728 0.0608 -0.4843
vn 0.5207 -0.0484 -0.8524
vn 0.5332 -0.1039 -0.8396
vn 0.0177 -0.1207 -0.9925
vn 0.0434 -0.2427 -0.9691
vn -0.4889 -0.1596 -0.8576
vn -0.4630 -0.3152 -0.8284
vn -0.8600 -0.1545 -0.4864
vn -0.8398 -0.2986 -0.4534
vn -0.9941 -0.1065 0.0208
vn -0.9791 -0.1981 0.0464
vn -0.8521 -0.0286 0.5226
vn -0.8482 -0.0446 0.5278
vn -0.4781 0.0564 0.8765
vn -0.4923 0.1185 0.8623
vn 0.3850 0.5759 0.7212
vn -0.0829 0.4638 0.8820
vn 0.7536 0.5399 0.3750
vn 0.9287 0.3642 -0.0698
vn 0.8613 0.0914 -0.4998
vn 0.5624 -0.2094 -0.7999
vn 0.1067 -0.4567 -0.8832
vn -0.3815 -0.5787 -0.7208
vn -0.7633 -0.5385 -0.3569
vn -0.9315 -0.3486 0.1039
vn -0.8440 -0.0658 0.5324
vn -0.5318 0.2307 0.8149
vn 0.2877 0.7528 0.5921
vn -0.1697 0.6156 0.7696
vn 0.6704 0.6947 0.2608
vn 0.8794 0.4549 -0.1402
vn 0.8570 0.0928 -0.5069
vn 0.6038 -0.2978 -0.7394
vn 0.1839 -0.6101 -0.7707
vn -0.2880 -0.7551 -0.5890
vn -0.6802 -0.6909 -0.2449
vn -0.8842 -0.4372 0.1646
vn -0.8471 -0.0672 0.5271
vn -0.5844 0.3173 0.7469
vn 0.2048 0.8576 0.4718
vn -0.2495 0.7125 0.6558
vn 0.6061 0.7784 0.1638
vn 0.8490 0.4935 -0.1889
vn 0.8667 0.0751 -0.4931
vn 0.6504 -0.3663 -0.6654
vn 0.2556 -0.7099 -0.6563
vn -0.2098 -0.8590 -0.4670
vn -0.6171 -0.7724 -0.1504
vn -0.8550 -0.4761 0.2057
vn -0.8616 -0.0536 0.5047
vn -0.6392 0.3804 0.6683
vn 0.1435 0.9174 0.3712
vn -0.3168 0.7754 0.5462
vn 0.5671 0.8179 0.0976
vn 0.8416 0.5004 -0.2034
vn 0.8912 0.0467 -0.4513
vn 0.6991 -0.4218 -0.5773
vn 0.3157 -0.7763 -0.5457
vn -0.1540 -0.9182 -0.3649
vn -0.5805 -0.8097 -0.0856
vn -0.8486 -0.4832 0.2153
vn -0.8888 -0.0296 0.4574
vn -0.6938 0.4299 0.5778
vn 0.1013 0.9518 0.2895
vn -0.3735 0.8202 0.4333
vn 0.5512 0.8316 0.0677
vn 0.8554 0.4879 -0.1739
vn 0.9291 0.0103 -0.3696
vn 0.7494 -0.4719 -0.4645
vn 0.3641 -0.8252 -0.4319
vn -0.1200 -0.9520 -0.2816
vn -0.5695 -0.8201 -0.0565
vn -0.8640 -0.4694 0.1821
vn -0.9285 0.0035 0.3713
vn -0.7491 0.4739 0.4628
vn 0.0744 0.9718 0.2237
vn -0.4202 0.8563 0.3004
vn 0.5526 0.8291 0.0849
vn 0.8838 0.4610 -0.0794
vn 0.9742 -0.0352 -0.2228
vn 0.7962 -0.5233 -0.3037
vn 0.3983 -0.8667 -0.3004
vn -0.1073 -0.9704 -0.2164
vn -0.5801 -0.8109 -0.0766
vn -0.8952 -0.4381 0.0814
vn -0.9750 0.0465 0.2174
vn -0.8020 0.5181 0.2973
vn 0.0600 0.9830 0.1735
vn -0.4418 0.8885 0.1238
vn 0.5524 0.8154 0.1732
vn 0.8983 0.4222 0.1212
vn 0.9952 -0.0916 0.0356
vn 0.8116 -0.5814 -0.0568
vn 0.4008 -0.9064 -0.1334
vn -0.1157 -0.9774 -0.1770
vn -0.5935 -0.7852 -0.1765
vn -0.9110 -0.3911 -0.1310
vn -0.9936 0.1000 -0.0519
vn -0.8238 0.5654 0.0409
vn 0.0555 0.9879 0.1449
vn -0.3901 0.9161 -0.0927
vn 0.4951 0.7972 0.3456
vn 0.8067 0.3803 0.4524
vn 0.8891 -0.1538 0.4312
vn 0.7106 -0.6430 0.2857
vn 0.3333 -0.9409 0.0599
vn -0.1255 -0.9756 -0.1802
vn -0.5429 -0.7538 -0.3702
vn -0.8174 -0.3420 -0.4636
vn -0.8849 0.1538 -0.4396
vn -0.7304 0.6111 -0.3050
vn 0.0534 0.9875 0.1486
vn -0.2449 0.9330 -0.2637
vn 0.3408 0.7766 0.5299
vn 0.5355 0.3433 0.7716
vn 0.5772 -0.1939 0.7932
vn 0.4538 -0.6730 0.5840
vn 0.2046 -0.9554 0.2129
vn -0.0979 -0.9733 -0.2078
vn -0.3720 -0.7358 -0.5659
vn -0.5489 -0.3129 -0.7751
vn -0.5866 0.1868 -0.7880
vn -0.4767 0.6398 -0.6028
vn 0.0324 0.9845 0.1724
vn -0.0933 0.9405 -0.3267
vn 0.1481 0.7610 0.6316
vn 0.2212 0.3245 0.9196
vn 0.2330 -0.2036 0.9509
vn 0.1817 -0.6740 0.7160
vn 0.0800 -0.9554 0.2843
vn -0.0452 -0.9745 -0.2198
vn -0.1591 -0.7350 -0.6591
vn -0.2315 -0.3075 -0.9230
vn -0.2442 0.1965 -0.9496
vn -0.1941 0.6509 -0.7339
vn 0.0153 0.9826 0.1852
vn -0.0326 0.9428 -0.3319
vn 0.0579 0.7536 0.6548
vn 0.0838 0.3183 0.9443
vn 0.0871 -0.2030 0.9753
vn 0.0672 -0.6692 0.7400
vn 0.0286 -0.9530 0.3015
vn -0.0187 -0.9758 -0.2180
vn -0.0618 -0.7365 -0.6737
vn -0.0886 -0.3078 -0.9473
vn -0.0924 0.1968 -0.9761
vn -0.0720 0.6526 -0.7542
vt 0.407420 0.638889
vt 0.592580 0.638889
vt 0.592580 0.666667
vt 0.407420 0.666667
vt 0.631582 0.638889
vt 0.708333 0.638889
vt 0.708333 0.666667
vt 0.630933 0.666667
vt 0.263889 0.506582
vt 0.291667 0.505933
vt 0.291667 0.583333
vt 0.263889 0.583333
vt 0.791667 0.583333
vt 0.869067 0.583333
vt 0.868418 0.611111
vt 0.791667 0.611111
vt 0.291667 0.638889
vt 0.368418 0.638889
vt 0.369067 0.666667
vt 0.291667 0.666667
vt 0.763889 0.506582
vt 0.791667 0.505933
vt 0.763889 0.583333
vt 0.263889 0.666667
vt 0.291667 0.744067
vt 0.263889 0.743418
vt 0.662120 0.722309
vt 0.652691 0.712880
vt 0.407420 0.388889
vt 0.592580 0.388889
vt 0.592580 0.416667
vt 0.407420 0.416667
vt 0.369067 0.583333
vt 0.368418 0.611111
vt 0.291667 0.611111
vt 0.556867 0.172024
vt 0.556867 0.200000
vt 0.369109 0.703198
vt 0.363941 0.722483
vt 0.347483 0.738941
vt 0.328198 0.744109
vt 0.407420 0.888889
vt 0.592580 0.888889
vt 0.592580 0.916667
vt 0.407420 0.916667
vt 0.130891 0.546802
vt 0.136059 0.527517
vt 0.152517 0.511059
vt 0.171802 0.505891
vt 0.208333 0.505933
vt 0.208333 0.583333
vt 0.130933 0.583333
vt 0.130933 0.666667
vt 0.208333 0.666667
vt 0.208333 0.744067
vt 0.171802 0.744109
vt 0.152517 0.738941
vt 0.136059 0.722483
vt 0.130891 0.703198
vt 0.263889 0.638889
vt 0.407420 0.138889
vt 0.592580 0.138889
vt 0.592580 0.166667
vt 0.407420 0.166667
vt 0.443133 0.050000
vt 0.443133 0.025000
vt 0.810218 0.564782
vt 0.810218 0.524463
vt 0.763889 0.638889
vt 0.791667 0.638889
vt 0.791667 0.666667
vt 0.763889 0.666667
vt 0.708333 0.505933
vt 0.736111 0.506582
vt 0.736111 0.583333
vt 0.708333 0.583333
vt 0.630933 0.583333
vt 0.708333 0.611111
vt 0.631582 0.611111
vt 0.569034 0.137367
vt 0.430966 0.137367
vt 0.131582 0.638889
vt 0.208333 0.638889
vt 0.736111 0.666667
vt 0.736111 0.743418
vt 0.708333 0.744067
vt 0.443133 0.422024
vt 0.556867 0.422024
vt 0.407420 0.833333
vt 0.592580 0.833333
vt 0.592580 0.861111
vt 0.407420 0.861111
vt 0.407420 0.083333
vt 0.592580 0.083333
vt 0.592580 0.111111
vt 0.407420 0.111111
vt 0.208333 0.505933
vt 0.236111 0.506582
vt 0.236111 0.583333
vt 0.763889 0.611111
vt 0.674234 0.725554
vt 0.236111 0.506582
vt 0.263889 0.611111
vt 0.443133 0.475000
vt 0.443133 0.450000
vt 0.868418 0.611111
vt 0.868418 0.638889
vt 0.443133 0.200000
vt 0.443133 0.172024
vt 0.131582 0.611111
vt 0.208333 0.611111
vt 0.328198 0.505891
vt 0.347483 0.511059
vt 0.363941 0.527517
vt 0.369109 0.546802
vt 0.631582 0.611111
vt 0.407420 0.583333
vt 0.592580 0.583333
vt 0.592580 0.611111
vt 0.407420 0.611111
vt 0.430966 0.862633
vt 0.569034 0.862633
vt 0.850537 0.564782
vt 0.368418 0.611111
vt 0.368418 0.638889
vt 0.236111 0.611111
vt 0.236111 0.638889
vt 0.736111 0.611111
vt 0.736111 0.638889
vt 0.556867 0.000000
vt 0.556867 0.025000
vt 0.556867 0.577976
vt 0.443133 0.577976
vt 0.763889 0.743418
vt 0.736111 0.743418
vt 0.556867 0.450000
vt 0.556867 0.475000
vt 0.430966 0.112633
vt 0.791667 0.744067
vt 0.763889 0.743418
vt 0.556867 0.300000
vt 0.556867 0.327976
vt 0.236111 0.666667
vt 0.236111 0.743418
vt 0.208333 0.744067
vt 0.263889 0.743418
vt 0.236111 0.743418
vt 0.407420 0.333333
vt 0.592580 0.333333
vt 0.592580 0.361111
vt 0.407420 0.361111
vt 0.569034 0.887366
vt 0.443133 0.000000
vt 0.443133 0.672024
vt 0.556867 0.672024
vt 0.443133 0.525000
vt 0.443133 0.327976
vt 0.443133 0.300000
vt 0.556867 0.950000
vt 0.556867 1.000000
vt 0.556867 0.077976
vt 0.443133 0.077976
vt 0.556867 0.525000
vt 0.556867 0.922024
vt 0.443133 1.000000
vt 0.443133 0.950000
vt 0.443133 0.550000
vt 0.868418 0.638889
vt 0.869067 0.666667
vt 0.125000 0.666667
vt 0.125000 0.638889
vt 0.625000 0.138889
vt 0.625000 0.160898
vt 0.208333 0.500000
vt 0.236111 0.500000
vt 0.625000 0.388889
vt 0.625000 0.410898
vt 0.291667 0.750000
vt 0.263889 0.750000
vt 0.625000 0.888889
vt 0.625000 0.910898
vt 0.131582 0.611111
vt 0.125000 0.611111
vt 0.125000 0.583333
vt 0.625000 0.089102
vt 0.625000 0.111111
vt 0.592580 0.111111
vt 0.263889 0.500000
vt 0.291667 0.500000
vt 0.625000 0.339102
vt 0.625000 0.361111
vt 0.236111 0.750000
vt 0.208333 0.750000
vt 0.625000 0.839102
vt 0.625000 0.861111
vt 0.592580 0.861111
vt 0.175000 0.750000
vt 0.150000 0.743301
vt 0.625000 0.958913
vt 0.625000 0.997483
vt 0.592580 1.000000
vt 0.592580 0.950000
vt 0.131699 0.725000
vt 0.625000 0.001259
vt 0.625000 0.023741
vt 0.592580 0.025000
vt 0.592580 0.000000
vt 0.125000 0.700000
vt 0.625000 0.026259
vt 0.625000 0.045544
vt 0.592580 0.050000
vt 0.592580 0.025000
vt 0.625000 0.276259
vt 0.625000 0.295544
vt 0.592580 0.300000
vt 0.592580 0.275000
vt 0.150000 0.506699
vt 0.175000 0.500000
vt 0.625000 0.227517
vt 0.625000 0.272483
vt 0.592580 0.275000
vt 0.592580 0.225000
vt 0.131699 0.525000
vt 0.625000 0.204456
vt 0.625000 0.223741
vt 0.592580 0.225000
vt 0.592580 0.200000
vt 0.125000 0.550000
vt 0.625000 0.526259
vt 0.625000 0.545544
vt 0.592580 0.550000
vt 0.592580 0.525000
vt 0.368301 0.525000
vt 0.375000 0.550000
vt 0.625000 0.477517
vt 0.625000 0.522483
vt 0.592580 0.525000
vt 0.592580 0.475000
vt 0.350000 0.506699
vt 0.625000 0.454456
vt 0.625000 0.473741
vt 0.592580 0.475000
vt 0.592580 0.450000
vt 0.325000 0.500000
vt 0.625000 0.776259
vt 0.625000 0.795544
vt 0.592580 0.800000
vt 0.592580 0.775000
vt 0.350000 0.743301
vt 0.325000 0.750000
vt 0.625000 0.727517
vt 0.625000 0.772483
vt 0.592580 0.775000
vt 0.592580 0.725000
vt 0.368301 0.725000
vt 0.625000 0.704456
vt 0.625000 0.723741
vt 0.592580 0.725000
vt 0.592580 0.700000
vt 0.375000 0.700000
vt 0.625000 0.050000
vt 0.625000 0.083333
vt 0.625000 0.916667
vt 0.625000 0.950000
vt 0.625000 0.300000
vt 0.625000 0.333333
vt 0.625000 0.166667
vt 0.625000 0.200000
vt 0.625000 0.800000
vt 0.625000 0.833333
vt 0.592580 0.833333
vt 0.407420 0.700000
vt 0.630891 0.703198
vt 0.407420 0.550000
vt 0.630891 0.546802
vt 0.625000 0.416667
vt 0.625000 0.450000
vt 0.592580 0.416667
vt 0.569034 0.112633
vt 0.430966 0.612633
vt 0.430966 0.637366
vt 0.569034 0.637366
vt 0.569034 0.612633
vt 0.430966 0.362633
vt 0.430966 0.387366
vt 0.569034 0.387367
vt 0.569034 0.362633
vt 0.430966 0.887366
vt 0.407420 0.861111
vt 0.525506 0.115448
vt 0.525506 0.134552
vt 0.474494 0.134552
vt 0.474494 0.865448
vt 0.525506 0.865448
vt 0.474494 0.115448
vt 0.474494 0.615448
vt 0.474494 0.634552
vt 0.525506 0.634552
vt 0.525506 0.615448
vt 0.474494 0.365448
vt 0.474494 0.384552
vt 0.525506 0.384552
vt 0.525506 0.365448
vt 0.474494 0.884552
vt 0.525506 0.884552
vt 0.407420 1.000000
vt 0.407420 0.950000
vt 0.407420 0.025000
vt 0.407420 0.000000
vt 0.407420 0.050000
vt 0.556867 0.050000
vt 0.556867 0.275000
vt 0.443133 0.275000
vt 0.407420 0.300000
vt 0.407420 0.275000
vt 0.556867 0.225000
vt 0.443133 0.225000
vt 0.407420 0.225000
vt 0.407420 0.200000
vt 0.556867 0.550000
vt 0.407420 0.525000
vt 0.407420 0.475000
vt 0.407420 0.450000
vt 0.556867 0.800000
vt 0.556867 0.775000
vt 0.443133 0.775000
vt 0.443133 0.800000
vt 0.407420 0.800000
vt 0.407420 0.775000
vt 0.556867 0.725000
vt 0.443133 0.725000
vt 0.407420 0.725000
vt 0.556867 0.700000
vt 0.443133 0.700000
vt 0.443133 0.922024
vt 0.443133 0.827976
vt 0.407420 0.833333
vt 0.556867 0.827976
vt 0.407420 0.416667
vt 0.520807 0.275000
vt 0.520807 0.300000
vt 0.479193 0.927484
vt 0.520807 0.927484
vt 0.479193 0.800000
vt 0.479193 0.775000
vt 0.479193 0.822516
vt 0.520807 0.025000
vt 0.520807 0.050000
vt 0.520807 0.322516
vt 0.479193 0.322516
vt 0.520807 0.775000
vt 0.520807 0.800000
vt 0.520807 0.177484
vt 0.520807 0.200000
vt 0.479193 0.050000
vt 0.479193 0.025000
vt 0.479193 0.427484
vt 0.520807 0.427484
vt 0.479193 0.475000
vt 0.479193 0.450000
vt 0.479193 0.200000
vt 0.479193 0.177484
vt 0.520807 0.000000
vt 0.520807 0.572516
vt 0.479193 0.572516
vt 0.520807 0.450000
vt 0.520807 0.475000
vt 0.479193 0.000000
vt 0.479193 0.677484
vt 0.520807 0.677484
vt 0.479193 0.525000
vt 0.479193 0.300000
vt 0.479193 0.950000
vt 0.479193 1.000000
vt 0.520807 1.000000
vt 0.520807 0.950000
vt 0.479193 0.275000
vt 0.520807 0.225000
vt 0.479193 0.225000
vt 0.520807 0.550000
vt 0.520807 0.525000
vt 0.479193 0.550000
vt 0.520807 0.725000
vt 0.479193 0.725000
vt 0.520807 0.700000
vt 0.479193 0.700000
vt 0.479193 0.072516
vt 0.520807 0.072516
vt 0.520807 0.822516
vt 0.825766 0.725554
vt 0.837880 0.722309
vt 0.847483 0.738941
vt 0.828198 0.744109
vt 0.847308 0.712880
vt 0.863941 0.722483
vt 0.850555 0.700766
vt 0.869109 0.703198
vt 0.837880 0.527691
vt 0.825766 0.524446
vt 0.828198 0.505891
vt 0.847483 0.511059
vt 0.847308 0.537120
vt 0.863941 0.527517
vt 0.850555 0.549234
vt 0.869109 0.546802
vt 0.652692 0.537120
vt 0.649446 0.549234
vt 0.636059 0.527517
vt 0.662120 0.527691
vt 0.652517 0.511059
vt 0.674234 0.524446
vt 0.671802 0.505891
vt 0.671802 0.744109
vt 0.652517 0.738941
vt 0.636059 0.722483
vt 0.649446 0.700766
vt 0.850537 0.685218
vt 0.810218 0.725537
vt 0.689782 0.725537
vt 0.649463 0.685218
vt 0.649463 0.564782
vt 0.689782 0.524463
vt 0.810218 0.685218
vt 0.689782 0.564782
vt 0.689782 0.685218
vt 0.813437 0.688437
vt 0.847322 0.688437
vt 0.652665 0.549656
vt 0.655577 0.538786
vt 0.674656 0.527665
vt 0.686563 0.527678
vt 0.844423 0.538786
vt 0.847335 0.549656
vt 0.825344 0.722335
vt 0.836214 0.719423
vt 0.844423 0.711214
vt 0.847335 0.700344
vt 0.836214 0.530577
vt 0.825344 0.527665
vt 0.663786 0.530577
vt 0.663786 0.719423
vt 0.674656 0.722335
vt 0.655577 0.711214
vt 0.652665 0.700344
vt 0.813437 0.722322
vt 0.813437 0.527678
vt 0.847322 0.561563
vt 0.686563 0.722322
vt 0.652678 0.688437
vt 0.652678 0.561563
vt 0.813437 0.561563
vt 0.686563 0.561563
vt 0.686563 0.688437
vt 0.682973 0.692027
vt 0.682973 0.718735
vt 0.834355 0.716204
vt 0.824873 0.718744
vt 0.817027 0.718735
vt 0.656265 0.692027
vt 0.841204 0.709355
vt 0.843744 0.699873
vt 0.834355 0.533796
vt 0.824873 0.531256
vt 0.841204 0.540645
vt 0.843744 0.550127
vt 0.658796 0.540645
vt 0.656256 0.550127
vt 0.665645 0.533796
vt 0.675127 0.531256
vt 0.665645 0.716204
vt 0.675127 0.718744
vt 0.658796 0.709355
vt 0.656256 0.699873
vt 0.843735 0.692027
vt 0.817027 0.531265
vt 0.843735 0.557973
vt 0.656265 0.557973
vt 0.682973 0.531265
vt 0.817027 0.692027
vt 0.817027 0.557973
vt 0.682973 0.557973
vt 0.031250 0.566189
vt 0.031250 0.933811
vt 0.000000 0.933811
vt 0.000000 0.566189
vt 0.937500 0.566189
vt 0.937500 0.933811
vt 0.906250 0.933811
vt 0.906250 0.566189
vt 0.875000 0.933811
vt 0.875000 0.566189
vt 0.875000 0.566189
vt 0.875000 0.933811
vt 0.843750 0.933811
vt 0.843750 0.566189
vt 0.812500 0.933811
vt 0.812500 0.566189
vt 0.781250 0.933811
vt 0.781250 0.566189
vt 0.781250 0.566189
vt 0.781250 0.933811
vt 0.750000 0.933811
vt 0.750000 0.566189
vt 0.718750 0.933811
vt 0.718750 0.566189
vt 0.687500 0.933811
vt 0.687500 0.566189
vt 0.656250 0.933811
vt 0.656250 0.566189
vt 0.625000 0.933811
vt 0.625000 0.566189
vt 0.593750 0.933811
vt 0.593750 0.566189
vt 0.562500 0.933811
vt 0.562500 0.566189
vt 0.531250 0.933811
vt 0.531250 0.566189
vt 0.500000 0.933811
vt 0.500000 0.566189
vt 0.468750 0.933811
vt 0.468750 0.566189
vt 0.437500 0.933811
vt 0.437500 0.566189
vt 0.437500 0.566189
vt 0.437500 0.933811
vt 0.406250 0.933811
vt 0.406250 0.566189
vt 0.375000 0.933811
vt 0.375000 0.566189
vt 0.343750 0.933811
vt 0.343750 0.566189
vt 0.312500 0.933811
vt 0.312500 0.566189
vt 0.281250 0.933811
vt 0.281250 0.566189
vt 0.250000 0.933811
vt 0.250000 0.566189
vt 0.218750 0.933811
vt 0.218750 0.566189
vt 0.218750 0.566189
vt 0.218750 0.933811
vt 0.187500 0.933811
vt 0.187500 0.566189
vt 0.156250 0.933811
vt 0.156250 0.566189
vt 0.125000 0.933811
vt 0.125000 0.566189
vt 0.093750 0.933811
vt 0.093750 0.566189
vt 0.062500 0.933811
vt 0.062500 0.566189
vt 0.968750 0.566189
vt 0.968750 0.933811
vt 0.027213 0.250000
vt 0.031494 0.206537
vt 1.000000 0.566189
vt 1.000000 0.933811
vt 0.750000 0.490000
vt 0.796822 0.485388
vt 0.795576 0.479126
vt 0.750000 0.483615
vt 0.296822 0.485388
vt 0.250000 0.490000
vt 0.250000 0.483615
vt 0.295576 0.479126
vt 0.841844 0.471731
vt 0.839401 0.465832
vt 0.341844 0.471731
vt 0.339401 0.465832
vt 0.883337 0.449553
vt 0.879790 0.444244
vt 0.383337 0.449553
vt 0.379790 0.444244
vt 0.919706 0.419706
vt 0.915191 0.415191
vt 0.419706 0.419706
vt 0.415191 0.415191
vt 0.949553 0.383337
vt 0.944244 0.379790
vt 0.449553 0.383337
vt 0.444244 0.379790
vt 0.971731 0.341844
vt 0.965832 0.339401
vt 0.471731 0.341844
vt 0.465832 0.339401
vt 0.985388 0.296822
vt 0.979126 0.295576
vt 0.485388 0.296822
vt 0.479126 0.295576
vt 0.990000 0.250000
vt 0.983615 0.250000
vt 0.490000 0.250000
vt 0.483615 0.250000
vt 0.985388 0.203178
vt 0.979126 0.204424
vt 0.485388 0.203178
vt 0.479126 0.204424
vt 0.971731 0.158156
vt 0.965832 0.160599
vt 0.471731 0.158156
vt 0.465832 0.160599
vt 0.949553 0.116663
vt 0.944244 0.120210
vt 0.449553 0.116663
vt 0.444244 0.120210
vt 0.919706 0.080294
vt 0.915191 0.084809
vt 0.419706 0.080294
vt 0.415191 0.084809
vt 0.883337 0.050447
vt 0.879790 0.055756
vt 0.383337 0.050447
vt 0.379790 0.055756
vt 0.841844 0.028269
vt 0.839401 0.034168
vt 0.341844 0.028269
vt 0.339401 0.034168
vt 0.796822 0.014612
vt 0.795576 0.020874
vt 0.296822 0.014612
vt 0.295576 0.020874
vt 0.750000 0.010000
vt 0.750000 0.016385
vt 0.250000 0.010000
vt 0.250000 0.016385
vt 0.703178 0.014612
vt 0.704424 0.020874
vt 0.203178 0.014612
vt 0.204424 0.020874
vt 0.658156 0.028269
vt 0.660599 0.034168
vt 0.158156 0.028269
vt 0.160599 0.034168
vt 0.616663 0.050447
vt 0.620211 0.055756
vt 0.116663 0.050447
vt 0.120210 0.055756
vt 0.580294 0.080294
vt 0.584809 0.084809
vt 0.080294 0.080294
vt 0.084809 0.084809
vt 0.550447 0.116663
vt 0.555756 0.120210
vt 0.050447 0.116663
vt 0.055756 0.120210
vt 0.528269 0.158156
vt 0.534168 0.160599
vt 0.028269 0.158156
vt 0.034168 0.160599
vt 0.514612 0.203178
vt 0.520874 0.204424
vt 0.014612 0.203178
vt 0.020874 0.204424
vt 0.510000 0.250000
vt 0.516385 0.250000
vt 0.010000 0.250000
vt 0.016385 0.250000
vt 0.514612 0.296822
vt 0.520874 0.295576
vt 0.014612 0.296822
vt 0.020874 0.295576
vt 0.528269 0.341844
vt 0.534168 0.339401
vt 0.028269 0.341844
vt 0.034168 0.339401
vt 0.550447 0.383337
vt 0.555756 0.379790
vt 0.050447 0.383337
vt 0.055756 0.379790
vt 0.580294 0.419706
vt 0.584809 0.415191
vt 0.080294 0.419706
vt 0.084809 0.415191
vt 0.616663 0.449553
vt 0.620210 0.444244
vt 0.116663 0.449553
vt 0.120210 0.444244
vt 0.658156 0.471731
vt 0.660599 0.465832
vt 0.158156 0.471731
vt 0.160599 0.465832
vt 0.703178 0.485388
vt 0.704424 0.479126
vt 0.203178 0.485388
vt 0.204424 0.479126
vt 0.250000 0.472786
vt 0.293463 0.468506
vt 0.335257 0.455828
vt 0.373774 0.435240
vt 0.407534 0.407534
vt 0.435240 0.373774
vt 0.455828 0.335257
vt 0.468506 0.293463
vt 0.472787 0.250000
vt 0.468506 0.206537
vt 0.455828 0.164743
vt 0.435240 0.126226
vt 0.407534 0.092466
vt 0.373774 0.064760
vt 0.335257 0.044172
vt 0.293463 0.031494
vt 0.250000 0.027213
vt 0.206537 0.031494
vt 0.164743 0.044172
vt 0.126226 0.064760
vt 0.092466 0.092466
vt 0.064760 0.126226
vt 0.044172 0.164743
vt 0.031494 0.293463
vt 0.044172 0.335257
vt 0.064760 0.373774
vt 0.092466 0.407534
vt 0.126226 0.435240
vt 0.164743 0.455828
vt 0.206537 0.468506
vt 0.459209 0.208386
vt 0.463308 0.250000
vt 0.250000 0.463307
vt 0.291614 0.459209
vt 0.331629 0.447071
vt 0.368507 0.427359
vt 0.400831 0.400831
vt 0.427359 0.368507
vt 0.447071 0.331629
vt 0.459209 0.291614
vt 0.447071 0.168371
vt 0.427359 0.131493
vt 0.400831 0.099169
vt 0.368507 0.072641
vt 0.331629 0.052929
vt 0.291614 0.040791
vt 0.250000 0.036692
vt 0.208386 0.040791
vt 0.168371 0.052929
vt 0.131493 0.072641
vt 0.099169 0.099169
vt 0.072641 0.131493
vt 0.052929 0.168371
vt 0.040791 0.208386
vt 0.036692 0.250000
vt 0.040791 0.291614
vt 0.052929 0.331629
vt 0.072641 0.368507
vt 0.099169 0.400831
vt 0.131493 0.427359
vt 0.168371 0.447071
vt 0.208386 0.459209
vt 0.377352 0.079899
vt 0.400831 0.099169
vt 0.459209 0.208386
vt 0.458994 0.207676
vt 0.122648 0.079899
vt 0.122648 0.079899
vt 0.208386 0.459209
vt 0.122648 0.420101
vt 0.099169 0.400831
vt 0.458994 0.292324
vt 0.453433 0.310657
vt 0.079899 0.377351
vt 0.308108 0.454206
vt 0.291614 0.459209
vt 0.308108 0.454206
vt 0.420101 0.122648
vt 0.207676 0.458994
vt 0.189343 0.453432
vt 0.420101 0.377352
vt 0.420101 0.377352
vt 0.453432 0.310657
vt 0.458994 0.292324
vt 0.079899 0.377351
vt 0.099169 0.099169
vt 0.079899 0.122648
vt 0.310657 0.453432
vt 0.308108 0.454206
vt 0.310657 0.453433
vt 0.189343 0.453432
vt 0.207676 0.458994
vt 0.046568 0.310657
vt 0.045794 0.308108
vt 0.045794 0.308108
vt 0.046568 0.310657
vt 0.250000 0.421811
vt 0.283519 0.418510
vt 0.081491 0.283518
vt 0.091268 0.315749
vt 0.078189 0.250000
vt 0.184251 0.091268
vt 0.081491 0.216481
vt 0.091268 0.184251
vt 0.418509 0.283518
vt 0.408732 0.315749
vt 0.315749 0.091268
vt 0.216481 0.081491
vt 0.250000 0.078189
vt 0.408732 0.184251
vt 0.283519 0.081491
vt 0.315749 0.408732
vt 0.345453 0.392855
vt 0.371488 0.371488
vt 0.392855 0.345453
vt 0.184251 0.408732
vt 0.418509 0.216481
vt 0.392855 0.154547
vt 0.371489 0.128512
vt 0.345453 0.107145
vt 0.421811 0.250000
vt 0.154547 0.107145
vt 0.128511 0.128511
vt 0.107145 0.154547
vt 0.107145 0.345453
vt 0.128511 0.371488
vt 0.154547 0.392855
vt 0.113727 0.158946
vt 0.134110 0.134110
vt 0.216481 0.418509
vt 0.250000 0.413894
vt 0.281974 0.410744
vt 0.312719 0.401418
vt 0.341054 0.386273
vt 0.365890 0.365890
vt 0.386273 0.341054
vt 0.401418 0.312719
vt 0.410744 0.281974
vt 0.413894 0.250000
vt 0.410744 0.218026
vt 0.401418 0.187281
vt 0.386273 0.158946
vt 0.365890 0.134110
vt 0.341054 0.113727
vt 0.312719 0.098582
vt 0.281974 0.089256
vt 0.250000 0.086106
vt 0.218026 0.089255
vt 0.187281 0.098582
vt 0.158946 0.113727
vt 0.098582 0.187281
vt 0.089256 0.218026
vt 0.086106 0.250000
vt 0.089255 0.281974
vt 0.098582 0.312719
vt 0.113727 0.341054
vt 0.134110 0.365890
vt 0.158946 0.386272
vt 0.187281 0.401418
vt 0.218026 0.410744
vt 0.410744 0.281974
vt 0.413894 0.250000
vt 0.098582 0.187281
vt 0.410744 0.218026
vt 0.089256 0.218026
vt 0.086106 0.250000
vt 0.386273 0.158946
vt 0.086106 0.250000
vt 0.089255 0.281974
vt 0.341054 0.113727
vt 0.098582 0.312719
vt 0.312719 0.098582
vt 0.134110 0.365890
vt 0.281974 0.089256
vt 0.361767 0.296295
vt 0.350588 0.317210
vt 0.158946 0.386272
vt 0.250000 0.086106
vt 0.341054 0.386273
vt 0.218026 0.089255
vt 0.365890 0.365890
vt 0.187281 0.098582
vt 0.386273 0.341054
vt 0.158946 0.113727
vt 0.401418 0.312719
vt 0.250000 0.399781
vt 0.279221 0.396903
vt 0.250000 0.413894
vt 0.307319 0.388379
vt 0.333214 0.374538
vt 0.355911 0.355911
vt 0.374538 0.333214
vt 0.388379 0.307319
vt 0.396903 0.279221
vt 0.399781 0.250000
vt 0.396903 0.220779
vt 0.388379 0.192681
vt 0.374538 0.166786
vt 0.355911 0.144089
vt 0.333214 0.125462
vt 0.307319 0.111621
vt 0.279221 0.103097
vt 0.250000 0.100219
vt 0.220779 0.103097
vt 0.192681 0.111621
vt 0.166786 0.125462
vt 0.144089 0.144089
vt 0.125462 0.166786
vt 0.111621 0.192681
vt 0.103097 0.220779
vt 0.100219 0.250000
vt 0.103097 0.279220
vt 0.111621 0.307318
vt 0.125462 0.333214
vt 0.144089 0.355911
vt 0.166786 0.374538
vt 0.192681 0.388379
vt 0.220779 0.396903
vt 0.250000 0.370976
vt 0.273601 0.368651
vt 0.296295 0.361767
vt 0.317210 0.350587
vt 0.335543 0.335543
vt 0.368651 0.273601
vt 0.370976 0.250000
vt 0.368651 0.226399
vt 0.361767 0.203705
vt 0.350587 0.182790
vt 0.335543 0.164457
vt 0.317210 0.149412
vt 0.296295 0.138233
vt 0.273601 0.131349
vt 0.250000 0.129024
vt 0.226399 0.131349
vt 0.203705 0.138233
vt 0.182790 0.149412
vt 0.164457 0.164457
vt 0.149412 0.182789
vt 0.138233 0.203705
vt 0.131349 0.226399
vt 0.129024 0.250000
vt 0.131349 0.273601
vt 0.138233 0.296295
vt 0.149412 0.317210
vt 0.164457 0.335543
vt 0.182790 0.350587
vt 0.203705 0.361767
vt 0.226399 0.368651
vt 0.454206 0.308108
vt 0.454206 0.308108
vt 0.454206 0.308108
vt 0.458994 0.207676
vt 0.454206 0.191892
vt 0.454206 0.191892
vt 0.454206 0.191892
vt 0.454206 0.191892
vt 0.308108 0.045794
vt 0.308108 0.045794
vt 0.291614 0.040791
vt 0.250000 0.036692
vt 0.191892 0.045794
vt 0.191892 0.045794
vt 0.045794 0.191892
vt 0.045794 0.191892
vt 0.191892 0.454206
vt 0.191892 0.454206
vt 0.292324 0.458994
vt 0.292324 0.458994
vt 0.458994 0.292324
vt 0.292324 0.041006
vt 0.208386 0.040791
vt 0.207676 0.041006
vt 0.041006 0.207676
vt 0.046568 0.310657
vt 0.041006 0.292324
vt 0.041006 0.292324
vt 0.207676 0.458994
vt 0.207676 0.041006
vt 0.292324 0.458994
vt 0.207676 0.458994
vt 0.207676 0.041006
vt 0.189343 0.046568
vt 0.045794 0.308108
vt 0.453432 0.189343
vt 0.216073 0.459966
vt 0.040034 0.283926
vt 0.040034 0.283926
vt 0.040034 0.216073
vt 0.040034 0.216074
vt 0.459966 0.216074
vt 0.459966 0.216074
vt 0.454206 0.191892
vt 0.453433 0.189343
vt 0.310657 0.046568
vt 0.292324 0.041006
vt 0.310657 0.046568
vt 0.292324 0.458994
vt 0.292324 0.041006
vt 0.310657 0.046568
vt 0.189343 0.046568
vt 0.041006 0.207676
vt 0.046568 0.189343
vt 0.453433 0.310657
vt 0.453432 0.310657
vt 0.046568 0.189343
vt 0.207676 0.041006
vt 0.292324 0.041006
vt 0.041006 0.207676
vt 0.308108 0.454206
vt 0.454206 0.308108
vt 0.045794 0.308108
vt 0.283926 0.459966
vt 0.283926 0.459966
vt 0.283926 0.040034
vt 0.283926 0.040034
vt 0.216074 0.040034
vt 0.216074 0.040034
vt 0.216074 0.459966
vt 0.459966 0.283926
vt 0.459966 0.283926
vt 0.250000 0.463308
vt 0.377351 0.420101
vt 0.079899 0.122648
vt 0.377351 0.420101
vt 0.420101 0.122648
vt 0.377352 0.079899
vt 0.122648 0.420101
vt 0.381370 0.416803
vt 0.118630 0.416802
vt 0.381370 0.416803
vt 0.118630 0.083197
vt 0.118630 0.416802
vt 0.099169 0.400831
vt 0.083197 0.381370
vt 0.416803 0.381370
vt 0.416802 0.381370
vt 0.083197 0.381370
vt 0.416803 0.118630
vt 0.381370 0.083197
vt 0.083197 0.118630
vt 0.416803 0.118630
vt 0.381370 0.083197
vt 0.083197 0.118630
vt 0.106339 0.406716
vt 0.106339 0.406716
vt 0.106339 0.093284
vt 0.393661 0.093284
vt 0.093284 0.393661
vt 0.093284 0.393661
vt 0.393661 0.093284
vt 0.406716 0.106339
vt 0.406716 0.106339
vt 0.393661 0.406716
vt 0.406716 0.393661
vt 0.093284 0.106339
vt 0.393661 0.406716
vt 0.406716 0.393661
vt 0.106339 0.093284
vt 0.093284 0.106339
vt 0.031250 0.500000
vt 0.031250 0.950014
vt 0.000000 0.950014
vt 0.000000 0.500000
vt 0.937500 0.500000
vt 0.937500 0.950014
vt 0.906250 0.950014
vt 0.906250 0.500000
vt 0.875000 0.950014
vt 0.875000 0.500000
vt 0.843750 0.950014
vt 0.843750 0.500000
vt 0.812500 0.950014
vt 0.812500 0.500000
vt 0.812500 0.950014
vt 0.781250 0.950014
vt 0.781250 0.500000
vt 0.781250 0.950014
vt 0.750000 0.950014
vt 0.750000 0.500000
vt 0.750000 0.950014
vt 0.718750 0.950014
vt 0.718750 0.500000
vt 0.687500 0.950014
vt 0.687500 0.500000
vt 0.656250 0.950014
vt 0.656250 0.500000
vt 0.625000 0.950014
vt 0.625000 0.500000
vt 0.593750 0.950014
vt 0.593750 0.500000
vt 0.562500 0.950014
vt 0.562500 0.500000
vt 0.531250 0.950014
vt 0.531250 0.500000
vt 0.500000 0.950014
vt 0.500000 0.500000
vt 0.468750 0.950014
vt 0.468750 0.500000
vt 0.437500 0.950014
vt 0.437500 0.500000
vt 0.406250 0.950014
vt 0.406250 0.500000
vt 0.406250 0.950014
vt 0.375000 0.950014
vt 0.375000 0.500000
vt 0.375000 0.950014
vt 0.343750 0.950014
vt 0.343750 0.500000
vt 0.312500 0.950014
vt 0.312500 0.500000
vt 0.281250 0.950014
vt 0.281250 0.500000
vt 0.250000 0.950014
vt 0.250000 0.500000
vt 0.218750 0.950014
vt 0.218750 0.500000
vt 0.187500 0.950014
vt 0.187500 0.500000
vt 0.187500 0.950014
vt 0.156250 0.950014
vt 0.156250 0.500000
vt 0.125000 0.950014
vt 0.125000 0.500000
vt 0.093750 0.950014
vt 0.093750 0.500000
vt 0.093750 0.950014
vt 0.062500 0.950014
vt 0.062500 0.500000
vt 1.000000 0.500000
vt 1.000000 0.950014
vt 0.968750 0.950014
vt 0.968750 0.500000
vt 0.998063 1.000000
vt 0.970687 1.000000
vt 0.966813 1.000000
vt 0.939437 1.000000
vt 0.935563 1.000000
vt 0.908187 1.000000
vt 0.904313 1.000000
vt 0.876937 1.000000
vt 0.873063 1.000000
vt 0.845687 1.000000
vt 0.841813 1.000000
vt 0.814437 1.000000
vt 0.810563 1.000000
vt 0.783187 1.000000
vt 0.779313 1.000000
vt 0.751937 1.000000
vt 0.748063 1.000000
vt 0.720687 1.000000
vt 0.716813 1.000000
vt 0.689437 1.000000
vt 0.685563 1.000000
vt 0.658187 1.000000
vt 0.654313 1.000000
vt 0.626937 1.000000
vt 0.623063 1.000000
vt 0.595687 1.000000
vt 0.591813 1.000000
vt 0.564437 1.000000
vt 0.560563 1.000000
vt 0.533187 1.000000
vt 0.529313 1.000000
vt 0.501937 1.000000
vt 0.498063 1.000000
vt 0.470687 1.000000
vt 0.466813 1.000000
vt 0.439437 1.000000
vt 0.435563 1.000000
vt 0.408187 1.000000
vt 0.404313 1.000000
vt 0.376937 1.000000
vt 0.373063 1.000000
vt 0.345687 1.000000
vt 0.341813 1.000000
vt 0.314437 1.000000
vt 0.310563 1.000000
vt 0.283187 1.000000
vt 0.279313 1.000000
vt 0.251937 1.000000
vt 0.248063 1.000000
vt 0.220687 1.000000
vt 0.216813 1.000000
vt 0.189437 1.000000
vt 0.185563 1.000000
vt 0.158187 1.000000
vt 0.154313 1.000000
vt 0.126937 1.000000
vt 0.123063 1.000000
vt 0.095687 1.000000
vt 0.091813 1.000000
vt 0.064437 1.000000
vt 0.060563 1.000000
vt 0.033187 1.000000
vt 0.029313 1.000000
vt 0.001937 1.000000
vt 0.397678 0.151325
vt 0.414091 0.182032
vt 0.250000 0.427610
vt 0.284650 0.424198
vt 0.291017 0.456206
vt 0.250000 0.460246
vt 0.317968 0.414091
vt 0.330458 0.444241
vt 0.348675 0.397677
vt 0.366806 0.424813
vt 0.375589 0.375589
vt 0.398666 0.398666
vt 0.397678 0.348675
vt 0.424813 0.366806
vt 0.414091 0.317968
vt 0.444242 0.330457
vt 0.424197 0.284650
vt 0.456205 0.291017
vt 0.427610 0.250000
vt 0.460246 0.250000
vt 0.424197 0.215350
vt 0.456205 0.208983
vt 0.444242 0.169543
vt 0.424813 0.133194
vt 0.375589 0.124411
vt 0.398666 0.101334
vt 0.348675 0.102322
vt 0.366806 0.075187
vt 0.317968 0.085910
vt 0.330457 0.055759
vt 0.284650 0.075802
vt 0.291017 0.043794
vt 0.250000 0.072390
vt 0.250000 0.039755
vt 0.215350 0.075802
vt 0.208983 0.043794
vt 0.182032 0.085910
vt 0.169542 0.055759
vt 0.151325 0.102322
vt 0.133194 0.075187
vt 0.124411 0.124411
vt 0.101334 0.101334
vt 0.102322 0.151325
vt 0.075187 0.133194
vt 0.085909 0.182032
vt 0.055758 0.169543
vt 0.075803 0.215350
vt 0.043794 0.208983
vt 0.072390 0.250000
vt 0.039755 0.250000
vt 0.075803 0.284650
vt 0.043794 0.291017
vt 0.085909 0.317968
vt 0.055758 0.330457
vt 0.102322 0.348675
vt 0.075187 0.366806
vt 0.124411 0.375589
vt 0.101334 0.398666
vt 0.151325 0.397678
vt 0.133194 0.424813
vt 0.182032 0.414090
vt 0.169542 0.444241
vt 0.215350 0.424198
vt 0.208983 0.456206
vt 0.000000 0.000000
vt 0.636364 0.000000
vt 0.454545 0.000000
vt 0.545455 0.000000
vt 0.363636 0.000000
vt 0.727273 0.000000
vt 0.272727 0.000000
vt 0.818182 0.000000
vt 0.181818 0.000000
vt 0.909091 0.000000
vt 0.090909 0.000000
vt 1.000000 0.000000
vt 0.000000 1.000000
vt 0.083333 1.000000
vt 0.083333 0.916667
vt 0.000000 0.916667
vt 0.000000 0.083333
vt 0.083333 0.083333
vt 0.083333 0.000000
vt 0.000000 0.166667
vt 0.083333 0.166667
vt 0.000000 0.250000
vt 0.083333 0.250000
vt 0.000000 0.333333
vt 0.083333 0.333333
vt 0.000000 0.416667
vt 0.083333 0.416667
vt 0.083333 0.500000
vt 0.000000 0.583333
vt 0.083333 0.583333
vt 0.000000 0.666667
vt 0.083333 0.666667
vt 0.000000 0.750000
vt 0.083333 0.750000
vt 0.000000 0.833333
vt 0.083333 0.833333
vt 0.166667 1.000000
vt 0.166667 0.916667
vt 0.166667 0.083333
vt 0.166667 0.000000
vt 0.166667 0.166667
vt 0.166667 0.250000
vt 0.166667 0.333333
vt 0.166667 0.416667
vt 0.166667 0.500000
vt 0.166667 0.583333
vt 0.166667 0.666667
vt 0.166667 0.750000
vt 0.166667 0.833333
vt 0.250000 1.000000
vt 0.250000 0.916667
vt 0.250000 0.083333
vt 0.250000 0.000000
vt 0.250000 0.166667
vt 0.250000 0.250000
vt 0.250000 0.333333
vt 0.250000 0.416667
vt 0.250000 0.583333
vt 0.250000 0.666667
vt 0.250000 0.750000
vt 0.250000 0.833333
vt 0.333333 1.000000
vt 0.333333 0.916667
vt 0.333333 0.083333
vt 0.333333 0.000000
vt 0.333333 0.166667
vt 0.333333 0.250000
vt 0.333333 0.333333
vt 0.333333 0.416667
vt 0.333333 0.500000
vt 0.333333 0.583333
vt 0.333333 0.666667
vt 0.333333 0.750000
vt 0.333333 0.833333
vt 0.416667 1.000000
vt 0.416667 0.916667
vt 0.416667 0.083333
vt 0.416667 0.000000
vt 0.416667 0.166667
vt 0.416667 0.250000
vt 0.416667 0.333333
vt 0.416667 0.416667
vt 0.416667 0.500000
vt 0.416667 0.583333
vt 0.416667 0.666667
vt 0.416667 0.750000
vt 0.416667 0.833333
vt 0.500000 1.000000
vt 0.500000 0.916667
vt 0.500000 0.083333
vt 0.500000 0.000000
vt 0.500000 0.166667
vt 0.500000 0.250000
vt 0.500000 0.333333
vt 0.500000 0.416667
vt 0.500000 0.583333
vt 0.500000 0.666667
vt 0.500000 0.750000
vt 0.500000 0.833333
vt 0.583333 1.000000
vt 0.583333 0.916667
vt 0.583333 0.083333
vt 0.583333 0.000000
vt 0.583333 0.166667
vt 0.583333 0.250000
vt 0.583333 0.333333
vt 0.583333 0.416667
vt 0.583333 0.500000
vt 0.583333 0.583333
vt 0.583333 0.666667
vt 0.583333 0.750000
vt 0.583333 0.833333
vt 0.666667 1.000000
vt 0.666667 0.916667
vt 0.666667 0.083333
vt 0.666667 0.000000
vt 0.666667 0.166667
vt 0.666667 0.250000
vt 0.666667 0.333333
vt 0.666667 0.416667
vt 0.666667 0.500000
vt 0.666667 0.583333
vt 0.666667 0.666667
vt 0.666667 0.750000
vt 0.666667 0.833333
vt 0.750000 1.000000
vt 0.750000 0.916667
vt 0.750000 0.083333
vt 0.750000 0.000000
vt 0.750000 0.166667
vt 0.750000 0.250000
vt 0.750000 0.333333
vt 0.750000 0.416667
vt 0.750000 0.583333
vt 0.750000 0.666667
vt 0.750000 0.750000
vt 0.750000 0.833333
vt 0.833333 1.000000
vt 0.833333 0.916667
vt 0.833333 0.083333
vt 0.833333 0.000000
vt 0.833333 0.166667
vt 0.833333 0.250000
vt 0.833333 0.333333
vt 0.833333 0.416667
vt 0.833333 0.500000
vt 0.833333 0.583333
vt 0.833333 0.666667
vt 0.833333 0.750000
vt 0.833333 0.833333
vt 0.916667 1.000000
vt 0.916667 0.916667
vt 0.916667 0.083333
vt 0.916667 0.000000
vt 0.916667 0.166667
vt 0.916667 0.250000
vt 0.916667 0.333333
vt 0.916667 0.416667
vt 0.916667 0.500000
vt 0.916667 0.583333
vt 0.916667 0.666667
vt 0.916667 0.750000
vt 0.916667 0.833333
vt 1.000000 1.000000
vt 1.000000 0.916667
vt 1.000000 0.083333
vt 1.000000 0.166667
vt 1.000000 0.250000
vt 1.000000 0.333333
vt 1.000000 0.416667
vt 1.000000 0.583333
vt 1.000000 0.666667
vt 1.000000 0.750000
vt 1.000000 0.833333
s 0
usemtl M_Noir_Bleuté
f 166/1/1 167/2/1 268/3/1 267/4/1
f 80/5/2 14/6/2 444/7/2 438/8/2
f 81/9/3 50/10/3 5/11/3 21/12/3
f 442/13/2 436/14/2 72/15/2 15/16/2
f 12/17/3 73/18/3 42/19/3 7/20/3
f 85/21/2 435/22/2 442/13/2 17/23/2
f 23/24/3 7/20/3 59/25/3 92/26/3
f 141/27/4 143/28/4 487/28/4 485/27/4
f 170/29/5 171/30/5 272/31/5 271/32/5
f 5/11/3 43/33/3 76/34/3 11/35/3
f 40/36/3 124/37/3 273/37/3 360/36/3
f 7/20/3 42/19/3 129/38/3 133/39/3 135/40/3 131/41/3 59/25/3
f 174/42/6 175/43/6 260/44/6 258/45/6
f 113/46/3 117/47/3 119/48/3 115/49/3 51/50/3 6/51/3 34/52/3
f 35/53/3 8/54/3 58/55/3 97/56/3 101/57/3 103/58/3 99/59/3
f 31/60/3 12/17/3 7/20/3 23/24/3
f 162/61/7 163/62/7 264/63/7 263/64/7
f 100/65/2 104/66/2 291/66/2 275/65/2
f 1/67/8 54/68/8 491/68/8 498/67/8
f 27/69/2 16/70/2 441/71/2 19/72/2
f 440/73/2 88/74/2 18/75/2 443/76/2
f 439/77/2 443/76/2 13/78/2 77/79/2
f 71/80/9 66/81/9 194/81/9 195/80/9
f 68/82/3 10/83/3 8/54/3 35/53/3
f 444/7/2 20/84/2 93/85/2 437/86/2
f 49/87/10 56/88/10 368/88/10 367/87/10
f 265/89/11 266/90/11 176/91/11 173/92/11
f 257/93/12 259/94/12 164/95/12 161/96/12
f 51/97/3 84/98/3 22/99/3 6/51/3
f 17/23/2 442/13/2 15/16/2 25/100/2
f 25/100/2 15/16/2 16/70/2 27/69/2
f 137/101/13 141/27/13 485/27/13 486/101/13
f 84/102/3 81/9/3 21/12/3 22/99/3
f 21/12/3 5/11/3 11/35/3 29/103/3
f 29/103/3 11/35/3 12/17/3 31/60/3
f 150/104/2 146/105/2 282/105/2 342/104/2
f 15/16/2 72/106/2 69/107/2 16/70/2
f 114/108/2 33/109/2 359/109/2 274/108/2
f 65/110/3 9/111/3 10/83/3 68/82/3
f 50/10/3 145/112/3 149/113/3 151/114/3 147/115/3 43/33/3 5/11/3
f 77/116/2 13/78/2 14/6/2 80/5/2
f 269/117/14 270/118/14 168/119/14 165/120/14
f 91/121/15 94/122/15 208/122/15 205/121/15
f 39/123/16 1/67/16 498/67/16 492/123/16
f 11/35/3 76/124/3 73/125/3 12/17/3
f 9/111/3 30/126/3 32/127/3 10/83/3
f 30/126/3 29/103/3 31/60/3 32/127/3
f 6/51/3 22/99/3 30/126/3 9/111/3
f 22/99/3 21/12/3 29/103/3 30/126/3
f 13/78/2 26/128/2 28/129/2 14/6/2
f 26/128/2 25/100/2 27/69/2 28/129/2
f 443/76/2 18/75/2 26/128/2 13/78/2
f 18/75/2 17/23/2 25/100/2 26/128/2
f 112/130/3 110/131/3 292/131/3 323/130/3
f 88/74/2 85/21/2 17/23/2 18/75/2
f 45/132/17 44/133/17 365/133/17 366/132/17
f 20/84/2 19/72/2 96/134/2 93/135/2
f 156/136/3 160/137/3 341/137/3 281/136/3
f 66/81/2 67/138/2 193/138/2 194/81/2
f 19/72/2 441/71/2 434/139/2 96/140/2
f 122/141/3 53/142/3 358/142/3 284/141/3
f 8/54/3 24/143/3 89/144/3 58/145/3
f 24/143/3 23/24/3 92/146/3 89/147/3
f 14/6/2 28/129/2 20/84/2 444/7/2
f 28/129/2 27/69/2 19/72/2 20/84/2
f 261/148/18 262/149/18 172/150/18 169/151/18
f 94/122/3 95/152/3 207/152/3 208/122/3
f 10/83/3 32/127/3 24/143/3 8/54/3
f 32/127/3 31/60/3 23/24/3 24/143/3
f 104/66/2 102/153/2 322/153/2 291/66/2
f 41/154/9 48/155/9 364/155/9 363/154/9
f 152/156/2 150/104/2 342/104/2 339/156/2
f 52/157/2 116/158/2 332/158/2 357/157/2
f 108/159/3 112/160/3 323/160/3 324/159/3
f 37/161/9 36/162/9 353/162/9 355/161/9
f 160/137/3 158/163/3 338/163/3 341/137/3
f 64/164/3 108/159/3 324/159/3 356/164/3
f 102/165/2 98/166/2 321/166/2 322/165/2
f 33/109/17 40/36/17 360/36/17 359/109/17
f 148/167/2 152/156/2 339/156/2 340/167/2
f 16/70/2 69/168/2 433/169/2 441/71/2
f 68/82/19 35/53/19 257/170/19 161/171/19
f 72/172/20 436/173/20 264/63/20 163/62/20
f 76/34/21 43/33/21 269/117/21 165/120/21
f 80/5/22 438/8/22 268/3/22 167/2/22
f 84/98/23 51/97/23 261/174/23 169/175/23
f 88/176/24 440/177/24 272/31/24 171/30/24
f 92/26/25 59/25/25 265/178/25 173/179/25
f 96/180/26 434/181/26 260/44/26 175/43/26
f 34/52/27 65/182/27 162/183/27 263/184/27
f 65/110/28 68/82/28 161/171/28 162/183/28
f 433/185/29 69/186/29 164/95/29 259/94/29
f 69/186/30 72/172/30 163/62/30 164/187/30
f 42/19/31 73/18/31 166/1/31 267/4/31
f 73/125/32 76/124/32 165/120/32 166/1/32
f 439/77/33 77/79/33 168/119/33 270/118/33
f 77/116/34 80/5/34 167/2/34 168/119/34
f 50/10/35 81/9/35 170/188/35 271/189/35
f 81/9/36 84/102/36 169/175/36 170/188/36
f 435/190/37 85/191/37 172/150/37 262/149/37
f 85/191/38 88/176/38 171/30/38 172/150/38
f 58/145/39 89/144/39 174/192/39 258/193/39
f 89/147/40 92/146/40 173/179/40 174/192/40
f 437/194/41 93/195/41 176/91/41 266/90/41
f 93/195/42 96/180/42 175/43/42 176/196/42
s 1
f 101/57/43 97/56/44 225/197/45 226/198/46
f 417/199/47 418/200/48 227/201/49 228/202/50
f 103/58/51 101/57/43 226/198/46 229/203/52
f 418/204/48 419/205/53 230/206/54 227/207/49
f 99/59/55 103/58/51 229/203/52 231/208/56
f 419/209/53 420/210/57 232/211/58 230/212/54
f 421/213/59 422/214/60 233/215/61 234/216/62
f 115/49/63 119/48/64 235/217/65 236/218/66
f 423/219/67 421/220/59 234/221/62 237/222/68
f 119/48/64 117/47/69 238/223/70 235/217/65
f 424/224/71 423/225/67 237/226/68 239/227/72
f 117/47/69 113/46/73 240/228/74 238/223/70
f 425/229/75 426/230/76 241/231/77 242/232/78
f 147/115/79 151/114/80 243/233/81 244/234/82
f 427/235/83 425/236/75 242/237/78 245/238/84
f 151/114/80 149/113/85 246/239/86 243/233/81
f 428/240/87 427/241/83 245/242/84 247/243/88
f 149/113/85 145/112/89 248/244/90 246/239/86
f 429/245/91 430/246/92 249/247/93 250/248/94
f 131/41/95 135/40/96 251/249/97 252/250/98
f 431/251/99 429/252/91 250/253/94 253/254/100
f 135/40/96 133/39/101 254/255/102 251/249/97
f 432/256/103 431/257/99 253/258/100 255/259/104
f 133/39/101 129/38/105 256/260/106 254/255/102
f 231/208/56 257/170/107 35/53/108 99/59/55
f 258/193/109 225/197/45 97/56/44 58/55/110
f 420/261/57 433/262/111 259/94/112 232/211/58
f 434/263/113 417/264/47 228/202/50 260/44/114
f 51/50/115 115/49/63 236/218/66 261/174/116
f 422/265/60 435/266/117 262/149/118 233/215/61
f 263/184/119 240/228/74 113/46/73 34/52/120
f 436/267/121 424/268/71 239/227/72 264/63/122
f 59/25/123 131/41/95 252/250/98 265/178/124
f 430/269/92 437/270/125 266/271/126 249/247/93
f 267/4/127 256/272/106 129/38/105 42/19/128
f 438/8/129 432/273/103 255/259/104 268/3/130
f 43/33/131 147/115/79 244/274/82 269/117/132
f 426/275/76 439/77/133 270/118/134 241/231/77
f 271/189/135 248/244/90 145/112/89 50/10/136
f 440/276/137 428/277/87 247/243/88 272/278/138
s 0
f 34/52/3 6/51/3 9/111/3 65/182/3
f 67/138/15 66/81/15 162/61/15 161/96/15
f 71/80/15 70/279/15 164/187/15 163/62/15
f 75/280/10 74/281/10 166/1/10 165/120/10
f 79/282/10 78/283/10 168/119/10 167/2/10
f 83/284/17 82/285/17 170/29/17 169/151/17
f 87/286/17 86/287/17 172/150/17 171/30/17
f 91/121/9 90/288/9 174/42/9 173/289/9
f 95/152/9 94/122/9 176/196/9 175/43/9
f 66/81/15 71/80/15 163/62/15 162/61/15
f 70/279/15 67/138/15 161/96/15 164/187/15
f 74/281/10 79/282/10 167/2/10 166/1/10
f 78/283/10 75/280/10 165/120/10 168/119/10
f 82/285/17 87/286/17 171/30/17 170/29/17
f 86/287/17 83/284/17 169/151/17 172/150/17
f 90/288/9 95/152/9 175/43/9 174/42/9
f 94/122/9 91/121/9 173/289/9 176/196/9
f 70/279/3 71/80/3 195/80/3 196/279/3
f 67/138/17 70/279/17 196/279/17 193/138/17
f 74/281/2 75/280/2 197/280/2 198/281/2
f 79/282/17 74/281/17 198/281/17 199/282/17
f 78/283/3 79/282/3 199/282/3 200/283/3
f 75/280/9 78/283/9 200/283/9 197/280/9
f 82/285/2 83/284/2 201/284/2 202/285/2
f 87/286/15 82/285/15 202/285/15 203/286/15
f 86/287/3 87/286/3 203/286/3 204/287/3
f 83/284/10 86/287/10 204/287/10 201/284/10
f 90/288/2 91/121/2 205/121/2 206/288/2
f 95/152/10 90/288/10 206/288/10 207/152/10
s 1
f 98/166/139 102/165/140 226/306/46 225/307/45
f 112/160/140 108/159/139 228/202/50 227/201/49
f 102/153/140 104/66/141 229/308/52 226/309/46
f 110/131/141 112/130/140 227/207/49 230/206/54
f 104/66/141 100/65/142 231/310/56 229/308/52
f 106/311/142 110/131/141 230/212/54 232/211/58
f 122/141/143 126/312/144 234/216/62 233/215/61
f 120/313/144 116/158/143 236/314/66 235/315/65
f 126/312/144 128/316/145 237/222/68 234/221/62
f 118/317/145 120/313/144 235/315/65 238/318/70
f 128/316/145 124/37/146 239/227/72 237/226/68
f 114/108/146 118/317/145 238/318/70 240/319/74
f 154/320/147 158/163/148 242/232/78 241/231/77
f 152/156/148 148/167/147 244/274/82 243/321/81
f 158/163/148 160/137/149 245/238/84 242/237/78
f 150/104/149 152/156/148 243/321/81 246/322/86
f 160/137/149 156/136/150 247/243/88 245/242/84
f 146/105/150 150/104/149 246/322/86 248/323/90
f 138/324/151 142/325/152 250/248/94 249/247/93
f 136/326/152 132/327/151 252/328/98 251/329/97
f 142/325/152 144/330/153 253/254/100 250/253/94
f 134/331/153 136/326/152 251/329/97 254/332/102
f 144/330/153 140/333/154 255/259/104 253/258/100
f 130/334/154 134/331/153 254/332/102 256/272/106
f 100/65/142 36/162/15 257/93/107 231/310/56
f 57/335/9 98/166/139 225/307/45 258/45/109
f 37/161/15 106/311/142 232/211/58 259/94/112
f 108/159/139 64/164/9 260/44/114 228/202/50
f 116/158/143 52/157/17 261/148/116 236/314/66
f 53/142/17 122/141/143 233/215/61 262/149/118
f 33/109/15 114/108/146 240/319/74 263/64/119
f 124/37/146 40/36/15 264/63/122 239/227/72
f 132/327/151 60/336/9 265/337/124 252/328/98
f 61/338/9 138/324/151 249/247/93 266/271/126
f 41/154/10 130/334/154 256/272/106 267/4/127
f 140/333/154 48/155/10 268/3/130 255/259/104
f 148/167/147 44/133/10 269/117/132 244/274/82
f 45/132/10 154/320/147 241/231/77 270/118/134
f 49/87/17 146/105/150 248/323/90 271/339/135
f 156/136/150 56/88/17 272/278/138 247/243/88
f 40/36/15 33/109/15 263/64/119 264/63/122
f 36/162/15 37/161/15 259/94/112 257/93/107
f 48/155/10 41/154/10 267/4/127 268/3/130
f 44/133/10 45/132/10 270/118/134 269/117/132
f 56/88/17 49/87/17 271/339/135 272/278/138
f 52/157/17 53/142/17 262/149/118 261/148/116
f 64/164/9 57/335/9 258/45/109 260/44/114
f 60/336/9 61/338/9 266/271/126 265/337/124
s 0
f 142/325/3 138/324/3 288/324/3 300/325/3
f 53/142/15 52/157/15 357/157/15 358/142/15
f 110/131/3 106/311/3 276/311/3 292/131/3
f 60/336/2 132/327/2 287/327/2 361/336/2
f 132/327/2 136/326/2 299/326/2 287/327/2
f 57/335/15 64/164/15 356/164/15 354/335/15
f 126/312/3 122/141/3 284/141/3 296/312/3
f 138/324/3 61/338/3 362/338/3 288/324/3
f 144/330/3 142/325/3 300/325/3 297/330/3
f 61/338/10 60/336/10 361/336/10 362/338/10
f 116/158/2 120/313/2 295/313/2 332/158/2
f 130/334/2 41/154/2 363/154/2 278/334/2
f 136/326/2 134/331/2 298/331/2 299/326/2
f 128/316/3 126/312/3 296/312/3 293/316/3
f 48/155/3 140/333/3 277/333/3 364/155/3
f 140/333/3 144/330/3 297/330/3 277/333/3
f 120/313/2 118/317/2 294/317/2 295/313/2
f 44/133/2 148/167/2 340/167/2 365/133/2
f 134/331/2 130/334/2 278/334/2 298/331/2
f 124/37/3 128/316/3 293/316/3 273/37/3
f 154/320/3 45/132/3 366/132/3 280/320/3
f 36/162/2 100/65/2 275/65/2 353/162/2
f 118/317/2 114/108/2 274/108/2 294/317/2
f 146/105/2 49/87/2 367/87/2 282/105/2
f 98/166/2 57/335/2 354/335/2 321/166/2
f 158/163/3 154/320/3 280/320/3 338/163/3
f 56/88/3 156/136/3 281/136/3 368/88/3
f 106/311/3 37/161/3 355/161/3 276/311/3
f 107/390/203 111/391/203 418/392/203 417/393/203
f 111/391/204 109/394/204 419/395/204 418/392/204
f 109/394/205 105/396/205 420/397/205 419/395/205
f 125/398/206 121/399/206 422/400/206 421/401/206
f 127/402/207 125/398/207 421/401/207 423/403/207
f 123/404/208 127/402/208 423/403/208 424/405/208
f 157/406/209 153/407/209 426/275/209 425/408/209
f 159/409/210 157/406/210 425/408/210 427/410/210
f 155/411/211 159/409/211 427/410/211 428/412/211
f 141/27/212 137/101/212 430/413/212 429/414/212
f 143/28/213 141/27/213 429/414/213 431/415/213
f 139/416/214 143/28/214 431/415/214 432/273/214
f 105/396/215 38/417/215 433/169/215 420/397/215
f 63/418/216 107/390/216 417/393/216 434/139/216
f 121/399/217 54/68/217 435/22/217 422/400/217
f 39/123/215 123/404/215 424/405/215 436/14/215
f 137/101/216 62/419/216 437/86/216 430/413/216
f 47/420/218 139/416/218 432/273/218 438/8/218
f 153/407/218 46/421/218 439/77/218 426/275/218
f 55/422/217 155/411/217 428/412/217 440/73/217
f 38/417/219 3/423/219 441/71/219 433/169/219
f 3/423/220 63/418/220 434/139/220 441/71/220
f 1/67/221 39/123/221 436/14/221 442/13/221
f 54/68/222 1/67/222 442/13/222 435/22/222
f 46/421/223 2/424/223 443/76/223 439/77/223
f 2/424/224 55/422/224 440/73/224 443/76/224
f 4/425/225 47/420/225 438/8/225 444/7/225
f 62/419/226 4/425/226 444/7/226 437/86/226
f 2/424/230 46/421/230 495/421/230 499/424/230
f 143/28/229 139/416/229 488/416/229 487/28/229
f 55/422/231 2/424/231 499/424/231 496/422/231
f 38/417/232 105/396/232 476/396/232 489/417/232
f 47/420/233 4/425/233 500/425/233 494/420/233
f 107/390/228 63/418/228 490/418/228 473/390/228
f 111/391/234 107/390/234 473/390/234 474/391/234
f 4/425/235 62/419/235 493/419/235 500/425/235
f 54/68/236 121/399/236 478/399/236 491/68/236
f 109/394/237 111/391/237 474/391/237 475/394/237
f 123/404/238 39/123/238 492/123/238 480/404/238
f 105/396/227 109/394/227 475/394/227 476/396/227
f 62/419/239 137/101/239 486/101/239 493/419/239
f 121/399/240 125/398/240 477/398/240 478/399/240
f 139/416/241 47/420/241 494/420/241 488/416/241
f 125/398/242 127/402/242 479/402/242 477/398/242
f 46/421/243 153/407/243 482/407/243 495/421/243
f 127/402/244 123/404/244 480/404/244 479/402/244
f 155/411/245 55/422/245 496/422/245 484/411/245
f 153/407/246 157/406/246 481/406/246 482/407/246
f 3/423/247 38/417/247 489/417/247 497/423/247
f 157/406/248 159/409/248 483/409/248 481/406/248
f 63/418/249 3/423/249 497/423/249 490/418/249
f 159/409/250 155/411/250 484/411/250 483/409/250
s 1
f 710/482/279 712/483/280 588/484/281 586/485/282
f 594/486/283 596/487/284 600/488/285 598/489/286
f 598/489/286 600/488/285 604/490/287 602/491/288
f 602/492/288 604/493/287 608/494/289 606/495/290
f 606/495/290 608/494/289 612/496/291 610/497/292
f 610/497/292 612/496/291 616/498/293 614/499/294
f 614/500/294 616/501/293 620/502/295 618/503/296
f 618/503/296 620/502/295 624/504/297 622/505/298
f 622/505/298 624/504/297 628/506/299 626/507/300
f 626/507/300 628/506/299 632/508/301 630/509/302
f 630/509/302 632/508/301 636/510/303 634/511/304
f 634/511/304 636/510/303 640/512/305 638/513/306
f 638/513/306 640/512/305 644/514/307 642/515/308
f 642/515/308 644/514/307 648/516/309 646/517/310
f 646/517/310 648/516/309 652/518/311 650/519/312
f 650/519/312 652/518/311 656/520/313 654/521/314
f 654/521/314 656/520/313 660/522/315 658/523/316
f 658/524/316 660/525/315 664/526/317 662/527/318
f 662/527/318 664/526/317 668/528/319 666/529/320
f 666/529/320 668/528/319 672/530/321 670/531/322
f 670/531/322 672/530/321 676/532/323 674/533/324
f 674/533/324 676/532/323 680/534/325 678/535/326
f 678/535/326 680/534/325 684/536/327 682/537/328
f 682/537/328 684/536/327 688/538/329 686/539/330
f 686/540/330 688/541/329 692/542/331 690/543/332
f 690/543/332 692/542/331 696/544/333 694/545/334
f 694/545/334 696/544/333 700/546/335 698/547/336
f 698/547/336 700/546/335 704/548/337 702/549/338
f 702/549/338 704/548/337 708/550/339 706/551/340
f 706/551/340 708/550/339 712/483/280 710/482/279
f 590/552/341 592/553/342 596/487/284 594/486/283
f 586/556/282 588/557/281 592/553/342 590/552/341
f 586/558/282 590/559/341 589/560/344 585/561/345
f 592/562/342 588/563/281 713/564/346 714/565/347
f 590/559/341 594/566/283 593/567/348 589/560/344
f 596/568/284 592/562/342 714/565/347 715/569/349
f 594/566/283 598/570/286 597/571/350 593/567/348
f 600/572/285 596/568/284 715/569/349 716/573/351
f 598/570/286 602/574/288 601/575/352 597/571/350
f 604/576/287 600/572/285 716/573/351 717/577/353
f 602/574/288 606/578/290 605/579/354 601/575/352
f 608/580/289 604/576/287 717/577/353 718/581/355
f 606/578/290 610/582/292 609/583/356 605/579/354
f 612/584/291 608/580/289 718/581/355 719/585/357
f 610/582/292 614/586/294 613/587/358 609/583/356
f 616/588/293 612/584/291 719/585/357 720/589/359
f 614/586/294 618/590/296 617/591/360 613/587/358
f 620/592/295 616/588/293 720/589/359 721/593/361
f 618/590/296 622/594/298 621/595/362 617/591/360
f 624/596/297 620/592/295 721/593/361 722/597/363
f 622/594/298 626/598/300 625/599/364 621/595/362
f 628/600/299 624/596/297 722/597/363 723/601/365
f 626/598/300 630/602/302 629/603/366 625/599/364
f 632/604/301 628/600/299 723/601/365 724/605/367
f 630/602/302 634/606/304 633/607/368 629/603/366
f 636/608/303 632/604/301 724/605/367 725/609/369
f 634/606/304 638/610/306 637/611/370 633/607/368
f 640/612/305 636/608/303 725/609/369 726/613/371
f 638/610/306 642/614/308 641/615/372 637/611/370
f 644/616/307 640/612/305 726/613/371 727/617/373
f 642/614/308 646/618/310 645/619/374 641/615/372
f 648/620/309 644/616/307 727/617/373 728/621/375
f 646/618/310 650/622/312 649/623/376 645/619/374
f 652/624/311 648/620/309 728/621/375 729/625/377
f 650/622/312 654/626/314 653/627/378 649/623/376
f 656/628/313 652/624/311 729/625/377 730/629/379
f 654/626/314 658/630/316 657/631/380 653/627/378
f 660/632/315 656/628/313 730/629/379 731/633/381
f 658/630/316 662/634/318 661/635/382 657/631/380
f 664/636/317 660/632/315 731/633/381 732/637/383
f 662/634/318 666/638/320 665/639/384 661/635/382
f 668/640/319 664/636/317 732/637/383 733/641/385
f 666/638/320 670/642/322 669/643/386 665/639/384
f 672/644/321 668/640/319 733/641/385 734/645/387
f 670/642/322 674/646/324 673/647/388 669/643/386
f 676/648/323 672/644/321 734/645/387 735/649/389
f 674/646/324 678/650/326 677/651/390 673/647/388
f 680/652/325 676/648/323 735/649/389 736/653/391
f 678/650/326 682/654/328 681/655/392 677/651/390
f 684/656/327 680/652/325 736/653/391 737/657/393
f 682/654/328 686/658/330 685/659/394 681/655/392
f 688/660/329 684/656/327 737/657/393 738/661/395
f 686/658/330 690/662/332 689/663/396 685/659/394
f 692/664/331 688/660/329 738/661/395 739/665/397
f 690/662/332 694/666/334 693/667/398 689/663/396
f 696/668/333 692/664/331 739/665/397 740/669/399
f 694/666/334 698/670/336 697/671/400 693/667/398
f 700/672/335 696/668/333 740/669/399 741/673/401
f 698/670/336 702/674/338 701/675/402 697/671/400
f 704/676/337 700/672/335 741/673/401 742/677/403
f 702/674/338 706/678/340 705/679/404 701/675/402
f 708/680/339 704/676/337 742/677/403 743/681/405
f 706/678/340 710/682/279 709/683/406 705/679/404
f 712/684/280 708/680/339 743/681/405 744/685/407
f 710/682/279 586/558/282 585/561/345 709/683/406
f 588/563/281 712/684/280 744/685/407 713/564/346
s 0
f 585/561/3 589/560/3 593/567/3 597/571/3 601/575/3 605/579/3 609/583/3 613/587/3 617/591/3 621/595/3 625/599/3 629/603/3 633/607/3 637/611/3 641/615/3 645/619/3 649/623/3 653/627/3 657/631/3 661/635/3 665/639/3 669/643/3 673/647/3 677/651/3 681/655/3 685/659/3 689/663/3 693/667/3 697/671/3 701/675/3 705/679/3 709/683/3
f 587/686/2 591/687/2 714/565/2 713/564/2
f 591/687/2 595/688/2 715/569/2 714/565/2
f 595/688/2 599/689/2 716/573/2 715/569/2
f 599/689/2 603/690/2 717/577/2 716/573/2
f 603/690/2 607/691/2 718/581/2 717/577/2
f 607/691/2 611/692/2 719/585/2 718/581/2
f 611/692/2 615/693/2 720/589/2 719/585/2
f 615/693/2 619/694/2 721/593/2 720/589/2
f 619/694/2 623/695/2 722/597/2 721/593/2
f 623/695/2 627/696/2 723/601/2 722/597/2
f 627/696/2 631/697/2 724/605/2 723/601/2
f 631/697/2 635/698/2 725/609/2 724/605/2
f 635/698/2 639/699/2 726/613/2 725/609/2
f 639/699/2 643/700/2 727/617/2 726/613/2
f 643/700/2 647/701/2 728/621/2 727/617/2
f 647/701/2 651/702/2 729/625/2 728/621/2
f 651/702/2 655/703/2 730/629/2 729/625/2
f 655/703/2 659/704/2 731/633/2 730/629/2
f 659/704/2 663/705/2 732/637/2 731/633/2
f 663/705/2 667/706/2 733/641/2 732/637/2
f 667/706/2 671/707/2 734/645/2 733/641/2
f 671/707/2 675/708/2 735/649/2 734/645/2
f 675/708/2 679/555/2 736/653/2 735/649/2
f 679/555/2 683/554/2 737/657/2 736/653/2
f 683/554/2 687/709/2 738/661/2 737/657/2
f 687/709/2 691/710/2 739/665/2 738/661/2
f 691/710/2 695/711/2 740/669/2 739/665/2
f 695/711/2 699/712/2 741/673/2 740/669/2
f 699/712/2 703/713/2 742/677/2 741/673/2
f 703/713/2 707/714/2 743/681/2 742/677/2
f 707/714/2 711/715/2 744/685/2 743/681/2
f 711/715/2 587/686/2 713/564/2 744/685/2
f 819/748/2 818/749/2 1450/749/2 1478/748/2
f 1228/726/434 1227/716/434 1127/716/434 1128/726/434
f 840/750/3 1296/751/3 1333/750/3 1357/750/3
f 823/752/435 847/753/435 1491/753/435 1479/752/435
f 1443/735/436 1431/735/436 1402/735/436 1418/735/436
f 1430/729/437 1442/729/437 1415/729/437 1399/729/437
f 856/754/3 833/718/3 1244/718/3 1353/754/3
f 831/755/2 830/756/2 1483/756/2 1484/755/2
f 816/750/2 815/717/2 1258/717/2 1358/750/2
s 1
f 838/725/430 1292/757/438 1294/758/438 1224/724/438 1225/725/430
s 0
f 853/759/3 854/744/3 1451/744/3 1494/759/3
f 1427/723/440 1439/723/440 1411/723/440 1395/723/440
f 1218/742/441 1238/742/441 1421/742/441 1405/742/441
f 815/717/2 814/725/2 1356/725/2 1258/717/2
f 818/749/2 817/763/2 1476/763/2 1450/749/2
f 833/718/3 834/719/3 1347/719/3 1244/718/3
s 1
f 856/754/424 1310/764/442 1312/765/442 1239/746/442 1240/747/424
s 0
f 837/766/443 813/767/443 1475/767/443 1487/766/443
s 1
f 1270/768/438 1269/769/438 814/725/430 1205/725/430 1204/724/438
s 0
f 1213/734/444 1233/734/444 1417/734/444 1401/734/444
f 830/756/2 829/770/2 1482/770/2 1483/756/2
f 809/718/2 832/747/2 1354/747/2 1361/718/2
f 848/771/3 849/772/3 1493/772/3 1492/771/3
f 851/740/3 852/741/3 1346/741/3 1368/740/3
s 1
f 1267/773/445 1266/760/445 1289/774/445 1291/775/445 1223/720/445 1203/720/445
f 1288/776/442 1287/777/442 832/747/424 1220/747/424 1219/746/442
s 0
f 850/739/3 851/740/3 1368/740/3 1359/739/3
f 810/761/2 809/718/2 1361/718/2 1348/761/2
f 1445/737/3 1234/738/3 1420/738/3 1419/737/3
s 1
f 1285/778/446 1284/779/446 1307/780/446 1309/781/446 1238/742/446 1218/742/446
f 877/782/9 878/783/421 1182/783/447 1181/782/448
s 0
f 1227/716/449 1226/717/449 1126/717/449 1127/716/449
s 1
f 1448/745/450 1447/744/451 874/744/452 875/745/453
f 1437/721/455 1223/720/456 857/720/457 858/721/458
f 1239/746/459 1448/745/450 875/745/453 876/746/460
f 902/784/433 903/785/461 1198/785/462 1197/784/463
f 1438/722/464 1437/721/455 858/721/458 859/722/465
s 0
f 1226/717/467 1225/725/467 1125/725/467 1126/717/467
s 1
f 1439/723/468 1438/722/464 859/722/465 860/723/469
f 901/786/10 902/784/433 1197/784/463 1196/786/470
f 1443/735/471 1233/734/472 867/734/473 868/735/474
f 1224/724/475 1439/723/468 860/723/469 861/724/476
f 1444/736/477 1443/735/471 868/735/474 869/736/478
f 1445/737/480 1444/736/477 869/736/478 870/737/481
s 0
f 1225/725/482 1224/724/482 1124/724/482 1125/725/482
s 1
f 1234/738/483 1445/737/480 870/737/481 871/738/484
f 900/788/430 901/786/10 1196/786/470 1195/788/485
s 0
f 1221/718/486 1240/747/486 1140/747/486 1121/718/486
s 1
f 899/789/487 900/788/430 1195/788/485 1194/789/488
f 1440/727/489 1228/726/490 862/726/491 863/727/492
s 0
f 1240/747/493 1239/746/493 1139/746/493 1140/747/493
s 1
f 1441/728/494 1440/727/489 863/727/492 864/728/495
f 1442/729/497 1441/728/494 864/728/495 865/729/498
f 1446/743/499 1238/742/500 872/742/501 873/743/502
f 1229/730/503 1442/729/497 865/729/498 866/730/504
f 1447/744/451 1446/743/499 873/743/502 874/744/452
f 884/790/343 883/791/506 967/791/432 968/790/343
f 860/723/469 859/722/465 911/722/507 912/723/508
f 868/735/474 867/734/473 919/734/510 920/735/511
f 861/724/476 860/723/469 912/723/508 913/724/512
f 869/736/478 868/735/474 920/735/511 921/736/513
s 0
f 1223/720/514 1222/719/514 1122/719/514 1123/720/514
s 1
f 870/737/481 869/736/478 921/736/513 922/737/515
s 0
f 1222/719/516 1221/718/516 1121/718/516 1122/719/516
s 1
f 871/738/484 870/737/481 922/737/515 923/738/517
f 894/793/415 895/787/518 1193/787/519 1192/793/520
s 0
f 1238/742/522 1237/741/522 1137/741/522 1138/742/522
s 1
f 863/727/492 862/726/491 914/726/523 915/727/524
f 893/794/17 894/793/415 1192/793/520 1191/794/525
f 864/728/495 863/727/492 915/727/524 916/728/526
f 865/729/498 864/728/495 916/728/526 917/729/528
f 873/743/502 872/742/501 924/742/529 925/743/530
f 866/730/504 865/729/498 917/729/528 918/730/531
s 0
f 1237/741/532 1236/740/532 1136/740/532 1137/741/532
s 1
f 874/744/452 873/743/502 925/743/530 926/744/533
f 892/796/424 893/794/17 1191/794/525 1190/796/534
s 0
f 1236/740/535 1235/739/535 1135/739/535 1136/740/535
s 1
f 875/745/453 874/744/452 926/744/533 927/745/536
f 858/721/458 857/720/457 909/720/537 910/721/538
f 876/746/460 875/745/453 927/745/536 928/746/539
f 891/792/540 892/796/424 1190/796/534 1189/792/541
f 859/722/465 858/721/458 910/721/538 911/722/507
s 0
f 1235/739/542 1234/738/542 1134/738/542 1135/739/542
s 1
f 879/797/545 880/798/546 910/721/538 909/720/537
f 880/798/546 881/799/547 911/722/507 910/721/538
f 881/799/547 882/800/548 912/723/508 911/722/507
f 882/800/548 883/791/506 913/724/512 912/723/508
f 886/802/410 887/795/552 1188/795/553 1187/802/554
f 887/795/552 888/803/555 915/727/524 914/726/523
f 888/803/555 889/804/556 916/728/526 915/727/524
f 889/804/556 890/805/557 917/729/528 916/728/526
f 890/805/557 891/792/540 918/730/531 917/729/528
s 0
f 1233/734/559 1232/733/559 1132/733/559 1133/734/559
s 1
f 885/806/15 886/802/410 1187/802/554 1186/806/560
f 895/787/518 896/807/562 920/735/511 919/734/510
f 896/807/562 897/808/563 921/736/513 920/735/511
f 897/808/563 898/809/564 922/737/515 921/736/513
f 898/809/564 899/789/487 923/738/517 922/737/515
s 0
f 1232/733/565 1231/732/565 1131/732/565 1132/733/565
s 1
f 884/790/343 885/806/15 1186/806/560 1185/790/566
s 0
f 1231/732/568 1230/731/568 1130/731/568 1131/732/568
s 1
f 903/785/461 904/810/569 925/743/530 924/742/529
f 904/810/569 905/811/570 926/744/533 925/743/530
f 905/811/570 906/812/571 927/745/536 926/744/533
f 906/812/571 907/801/572 928/746/539 927/745/536
f 883/791/506 884/790/343 1185/790/566 1184/791/574
f 950/813/431 949/814/248 1034/814/319 1036/813/321
f 898/809/564 897/808/563 981/808/237 982/809/575
f 885/806/15 884/790/343 968/790/343 969/806/15
f 899/789/487 898/809/564 982/809/575 983/789/576
f 886/802/410 885/806/15 969/806/15 970/802/410
f 900/788/430 899/789/487 983/789/576 984/788/430
f 887/795/552 886/802/410 970/802/410 971/795/411
f 901/786/10 900/788/430 984/788/430 985/786/10
f 888/803/555 887/795/552 971/795/411 972/803/413
f 902/784/433 901/786/10 985/786/10 986/784/433
f 889/804/556 888/803/555 972/803/413 973/804/4
f 903/785/461 902/784/433 986/784/433 987/785/409
f 890/805/557 889/804/556 973/804/4 974/805/418
f 904/810/569 903/785/461 987/785/409 988/810/408
f 891/792/540 890/805/557 974/805/418 975/792/420
f 878/783/421 877/782/9 961/782/9 962/783/421
f 905/811/570 904/810/569 988/810/408 989/811/242
f 892/796/424 891/792/540 975/792/420 976/796/424
f 879/797/545 878/783/421 962/783/421 963/797/425
f 906/812/571 905/811/570 989/811/242 990/812/412
f 893/794/17 892/796/424 976/796/424 977/794/17
f 880/798/546 879/797/545 963/797/425 964/798/428
f 907/801/572 906/812/571 990/812/412 991/801/414
f 894/793/415 893/794/17 977/794/17 978/793/415
f 881/799/547 880/798/546 964/798/428 965/799/248
f 908/815/416 907/801/572 991/801/414 992/815/416
f 895/787/518 894/793/415 978/793/415 979/787/417
f 882/800/548 881/799/547 965/799/248 966/800/431
f 877/782/9 908/815/416 992/815/416 961/782/9
f 896/807/562 895/787/518 979/787/417 980/807/577
f 883/791/506 882/800/548 966/800/431 967/791/432
f 897/808/563 896/807/562 980/807/577 981/808/237
f 929/816/17 960/845/424 1056/845/280 993/816/281
f 937/824/10 936/823/430 1008/846/293 1010/847/295
f 951/836/432 950/813/431 1036/813/321 1038/848/323
f 938/825/433 937/824/10 1010/824/295 1012/849/297
f 952/837/343 951/836/432 1038/836/323 1040/850/325
f 939/826/409 938/825/433 1012/825/297 1014/826/299
f 953/838/15 952/837/343 1040/837/325 1042/851/327
f 940/827/408 939/826/409 1014/826/299 1016/852/301
f 954/839/410 953/838/15 1042/853/327 1044/854/329
f 941/828/242 940/827/408 1016/827/301 1018/828/303
f 955/840/411 954/839/410 1044/839/329 1046/840/331
f 942/829/412 941/828/242 1018/828/303 1020/855/305
f 956/841/413 955/840/411 1046/856/331 1048/841/333
f 943/830/414 942/829/412 1020/829/305 1022/857/307
f 957/842/4 956/841/413 1048/841/333 1050/858/335
f 944/831/416 943/830/414 1022/830/307 1024/859/309
f 1005/860/578 1003/861/579 1094/861/579 1095/860/578
f 958/843/418 957/842/4 1050/842/335 1052/862/337
f 945/832/9 944/831/416 1024/831/309 1026/863/311
f 932/819/577 931/818/417 998/818/284 1000/864/580
f 959/844/420 958/843/418 1052/843/337 1054/844/339
f 946/833/421 945/832/9 1026/832/311 1028/865/313
f 933/820/237 932/819/577 1000/819/580 1002/866/581
f 960/845/424 959/844/420 1054/844/339 1056/845/280
f 947/834/425 946/833/421 1028/833/313 1030/867/315
f 934/821/575 933/820/237 1002/820/581 1004/868/582
f 948/835/428 947/834/425 1030/834/315 1032/869/317
f 935/822/576 934/821/575 1004/821/582 1006/870/583
f 931/818/417 930/817/415 996/817/342 998/818/284
f 949/814/248 948/835/428 1032/835/317 1034/814/319
f 936/823/430 935/822/576 1006/822/583 1008/823/293
f 1057/871/346 1058/872/347 996/817/342 993/873/281
f 1058/872/347 1059/874/349 998/818/284 996/817/342
f 1059/874/349 1060/875/584 1000/864/580 998/818/284
f 1060/875/584 1061/876/585 1002/866/581 1000/819/580
f 1061/876/585 1062/877/586 1004/868/582 1002/820/581
f 1062/877/586 1063/878/587 1006/870/583 1004/821/582
f 1063/878/587 1064/879/359 1008/823/293 1006/822/583
f 1064/879/359 1065/880/361 1010/847/295 1008/846/293
f 1065/880/361 1066/881/363 1012/849/297 1010/824/295
f 1066/881/363 1067/882/365 1014/826/299 1012/825/297
f 1067/882/365 1068/883/367 1016/852/301 1014/826/299
f 1068/883/367 1069/884/369 1018/828/303 1016/827/301
f 1069/884/369 1070/885/371 1020/855/305 1018/828/303
f 1070/885/371 1071/886/373 1022/857/307 1020/829/305
f 1071/886/373 1072/887/375 1024/859/309 1022/830/307
f 1072/887/375 1073/888/377 1026/863/311 1024/831/309
f 1073/888/377 1074/889/379 1028/865/313 1026/832/311
f 1074/889/379 1075/890/381 1030/867/315 1028/833/313
f 1075/890/381 1076/891/383 1032/869/317 1030/834/315
f 1076/891/383 1077/892/385 1034/814/319 1032/835/317
f 1077/892/385 1078/893/387 1036/813/321 1034/814/319
f 1078/893/387 1079/894/389 1038/848/323 1036/813/321
f 1079/894/389 1080/895/391 1040/850/325 1038/836/323
f 1080/895/391 1081/896/393 1042/851/327 1040/837/325
f 1081/896/393 1082/897/395 1044/854/329 1042/853/327
f 1082/897/395 1083/898/397 1046/840/331 1044/839/329
f 1083/898/397 1084/899/399 1048/841/333 1046/856/331
f 1084/899/399 1085/900/401 1050/858/335 1048/841/333
f 1085/900/401 1086/901/403 1052/862/337 1050/842/335
f 1086/901/403 1087/902/405 1054/844/339 1052/843/337
f 1087/902/405 1088/903/407 1056/845/280 1054/844/339
f 1088/903/407 1057/871/346 993/816/281 1056/845/280
f 930/817/415 929/816/17 993/873/281 996/817/342
s 0
f 994/904/2 995/905/2 1058/872/2 1057/871/2
f 995/905/2 997/906/2 1059/874/2 1058/872/2
f 997/906/2 999/907/2 1060/875/2 1059/874/2
f 999/907/2 1001/908/2 1061/876/2 1060/875/2
f 1001/908/2 1003/861/2 1062/877/2 1061/876/2
f 1003/861/2 1005/860/2 1063/878/2 1062/877/2
f 1005/860/2 1007/909/2 1064/879/2 1063/878/2
f 1007/909/2 1009/910/2 1065/880/2 1064/879/2
f 1009/910/2 1011/911/2 1066/881/2 1065/880/2
f 1011/911/2 1013/912/2 1067/882/2 1066/881/2
f 1013/912/2 1015/913/2 1068/883/2 1067/882/2
f 1015/913/2 1017/914/2 1069/884/2 1068/883/2
f 1017/914/2 1019/915/2 1070/885/2 1069/884/2
f 1019/915/2 1021/916/2 1071/886/2 1070/885/2
f 1021/916/2 1023/917/2 1072/887/2 1071/886/2
f 1023/917/2 1025/918/2 1073/888/2 1072/887/2
f 1025/918/2 1027/919/2 1074/889/2 1073/888/2
f 1027/919/2 1029/920/2 1075/890/2 1074/889/2
f 1029/920/2 1031/921/2 1076/891/2 1075/890/2
f 1031/921/2 1033/922/2 1077/892/2 1076/891/2
f 1033/922/2 1035/923/2 1078/893/2 1077/892/2
f 1035/923/2 1037/924/2 1079/894/2 1078/893/2
f 1037/924/2 1039/925/2 1080/895/2 1079/894/2
f 1039/925/2 1041/926/2 1081/896/2 1080/895/2
f 1041/926/2 1043/927/2 1082/897/2 1081/896/2
f 1043/927/2 1045/928/2 1083/898/2 1082/897/2
f 1045/928/2 1047/929/2 1084/899/2 1083/898/2
f 1047/929/2 1049/930/2 1085/900/2 1084/899/2
f 1049/930/2 1051/931/2 1086/901/2 1085/900/2
f 1051/931/2 1053/932/2 1087/902/2 1086/901/2
f 1053/932/2 1055/933/2 1088/903/2 1087/902/2
f 1055/933/2 994/904/2 1057/871/2 1088/903/2
s 1
f 1033/922/588 1031/921/589 1108/921/589 1109/922/588
f 1007/909/590 1005/860/578 1095/860/578 1096/909/590
f 1035/923/591 1033/922/588 1109/922/588 1110/923/591
f 1009/910/592 1007/909/590 1096/909/590 1097/910/592
f 1037/924/593 1035/923/591 1110/923/591 1111/924/593
f 1011/911/594 1009/910/592 1097/910/592 1098/911/594
f 1039/925/595 1037/924/593 1111/924/593 1112/925/595
f 1013/912/596 1011/911/594 1098/911/594 1099/912/596
f 1041/926/597 1039/925/595 1112/925/595 1113/926/597
f 1015/913/598 1013/912/596 1099/912/596 1100/913/598
f 1043/927/599 1041/926/597 1113/926/597 1114/927/599
f 1017/914/600 1015/913/598 1100/913/598 1101/914/600
f 1045/928/601 1043/927/599 1114/927/599 1115/928/601
f 1019/915/602 1017/914/600 1101/914/600 1102/915/602
f 1047/929/603 1045/928/601 1115/928/601 1116/929/603
f 1021/916/604 1019/915/602 1102/915/602 1103/916/604
f 995/905/605 994/904/606 1089/904/606 1090/905/605
f 1049/930/607 1047/929/603 1116/929/603 1117/930/607
f 1023/917/608 1021/916/604 1103/916/604 1104/917/608
f 997/906/609 995/905/605 1090/905/605 1091/906/609
f 1051/931/610 1049/930/607 1117/930/607 1118/931/610
f 1025/918/611 1023/917/608 1104/917/608 1105/918/611
f 999/907/612 997/906/609 1091/906/609 1092/907/612
f 1053/932/613 1051/931/610 1118/931/610 1119/932/613
f 1027/919/614 1025/918/611 1105/918/611 1106/919/614
f 1001/908/615 999/907/612 1092/907/612 1093/908/615
f 1055/933/616 1053/932/613 1119/932/613 1120/933/616
f 1029/920/617 1027/919/614 1106/919/614 1107/920/617
f 1003/861/579 1001/908/615 1093/908/615 1094/861/579
f 994/904/606 1055/933/616 1120/933/616 1089/904/606
f 1031/921/589 1029/920/617 1107/920/617 1108/921/589
f 878/783/421 879/797/545 1183/797/678 1182/783/447
f 907/801/572 908/815/416 1200/815/680 1199/801/679
f 908/815/416 877/782/9 1181/782/448 1200/815/680
s 0
f 1230/731/683 1229/730/683 1129/730/683 1130/731/683
s 1
f 809/718/17 810/761/415 1202/719/415 1201/718/17
s 0
f 1268/934/573 1293/935/573 1331/936/573 1316/934/573
f 1271/937/2 816/750/2 1358/750/2 1318/750/2
s 1
f 814/725/430 815/717/10 1206/717/10 1205/725/430
f 815/717/10 816/750/433 1207/716/433 1206/717/10
s 0
f 1295/938/445 1272/939/445 1317/940/445 1334/941/445
f 1274/942/454 1299/943/454 1335/943/454 1320/942/454
s 1
f 820/944/416 821/945/9 1211/732/9 1210/731/416
f 821/945/9 822/733/421 1212/733/421 1211/732/9
s 0
f 1301/946/496 1278/947/496 1321/946/496 1338/947/496
f 1280/948/442 1305/949/442 1339/948/442 1324/949/442
s 1
f 826/739/343 827/740/15 1216/740/15 1215/739/343
f 827/740/15 828/741/410 1217/741/410 1216/740/15
s 0
f 1286/950/438 1311/951/438 1343/950/438 1328/951/438
s 1
f 1291/775/445 1290/952/445 834/719/415 1222/719/415 1223/720/445
f 832/747/424 809/718/17 1201/718/17 1220/747/424
f 834/719/415 833/718/17 1221/718/17 1222/719/415
s 0
f 834/719/685 1290/953/685 1329/719/685 1347/719/685
f 1292/954/3 838/725/3 1355/725/3 1332/725/3
s 1
f 839/717/10 838/725/430 1225/725/430 1226/717/10
f 840/750/433 839/717/10 1226/717/10 1227/716/433
s 0
f 1298/955/685 844/731/685 1349/731/685 1336/731/685
f 846/956/686 1302/957/686 1337/956/686 1351/956/686
s 1
f 845/732/9 844/731/416 1230/731/416 1231/732/9
f 846/956/421 845/732/9 1231/732/9 1232/733/421
s 0
f 1304/958/3 850/739/3 1359/739/3 1340/739/3
s 1
f 1309/959/446 1308/960/446 852/741/410 1237/741/410 1238/742/446
f 851/740/15 850/739/343 1235/739/343 1236/740/15
f 852/741/410 851/740/15 1236/740/15 1237/741/410
s 0
f 852/741/3 1308/961/3 1341/741/3 1346/741/3
f 1310/962/686 856/754/686 1353/754/686 1344/754/686
s 1
f 833/718/17 856/754/424 1240/747/424 1221/718/17
f 828/741/410 1283/960/446 1285/778/446 1218/742/446 1217/741/410
s 0
f 1277/963/687 822/733/687 1352/733/687 1322/733/687
s 1
f 810/761/415 1265/964/445 1267/773/445 1203/720/445 1202/719/415
s 0
f 832/747/687 1287/965/687 1327/747/687 1354/747/687
s 1
f 822/733/421 1277/966/551 1279/967/551 1213/734/551 1212/733/421
s 0
f 814/725/2 1269/769/2 1315/725/2 1356/725/2
f 1307/968/551 1284/779/551 1325/779/551 1342/780/551
s 1
f 816/750/433 1271/751/496 1273/969/496 1208/726/496 1207/716/433
f 1273/969/496 1272/939/496 1295/977/496 1297/978/496 1228/726/496 1208/726/496
s 0
f 1283/961/2 828/741/2 1345/741/2 1326/741/2
f 838/725/3 839/717/3 1257/717/3 1355/725/3
s 1
f 1276/979/573 1275/980/573 820/944/416 1210/731/416 1209/730/573
f 1300/981/573 1299/943/573 1274/942/573 1276/979/573 1209/730/573 1229/730/573
s 0
f 839/717/3 840/750/3 1357/750/3 1257/717/3
f 821/945/2 820/944/2 1350/944/2 1250/945/2
f 1265/982/698 810/761/698 1348/761/698 1314/761/698
s 1
f 1297/978/496 1296/751/496 840/750/433 1227/716/433 1228/726/496
s 0
f 822/733/2 821/945/2 1250/945/2 1352/733/2
s 1
f 1312/765/442 1311/950/442 1286/951/442 1288/776/442 1219/746/442 1239/746/442
f 844/731/416 1298/983/573 1300/984/573 1229/730/573 1230/731/416
f 1279/967/551 1278/946/551 1301/947/551 1303/985/551 1233/734/551 1213/734/551
s 0
f 826/739/2 1281/986/2 1323/739/2 1360/739/2
f 844/731/3 845/732/3 1249/732/3 1349/731/3
s 1
f 1282/987/454 1281/958/454 826/739/343 1215/739/343 1214/738/454
f 1294/988/438 1293/935/438 1268/934/438 1270/989/438 1204/724/438 1224/724/438
s 0
f 845/732/3 846/956/3 1351/956/3 1249/732/3
f 827/740/2 826/739/2 1360/739/2 1264/740/2
s 1
f 1306/990/454 1305/949/454 1280/949/454 1282/987/454 1214/738/454 1234/738/454
f 1303/985/551 1302/991/551 846/956/421 1232/733/421 1233/734/551
s 0
f 828/741/2 827/740/2 1264/740/2 1345/741/2
f 820/944/698 1275/992/698 1319/944/698 1350/944/698
s 1
f 850/739/343 1304/993/454 1306/987/454 1234/738/454 1235/739/343
f 1265/982/445 1266/994/445 1267/773/445
f 1268/934/438 1269/995/438 1270/768/438
f 1271/937/496 1272/939/496 1273/969/496
f 1274/942/573 1275/942/573 1276/979/573
f 1277/963/551 1278/947/551 1279/967/551
f 1280/948/454 1281/949/454 1282/987/454
f 1283/961/446 1284/996/446 1285/778/446
f 1286/950/442 1287/951/442 1288/776/442
f 1289/762/445 1290/762/445 1291/775/445
f 1292/954/438 1293/936/438 1294/988/438
f 1295/938/496 1296/941/496 1297/978/496
f 1298/955/573 1299/943/573 1300/981/573
f 1301/946/551 1302/947/551 1303/985/551
f 1304/958/454 1305/949/454 1306/990/454
f 1307/968/446 1308/780/446 1309/959/446
f 1310/962/442 1311/951/442 1312/765/442
s 0
f 1268/934/699 1316/934/699 1315/725/699 1269/769/699
f 1313/760/700 1266/760/700 1265/982/700 1314/761/700
f 1286/950/701 1328/951/701 1327/747/701 1287/965/701
f 1325/779/702 1284/779/702 1283/961/702 1326/741/702
f 1307/968/703 1342/780/703 1341/741/703 1308/961/703
f 1343/950/704 1311/951/704 1310/962/704 1344/754/704
f 1289/762/705 1330/774/705 1329/719/705 1290/953/705
f 1331/936/706 1293/935/706 1292/954/706 1332/725/706
f 1317/940/707 1272/939/707 1271/937/707 1318/750/707
f 1274/942/708 1320/942/708 1319/944/708 1275/992/708
f 1298/955/709 1336/731/709 1335/943/709 1299/943/709
f 1295/938/710 1334/941/710 1333/750/710 1296/751/710
f 1321/946/711 1278/947/711 1277/963/711 1322/733/711
f 1337/956/712 1302/957/712 1301/946/712 1338/947/712
f 1280/948/713 1324/949/713 1323/739/713 1281/986/713
f 1304/958/714 1340/739/714 1339/948/714 1305/949/714
f 1289/762/446 1266/760/446 1313/760/446 1330/774/446
f 1228/726/3 1440/727/3 1414/727/3 1413/726/3
f 1446/743/729 1434/743/729 1406/743/729 1422/743/729
f 1224/724/728 1204/724/728 1396/724/728 1412/724/728
f 1229/730/730 1209/730/730 1400/730/730 1416/730/730
f 1238/742/3 1446/743/3 1422/743/3 1421/742/3
f 1442/729/3 1229/730/3 1416/730/3 1415/729/3
f 1433/737/728 1445/737/728 1419/737/728 1403/737/728
f 1203/720/436 1223/720/436 1409/720/436 1393/720/436
f 1436/745/730 1448/745/730 1423/745/730 1407/745/730
f 1223/720/3 1437/721/3 1410/721/3 1409/720/3
f 1448/745/3 1239/746/3 1424/746/3 1423/745/3
f 1234/738/440 1214/738/440 1404/738/440 1420/738/440
f 1437/721/444 1425/721/444 1394/721/444 1410/721/444
f 1208/726/729 1228/726/729 1413/726/729 1397/726/729
f 1233/734/3 1443/735/3 1418/735/3 1417/734/3
f 1239/746/437 1219/746/437 1408/746/437 1424/746/437
f 1439/723/3 1224/724/3 1412/724/3 1411/723/3
f 1440/727/441 1428/727/441 1398/727/441 1414/727/441
f 811/1007/731 812/722/731 1426/722/731 1425/721/731
f 812/722/732 813/767/732 1427/723/732 1426/722/732
f 817/763/733 818/749/733 1429/728/733 1428/727/733
f 818/749/734 819/748/734 1430/729/734 1429/728/734
f 823/752/735 824/736/735 1432/736/735 1431/735/735
f 824/736/736 825/1008/736 1433/737/736 1432/736/736
f 829/770/435 830/756/435 1435/744/435 1434/743/435
f 830/756/443 831/755/443 1436/745/443 1435/744/443
f 836/722/731 835/1009/731 1437/721/731 1438/722/731
f 837/766/732 836/722/732 1438/722/732 1439/723/732
f 842/728/733 841/1010/733 1440/727/733 1441/728/733
f 843/1011/734 842/728/734 1441/728/734 1442/729/734
f 848/771/735 847/753/735 1443/735/735 1444/736/735
f 849/772/736 848/771/736 1444/736/736 1445/737/736
f 854/744/435 853/759/435 1446/743/435 1447/744/435
f 855/1012/443 854/744/443 1447/744/443 1448/745/443
f 841/1010/733 817/763/733 1428/727/733 1440/727/733
f 819/748/734 843/1011/734 1442/729/734 1430/729/734
f 853/759/435 829/770/435 1434/743/435 1446/743/435
f 831/755/443 855/1012/443 1448/745/443 1436/745/443
f 835/1009/731 811/1007/731 1425/721/731 1437/721/731
f 813/767/732 837/766/732 1439/723/732 1427/723/732
f 847/753/735 823/752/735 1431/735/735 1443/735/735
f 825/1008/736 849/772/736 1445/737/736 1433/737/736
f 854/744/3 855/1012/3 1496/1012/3 1451/744/3
f 835/1009/3 836/722/3 1453/722/3 1485/1009/3
f 849/772/734 825/1008/734 1481/1008/734 1493/772/734
f 824/736/2 823/752/2 1479/752/2 1456/736/2
f 817/763/735 841/1010/735 1488/1010/735 1476/763/735
f 836/722/3 837/766/3 1487/766/3 1453/722/3
f 825/1008/2 824/736/2 1456/736/2 1481/1008/2
f 843/1011/732 819/748/732 1478/748/732 1490/1011/732
f 841/1010/3 842/728/3 1449/728/3 1488/1010/3
f 829/770/731 853/759/731 1494/759/731 1482/770/731
f 842/728/3 843/1011/3 1490/1011/3 1449/728/3
f 855/1012/736 831/755/736 1484/755/736 1496/1012/736
f 812/722/2 811/1007/2 1473/1007/2 1454/722/2
f 847/753/3 848/771/3 1492/771/3 1491/753/3
f 811/1007/733 835/1009/733 1485/1009/733 1473/1007/733
f 813/767/2 812/722/2 1454/722/2 1475/767/2
usemtl M_Noir_Profond
f 180/290/3 179/291/3 211/291/3 212/290/3
f 179/291/9 178/292/9 210/292/9 211/291/9
f 189/293/15 192/294/15 224/294/15 221/293/15
f 178/292/2 177/295/2 209/295/2 210/292/2
f 177/295/15 178/292/15 194/81/15 193/138/15
f 179/291/15 180/290/15 196/279/15 195/80/15
f 181/296/10 182/297/10 198/281/10 197/280/10
f 183/298/10 184/299/10 200/283/10 199/282/10
f 185/300/17 186/301/17 202/285/17 201/284/17
f 187/302/17 188/303/17 204/287/17 203/286/17
f 189/293/9 190/304/9 206/288/9 205/121/9
f 191/305/9 192/294/9 208/122/9 207/152/9
f 178/292/15 179/291/15 195/80/15 194/81/15
f 180/290/15 177/295/15 193/138/15 196/279/15
f 182/297/10 183/298/10 199/282/10 198/281/10
f 184/299/10 181/296/10 197/280/10 200/283/10
f 186/301/17 187/302/17 203/286/17 202/285/17
f 188/303/17 185/300/17 201/284/17 204/287/17
f 190/304/9 191/305/9 207/152/9 206/288/9
f 192/294/9 189/293/9 205/121/9 208/122/9
f 177/295/17 180/290/17 212/290/17 209/295/17
f 182/297/2 181/296/2 213/296/2 214/297/2
f 183/298/17 182/297/17 214/297/17 215/298/17
f 184/299/3 183/298/3 215/298/3 216/299/3
f 181/296/9 184/299/9 216/299/9 213/296/9
f 186/301/2 185/300/2 217/300/2 218/301/2
f 187/302/15 186/301/15 218/301/15 219/302/15
f 188/303/3 187/302/3 219/302/3 220/303/3
f 185/300/10 188/303/10 220/303/10 217/300/10
f 190/304/2 189/293/2 221/293/2 222/304/2
f 191/305/10 190/304/10 222/304/10 223/305/10
f 192/294/3 191/305/3 223/305/3 224/294/3
f 330/340/3 329/341/3 380/341/3 392/340/3
f 306/342/155 308/343/155 404/343/155 402/342/155
f 348/344/2 347/345/2 395/345/2 383/344/2
f 313/346/2 348/344/2 383/344/2 409/346/2
f 326/347/3 328/348/3 372/348/3 388/347/3
f 310/349/156 309/350/156 405/350/156 406/349/156
f 346/351/3 345/352/3 384/352/3 396/351/3
f 312/353/3 335/354/3 369/354/3 408/353/3
f 327/355/2 325/356/2 387/356/2 371/355/2
f 319/357/157 320/358/157 416/358/157 415/357/157
f 302/359/2 344/360/2 378/360/2 398/359/2
f 336/361/2 311/362/2 407/362/2 370/361/2
f 289/363/3 326/347/3 388/347/3 385/363/3
f 318/364/158 317/365/158 413/365/158 414/364/158
f 343/366/3 301/367/3 397/367/3 377/366/3
f 329/341/3 310/349/3 406/349/3 380/341/3
f 325/356/2 290/368/2 386/368/2 387/356/2
f 315/369/159 316/370/159 412/370/159 411/369/159
f 303/371/2 302/359/2 398/359/2 399/371/2
f 309/350/2 283/372/2 379/372/2 405/350/2
s 1
f 286/373/160 290/374/161 322/165/161 321/166/160
f 289/375/161 285/376/160 324/159/160 323/160/161
f 290/368/161 325/356/162 291/66/162 322/153/161
f 326/347/162 289/363/161 323/130/161 292/131/162
f 325/356/162 327/355/163 275/65/163 291/66/162
f 328/348/163 326/347/162 292/131/162 276/311/163
f 329/341/164 330/340/165 296/312/165 284/141/164
f 331/377/165 283/372/164 332/158/164 295/313/165
f 330/340/165 333/378/166 293/316/166 296/312/165
f 334/379/166 331/377/165 295/313/165 294/317/166
f 333/378/166 335/354/167 273/37/167 293/316/166
f 336/361/167 334/379/166 294/317/166 274/108/167
f 337/380/168 304/381/169 338/163/169 280/320/168
f 303/371/169 279/382/168 340/167/168 339/156/169
f 304/381/169 301/367/170 341/137/170 338/163/169
f 302/359/170 303/371/169 339/156/169 342/104/170
f 301/367/170 343/366/171 281/136/171 341/137/170
f 344/360/171 302/359/170 342/104/170 282/105/171
f 345/352/172 346/351/173 300/325/173 288/324/172
f 347/345/173 348/344/172 287/327/172 299/326/173
f 346/351/173 349/383/174 297/330/174 300/325/173
f 350/384/174 347/345/173 299/326/173 298/331/174
f 349/383/174 351/385/175 277/333/175 297/330/174
f 352/386/175 350/384/174 298/331/174 278/334/175
f 327/355/163 305/387/156 353/162/156 275/65/163
f 306/342/159 286/373/160 321/166/160 354/335/159
f 307/388/156 328/348/163 276/311/163 355/161/156
f 285/376/160 308/343/159 356/164/159 324/159/160
f 283/372/164 309/350/158 357/157/158 332/158/164
f 310/349/158 329/341/164 284/141/164 358/142/158
f 311/362/155 336/361/167 274/108/167 359/109/155
f 335/354/167 312/353/155 360/36/155 273/37/167
f 348/344/172 313/346/176 361/336/176 287/327/172
f 314/389/176 345/352/172 288/324/172 362/338/176
f 315/369/157 352/386/175 278/334/175 363/154/157
f 351/385/175 316/370/157 364/155/157 277/333/175
f 279/382/168 317/365/177 365/133/177 340/167/168
f 318/364/177 337/380/168 280/320/168 366/132/177
f 319/357/178 344/360/171 282/105/171 367/87/178
f 343/366/171 320/358/178 368/88/178 281/136/171
f 312/353/155 311/362/155 359/109/155 360/36/155
f 305/387/156 307/388/156 355/161/156 353/162/156
f 316/370/157 315/369/157 363/154/157 364/155/157
f 317/365/177 318/364/177 366/132/177 365/133/177
f 320/358/178 319/357/178 367/87/178 368/88/178
f 309/350/158 310/349/158 358/142/158 357/157/158
f 308/343/159 306/342/159 354/335/159 356/164/159
f 313/346/176 314/389/176 362/338/176 361/336/176
s 0
f 345/352/3 314/389/3 410/389/3 384/352/3
f 349/383/3 346/351/3 396/351/3 393/383/3
f 314/389/177 313/346/177 409/346/177 410/389/177
f 283/372/2 331/377/2 391/377/2 379/372/2
f 352/386/2 315/369/2 411/369/2 374/386/2
f 347/345/2 350/384/2 394/384/2 395/345/2
f 333/378/3 330/340/3 392/340/3 389/378/3
f 316/370/3 351/385/3 373/385/3 412/370/3
f 351/385/3 349/383/3 393/383/3 373/385/3
f 331/377/2 334/379/2 390/379/2 391/377/2
f 317/365/2 279/382/2 375/382/2 413/365/2
f 350/384/2 352/386/2 374/386/2 394/384/2
f 335/354/3 333/378/3 389/378/3 369/354/3
f 337/380/3 318/364/3 414/364/3 376/380/3
f 305/387/2 327/355/2 371/355/2 401/387/2
f 334/379/2 336/361/2 370/361/2 390/379/2
f 344/360/2 319/357/2 415/357/2 378/360/2
f 286/373/2 306/342/2 402/342/2 382/373/2
f 304/381/3 337/380/3 376/380/3 400/381/3
f 320/358/3 343/366/3 377/366/3 416/358/3
f 328/348/3 307/388/3 403/388/3 372/348/3
f 279/382/2 303/371/2 399/371/2 375/382/2
f 311/362/178 312/353/178 408/353/178 407/362/178
f 290/374/2 286/373/2 382/373/2 386/374/2
f 308/343/3 285/376/3 381/376/3 404/343/3
f 301/367/3 304/381/3 400/381/3 397/367/3
f 307/388/176 305/387/176 401/387/176 403/388/176
f 285/376/3 289/375/3 385/375/3 381/376/3
f 469/426/182 461/427/182 545/427/182 553/426/182
f 454/428/227 453/429/227 537/429/227 538/428/227
f 456/430/228 468/431/228 552/431/228 540/430/228
f 451/432/229 452/433/229 536/433/229 535/432/229
f 445/434/2 446/435/2 474/391/2 473/390/2
f 446/435/2 447/436/2 475/394/2 474/391/2
f 447/436/2 448/437/2 476/396/2 475/394/2
f 449/438/2 450/439/2 478/399/2 477/398/2
f 451/432/2 449/438/2 477/398/2 479/402/2
f 452/433/2 451/432/2 479/402/2 480/404/2
f 453/429/2 454/428/2 482/407/2 481/406/2
f 455/440/2 453/429/2 481/406/2 483/409/2
f 456/430/2 455/440/2 483/409/2 484/411/2
f 457/441/2 458/442/2 486/101/2 485/27/2
f 459/443/2 457/441/2 485/27/2 487/28/2
f 460/444/2 459/443/2 487/28/2 488/416/2
f 448/437/2 461/427/2 489/417/2 476/396/2
f 462/445/2 445/434/2 473/390/2 490/418/2
f 450/439/2 463/446/2 491/68/2 478/399/2
f 464/447/2 452/433/2 480/404/2 492/123/2
f 458/442/2 465/448/2 493/419/2 486/101/2
f 466/449/2 460/444/2 488/416/2 494/420/2
f 454/428/2 467/450/2 495/421/2 482/407/2
f 468/431/2 456/430/2 484/411/2 496/422/2
f 461/427/251 469/426/251 497/423/251 489/417/251
f 469/426/252 462/445/252 490/418/252 497/423/252
f 470/451/253 464/447/253 492/123/253 498/67/253
f 463/446/254 470/451/254 498/67/254 491/68/254
f 467/450/255 471/452/255 499/424/255 495/421/255
f 471/452/256 468/431/256 496/422/256 499/424/256
f 472/453/257 466/449/257 494/420/257 500/425/257
f 465/448/258 472/453/258 500/425/258 493/419/258
f 528/454/259 521/455/259 577/455/259 584/454/259
f 502/456/234 501/457/234 557/457/234 558/456/234
f 501/457/228 518/458/228 574/458/228 557/457/228
f 522/459/260 528/454/260 584/454/260 578/459/260
f 453/429/237 455/440/237 539/440/237 537/429/237
f 462/445/179 469/426/179 553/426/179 546/445/179
f 455/440/234 456/430/234 540/430/234 539/440/234
f 464/447/191 470/451/191 554/451/191 548/447/191
f 458/442/240 457/441/240 541/441/240 542/442/240
f 470/451/184 463/446/184 547/446/184 554/451/184
f 457/441/242 459/443/242 543/443/242 541/441/242
f 471/452/194 467/450/194 551/450/194 555/452/194
f 459/443/244 460/444/244 544/444/244 543/443/244
f 468/431/187 471/452/187 555/452/187 552/431/187
f 461/427/243 448/437/243 532/437/243 545/427/243
f 466/449/189 472/453/189 556/453/189 550/449/189
f 445/434/245 462/445/245 546/445/245 529/434/245
f 446/435/250 445/434/250 529/434/250 530/435/250
f 472/453/186 465/448/186 549/448/186 556/453/186
f 463/446/239 450/439/239 534/439/239 547/446/239
f 447/436/248 446/435/248 530/435/248 531/436/248
f 452/433/241 464/447/241 548/447/241 536/433/241
f 448/437/246 447/436/246 531/436/246 532/437/246
f 465/448/236 458/442/236 542/442/236 549/448/236
f 450/439/13 449/438/13 533/438/13 534/439/13
f 460/444/238 466/449/238 550/449/238 544/444/238
f 449/438/4 451/432/4 535/432/4 533/438/4
f 467/450/232 454/428/232 538/428/232 551/450/232
f 501/457/2 502/456/2 530/435/2 529/434/2
f 502/456/2 503/460/2 531/436/2 530/435/2
f 503/460/2 504/461/2 532/437/2 531/436/2
f 505/462/2 506/463/2 534/439/2 533/438/2
f 507/464/2 505/462/2 533/438/2 535/432/2
f 508/465/2 507/464/2 535/432/2 536/433/2
f 509/466/2 510/467/2 538/428/2 537/429/2
f 511/468/2 509/466/2 537/429/2 539/440/2
f 512/469/2 511/468/2 539/440/2 540/430/2
f 513/470/2 514/471/2 542/442/2 541/441/2
f 515/472/2 513/470/2 541/441/2 543/443/2
f 516/473/2 515/472/2 543/443/2 544/444/2
f 504/461/2 517/474/2 545/427/2 532/437/2
f 518/458/2 501/457/2 529/434/2 546/445/2
f 506/463/2 519/475/2 547/446/2 534/439/2
f 520/476/2 508/465/2 536/433/2 548/447/2
f 514/471/2 521/455/2 549/448/2 542/442/2
f 522/459/2 516/473/2 544/444/2 550/449/2
f 510/467/2 523/477/2 551/450/2 538/428/2
f 524/478/2 512/469/2 540/430/2 552/431/2
f 517/474/261 525/479/261 553/426/261 545/427/261
f 525/479/262 518/458/262 546/445/262 553/426/262
f 526/480/263 520/476/263 548/447/263 554/451/263
f 519/475/264 526/480/264 554/451/264 547/446/264
f 523/477/265 527/481/265 555/452/265 551/450/265
f 527/481/266 524/478/266 552/431/266 555/452/266
f 528/454/267 522/459/267 550/449/267 556/453/267
f 521/455/268 528/454/268 556/453/268 549/448/268
f 581/479/269 573/474/269 560/461/269 559/460/269 558/456/269 557/457/269 574/458/269
f 578/459/270 584/454/270 577/455/270 570/471/270 569/470/270 571/472/270 572/473/270
f 566/467/271 565/466/271 567/468/271 568/469/271 580/478/271 583/481/271 579/477/271
f 575/475/272 562/463/272 561/462/272 563/464/272 564/465/272 576/476/272 582/480/272
f 519/475/236 506/463/236 562/463/236 575/475/236
f 503/460/237 502/456/237 558/456/237 559/460/237
f 508/465/238 520/476/238 576/476/238 564/465/238
f 504/461/227 503/460/227 559/460/227 560/461/227
f 521/455/239 514/471/239 570/471/239 577/455/239
f 506/463/240 505/462/240 561/462/240 562/463/240
f 516/473/241 522/459/241 578/459/241 572/473/241
f 505/462/242 507/464/242 563/464/242 561/462/242
f 523/477/243 510/467/243 566/467/243 579/477/243
f 507/464/244 508/465/244 564/465/244 563/464/244
f 512/469/245 524/478/245 580/478/245 568/469/245
f 510/467/246 509/466/246 565/466/246 566/467/246
f 525/479/273 517/474/273 573/474/273 581/479/273
f 509/466/248 511/468/248 567/468/248 565/466/248
f 518/458/274 525/479/274 581/479/274 574/458/274
f 511/468/250 512/469/250 568/469/250 567/468/250
f 520/476/275 526/480/275 582/480/275 576/476/275
f 514/471/13 513/470/13 569/470/13 570/471/13
f 526/480/276 519/475/276 575/475/276 582/480/276
f 513/470/4 515/472/4 571/472/4 569/470/4
f 527/481/277 523/477/277 579/477/277 583/481/277
f 515/472/229 516/473/229 572/473/229 571/472/229
f 524/478/278 527/481/278 583/481/278 580/478/278
f 517/474/232 504/461/232 560/461/232 573/474/232
f 1313/760/439 1314/761/439 1348/761/439 1347/719/439 1329/719/439 1330/762/439
f 876/746/454 928/746/454 1179/746/454 1159/746/454
f 1224/724/466 861/724/466 1144/724/466 1124/724/466
f 895/787/479 919/734/479 1173/734/479 1193/787/479
f 919/734/446 867/734/446 1153/734/446 1173/734/446
f 909/720/496 857/720/496 1143/720/496 1163/720/496
f 867/734/505 1233/734/505 1133/734/505 1153/734/505
f 918/730/509 891/792/509 1189/792/509 1169/730/509
f 866/730/438 918/730/438 1169/730/438 1149/730/438
f 1239/746/521 876/746/521 1159/746/521 1139/746/521
f 887/795/527 914/726/527 1168/726/527 1188/795/527
f 924/742/445 872/742/445 1158/742/445 1178/742/445
f 857/720/543 1223/720/543 1123/720/543 1143/720/543
f 913/724/544 883/791/544 1184/791/544 1164/724/544
f 872/742/549 1238/742/549 1138/742/549 1158/742/549
f 928/746/550 907/801/550 1199/801/550 1179/746/550
f 914/726/551 862/726/551 1148/726/551 1168/726/551
f 1229/730/558 866/730/558 1149/730/558 1129/730/558
f 879/797/561 909/720/561 1163/720/561 1183/797/561
f 862/726/567 1228/726/567 1128/726/567 1148/726/567
f 871/738/573 923/738/573 1174/738/573 1154/738/573
f 929/816/2 930/817/2 962/783/2 961/782/2
f 930/817/2 931/818/2 963/797/2 962/783/2
f 931/818/2 932/819/2 964/798/2 963/797/2
f 932/819/2 933/820/2 965/799/2 964/798/2
f 933/820/2 934/821/2 966/800/2 965/799/2
f 934/821/2 935/822/2 967/791/2 966/800/2
f 935/822/2 936/823/2 968/790/2 967/791/2
f 936/823/2 937/824/2 969/806/2 968/790/2
f 937/824/2 938/825/2 970/802/2 969/806/2
f 938/825/2 939/826/2 971/795/2 970/802/2
f 939/826/2 940/827/2 972/803/2 971/795/2
f 940/827/2 941/828/2 973/804/2 972/803/2
f 941/828/2 942/829/2 974/805/2 973/804/2
f 942/829/2 943/830/2 975/792/2 974/805/2
f 943/830/2 944/831/2 976/796/2 975/792/2
f 944/831/2 945/832/2 977/794/2 976/796/2
f 945/832/2 946/833/2 978/793/2 977/794/2
f 946/833/2 947/834/2 979/787/2 978/793/2
f 947/834/2 948/835/2 980/807/2 979/787/2
f 948/835/2 949/814/2 981/808/2 980/807/2
f 949/814/2 950/813/2 982/809/2 981/808/2
f 950/813/2 951/836/2 983/789/2 982/809/2
f 951/836/2 952/837/2 984/788/2 983/789/2
f 952/837/2 953/838/2 985/786/2 984/788/2
f 953/838/2 954/839/2 986/784/2 985/786/2
f 954/839/2 955/840/2 987/785/2 986/784/2
f 955/840/2 956/841/2 988/810/2 987/785/2
f 956/841/2 957/842/2 989/811/2 988/810/2
f 957/842/2 958/843/2 990/812/2 989/811/2
f 958/843/2 959/844/2 991/801/2 990/812/2
f 959/844/2 960/845/2 992/815/2 991/801/2
f 960/845/2 929/816/2 961/782/2 992/815/2
s 1
f 1130/731/618 1129/730/619 1149/730/620 1150/731/621
f 1153/734/622 1152/733/623 1172/733/624 1173/734/625
f 1123/720/626 1122/719/627 1142/719/628 1143/720/629
f 1131/732/630 1130/731/618 1150/731/621 1151/732/631
f 1132/733/632 1131/732/630 1151/732/631 1152/733/623
f 1140/747/633 1139/746/634 1159/746/635 1160/747/636
f 1133/734/637 1132/733/632 1152/733/623 1153/734/622
f 1121/718/638 1140/747/633 1160/747/636 1141/718/639
f 1125/725/640 1124/724/641 1144/724/642 1145/725/643
f 1126/717/644 1125/725/640 1145/725/643 1146/717/645
f 1127/716/646 1126/717/644 1146/717/645 1147/716/647
f 1135/739/648 1134/738/649 1154/738/650 1155/739/651
f 1128/726/652 1127/716/646 1147/716/647 1148/726/653
f 1136/740/654 1135/739/648 1155/739/651 1156/740/655
f 1137/741/656 1136/740/654 1156/740/655 1157/741/657
f 1138/742/658 1137/741/656 1157/741/657 1158/742/659
f 1122/719/627 1121/718/638 1141/718/639 1142/719/628
f 1141/718/639 1160/747/636 1180/747/660 1161/718/661
f 1145/725/643 1144/724/642 1164/724/662 1165/725/663
f 1146/717/645 1145/725/643 1165/725/663 1166/717/664
f 1147/716/647 1146/717/645 1166/717/664 1167/716/665
f 1155/739/651 1154/738/650 1174/738/666 1175/739/667
f 1148/726/653 1147/716/647 1167/716/665 1168/726/668
f 1156/740/655 1155/739/651 1175/739/667 1176/740/669
f 1157/741/657 1156/740/655 1176/740/669 1177/741/670
f 1158/742/659 1157/741/657 1177/741/670 1178/742/671
f 1142/719/628 1141/718/639 1161/718/661 1162/719/672
f 1150/731/621 1149/730/620 1169/730/673 1170/731/674
f 1143/720/629 1142/719/628 1162/719/672 1163/720/675
f 1151/732/631 1150/731/621 1170/731/674 1171/732/676
f 1152/733/623 1151/732/631 1171/732/676 1172/733/624
f 1160/747/636 1159/746/635 1179/746/677 1180/747/660
f 1181/782/448 1182/783/447 1162/719/672 1161/718/661
f 1182/783/447 1183/797/678 1163/720/675 1162/719/672
f 1184/791/574 1185/790/566 1165/725/663 1164/724/662
f 1185/790/566 1186/806/560 1166/717/664 1165/725/663
f 1186/806/560 1187/802/554 1167/716/665 1166/717/664
f 1187/802/554 1188/795/553 1168/726/668 1167/716/665
f 1189/792/541 1190/796/534 1170/731/674 1169/730/673
f 1190/796/534 1191/794/525 1171/732/676 1170/731/674
f 1191/794/525 1192/793/520 1172/733/624 1171/732/676
f 1192/793/520 1193/787/519 1173/734/625 1172/733/624
f 1194/789/488 1195/788/485 1175/739/667 1174/738/666
f 1195/788/485 1196/786/470 1176/740/669 1175/739/667
f 1196/786/470 1197/784/463 1177/741/670 1176/740/669
f 1197/784/463 1198/785/462 1178/742/671 1177/741/670
f 1199/801/679 1200/815/680 1180/747/660 1179/746/677
f 1200/815/680 1181/782/448 1161/718/661 1180/747/660
s 0
f 861/724/442 913/724/442 1164/724/442 1144/724/442
f 923/738/681 899/789/681 1194/789/681 1174/738/681
f 1234/738/682 871/738/682 1154/738/682 1134/738/682
f 903/785/684 924/742/684 1178/742/684 1198/785/684
f 1354/747/688 1327/747/688 1328/950/688 1343/951/688 1344/754/688 1353/754/688
f 1243/718/2 1254/970/2 1386/970/2 1369/718/2
f 1321/947/689 1322/733/689 1352/733/689 1351/956/689 1337/956/689 1338/946/689
f 1356/725/690 1315/725/690 1316/934/690 1331/935/690 1332/725/690 1355/725/690
f 1242/971/691 1241/972/691 1377/972/691 1378/971/691
f 1263/740/3 1242/971/3 1378/971/3 1375/740/3
f 1360/739/692 1323/739/692 1324/948/692 1339/949/692 1340/739/692 1359/739/692
f 1262/973/693 1261/974/693 1391/974/693 1392/973/693
f 1317/939/694 1318/750/694 1358/750/694 1357/750/694 1333/750/694 1334/938/694
f 1241/972/2 1364/740/2 1376/740/2 1377/972/2
f 1261/974/3 1263/740/3 1375/740/3 1391/974/3
f 1325/779/695 1326/741/695 1345/741/695 1346/741/695 1341/741/695 1342/968/695
f 1350/944/696 1319/944/696 1320/942/696 1335/943/696 1336/731/696 1349/731/696
f 1259/975/697 1260/976/697 1390/976/697 1389/975/697
f 1364/740/2 1262/973/2 1392/973/2 1376/740/2
f 1241/972/715 1242/971/715 1346/741/715 1345/741/715
f 1246/997/697 1245/998/697 1347/719/697 1348/761/697
f 1247/999/716 1248/1000/716 1350/944/716 1349/731/716
f 1252/1001/691 1251/1002/691 1351/956/691 1352/733/691
f 1253/1003/693 1254/970/693 1354/747/693 1353/754/693
f 1255/1004/717 1256/1005/717 1356/725/717 1355/725/717
f 1260/976/718 1259/975/718 1357/750/718 1358/750/718
f 1261/974/719 1262/973/719 1360/739/719 1359/739/719
f 1243/718/697 1246/997/697 1348/761/697 1361/718/697
f 1256/1005/717 1362/717/717 1258/717/717 1356/725/717
f 1362/717/718 1260/976/718 1358/750/718 1258/717/718
f 1248/1000/716 1363/945/716 1250/945/716 1350/944/716
f 1363/945/691 1252/1001/691 1352/733/691 1250/945/691
f 1262/973/719 1364/740/719 1264/740/719 1360/739/719
f 1364/740/715 1241/972/715 1345/741/715 1264/740/715
f 1254/970/693 1243/718/693 1361/718/693 1354/747/693
f 1245/998/697 1365/1006/697 1244/718/697 1347/719/697
f 1366/717/717 1255/1004/717 1355/725/717 1257/717/717
f 1259/975/718 1366/717/718 1257/717/718 1357/750/718
f 1367/732/716 1247/999/716 1349/731/716 1249/732/716
f 1251/1002/691 1367/732/691 1249/732/691 1351/956/691
f 1263/740/719 1261/974/719 1359/739/719 1368/740/719
f 1242/971/715 1263/740/715 1368/740/715 1346/741/715
f 1365/1006/693 1253/1003/693 1353/754/693 1244/718/693
f 1246/997/2 1243/718/2 1369/718/2 1380/997/2
f 1253/1003/3 1365/1006/3 1370/1006/3 1385/1003/3
f 1245/998/715 1246/997/715 1380/997/715 1379/998/715
f 1365/1006/3 1245/998/3 1379/998/3 1370/1006/3
f 1362/717/2 1256/1005/2 1388/1005/2 1374/717/2
f 1248/1000/719 1247/999/719 1381/999/719 1382/1000/719
f 1255/1004/3 1366/717/3 1373/717/3 1387/1004/3
f 1260/976/2 1362/717/2 1374/717/2 1390/976/2
f 1251/1002/718 1252/1001/718 1384/1001/718 1383/1002/718
f 1366/717/3 1259/975/3 1389/975/3 1373/717/3
f 1363/945/2 1248/1000/2 1382/1000/2 1372/945/2
f 1254/970/717 1253/1003/717 1385/1003/717 1386/970/717
f 1247/999/3 1367/732/3 1371/732/3 1381/999/3
f 1252/1001/2 1363/945/2 1372/945/2 1384/1001/2
f 1256/1005/716 1255/1004/716 1387/1004/716 1388/1005/716
f 1367/732/3 1251/1002/3 1383/1002/3 1371/732/3
f 1406/743/444 1405/742/444 1421/742/444 1422/743/444
f 1400/730/440 1399/729/440 1415/729/440 1416/730/440
f 1394/721/441 1393/720/441 1409/720/441 1410/721/441
f 1408/746/728 1407/745/728 1423/745/728 1424/746/728
f 1402/735/729 1401/734/729 1417/734/729 1418/735/729
f 1396/724/730 1395/723/730 1411/723/730 1412/724/730
f 1404/738/437 1403/737/437 1419/737/437 1420/738/437
f 1398/727/436 1397/726/436 1413/726/436 1414/727/436
f 1465/1013/2 1486/722/2 1501/722/2 1533/1013/2
f 1495/744/2 1472/1014/2 1544/1014/2 1499/744/2
f 1474/722/3 1457/1015/3 1521/1015/3 1502/722/3
f 1461/1016/737 1469/1016/737 1539/1016/737 1527/1016/737
f 1464/1017/3 1452/1018/3 1531/1018/3 1532/1017/3
f 1471/1019/2 1495/744/2 1499/744/2 1542/1019/2
f 1466/1020/738 1458/1021/738 1523/1021/738 1535/1020/738
f 1452/1018/3 1463/1022/3 1530/1022/3 1531/1018/3
f 1457/1015/739 1474/722/739 1454/722/739 1473/1007/739
f 1474/722/740 1458/1021/740 1475/767/740 1454/722/740
f 1459/1023/737 1477/749/737 1450/749/737 1476/763/737
f 1477/749/738 1460/1024/738 1478/748/738 1450/749/738
f 1461/1016/741 1480/736/741 1456/736/741 1479/752/741
f 1480/736/742 1462/1025/742 1481/1008/742 1456/736/742
f 1463/1022/743 1452/1018/743 1483/756/743 1482/770/743
f 1452/1018/744 1464/1017/744 1484/755/744 1483/756/744
f 1486/722/739 1465/1013/739 1485/1009/739 1453/722/739
f 1466/1020/740 1486/722/740 1453/722/740 1487/766/740
f 1489/728/737 1467/1026/737 1488/1010/737 1449/728/737
f 1468/1027/738 1489/728/738 1449/728/738 1490/1011/738
f 1455/771/741 1469/1016/741 1491/753/741 1492/771/741
f 1470/1028/742 1455/771/742 1492/771/742 1493/772/742
f 1495/744/743 1471/1019/743 1494/759/743 1451/744/743
f 1472/1014/744 1495/744/744 1451/744/744 1496/1012/744
f 1467/1026/737 1459/1023/737 1476/763/737 1488/1010/737
f 1460/1024/738 1468/1027/738 1490/1011/738 1478/748/738
f 1471/1019/743 1463/1022/743 1482/770/743 1494/759/743
f 1464/1017/744 1472/1014/744 1496/1012/744 1484/755/744
f 1465/1013/739 1457/1015/739 1473/1007/739 1485/1009/739
f 1458/1021/740 1466/1020/740 1487/766/740 1475/767/740
f 1469/1016/741 1461/1016/741 1479/752/741 1491/753/741
f 1462/1025/742 1470/1028/742 1493/772/742 1481/1008/742
f 1470/1028/744 1462/1025/744 1529/1025/744 1541/1028/744
f 1458/1021/3 1474/722/3 1502/722/3 1523/1021/3
f 1459/1023/739 1467/1026/739 1536/1026/739 1524/1023/739
f 1486/722/2 1466/1020/2 1535/1020/2 1501/722/2
f 1477/749/3 1459/1023/3 1524/1023/3 1498/749/3
f 1468/1027/742 1460/1024/742 1526/1024/742 1538/1027/742
f 1467/1026/2 1489/728/2 1497/728/2 1536/1026/2
f 1460/1024/3 1477/749/3 1498/749/3 1526/1024/3
f 1463/1022/741 1471/1019/741 1542/1019/741 1530/1022/741
f 1489/728/2 1468/1027/2 1538/1027/2 1497/728/2
f 1480/736/3 1461/1016/3 1527/1016/3 1504/736/3
f 1472/1014/740 1464/1017/740 1532/1017/740 1544/1014/740
f 1469/1016/2 1455/771/2 1503/771/2 1539/1016/2
f 1462/1025/3 1480/736/3 1504/736/3 1529/1025/3
f 1457/1015/743 1465/1013/743 1533/1013/743 1521/1015/743
f 1455/771/2 1470/1028/2 1541/1028/2 1503/771/2
f 1698/1185/10 1697/1184/10 1728/1244/10 1727/1242/10 1726/1240/10 1725/1238/10 1724/1236/10 1723/1234/10 1722/1232/10 1721/1230/10 1720/1228/10 1719/1226/10 1718/1224/10 1717/1222/10 1716/1220/10 1715/1218/10 1714/1216/10 1713/1214/10 1712/1212/10 1711/1210/10 1710/1208/10 1709/1206/10 1708/1182/10 1707/1183/10 1706/1202/10 1705/1200/10 1704/1198/10 1703/1196/10 1702/1194/10 1701/1192/10 1700/1190/10 1699/1188/10
f 1858/1185/17 1857/1184/17 1888/1244/17 1887/1242/17 1886/1240/17 1885/1238/17 1884/1236/17 1883/1234/17 1882/1232/17 1881/1230/17 1880/1228/17 1879/1226/17 1878/1224/17 1877/1222/17 1876/1220/17 1875/1218/17 1874/1216/17 1873/1214/17 1872/1212/17 1871/1210/17 1870/1208/17 1869/1206/17 1868/1182/17 1867/1183/17 1866/1202/17 1865/1200/17 1864/1198/17 1863/1196/17 1862/1194/17 1861/1192/17 1860/1190/17 1859/1188/17
f 2018/1185/9 2017/1184/9 2048/1244/9 2047/1242/9 2046/1240/9 2045/1238/9 2044/1236/9 2043/1234/9 2042/1232/9 2041/1230/9 2040/1228/9 2039/1226/9 2038/1224/9 2037/1222/9 2036/1220/9 2035/1218/9 2034/1216/9 2033/1214/9 2032/1212/9 2031/1210/9 2030/1208/9 2029/1206/9 2028/1182/9 2027/1183/9 2026/1202/9 2025/1200/9 2024/1198/9 2023/1196/9 2022/1194/9 2021/1192/9 2020/1190/9 2019/1188/9
f 2178/1185/15 2177/1184/15 2208/1244/15 2207/1242/15 2206/1240/15 2205/1238/15 2204/1236/15 2203/1234/15 2202/1232/15 2201/1230/15 2200/1228/15 2199/1226/15 2198/1224/15 2197/1222/15 2196/1220/15 2195/1218/15 2194/1216/15 2193/1214/15 2192/1212/15 2191/1210/15 2190/1208/15 2189/1206/15 2188/1182/15 2187/1183/15 2186/1202/15 2185/1200/15 2184/1198/15 2183/1196/15 2182/1194/15 2181/1192/15 2180/1190/15 2179/1188/15
s 1
f 2214/1246/953 2212/1246/953 2213/1246/953
f 2215/1246/953 2212/1246/953 2214/1246/953
f 2215/1246/953 2211/1246/953 2212/1246/953
f 2216/1246/953 2211/1246/953 2215/1246/953
f 2216/1246/953 2210/1246/953 2211/1246/953
f 2217/1246/953 2210/1246/953 2216/1246/953
f 2217/1246/953 2209/1246/953 2210/1246/953
f 2218/1246/953 2209/1246/953 2217/1246/953
f 2218/1246/953 2220/1246/953 2209/1246/953
f 2219/1246/953 2220/1246/953 2218/1246/953
f 2226/1246/954 2228/1246/954 2227/1246/954
f 2226/1246/954 2229/1246/954 2228/1246/954
f 2225/1246/954 2229/1246/954 2226/1246/954
f 2225/1246/954 2230/1246/954 2229/1246/954
f 2224/1246/954 2230/1246/954 2225/1246/954
f 2224/1246/954 2231/1246/954 2230/1246/954
f 2223/1246/954 2231/1246/954 2224/1246/954
f 2223/1246/954 2232/1246/954 2231/1246/954
f 2222/1246/954 2232/1246/954 2223/1246/954
f 2222/1246/954 2221/1246/954 2232/1246/954
f 2233/1246/955 2245/1246/956 2256/1246/957 2244/1246/958
f 2234/1246/959 2246/1246/960 2245/1246/956 2233/1246/955
f 2235/1246/961 2247/1246/962 2246/1246/960 2234/1246/959
f 2236/1246/963 2248/1246/964 2247/1246/962 2235/1246/961
f 2237/1246/965 2249/1246/966 2248/1246/964 2236/1246/963
f 2238/1246/967 2250/1246/968 2249/1246/966 2237/1246/965
f 2239/1246/969 2251/1246/970 2250/1246/968 2238/1246/967
f 2240/1246/971 2252/1246/972 2251/1246/970 2239/1246/969
f 2241/1246/973 2253/1246/974 2252/1246/972 2240/1246/971
f 2242/1246/975 2254/1246/976 2253/1246/974 2241/1246/973
f 2243/1246/977 2255/1246/978 2254/1246/976 2242/1246/975
f 2244/1246/958 2256/1246/957 2255/1246/978 2243/1246/977
f 2245/1246/956 2257/1246/979 2268/1246/980 2256/1246/957
f 2246/1246/960 2258/1246/981 2257/1246/979 2245/1246/956
f 2247/1246/962 2259/1246/982 2258/1246/981 2246/1246/960
f 2248/1246/964 2260/1246/983 2259/1246/982 2247/1246/962
f 2249/1246/966 2261/1246/984 2260/1246/983 2248/1246/964
f 2250/1246/968 2262/1246/985 2261/1246/984 2249/1246/966
f 2251/1246/970 2263/1246/986 2262/1246/985 2250/1246/968
f 2252/1246/972 2264/1246/987 2263/1246/986 2251/1246/970
f 2253/1246/974 2265/1246/988 2264/1246/987 2252/1246/972
f 2254/1246/976 2266/1246/989 2265/1246/988 2253/1246/974
f 2255/1246/978 2267/1246/990 2266/1246/989 2254/1246/976
f 2256/1246/957 2268/1246/980 2267/1246/990 2255/1246/978
f 2257/1246/979 2269/1246/991 2280/1246/992 2268/1246/980
f 2258/1246/981 2270/1246/993 2269/1246/991 2257/1246/979
f 2259/1246/982 2271/1246/994 2270/1246/993 2258/1246/981
f 2260/1246/983 2272/1246/995 2271/1246/994 2259/1246/982
f 2261/1246/984 2273/1246/996 2272/1246/995 2260/1246/983
f 2262/1246/985 2274/1246/997 2273/1246/996 2261/1246/984
f 2263/1246/986 2275/1246/998 2274/1246/997 2262/1246/985
f 2264/1246/987 2276/1246/999 2275/1246/998 2263/1246/986
f 2265/1246/988 2277/1246/1000 2276/1246/999 2264/1246/987
f 2266/1246/989 2278/1246/1001 2277/1246/1000 2265/1246/988
f 2267/1246/990 2279/1246/1002 2278/1246/1001 2266/1246/989
f 2268/1246/980 2280/1246/992 2279/1246/1002 2267/1246/990
f 2269/1246/991 2281/1246/1003 2292/1246/1004 2280/1246/992
f 2270/1246/993 2282/1246/1005 2281/1246/1003 2269/1246/991
f 2271/1246/994 2283/1246/1006 2282/1246/1005 2270/1246/993
f 2272/1246/995 2284/1246/1007 2283/1246/1006 2271/1246/994
f 2273/1246/996 2285/1246/1008 2284/1246/1007 2272/1246/995
f 2274/1246/997 2286/1246/1009 2285/1246/1008 2273/1246/996
f 2275/1246/998 2287/1246/1010 2286/1246/1009 2274/1246/997
f 2276/1246/999 2288/1246/1011 2287/1246/1010 2275/1246/998
f 2277/1246/1000 2289/1246/1012 2288/1246/1011 2276/1246/999
f 2278/1246/1001 2290/1246/1013 2289/1246/1012 2277/1246/1000
f 2279/1246/1002 2291/1246/1014 2290/1246/1013 2278/1246/1001
f 2280/1246/992 2292/1246/1004 2291/1246/1014 2279/1246/1002
f 2281/1246/1003 2293/1246/1015 2304/1246/1016 2292/1246/1004
f 2282/1246/1005 2294/1246/1017 2293/1246/1015 2281/1246/1003
f 2283/1246/1006 2295/1246/1018 2294/1246/1017 2282/1246/1005
f 2284/1246/1007 2296/1246/1019 2295/1246/1018 2283/1246/1006
f 2285/1246/1008 2297/1246/1020 2296/1246/1019 2284/1246/1007
f 2286/1246/1009 2298/1246/1021 2297/1246/1020 2285/1246/1008
f 2287/1246/1010 2299/1246/1022 2298/1246/1021 2286/1246/1009
f 2288/1246/1011 2300/1246/1023 2299/1246/1022 2287/1246/1010
f 2289/1246/1012 2301/1246/1024 2300/1246/1023 2288/1246/1011
f 2290/1246/1013 2302/1246/1025 2301/1246/1024 2289/1246/1012
f 2291/1246/1014 2303/1246/1026 2302/1246/1025 2290/1246/1013
f 2292/1246/1004 2304/1246/1016 2303/1246/1026 2291/1246/1014
f 2293/1246/1015 2305/1246/1027 2316/1246/1028 2304/1246/1016
f 2294/1246/1017 2306/1246/1029 2305/1246/1027 2293/1246/1015
f 2295/1246/1018 2307/1246/1030 2306/1246/1029 2294/1246/1017
f 2296/1246/1019 2308/1246/1031 2307/1246/1030 2295/1246/1018
f 2297/1246/1020 2309/1246/1032 2308/1246/1031 2296/1246/1019
f 2298/1246/1021 2310/1246/1033 2309/1246/1032 2297/1246/1020
f 2299/1246/1022 2311/1246/1034 2310/1246/1033 2298/1246/1021
f 2300/1246/1023 2312/1246/1035 2311/1246/1034 2299/1246/1022
f 2301/1246/1024 2313/1246/1036 2312/1246/1035 2300/1246/1023
f 2302/1246/1025 2314/1246/1037 2313/1246/1036 2301/1246/1024
f 2303/1246/1026 2315/1246/1038 2314/1246/1037 2302/1246/1025
f 2304/1246/1016 2316/1246/1028 2315/1246/1038 2303/1246/1026
f 2305/1246/1027 2317/1246/1039 2328/1246/1040 2316/1246/1028
f 2306/1246/1029 2318/1246/1041 2317/1246/1039 2305/1246/1027
f 2307/1246/1030 2319/1246/1042 2318/1246/1041 2306/1246/1029
f 2308/1246/1031 2320/1246/1043 2319/1246/1042 2307/1246/1030
f 2309/1246/1032 2321/1246/1044 2320/1246/1043 2308/1246/1031
f 2310/1246/1033 2322/1246/1045 2321/1246/1044 2309/1246/1032
f 2311/1246/1034 2323/1246/1046 2322/1246/1045 2310/1246/1033
f 2312/1246/1035 2324/1246/1047 2323/1246/1046 2311/1246/1034
f 2313/1246/1036 2325/1246/1048 2324/1246/1047 2312/1246/1035
f 2314/1246/1037 2326/1246/1049 2325/1246/1048 2313/1246/1036
f 2315/1246/1038 2327/1246/1050 2326/1246/1049 2314/1246/1037
f 2316/1246/1028 2328/1246/1040 2327/1246/1050 2315/1246/1038
f 2317/1246/1039 2329/1246/1051 2340/1246/1052 2328/1246/1040
f 2318/1246/1041 2330/1246/1053 2329/1246/1051 2317/1246/1039
f 2319/1246/1042 2331/1246/1054 2330/1246/1053 2318/1246/1041
f 2320/1246/1043 2332/1246/1055 2331/1246/1054 2319/1246/1042
f 2321/1246/1044 2333/1246/1056 2332/1246/1055 2320/1246/1043
f 2322/1246/1045 2334/1246/1057 2333/1246/1056 2321/1246/1044
f 2323/1246/1046 2335/1246/1058 2334/1246/1057 2322/1246/1045
f 2324/1246/1047 2336/1246/1059 2335/1246/1058 2323/1246/1046
f 2325/1246/1048 2337/1246/1060 2336/1246/1059 2324/1246/1047
f 2326/1246/1049 2338/1246/1061 2337/1246/1060 2325/1246/1048
f 2327/1246/1050 2339/1246/1062 2338/1246/1061 2326/1246/1049
f 2328/1246/1040 2340/1246/1052 2339/1246/1062 2327/1246/1050
f 2329/1246/1051 2341/1246/1063 2352/1246/1064 2340/1246/1052
f 2330/1246/1053 2342/1246/1065 2341/1246/1063 2329/1246/1051
f 2331/1246/1054 2343/1246/1066 2342/1246/1065 2330/1246/1053
f 2332/1246/1055 2344/1246/1067 2343/1246/1066 2331/1246/1054
f 2333/1246/1056 2345/1246/1068 2344/1246/1067 2332/1246/1055
f 2334/1246/1057 2346/1246/1069 2345/1246/1068 2333/1246/1056
f 2335/1246/1058 2347/1246/1070 2346/1246/1069 2334/1246/1057
f 2336/1246/1059 2348/1246/1071 2347/1246/1070 2335/1246/1058
f 2337/1246/1060 2349/1246/1072 2348/1246/1071 2336/1246/1059
f 2338/1246/1061 2350/1246/1073 2349/1246/1072 2337/1246/1060
f 2339/1246/1062 2351/1246/1074 2350/1246/1073 2338/1246/1061
f 2340/1246/1052 2352/1246/1064 2351/1246/1074 2339/1246/1062
f 2341/1246/1063 2353/1246/1075 2364/1246/1076 2352/1246/1064
f 2342/1246/1065 2354/1246/1077 2353/1246/1075 2341/1246/1063
f 2343/1246/1066 2355/1246/1078 2354/1246/1077 2342/1246/1065
f 2344/1246/1067 2356/1246/1079 2355/1246/1078 2343/1246/1066
f 2345/1246/1068 2357/1246/1080 2356/1246/1079 2344/1246/1067
f 2346/1246/1069 2358/1246/1081 2357/1246/1080 2345/1246/1068
f 2347/1246/1070 2359/1246/1082 2358/1246/1081 2346/1246/1069
f 2348/1246/1071 2360/1246/1083 2359/1246/1082 2347/1246/1070
f 2349/1246/1072 2361/1246/1084 2360/1246/1083 2348/1246/1071
f 2350/1246/1073 2362/1246/1085 2361/1246/1084 2349/1246/1072
f 2351/1246/1074 2363/1246/1086 2362/1246/1085 2350/1246/1073
f 2352/1246/1064 2364/1246/1076 2363/1246/1086 2351/1246/1074
f 2353/1246/1075 2365/1246/1087 2376/1246/1088 2364/1246/1076
f 2354/1246/1077 2366/1246/1089 2365/1246/1087 2353/1246/1075
f 2355/1246/1078 2367/1246/1090 2366/1246/1089 2354/1246/1077
f 2356/1246/1079 2368/1246/1091 2367/1246/1090 2355/1246/1078
f 2357/1246/1080 2369/1246/1092 2368/1246/1091 2356/1246/1079
f 2358/1246/1081 2370/1246/1093 2369/1246/1092 2357/1246/1080
f 2359/1246/1082 2371/1246/1094 2370/1246/1093 2358/1246/1081
f 2360/1246/1083 2372/1246/1095 2371/1246/1094 2359/1246/1082
f 2361/1246/1084 2373/1246/1096 2372/1246/1095 2360/1246/1083
f 2362/1246/1085 2374/1246/1097 2373/1246/1096 2361/1246/1084
f 2363/1246/1086 2375/1246/1098 2374/1246/1097 2362/1246/1085
f 2364/1246/1076 2376/1246/1088 2375/1246/1098 2363/1246/1086
f 2365/1246/1087 2377/1246/1099 2388/1246/1100 2376/1246/1088
f 2366/1246/1089 2378/1246/1101 2377/1246/1099 2365/1246/1087
f 2367/1246/1090 2379/1246/1102 2378/1246/1101 2366/1246/1089
f 2368/1246/1091 2380/1246/1103 2379/1246/1102 2367/1246/1090
f 2369/1246/1092 2381/1246/1104 2380/1246/1103 2368/1246/1091
f 2370/1246/1093 2382/1246/1105 2381/1246/1104 2369/1246/1092
f 2371/1246/1094 2383/1246/1106 2382/1246/1105 2370/1246/1093
f 2372/1246/1095 2384/1246/1107 2383/1246/1106 2371/1246/1094
f 2373/1246/1096 2385/1246/1108 2384/1246/1107 2372/1246/1095
f 2374/1246/1097 2386/1246/1109 2385/1246/1108 2373/1246/1096
f 2375/1246/1098 2387/1246/1110 2386/1246/1109 2374/1246/1097
f 2376/1246/1088 2388/1246/1100 2387/1246/1110 2375/1246/1098
f 2394/1246/1111 2392/1246/1111 2393/1246/1111
f 2395/1246/1111 2392/1246/1111 2394/1246/1111
f 2395/1246/1111 2391/1246/1111 2392/1246/1111
f 2396/1246/1111 2391/1246/1111 2395/1246/1111
f 2396/1246/1111 2390/1246/1111 2391/1246/1111
f 2397/1246/1111 2390/1246/1111 2396/1246/1111
f 2397/1246/1111 2389/1246/1111 2390/1246/1111
f 2398/1246/1111 2389/1246/1111 2397/1246/1111
f 2398/1246/1111 2400/1246/1111 2389/1246/1111
f 2399/1246/1111 2400/1246/1111 2398/1246/1111
f 2406/1246/1112 2408/1246/1112 2407/1246/1112
f 2406/1246/1112 2409/1246/1112 2408/1246/1112
f 2405/1246/1112 2409/1246/1112 2406/1246/1112
f 2405/1246/1112 2410/1246/1112 2409/1246/1112
f 2404/1246/1112 2410/1246/1112 2405/1246/1112
f 2404/1246/1112 2411/1246/1112 2410/1246/1112
f 2403/1246/1112 2411/1246/1112 2404/1246/1112
f 2403/1246/1112 2412/1246/1112 2411/1246/1112
f 2402/1246/1112 2412/1246/1112 2403/1246/1112
f 2402/1246/1112 2401/1246/1112 2412/1246/1112
f 2413/1246/1113 2425/1246/1114 2436/1246/1115 2424/1246/1116
f 2414/1246/1117 2426/1246/1118 2425/1246/1114 2413/1246/1113
f 2415/1246/1119 2427/1246/1120 2426/1246/1118 2414/1246/1117
f 2416/1246/1121 2428/1246/1122 2427/1246/1120 2415/1246/1119
f 2417/1246/1123 2429/1246/1124 2428/1246/1122 2416/1246/1121
f 2418/1246/1125 2430/1246/1126 2429/1246/1124 2417/1246/1123
f 2419/1246/1127 2431/1246/1128 2430/1246/1126 2418/1246/1125
f 2420/1246/1129 2432/1246/1130 2431/1246/1128 2419/1246/1127
f 2421/1246/1131 2433/1246/1132 2432/1246/1130 2420/1246/1129
f 2422/1246/1133 2434/1246/1134 2433/1246/1132 2421/1246/1131
f 2423/1246/1135 2435/1246/1136 2434/1246/1134 2422/1246/1133
f 2424/1246/1116 2436/1246/1115 2435/1246/1136 2423/1246/1135
f 2425/1246/1114 2437/1246/1137 2448/1246/1138 2436/1246/1115
f 2426/1246/1118 2438/1246/1139 2437/1246/1137 2425/1246/1114
f 2427/1246/1120 2439/1246/1140 2438/1246/1139 2426/1246/1118
f 2428/1246/1122 2440/1246/1141 2439/1246/1140 2427/1246/1120
f 2429/1246/1124 2441/1246/1142 2440/1246/1141 2428/1246/1122
f 2430/1246/1126 2442/1246/1143 2441/1246/1142 2429/1246/1124
f 2431/1246/1128 2443/1246/1144 2442/1246/1143 2430/1246/1126
f 2432/1246/1130 2444/1246/1145 2443/1246/1144 2431/1246/1128
f 2433/1246/1132 2445/1246/1146 2444/1246/1145 2432/1246/1130
f 2434/1246/1134 2446/1246/1147 2445/1246/1146 2433/1246/1132
f 2435/1246/1136 2447/1246/1148 2446/1246/1147 2434/1246/1134
f 2436/1246/1115 2448/1246/1138 2447/1246/1148 2435/1246/1136
f 2437/1246/1137 2449/1246/1149 2460/1246/1150 2448/1246/1138
f 2438/1246/1139 2450/1246/1151 2449/1246/1149 2437/1246/1137
f 2439/1246/1140 2451/1246/1152 2450/1246/1151 2438/1246/1139
f 2440/1246/1141 2452/1246/1153 2451/1246/1152 2439/1246/1140
f 2441/1246/1142 2453/1246/1154 2452/1246/1153 2440/1246/1141
f 2442/1246/1143 2454/1246/1155 2453/1246/1154 2441/1246/1142
f 2443/1246/1144 2455/1246/1156 2454/1246/1155 2442/1246/1143
f 2444/1246/1145 2456/1246/1157 2455/1246/1156 2443/1246/1144
f 2445/1246/1146 2457/1246/1158 2456/1246/1157 2444/1246/1145
f 2446/1246/1147 2458/1246/1159 2457/1246/1158 2445/1246/1146
f 2447/1246/1148 2459/1246/1160 2458/1246/1159 2446/1246/1147
f 2448/1246/1138 2460/1246/1150 2459/1246/1160 2447/1246/1148
f 2449/1246/1149 2461/1246/1161 2472/1246/1162 2460/1246/1150
f 2450/1246/1151 2462/1246/1163 2461/1246/1161 2449/1246/1149
f 2451/1246/1152 2463/1246/1164 2462/1246/1163 2450/1246/1151
f 2452/1246/1153 2464/1246/1165 2463/1246/1164 2451/1246/1152
f 2453/1246/1154 2465/1246/1166 2464/1246/1165 2452/1246/1153
f 2454/1246/1155 2466/1246/1167 2465/1246/1166 2453/1246/1154
f 2455/1246/1156 2467/1246/1168 2466/1246/1167 2454/1246/1155
f 2456/1246/1157 2468/1246/1169 2467/1246/1168 2455/1246/1156
f 2457/1246/1158 2469/1246/1170 2468/1246/1169 2456/1246/1157
f 2458/1246/1159 2470/1246/1171 2469/1246/1170 2457/1246/1158
f 2459/1246/1160 2471/1246/1172 2470/1246/1171 2458/1246/1159
f 2460/1246/1150 2472/1246/1162 2471/1246/1172 2459/1246/1160
f 2461/1246/1161 2473/1246/1173 2484/1246/1174 2472/1246/1162
f 2462/1246/1163 2474/1246/1175 2473/1246/1173 2461/1246/1161
f 2463/1246/1164 2475/1246/1176 2474/1246/1175 2462/1246/1163
f 2464/1246/1165 2476/1246/1177 2475/1246/1176 2463/1246/1164
f 2465/1246/1166 2477/1246/1178 2476/1246/1177 2464/1246/1165
f 2466/1246/1167 2478/1246/1179 2477/1246/1178 2465/1246/1166
f 2467/1246/1168 2479/1246/1180 2478/1246/1179 2466/1246/1167
f 2468/1246/1169 2480/1246/1181 2479/1246/1180 2467/1246/1168
f 2469/1246/1170 2481/1246/1182 2480/1246/1181 2468/1246/1169
f 2470/1246/1171 2482/1246/1183 2481/1246/1182 2469/1246/1170
f 2471/1246/1172 2483/1246/1184 2482/1246/1183 2470/1246/1171
f 2472/1246/1162 2484/1246/1174 2483/1246/1184 2471/1246/1172
f 2473/1246/1173 2485/1246/1185 2496/1246/1186 2484/1246/1174
f 2474/1246/1175 2486/1246/1187 2485/1246/1185 2473/1246/1173
f 2475/1246/1176 2487/1246/1188 2486/1246/1187 2474/1246/1175
f 2476/1246/1177 2488/1246/1189 2487/1246/1188 2475/1246/1176
f 2477/1246/1178 2489/1246/1190 2488/1246/1189 2476/1246/1177
f 2478/1246/1179 2490/1246/1191 2489/1246/1190 2477/1246/1178
f 2479/1246/1180 2491/1246/1192 2490/1246/1191 2478/1246/1179
f 2480/1246/1181 2492/1246/1193 2491/1246/1192 2479/1246/1180
f 2481/1246/1182 2493/1246/1194 2492/1246/1193 2480/1246/1181
f 2482/1246/1183 2494/1246/1195 2493/1246/1194 2481/1246/1182
f 2483/1246/1184 2495/1246/1196 2494/1246/1195 2482/1246/1183
f 2484/1246/1174 2496/1246/1186 2495/1246/1196 2483/1246/1184
f 2485/1246/1185 2497/1246/1197 2508/1246/1198 2496/1246/1186
f 2486/1246/1187 2498/1246/1199 2497/1246/1197 2485/1246/1185
f 2487/1246/1188 2499/1246/1200 2498/1246/1199 2486/1246/1187
f 2488/1246/1189 2500/1246/1201 2499/1246/1200 2487/1246/1188
f 2489/1246/1190 2501/1246/1202 2500/1246/1201 2488/1246/1189
f 2490/1246/1191 2502/1246/1203 2501/1246/1202 2489/1246/1190
f 2491/1246/1192 2503/1246/1204 2502/1246/1203 2490/1246/1191
f 2492/1246/1193 2504/1246/1205 2503/1246/1204 2491/1246/1192
f 2493/1246/1194 2505/1246/1206 2504/1246/1205 2492/1246/1193
f 2494/1246/1195 2506/1246/1207 2505/1246/1206 2493/1246/1194
f 2495/1246/1196 2507/1246/1208 2506/1246/1207 2494/1246/1195
f 2496/1246/1186 2508/1246/1198 2507/1246/1208 2495/1246/1196
f 2497/1246/1197 2509/1246/1209 2520/1246/1210 2508/1246/1198
f 2498/1246/1199 2510/1246/1211 2509/1246/1209 2497/1246/1197
f 2499/1246/1200 2511/1246/1212 2510/1246/1211 2498/1246/1199
f 2500/1246/1201 2512/1246/1213 2511/1246/1212 2499/1246/1200
f 2501/1246/1202 2513/1246/1214 2512/1246/1213 2500/1246/1201
f 2502/1246/1203 2514/1246/1215 2513/1246/1214 2501/1246/1202
f 2503/1246/1204 2515/1246/1216 2514/1246/1215 2502/1246/1203
f 2504/1246/1205 2516/1246/1217 2515/1246/1216 2503/1246/1204
f 2505/1246/1206 2517/1246/1218 2516/1246/1217 2504/1246/1205
f 2506/1246/1207 2518/1246/1219 2517/1246/1218 2505/1246/1206
f 2507/1246/1208 2519/1246/1220 2518/1246/1219 2506/1246/1207
f 2508/1246/1198 2520/1246/1210 2519/1246/1220 2507/1246/1208
f 2509/1246/1209 2521/1246/1221 2532/1246/1222 2520/1246/1210
f 2510/1246/1211 2522/1246/1223 2521/1246/1221 2509/1246/1209
f 2511/1246/1212 2523/1246/1224 2522/1246/1223 2510/1246/1211
f 2512/1246/1213 2524/1246/1225 2523/1246/1224 2511/1246/1212
f 2513/1246/1214 2525/1246/1226 2524/1246/1225 2512/1246/1213
f 2514/1246/1215 2526/1246/1227 2525/1246/1226 2513/1246/1214
f 2515/1246/1216 2527/1246/1228 2526/1246/1227 2514/1246/1215
f 2516/1246/1217 2528/1246/1229 2527/1246/1228 2515/1246/1216
f 2517/1246/1218 2529/1246/1230 2528/1246/1229 2516/1246/1217
f 2518/1246/1219 2530/1246/1231 2529/1246/1230 2517/1246/1218
f 2519/1246/1220 2531/1246/1232 2530/1246/1231 2518/1246/1219
f 2520/1246/1210 2532/1246/1222 2531/1246/1232 2519/1246/1220
f 2521/1246/1221 2533/1246/1233 2544/1246/1234 2532/1246/1222
f 2522/1246/1223 2534/1246/1235 2533/1246/1233 2521/1246/1221
f 2523/1246/1224 2535/1246/1236 2534/1246/1235 2522/1246/1223
f 2524/1246/1225 2536/1246/1237 2535/1246/1236 2523/1246/1224
f 2525/1246/1226 2537/1246/1238 2536/1246/1237 2524/1246/1225
f 2526/1246/1227 2538/1246/1239 2537/1246/1238 2525/1246/1226
f 2527/1246/1228 2539/1246/1240 2538/1246/1239 2526/1246/1227
f 2528/1246/1229 2540/1246/1241 2539/1246/1240 2527/1246/1228
f 2529/1246/1230 2541/1246/1242 2540/1246/1241 2528/1246/1229
f 2530/1246/1231 2542/1246/1243 2541/1246/1242 2529/1246/1230
f 2531/1246/1232 2543/1246/1244 2542/1246/1243 2530/1246/1231
f 2532/1246/1222 2544/1246/1234 2543/1246/1244 2531/1246/1232
f 2533/1246/1233 2545/1246/1245 2556/1246/1246 2544/1246/1234
f 2534/1246/1235 2546/1246/1247 2545/1246/1245 2533/1246/1233
f 2535/1246/1236 2547/1246/1248 2546/1246/1247 2534/1246/1235
f 2536/1246/1237 2548/1246/1249 2547/1246/1248 2535/1246/1236
f 2537/1246/1238 2549/1246/1250 2548/1246/1249 2536/1246/1237
f 2538/1246/1239 2550/1246/1251 2549/1246/1250 2537/1246/1238
f 2539/1246/1240 2551/1246/1252 2550/1246/1251 2538/1246/1239
f 2540/1246/1241 2552/1246/1253 2551/1246/1252 2539/1246/1240
f 2541/1246/1242 2553/1246/1254 2552/1246/1253 2540/1246/1241
f 2542/1246/1243 2554/1246/1255 2553/1246/1254 2541/1246/1242
f 2543/1246/1244 2555/1246/1256 2554/1246/1255 2542/1246/1243
f 2544/1246/1234 2556/1246/1246 2555/1246/1256 2543/1246/1244
f 2545/1246/1245 2557/1246/1257 2568/1246/1258 2556/1246/1246
f 2546/1246/1247 2558/1246/1259 2557/1246/1257 2545/1246/1245
f 2547/1246/1248 2559/1246/1260 2558/1246/1259 2546/1246/1247
f 2548/1246/1249 2560/1246/1261 2559/1246/1260 2547/1246/1248
f 2549/1246/1250 2561/1246/1262 2560/1246/1261 2548/1246/1249
f 2550/1246/1251 2562/1246/1263 2561/1246/1262 2549/1246/1250
f 2551/1246/1252 2563/1246/1264 2562/1246/1263 2550/1246/1251
f 2552/1246/1253 2564/1246/1265 2563/1246/1264 2551/1246/1252
f 2553/1246/1254 2565/1246/1266 2564/1246/1265 2552/1246/1253
f 2554/1246/1255 2566/1246/1267 2565/1246/1266 2553/1246/1254
f 2555/1246/1256 2567/1246/1268 2566/1246/1267 2554/1246/1255
f 2556/1246/1246 2568/1246/1258 2567/1246/1268 2555/1246/1256
f 2576/1246/1269 2574/1246/1269 2575/1246/1269
f 2576/1246/1269 2573/1246/1269 2574/1246/1269
f 2577/1246/1269 2573/1246/1269 2576/1246/1269
f 2577/1246/1269 2572/1246/1269 2573/1246/1269
f 2578/1246/1269 2572/1246/1269 2577/1246/1269
f 2578/1246/1269 2571/1246/1269 2572/1246/1269
f 2579/1246/1269 2571/1246/1269 2578/1246/1269
f 2579/1246/1269 2570/1246/1269 2571/1246/1269
f 2580/1246/1269 2570/1246/1269 2579/1246/1269
f 2580/1246/1269 2569/1246/1269 2570/1246/1269
f 2586/1246/1270 2588/1246/1270 2587/1246/1270
f 2586/1246/1270 2589/1246/1270 2588/1246/1270
f 2585/1246/1270 2589/1246/1270 2586/1246/1270
f 2585/1246/1270 2590/1246/1270 2589/1246/1270
f 2584/1246/1270 2590/1246/1270 2585/1246/1270
f 2584/1246/1270 2591/1246/1270 2590/1246/1270
f 2583/1246/1270 2591/1246/1270 2584/1246/1270
f 2583/1246/1270 2592/1246/1270 2591/1246/1270
f 2582/1246/1270 2592/1246/1270 2583/1246/1270
f 2582/1246/1270 2581/1246/1270 2592/1246/1270
f 2593/1246/1271 2605/1246/1272 2616/1246/1273 2604/1246/1274
f 2594/1246/1275 2606/1246/1276 2605/1246/1272 2593/1246/1271
f 2595/1246/1277 2607/1246/1278 2606/1246/1276 2594/1246/1275
f 2596/1246/1279 2608/1246/1280 2607/1246/1278 2595/1246/1277
f 2597/1246/1281 2609/1246/1282 2608/1246/1280 2596/1246/1279
f 2598/1246/1283 2610/1246/1284 2609/1246/1282 2597/1246/1281
f 2599/1246/1285 2611/1246/1286 2610/1246/1284 2598/1246/1283
f 2600/1246/1287 2612/1246/1288 2611/1246/1286 2599/1246/1285
f 2601/1246/1289 2613/1246/1290 2612/1246/1288 2600/1246/1287
f 2602/1246/1291 2614/1246/1292 2613/1246/1290 2601/1246/1289
f 2603/1246/1293 2615/1246/1294 2614/1246/1292 2602/1246/1291
f 2604/1246/1274 2616/1246/1273 2615/1246/1294 2603/1246/1293
f 2605/1246/1272 2617/1246/1295 2628/1246/1296 2616/1246/1273
f 2606/1246/1276 2618/1246/1297 2617/1246/1295 2605/1246/1272
f 2607/1246/1278 2619/1246/1298 2618/1246/1297 2606/1246/1276
f 2608/1246/1280 2620/1246/1299 2619/1246/1298 2607/1246/1278
f 2609/1246/1282 2621/1246/1300 2620/1246/1299 2608/1246/1280
f 2610/1246/1284 2622/1246/1301 2621/1246/1300 2609/1246/1282
f 2611/1246/1286 2623/1246/1302 2622/1246/1301 2610/1246/1284
f 2612/1246/1288 2624/1246/1303 2623/1246/1302 2611/1246/1286
f 2613/1246/1290 2625/1246/1304 2624/1246/1303 2612/1246/1288
f 2614/1246/1292 2626/1246/1305 2625/1246/1304 2613/1246/1290
f 2615/1246/1294 2627/1246/1306 2626/1246/1305 2614/1246/1292
f 2616/1246/1273 2628/1246/1296 2627/1246/1306 2615/1246/1294
f 2617/1246/1295 2629/1246/1307 2640/1246/1308 2628/1246/1296
f 2618/1246/1297 2630/1246/1309 2629/1246/1307 2617/1246/1295
f 2619/1246/1298 2631/1246/1310 2630/1246/1309 2618/1246/1297
f 2620/1246/1299 2632/1246/1311 2631/1246/1310 2619/1246/1298
f 2621/1246/1300 2633/1246/1312 2632/1246/1311 2620/1246/1299
f 2622/1246/1301 2634/1246/1313 2633/1246/1312 2621/1246/1300
f 2623/1246/1302 2635/1246/1314 2634/1246/1313 2622/1246/1301
f 2624/1246/1303 2636/1246/1315 2635/1246/1314 2623/1246/1302
f 2625/1246/1304 2637/1246/1316 2636/1246/1315 2624/1246/1303
f 2626/1246/1305 2638/1246/1317 2637/1246/1316 2625/1246/1304
f 2627/1246/1306 2639/1246/1318 2638/1246/1317 2626/1246/1305
f 2628/1246/1296 2640/1246/1308 2639/1246/1318 2627/1246/1306
f 2629/1246/1307 2641/1246/1319 2652/1246/1320 2640/1246/1308
f 2630/1246/1309 2642/1246/1321 2641/1246/1319 2629/1246/1307
f 2631/1246/1310 2643/1246/1322 2642/1246/1321 2630/1246/1309
f 2632/1246/1311 2644/1246/1323 2643/1246/1322 2631/1246/1310
f 2633/1246/1312 2645/1246/1324 2644/1246/1323 2632/1246/1311
f 2634/1246/1313 2646/1246/1325 2645/1246/1324 2633/1246/1312
f 2635/1246/1314 2647/1246/1326 2646/1246/1325 2634/1246/1313
f 2636/1246/1315 2648/1246/1327 2647/1246/1326 2635/1246/1314
f 2637/1246/1316 2649/1246/1328 2648/1246/1327 2636/1246/1315
f 2638/1246/1317 2650/1246/1329 2649/1246/1328 2637/1246/1316
f 2639/1246/1318 2651/1246/1330 2650/1246/1329 2638/1246/1317
f 2640/1246/1308 2652/1246/1320 2651/1246/1330 2639/1246/1318
f 2641/1246/1319 2653/1246/1331 2664/1246/1332 2652/1246/1320
f 2642/1246/1321 2654/1246/1333 2653/1246/1331 2641/1246/1319
f 2643/1246/1322 2655/1246/1334 2654/1246/1333 2642/1246/1321
f 2644/1246/1323 2656/1246/1335 2655/1246/1334 2643/1246/1322
f 2645/1246/1324 2657/1246/1336 2656/1246/1335 2644/1246/1323
f 2646/1246/1325 2658/1246/1337 2657/1246/1336 2645/1246/1324
f 2647/1246/1326 2659/1246/1338 2658/1246/1337 2646/1246/1325
f 2648/1246/1327 2660/1246/1339 2659/1246/1338 2647/1246/1326
f 2649/1246/1328 2661/1246/1340 2660/1246/1339 2648/1246/1327
f 2650/1246/1329 2662/1246/1341 2661/1246/1340 2649/1246/1328
f 2651/1246/1330 2663/1246/1342 2662/1246/1341 2650/1246/1329
f 2652/1246/1320 2664/1246/1332 2663/1246/1342 2651/1246/1330
f 2653/1246/1331 2665/1246/1343 2676/1246/1344 2664/1246/1332
f 2654/1246/1333 2666/1246/1345 2665/1246/1343 2653/1246/1331
f 2655/1246/1334 2667/1246/1346 2666/1246/1345 2654/1246/1333
f 2656/1246/1335 2668/1246/1347 2667/1246/1346 2655/1246/1334
f 2657/1246/1336 2669/1246/1348 2668/1246/1347 2656/1246/1335
f 2658/1246/1337 2670/1246/1349 2669/1246/1348 2657/1246/1336
f 2659/1246/1338 2671/1246/1350 2670/1246/1349 2658/1246/1337
f 2660/1246/1339 2672/1246/1351 2671/1246/1350 2659/1246/1338
f 2661/1246/1340 2673/1246/1352 2672/1246/1351 2660/1246/1339
f 2662/1246/1341 2674/1246/1353 2673/1246/1352 2661/1246/1340
f 2663/1246/1342 2675/1246/1354 2674/1246/1353 2662/1246/1341
f 2664/1246/1332 2676/1246/1344 2675/1246/1354 2663/1246/1342
f 2665/1246/1343 2677/1246/1355 2688/1246/1356 2676/1246/1344
f 2666/1246/1345 2678/1246/1357 2677/1246/1355 2665/1246/1343
f 2667/1246/1346 2679/1246/1358 2678/1246/1357 2666/1246/1345
f 2668/1246/1347 2680/1246/1359 2679/1246/1358 2667/1246/1346
f 2669/1246/1348 2681/1246/1360 2680/1246/1359 2668/1246/1347
f 2670/1246/1349 2682/1246/1361 2681/1246/1360 2669/1246/1348
f 2671/1246/1350 2683/1246/1362 2682/1246/1361 2670/1246/1349
f 2672/1246/1351 2684/1246/1363 2683/1246/1362 2671/1246/1350
f 2673/1246/1352 2685/1246/1364 2684/1246/1363 2672/1246/1351
f 2674/1246/1353 2686/1246/1365 2685/1246/1364 2673/1246/1352
f 2675/1246/1354 2687/1246/1366 2686/1246/1365 2674/1246/1353
f 2676/1246/1344 2688/1246/1356 2687/1246/1366 2675/1246/1354
f 2677/1246/1355 2689/1246/1367 2700/1246/1368 2688/1246/1356
f 2678/1246/1357 2690/1246/1369 2689/1246/1367 2677/1246/1355
f 2679/1246/1358 2691/1246/1370 2690/1246/1369 2678/1246/1357
f 2680/1246/1359 2692/1246/1371 2691/1246/1370 2679/1246/1358
f 2681/1246/1360 2693/1246/1372 2692/1246/1371 2680/1246/1359
f 2682/1246/1361 2694/1246/1373 2693/1246/1372 2681/1246/1360
f 2683/1246/1362 2695/1246/1374 2694/1246/1373 2682/1246/1361
f 2684/1246/1363 2696/1246/1375 2695/1246/1374 2683/1246/1362
f 2685/1246/1364 2697/1246/1376 2696/1246/1375 2684/1246/1363
f 2686/1246/1365 2698/1246/1377 2697/1246/1376 2685/1246/1364
f 2687/1246/1366 2699/1246/1378 2698/1246/1377 2686/1246/1365
f 2688/1246/1356 2700/1246/1368 2699/1246/1378 2687/1246/1366
f 2689/1246/1367 2701/1246/1379 2712/1246/1380 2700/1246/1368
f 2690/1246/1369 2702/1246/1381 2701/1246/1379 2689/1246/1367
f 2691/1246/1370 2703/1246/1382 2702/1246/1381 2690/1246/1369
f 2692/1246/1371 2704/1246/1383 2703/1246/1382 2691/1246/1370
f 2693/1246/1372 2705/1246/1384 2704/1246/1383 2692/1246/1371
f 2694/1246/1373 2706/1246/1385 2705/1246/1384 2693/1246/1372
f 2695/1246/1374 2707/1246/1386 2706/1246/1385 2694/1246/1373
f 2696/1246/1375 2708/1246/1387 2707/1246/1386 2695/1246/1374
f 2697/1246/1376 2709/1246/1388 2708/1246/1387 2696/1246/1375
f 2698/1246/1377 2710/1246/1389 2709/1246/1388 2697/1246/1376
f 2699/1246/1378 2711/1246/1390 2710/1246/1389 2698/1246/1377
f 2700/1246/1368 2712/1246/1380 2711/1246/1390 2699/1246/1378
f 2701/1246/1379 2713/1246/1391 2724/1246/1392 2712/1246/1380
f 2702/1246/1381 2714/1246/1393 2713/1246/1391 2701/1246/1379
f 2703/1246/1382 2715/1246/1394 2714/1246/1393 2702/1246/1381
f 2704/1246/1383 2716/1246/1395 2715/1246/1394 2703/1246/1382
f 2705/1246/1384 2717/1246/1396 2716/1246/1395 2704/1246/1383
f 2706/1246/1385 2718/1246/1397 2717/1246/1396 2705/1246/1384
f 2707/1246/1386 2719/1246/1398 2718/1246/1397 2706/1246/1385
f 2708/1246/1387 2720/1246/1399 2719/1246/1398 2707/1246/1386
f 2709/1246/1388 2721/1246/1400 2720/1246/1399 2708/1246/1387
f 2710/1246/1389 2722/1246/1401 2721/1246/1400 2709/1246/1388
f 2711/1246/1390 2723/1246/1402 2722/1246/1401 2710/1246/1389
f 2712/1246/1380 2724/1246/1392 2723/1246/1402 2711/1246/1390
f 2713/1246/1391 2725/1246/1403 2736/1246/1404 2724/1246/1392
f 2714/1246/1393 2726/1246/1405 2725/1246/1403 2713/1246/1391
f 2715/1246/1394 2727/1246/1406 2726/1246/1405 2714/1246/1393
f 2716/1246/1395 2728/1246/1407 2727/1246/1406 2715/1246/1394
f 2717/1246/1396 2729/1246/1408 2728/1246/1407 2716/1246/1395
f 2718/1246/1397 2730/1246/1409 2729/1246/1408 2717/1246/1396
f 2719/1246/1398 2731/1246/1410 2730/1246/1409 2718/1246/1397
f 2720/1246/1399 2732/1246/1411 2731/1246/1410 2719/1246/1398
f 2721/1246/1400 2733/1246/1412 2732/1246/1411 2720/1246/1399
f 2722/1246/1401 2734/1246/1413 2733/1246/1412 2721/1246/1400
f 2723/1246/1402 2735/1246/1414 2734/1246/1413 2722/1246/1401
f 2724/1246/1392 2736/1246/1404 2735/1246/1414 2723/1246/1402
f 2725/1246/1403 2737/1246/1415 2748/1246/1416 2736/1246/1404
f 2726/1246/1405 2738/1246/1417 2737/1246/1415 2725/1246/1403
f 2727/1246/1406 2739/1246/1418 2738/1246/1417 2726/1246/1405
f 2728/1246/1407 2740/1246/1419 2739/1246/1418 2727/1246/1406
f 2729/1246/1408 2741/1246/1420 2740/1246/1419 2728/1246/1407
f 2730/1246/1409 2742/1246/1421 2741/1246/1420 2729/1246/1408
f 2731/1246/1410 2743/1246/1422 2742/1246/1421 2730/1246/1409
f 2732/1246/1411 2744/1246/1423 2743/1246/1422 2731/1246/1410
f 2733/1246/1412 2745/1246/1424 2744/1246/1423 2732/1246/1411
f 2734/1246/1413 2746/1246/1425 2745/1246/1424 2733/1246/1412
f 2735/1246/1414 2747/1246/1426 2746/1246/1425 2734/1246/1413
f 2736/1246/1404 2748/1246/1416 2747/1246/1426 2735/1246/1414
f 2756/1247/1427 2754/1248/1427 2755/1249/1427
f 2756/1247/1427 2753/1250/1427 2754/1248/1427
f 2757/1251/1427 2753/1250/1427 2756/1247/1427
f 2757/1251/1427 2752/1252/1427 2753/1250/1427
f 2758/1253/1427 2752/1252/1427 2757/1251/1427
f 2758/1253/1427 2751/1254/1427 2752/1252/1427
f 2759/1255/1427 2751/1254/1427 2758/1253/1427
f 2759/1255/1427 2750/1256/1427 2751/1254/1427
f 2760/1257/1427 2750/1256/1427 2759/1255/1427
f 2760/1257/1427 2749/1246/1427 2750/1256/1427
f 2766/1248/1428 2768/1247/1428 2767/1249/1428
f 2766/1248/1428 2769/1251/1428 2768/1247/1428
f 2765/1250/1428 2769/1251/1428 2766/1248/1428
f 2765/1250/1428 2770/1253/1428 2769/1251/1428
f 2764/1252/1428 2770/1253/1428 2765/1250/1428
f 2764/1252/1428 2771/1255/1428 2770/1253/1428
f 2763/1254/1428 2771/1255/1428 2764/1252/1428
f 2763/1254/1428 2772/1257/1428 2771/1255/1428
f 2762/1256/1428 2772/1257/1428 2763/1254/1428
f 2762/1256/1428 2761/1246/1428 2772/1257/1428
f 2773/1258/1429 2785/1259/1430 2796/1260/1431 2784/1261/1432
f 2774/1262/1433 2786/1263/1434 2785/1264/1430 2773/1246/1429
f 2775/1265/1435 2787/1266/1436 2786/1263/1434 2774/1262/1433
f 2776/1267/1437 2788/1268/1438 2787/1266/1436 2775/1265/1435
f 2777/1269/1439 2789/1270/1440 2788/1268/1438 2776/1267/1437
f 2778/1271/1441 2790/1272/1442 2789/1270/1440 2777/1269/1439
f 2779/1048/1443 2791/1273/1444 2790/1272/1442 2778/1271/1441
f 2780/1274/1445 2792/1275/1446 2791/1273/1444 2779/1048/1443
f 2781/1276/1447 2793/1277/1448 2792/1275/1446 2780/1274/1445
f 2782/1278/1449 2794/1279/1450 2793/1277/1448 2781/1276/1447
f 2783/1280/1451 2795/1281/1452 2794/1279/1450 2782/1278/1449
f 2784/1261/1432 2796/1260/1431 2795/1281/1452 2783/1280/1451
f 2785/1259/1430 2797/1282/1453 2808/1283/1454 2796/1260/1431
f 2786/1263/1434 2798/1284/1455 2797/1285/1453 2785/1264/1430
f 2787/1266/1436 2799/1286/1456 2798/1284/1455 2786/1263/1434
f 2788/1268/1438 2800/1287/1457 2799/1286/1456 2787/1266/1436
f 2789/1270/1440 2801/1288/1458 2800/1287/1457 2788/1268/1438
f 2790/1272/1442 2802/1289/1459 2801/1288/1458 2789/1270/1440
f 2791/1273/1444 2803/1290/1460 2802/1289/1459 2790/1272/1442
f 2792/1275/1446 2804/1291/1461 2803/1290/1460 2791/1273/1444
f 2793/1277/1448 2805/1292/1462 2804/1291/1461 2792/1275/1446
f 2794/1279/1450 2806/1293/1463 2805/1292/1462 2793/1277/1448
f 2795/1281/1452 2807/1294/1464 2806/1293/1463 2794/1279/1450
f 2796/1260/1431 2808/1283/1454 2807/1294/1464 2795/1281/1452
f 2797/1282/1453 2809/1295/1465 2820/1296/1466 2808/1283/1454
f 2798/1284/1455 2810/1297/1467 2809/1298/1465 2797/1285/1453
f 2799/1286/1456 2811/1299/1468 2810/1297/1467 2798/1284/1455
f 2800/1287/1457 2812/1300/1469 2811/1299/1468 2799/1286/1456
f 2801/1288/1458 2813/1301/1470 2812/1300/1469 2800/1287/1457
f 2802/1289/1459 2814/1302/1471 2813/1301/1470 2801/1288/1458
f 2803/1290/1460 2815/1099/1472 2814/1302/1471 2802/1289/1459
f 2804/1291/1461 2816/1303/1473 2815/1099/1472 2803/1290/1460
f 2805/1292/1462 2817/1304/1474 2816/1303/1473 2804/1291/1461
f 2806/1293/1463 2818/1305/1475 2817/1304/1474 2805/1292/1462
f 2807/1294/1464 2819/1306/1476 2818/1305/1475 2806/1293/1463
f 2808/1283/1454 2820/1296/1466 2819/1306/1476 2807/1294/1464
f 2809/1295/1465 2821/1307/1477 2832/1308/1478 2820/1296/1466
f 2810/1297/1467 2822/1309/1479 2821/1310/1477 2809/1298/1465
f 2811/1299/1468 2823/1311/1480 2822/1309/1479 2810/1297/1467
f 2812/1300/1469 2824/1312/1481 2823/1311/1480 2811/1299/1468
f 2813/1301/1470 2825/1313/1482 2824/1312/1481 2812/1300/1469
f 2814/1302/1471 2826/1314/1483 2825/1313/1482 2813/1301/1470
f 2815/1099/1472 2827/1315/1484 2826/1314/1483 2814/1302/1471
f 2816/1303/1473 2828/1316/1485 2827/1315/1484 2815/1099/1472
f 2817/1304/1474 2829/1317/1486 2828/1316/1485 2816/1303/1473
f 2818/1305/1475 2830/1318/1487 2829/1317/1486 2817/1304/1474
f 2819/1306/1476 2831/1319/1488 2830/1318/1487 2818/1305/1475
f 2820/1296/1466 2832/1308/1478 2831/1319/1488 2819/1306/1476
f 2821/1307/1477 2833/1320/1489 2844/1321/1490 2832/1308/1478
f 2822/1309/1479 2834/1322/1491 2833/1323/1489 2821/1310/1477
f 2823/1311/1480 2835/1324/1492 2834/1322/1491 2822/1309/1479
f 2824/1312/1481 2836/1325/1493 2835/1324/1492 2823/1311/1480
f 2825/1313/1482 2837/1326/1494 2836/1325/1493 2824/1312/1481
f 2826/1314/1483 2838/1327/1495 2837/1326/1494 2825/1313/1482
f 2827/1315/1484 2839/1328/1496 2838/1327/1495 2826/1314/1483
f 2828/1316/1485 2840/1329/1497 2839/1328/1496 2827/1315/1484
f 2829/1317/1486 2841/1330/1498 2840/1329/1497 2828/1316/1485
f 2830/1318/1487 2842/1331/1499 2841/1330/1498 2829/1317/1486
f 2831/1319/1488 2843/1332/1500 2842/1331/1499 2830/1318/1487
f 2832/1308/1478 2844/1321/1490 2843/1332/1500 2831/1319/1488
f 2833/1320/1489 2845/1333/1501 2856/1334/1502 2844/1321/1490
f 2834/1322/1491 2846/1335/1503 2845/1336/1501 2833/1323/1489
f 2835/1324/1492 2847/1337/1504 2846/1335/1503 2834/1322/1491
f 2836/1325/1493 2848/1338/1505 2847/1337/1504 2835/1324/1492
f 2837/1326/1494 2849/1339/1506 2848/1338/1505 2836/1325/1493
f 2838/1327/1495 2850/1340/1507 2849/1339/1506 2837/1326/1494
f 2839/1328/1496 2851/1081/1508 2850/1340/1507 2838/1327/1495
f 2840/1329/1497 2852/1341/1509 2851/1081/1508 2839/1328/1496
f 2841/1330/1498 2853/1342/1510 2852/1341/1509 2840/1329/1497
f 2842/1331/1499 2854/1343/1511 2853/1342/1510 2841/1330/1498
f 2843/1332/1500 2855/1344/1512 2854/1343/1511 2842/1331/1499
f 2844/1321/1490 2856/1334/1502 2855/1344/1512 2843/1332/1500
f 2845/1333/1501 2857/1345/1513 2868/1346/1514 2856/1334/1502
f 2846/1335/1503 2858/1347/1515 2857/1348/1513 2845/1336/1501
f 2847/1337/1504 2859/1349/1516 2858/1347/1515 2846/1335/1503
f 2848/1338/1505 2860/1350/1517 2859/1349/1516 2847/1337/1504
f 2849/1339/1506 2861/1351/1518 2860/1350/1517 2848/1338/1505
f 2850/1340/1507 2862/1352/1519 2861/1351/1518 2849/1339/1506
f 2851/1081/1508 2863/1353/1520 2862/1352/1519 2850/1340/1507
f 2852/1341/1509 2864/1354/1521 2863/1353/1520 2851/1081/1508
f 2853/1342/1510 2865/1355/1522 2864/1354/1521 2852/1341/1509
f 2854/1343/1511 2866/1356/1523 2865/1355/1522 2853/1342/1510
f 2855/1344/1512 2867/1357/1524 2866/1356/1523 2854/1343/1511
f 2856/1334/1502 2868/1346/1514 2867/1357/1524 2855/1344/1512
f 2857/1345/1513 2869/1358/1525 2880/1359/1526 2868/1346/1514
f 2858/1347/1515 2870/1360/1527 2869/1361/1525 2857/1348/1513
f 2859/1349/1516 2871/1362/1528 2870/1360/1527 2858/1347/1515
f 2860/1350/1517 2872/1363/1529 2871/1362/1528 2859/1349/1516
f 2861/1351/1518 2873/1364/1530 2872/1363/1529 2860/1350/1517
f 2862/1352/1519 2874/1365/1531 2873/1364/1530 2861/1351/1518
f 2863/1353/1520 2875/1366/1532 2874/1365/1531 2862/1352/1519
f 2864/1354/1521 2876/1367/1533 2875/1366/1532 2863/1353/1520
f 2865/1355/1522 2877/1368/1534 2876/1367/1533 2864/1354/1521
f 2866/1356/1523 2878/1369/1535 2877/1368/1534 2865/1355/1522
f 2867/1357/1524 2879/1370/1536 2878/1369/1535 2866/1356/1523
f 2868/1346/1514 2880/1359/1526 2879/1370/1536 2867/1357/1524
f 2869/1358/1525 2881/1371/1537 2892/1372/1538 2880/1359/1526
f 2870/1360/1527 2882/1373/1539 2881/1374/1537 2869/1361/1525
f 2871/1362/1528 2883/1375/1540 2882/1373/1539 2870/1360/1527
f 2872/1363/1529 2884/1376/1541 2883/1375/1540 2871/1362/1528
f 2873/1364/1530 2885/1377/1542 2884/1376/1541 2872/1363/1529
f 2874/1365/1531 2886/1378/1543 2885/1377/1542 2873/1364/1530
f 2875/1366/1532 2887/1064/1544 2886/1378/1543 2874/1365/1531
f 2876/1367/1533 2888/1379/1545 2887/1064/1544 2875/1366/1532
f 2877/1368/1534 2889/1380/1546 2888/1379/1545 2876/1367/1533
f 2878/1369/1535 2890/1381/1547 2889/1380/1546 2877/1368/1534
f 2879/1370/1536 2891/1382/1548 2890/1381/1547 2878/1369/1535
f 2880/1359/1526 2892/1372/1538 2891/1382/1548 2879/1370/1536
f 2881/1371/1537 2893/1383/1549 2904/1384/1550 2892/1372/1538
f 2882/1373/1539 2894/1385/1551 2893/1386/1549 2881/1374/1537
f 2883/1375/1540 2895/1387/1552 2894/1385/1551 2882/1373/1539
f 2884/1376/1541 2896/1388/1553 2895/1387/1552 2883/1375/1540
f 2885/1377/1542 2897/1389/1554 2896/1388/1553 2884/1376/1541
f 2886/1378/1543 2898/1390/1555 2897/1389/1554 2885/1377/1542
f 2887/1064/1544 2899/1391/1556 2898/1390/1555 2886/1378/1543
f 2888/1379/1545 2900/1392/1557 2899/1391/1556 2887/1064/1544
f 2889/1380/1546 2901/1393/1558 2900/1392/1557 2888/1379/1545
f 2890/1381/1547 2902/1394/1559 2901/1393/1558 2889/1380/1546
f 2891/1382/1548 2903/1395/1560 2902/1394/1559 2890/1381/1547
f 2892/1372/1538 2904/1384/1550 2903/1395/1560 2891/1382/1548
f 2893/1383/1549 2905/1396/1561 2916/1397/1562 2904/1384/1550
f 2894/1385/1551 2906/1398/1563 2905/1399/1561 2893/1386/1549
f 2895/1387/1552 2907/1400/1564 2906/1398/1563 2894/1385/1551
f 2896/1388/1553 2908/1401/1565 2907/1400/1564 2895/1387/1552
f 2897/1389/1554 2909/1402/1566 2908/1401/1565 2896/1388/1553
f 2898/1390/1555 2910/1403/1567 2909/1402/1566 2897/1389/1554
f 2899/1391/1556 2911/1404/1568 2910/1403/1567 2898/1390/1555
f 2900/1392/1557 2912/1405/1569 2911/1404/1568 2899/1391/1556
f 2901/1393/1558 2913/1406/1570 2912/1405/1569 2900/1392/1557
f 2902/1394/1559 2914/1407/1571 2913/1406/1570 2901/1393/1558
f 2903/1395/1560 2915/1408/1572 2914/1407/1571 2902/1394/1559
f 2904/1384/1550 2916/1397/1562 2915/1408/1572 2903/1395/1560
f 2905/1396/1561 2917/1409/1573 2928/1410/1574 2916/1397/1562
f 2906/1398/1563 2918/1411/1575 2917/1257/1573 2905/1399/1561
f 2907/1400/1564 2919/1412/1576 2918/1411/1575 2906/1398/1563
f 2908/1401/1565 2920/1413/1577 2919/1412/1576 2907/1400/1564
f 2909/1402/1566 2921/1414/1578 2920/1413/1577 2908/1401/1565
f 2910/1403/1567 2922/1415/1579 2921/1414/1578 2909/1402/1566
f 2911/1404/1568 2923/1114/1580 2922/1415/1579 2910/1403/1567
f 2912/1405/1569 2924/1416/1581 2923/1114/1580 2911/1404/1568
f 2913/1406/1570 2925/1417/1582 2924/1416/1581 2912/1405/1569
f 2914/1407/1571 2926/1418/1583 2925/1417/1582 2913/1406/1570
f 2915/1408/1572 2927/1419/1584 2926/1418/1583 2914/1407/1571
f 2916/1397/1562 2928/1410/1574 2927/1419/1584 2915/1408/1572
s 0
usemtl M_Cyan
f 209/295/15 212/290/15 211/291/15 210/292/15
f 213/296/10 216/299/10 215/298/10 214/297/10
f 221/293/9 224/294/9 223/305/9 222/304/9
f 217/300/17 220/303/17 219/302/17 218/301/17
s 1
f 375/382/179 376/380/179 414/364/180 413/365/180
f 415/357/181 416/358/181 377/366/182 378/360/182
f 411/369/183 412/370/183 373/385/184 374/386/184
f 407/362/185 408/353/185 369/354/186 370/361/186
f 371/355/187 372/348/187 403/388/188 401/387/188
f 379/372/189 380/341/189 406/349/190 405/350/190
f 383/344/191 384/352/191 410/389/192 409/346/192
f 402/342/193 404/343/193 381/376/194 382/373/194
f 382/373/194 381/376/194 385/375/195 386/374/195
f 387/356/196 388/347/196 372/348/187 371/355/187
f 389/378/197 390/379/197 370/361/186 369/354/186
f 386/368/195 385/363/195 388/347/196 387/356/196
f 392/340/198 391/377/198 390/379/197 389/378/197
f 393/383/199 394/384/199 374/386/184 373/385/184
f 380/341/189 379/372/189 391/377/198 392/340/198
f 400/381/200 399/371/200 398/359/201 397/367/201
f 376/380/179 375/382/179 399/371/200 400/381/200
f 396/351/202 395/345/202 394/384/199 393/383/199
f 397/367/201 398/359/201 378/360/182 377/366/182
f 384/352/191 383/344/191 395/345/202 396/351/202
s 0
f 1090/905/2 1089/904/2 1120/933/2 1119/932/2 1118/931/2 1117/930/2 1116/929/2 1115/928/2 1114/927/2 1113/926/2 1112/925/2 1111/924/2 1110/923/2 1109/922/2 1108/921/2 1107/920/2 1106/919/2 1105/918/2 1104/917/2 1103/916/2 1102/915/2 1101/914/2 1100/913/2 1099/912/2 1098/911/2 1097/910/2 1096/909/2 1095/860/2 1094/861/2 1093/908/2 1092/907/2 1091/906/2
s 1
f 1380/997/720 1369/718/17 1370/1006/17 1379/998/720
f 1372/945/9 1382/1000/721 1381/999/721 1371/732/9
f 1384/1001/722 1372/945/9 1371/732/9 1383/1002/722
f 1369/718/17 1386/970/723 1385/1003/723 1370/1006/17
f 1374/717/10 1388/1005/724 1387/1004/724 1373/717/10
f 1390/976/725 1374/717/10 1373/717/10 1389/975/725
f 1376/740/15 1392/973/726 1391/974/726 1375/740/15
f 1377/972/727 1376/740/15 1375/740/15 1378/971/727
s 0
f 1546/749/753 1555/1037/753 1563/1036/753 1545/728/753
f 1556/1035/754 1546/749/754 1545/728/754 1564/1032/754
f 1548/756/755 1559/1033/755 1567/1034/755 1547/744/755
f 1560/1030/756 1548/756/756 1547/744/756 1568/1029/756
f 1550/722/757 1553/1038/757 1561/1041/757 1549/722/757
f 1554/1039/758 1550/722/758 1549/722/758 1562/1042/758
f 1552/736/759 1557/1031/759 1565/1043/759 1551/771/759
f 1558/1040/760 1552/736/760 1551/771/760 1566/1044/760
usemtl M_Gris_Metal
f 1520/1029/745 1512/1030/745 1560/1030/745 1568/1029/745
f 1528/736/2 1509/1031/2 1557/1031/2 1552/736/2
f 1537/728/3 1516/1032/3 1564/1032/3 1545/728/3
f 1511/1033/746 1519/1034/746 1567/1034/746 1559/1033/746
f 1508/1035/2 1525/749/2 1546/749/2 1556/1035/2
f 1515/1036/3 1537/728/3 1545/728/3 1563/1036/3
f 1516/1032/747 1508/1035/747 1556/1035/747 1564/1032/747
f 1525/749/2 1507/1037/2 1555/1037/2 1546/749/2
f 1505/1038/746 1522/722/746 1502/722/746 1521/1015/746
f 1522/722/747 1506/1039/747 1523/1021/747 1502/722/747
f 1507/1037/748 1525/749/748 1498/749/748 1524/1023/748
f 1525/749/749 1508/1035/749 1526/1024/749 1498/749/749
f 1509/1031/750 1528/736/750 1504/736/750 1527/1016/750
f 1528/736/745 1510/1040/745 1529/1025/745 1504/736/745
f 1511/1033/751 1500/756/751 1531/1018/751 1530/1022/751
f 1500/756/752 1512/1030/752 1532/1017/752 1531/1018/752
f 1534/722/746 1513/1041/746 1533/1013/746 1501/722/746
f 1514/1042/747 1534/722/747 1501/722/747 1535/1020/747
f 1537/728/748 1515/1036/748 1536/1026/748 1497/728/748
f 1516/1032/749 1537/728/749 1497/728/749 1538/1027/749
f 1540/771/750 1517/1043/750 1539/1016/750 1503/771/750
f 1518/1044/745 1540/771/745 1503/771/745 1541/1028/745
f 1543/744/751 1519/1034/751 1542/1019/751 1499/744/751
f 1520/1029/752 1543/744/752 1499/744/752 1544/1014/752
f 1515/1036/748 1507/1037/748 1524/1023/748 1536/1026/748
f 1508/1035/749 1516/1032/749 1538/1027/749 1526/1024/749
f 1519/1034/751 1511/1033/751 1530/1022/751 1542/1019/751
f 1512/1030/752 1520/1029/752 1544/1014/752 1532/1017/752
f 1513/1041/746 1505/1038/746 1521/1015/746 1533/1013/746
f 1506/1039/747 1514/1042/747 1535/1020/747 1523/1021/747
f 1517/1043/750 1509/1031/750 1527/1016/750 1539/1016/750
f 1510/1040/745 1518/1044/745 1541/1028/745 1529/1025/745
f 1517/1043/3 1540/771/3 1551/771/3 1565/1043/3
f 1510/1040/2 1528/736/2 1552/736/2 1558/1040/2
f 1505/1038/748 1513/1041/748 1561/1041/748 1553/1038/748
f 1540/771/3 1518/1044/3 1566/1044/3 1551/771/3
f 1500/756/2 1511/1033/2 1559/1033/2 1548/756/2
f 1514/1042/752 1506/1039/752 1554/1039/752 1562/1042/752
f 1519/1034/3 1543/744/3 1547/744/3 1567/1034/3
f 1512/1030/2 1500/756/2 1548/756/2 1560/1030/2
f 1509/1031/751 1517/1043/751 1565/1043/751 1557/1031/751
f 1522/722/2 1505/1038/2 1553/1038/2 1550/722/2
f 1543/744/3 1520/1029/3 1568/1029/3 1547/744/3
f 1513/1041/3 1534/722/3 1549/722/3 1561/1041/3
f 1518/1044/749 1510/1040/749 1558/1040/749 1566/1044/749
f 1506/1039/2 1522/722/2 1550/722/2 1554/1039/2
f 1507/1037/750 1515/1036/750 1563/1036/750 1555/1037/750
f 1534/722/3 1514/1042/3 1562/1042/3 1549/722/3
s 1
usemtl M_Orange
f 683/554/15 679/555/343 800/555/343 801/554/15
s 0
f 754/716/2 753/717/2 1206/717/2 1207/716/2
s 1
f 631/697/408 627/696/409 787/696/409 788/697/408
f 687/709/410 683/554/15 801/554/15 802/709/410
f 635/698/242 631/697/408 788/697/408 789/698/242
f 691/710/411 687/709/410 802/709/410 803/710/411
f 639/699/412 635/698/242 789/698/242 790/699/412
f 695/711/413 691/710/411 803/710/411 804/711/413
f 643/700/414 639/699/412 790/699/412 791/700/414
f 591/687/415 587/686/17 777/686/17 778/687/415
f 699/712/4 695/711/413 804/711/413 805/712/4
f 647/701/416 643/700/414 791/700/414 792/701/416
f 595/688/417 591/687/415 778/687/415 779/688/417
f 703/713/418 699/712/4 805/712/4 806/713/418
f 651/702/9 647/701/416 792/701/416 793/702/9
f 599/689/419 595/688/417 779/688/417 780/689/419
f 707/714/420 703/713/418 806/713/418 807/714/420
f 655/703/421 651/702/9 793/702/9 794/703/421
f 603/690/422 599/689/419 780/689/419 781/690/423
f 711/715/424 707/714/420 807/714/420 808/715/424
f 659/704/425 655/703/421 794/703/421 795/704/425
f 607/691/426 603/690/422 781/690/423 782/691/427
f 587/686/17 711/715/424 808/715/424 777/686/17
f 663/705/428 659/704/425 795/704/425 796/705/428
f 611/692/429 607/691/426 782/691/427 783/692/429
f 667/706/248 663/705/428 796/705/428 797/706/248
f 615/693/430 611/692/429 783/692/429 784/693/430
f 671/707/431 667/706/248 797/706/248 798/707/431
f 619/694/10 615/693/430 784/693/430 785/694/10
f 675/708/432 671/707/431 798/707/431 799/708/432
f 623/695/433 619/694/10 785/694/10 786/695/433
f 679/555/343 675/708/432 799/708/432 800/555/343
f 627/696/409 623/695/433 786/695/433 787/696/409
s 0
f 745/718/2 746/719/2 778/687/2 777/686/2
f 746/719/2 747/720/2 779/688/2 778/687/2
f 747/720/2 748/721/2 780/689/2 779/688/2
f 748/721/2 749/722/2 781/690/2 780/689/2
f 749/722/2 750/723/2 782/691/2 781/690/2
f 750/723/2 751/724/2 783/692/2 782/691/2
f 751/724/2 752/725/2 784/693/2 783/692/2
f 752/725/2 753/717/2 785/694/2 784/693/2
f 753/717/2 754/716/2 786/695/2 785/694/2
f 754/716/2 755/726/2 787/696/2 786/695/2
f 755/726/2 756/727/2 788/697/2 787/696/2
f 756/727/2 757/728/2 789/698/2 788/697/2
f 757/728/2 758/729/2 790/699/2 789/698/2
f 758/729/2 759/730/2 791/700/2 790/699/2
f 759/730/2 760/731/2 792/701/2 791/700/2
f 760/731/2 761/732/2 793/702/2 792/701/2
f 761/732/2 762/733/2 794/703/2 793/702/2
f 762/733/2 763/734/2 795/704/2 794/703/2
f 763/734/2 764/735/2 796/705/2 795/704/2
f 764/735/2 765/736/2 797/706/2 796/705/2
f 765/736/2 766/737/2 798/707/2 797/706/2
f 766/737/2 767/738/2 799/708/2 798/707/2
f 767/738/2 768/739/2 800/555/2 799/708/2
f 768/739/2 769/740/2 801/554/2 800/555/2
f 769/740/2 770/741/2 802/709/2 801/554/2
f 770/741/2 771/742/2 803/710/2 802/709/2
f 771/742/2 772/743/2 804/711/2 803/710/2
f 772/743/2 773/744/2 805/712/2 804/711/2
f 773/744/2 774/745/2 806/713/2 805/712/2
f 774/745/2 775/746/2 807/714/2 806/713/2
f 775/746/2 776/747/2 808/715/2 807/714/2
f 776/747/2 745/718/2 777/686/2 808/715/2
f 768/739/2 767/738/2 1214/738/2 1215/739/2
f 755/726/2 754/716/2 1207/716/2 1208/726/2
f 769/740/2 768/739/2 1215/739/2 1216/740/2
f 756/727/2 755/726/2 1208/726/2 1428/727/2
f 770/741/2 769/740/2 1216/740/2 1217/741/2
f 757/728/2 756/727/2 1428/727/2 1429/728/2
f 771/742/2 770/741/2 1217/741/2 1218/742/2
f 758/729/2 757/728/2 1429/728/2 1430/729/2
f 772/743/2 771/742/2 1218/742/2 1434/743/2
f 759/730/2 758/729/2 1430/729/2 1209/730/2
f 746/719/2 745/718/2 1201/718/2 1202/719/2
f 773/744/2 772/743/2 1434/743/2 1435/744/2
f 760/731/2 759/730/2 1209/730/2 1210/731/2
f 747/720/2 746/719/2 1202/719/2 1203/720/2
f 774/745/2 773/744/2 1435/744/2 1436/745/2
f 761/732/2 760/731/2 1210/731/2 1211/732/2
f 748/721/2 747/720/2 1203/720/2 1425/721/2
f 775/746/2 774/745/2 1436/745/2 1219/746/2
f 762/733/2 761/732/2 1211/732/2 1212/733/2
f 749/722/2 748/721/2 1425/721/2 1426/722/2
f 776/747/2 775/746/2 1219/746/2 1220/747/2
f 763/734/2 762/733/2 1212/733/2 1213/734/2
f 750/723/2 749/722/2 1426/722/2 1427/723/2
f 745/718/2 776/747/2 1220/747/2 1201/718/2
f 764/735/2 763/734/2 1213/734/2 1431/735/2
f 751/724/2 750/723/2 1427/723/2 1204/724/2
f 765/736/2 764/735/2 1431/735/2 1432/736/2
f 752/725/2 751/724/2 1204/724/2 1205/725/2
f 766/737/2 765/736/2 1432/736/2 1433/737/2
f 753/717/2 752/725/2 1205/725/2 1206/717/2
f 767/738/2 766/737/2 1433/737/2 1214/738/2
f 1204/724/2 1427/723/2 1395/723/2 1396/724/2
f 1431/735/2 1213/734/2 1401/734/2 1402/735/2
f 1214/738/2 1433/737/2 1403/737/2 1404/738/2
f 1428/727/2 1208/726/2 1397/726/2 1398/727/2
f 1434/743/2 1218/742/2 1405/742/2 1406/743/2
f 1209/730/2 1430/729/2 1399/729/2 1400/730/2
f 1425/721/2 1203/720/2 1393/720/2 1394/721/2
f 1219/746/2 1436/745/2 1407/745/2 1408/746/2
f 1600/1045/761 1664/1046/761 1602/1047/761 1569/1048/761
f 1571/1049/762 1606/1050/762 1608/1051/762 1572/1052/762
f 1572/1052/763 1608/1051/763 1610/1053/763 1573/1054/763
f 1573/1054/764 1610/1053/764 1612/1055/764 1574/1056/764
f 1574/1056/765 1612/1055/765 1614/1057/765 1575/1058/765
f 1575/1058/766 1614/1059/766 1616/1060/766 1576/1061/766
f 1576/1061/767 1616/1062/767 1618/1063/767 1577/1064/767
f 1577/1064/768 1618/1065/768 1620/1066/768 1578/1067/768
f 1578/1067/769 1620/1066/769 1622/1068/769 1579/1069/769
f 1579/1069/770 1622/1068/770 1624/1070/770 1580/1071/770
f 1580/1071/771 1624/1070/771 1626/1072/771 1581/1073/771
f 1581/1073/772 1626/1072/772 1628/1074/772 1582/1075/772
f 1582/1075/773 1628/1074/773 1630/1076/773 1583/1077/773
f 1583/1077/774 1630/1076/774 1632/1078/774 1584/1079/774
f 1584/1079/775 1632/1078/775 1634/1080/775 1585/1081/775
f 1585/1081/776 1634/1080/776 1636/1082/776 1586/1083/776
f 1586/1083/777 1636/1082/777 1638/1084/777 1587/1085/777
f 1587/1085/778 1638/1084/778 1640/1086/778 1588/1087/778
f 1588/1087/779 1640/1088/779 1642/1089/779 1589/1090/779
f 1589/1090/780 1642/1091/780 1644/1092/780 1590/1093/780
f 1590/1093/781 1644/1092/781 1646/1094/781 1591/1095/781
f 1591/1095/782 1646/1094/782 1648/1096/782 1592/1097/782
f 1592/1097/783 1648/1096/783 1650/1098/783 1593/1099/783
f 1593/1099/784 1650/1098/784 1652/1100/784 1594/1101/784
f 1594/1101/785 1652/1100/785 1654/1102/785 1595/1103/785
f 1595/1103/786 1654/1104/786 1656/1105/786 1596/1106/786
f 1596/1106/787 1656/1105/787 1658/1107/787 1597/1108/787
f 1597/1108/788 1658/1107/788 1660/1109/788 1598/1110/788
f 1598/1110/789 1660/1111/789 1662/1112/789 1599/1113/789
f 1599/1113/790 1662/1112/790 1664/1046/790 1600/1045/790
f 1569/1114/791 1602/1115/791 1604/1116/791 1570/1117/791
f 1570/1117/792 1604/1116/792 1606/1050/792 1571/1049/792
f 1569/558/15 1570/559/15 1571/566/15 1572/570/15 1573/574/15 1574/578/15 1575/582/15 1576/586/15 1577/590/15 1578/594/15 1579/598/15 1580/602/15 1581/606/15 1582/610/15 1583/614/15 1584/618/15 1585/622/15 1586/626/15 1587/630/15 1588/634/15 1589/638/15 1590/642/15 1591/646/15 1592/650/15 1593/654/15 1594/658/15 1595/662/15 1596/666/15 1597/670/15 1598/674/15 1599/678/15 1600/682/15
f 1604/1116/793 1602/1115/793 1665/1118/793 1666/1119/793
f 1606/1050/794 1604/1116/794 1666/1120/794 1667/1121/794
f 1608/1051/795 1606/1050/795 1667/1122/795 1668/1123/795
f 1610/1053/796 1608/1051/796 1668/1124/796 1669/1125/796
f 1612/1055/797 1610/1053/797 1669/1126/797 1670/1127/797
f 1614/1057/798 1612/1055/798 1670/1128/798 1671/1129/798
f 1616/1060/799 1614/1059/799 1671/1130/799 1672/1131/799
f 1618/1063/800 1616/1062/800 1672/1132/800 1673/1133/800
f 1620/1066/801 1618/1065/801 1673/1134/801 1674/1135/801
f 1622/1068/802 1620/1066/802 1674/1136/802 1675/1137/802
f 1624/1070/803 1622/1068/803 1675/1138/803 1676/1139/803
f 1626/1072/804 1624/1070/804 1676/1140/804 1677/1141/804
f 1628/1074/805 1626/1072/805 1677/1142/805 1678/1143/805
f 1630/1076/806 1628/1074/806 1678/1144/806 1679/1145/806
f 1632/1078/807 1630/1076/807 1679/1146/807 1680/1147/807
f 1634/1080/808 1632/1078/808 1680/1148/808 1681/1149/808
f 1636/1082/809 1634/1080/809 1681/1150/809 1682/1151/809
f 1638/1084/810 1636/1082/810 1682/1152/810 1683/1153/810
f 1640/1086/811 1638/1084/811 1683/1154/811 1684/1155/811
f 1642/1089/812 1640/1088/812 1684/1156/812 1685/1157/812
f 1644/1092/813 1642/1091/813 1685/1158/813 1686/1159/813
f 1646/1094/814 1644/1092/814 1686/1160/814 1687/1161/814
f 1648/1096/815 1646/1094/815 1687/1162/815 1688/1163/815
f 1650/1098/816 1648/1096/816 1688/1164/816 1689/1165/816
f 1652/1100/817 1650/1098/817 1689/1166/817 1690/1167/817
f 1654/1102/818 1652/1100/818 1690/1168/818 1691/1169/818
f 1656/1105/819 1654/1104/819 1691/1170/819 1692/1171/819
f 1658/1107/820 1656/1105/820 1692/1172/820 1693/1173/820
f 1660/1109/821 1658/1107/821 1693/1174/821 1694/1175/821
f 1662/1112/822 1660/1111/822 1694/1176/822 1695/1177/822
f 1664/1046/823 1662/1112/823 1695/1178/823 1696/1179/823
f 1602/1047/824 1664/1046/824 1696/1180/824 1665/1181/824
f 1623/1182/786 1621/1183/786 1707/1183/786 1708/1182/786
f 1601/1184/10 1603/1185/10 1666/1186/10 1665/1187/10
f 1603/1185/10 1605/1188/10 1667/1189/10 1666/1186/10
f 1605/1188/10 1607/1190/10 1668/1191/10 1667/1189/10
f 1607/1190/10 1609/1192/10 1669/1193/10 1668/1191/10
f 1609/1192/10 1611/1194/10 1670/1195/10 1669/1193/10
f 1611/1194/10 1613/1196/10 1671/1197/10 1670/1195/10
f 1613/1196/10 1615/1198/10 1672/1199/10 1671/1197/10
f 1615/1198/10 1617/1200/10 1673/1201/10 1672/1199/10
f 1617/1200/10 1619/1202/10 1674/1203/10 1673/1201/10
f 1619/1202/10 1621/1183/10 1675/1204/10 1674/1203/10
f 1621/1183/10 1623/1182/10 1676/1205/10 1675/1204/10
f 1623/1182/10 1625/1206/10 1677/1207/10 1676/1205/10
f 1625/1206/10 1627/1208/10 1678/1209/10 1677/1207/10
f 1627/1208/10 1629/1210/10 1679/1211/10 1678/1209/10
f 1629/1210/10 1631/1212/10 1680/1213/10 1679/1211/10
f 1631/1212/10 1633/1214/10 1681/1215/10 1680/1213/10
f 1633/1214/10 1635/1216/10 1682/1217/10 1681/1215/10
f 1635/1216/10 1637/1218/10 1683/1219/10 1682/1217/10
f 1637/1218/10 1639/1220/10 1684/1221/10 1683/1219/10
f 1639/1220/10 1641/1222/10 1685/1223/10 1684/1221/10
f 1641/1222/10 1643/1224/10 1686/1225/10 1685/1223/10
f 1643/1224/10 1645/1226/10 1687/1227/10 1686/1225/10
f 1645/1226/10 1647/1228/10 1688/1229/10 1687/1227/10
f 1647/1228/10 1649/1230/10 1689/1231/10 1688/1229/10
f 1649/1230/10 1651/1232/10 1690/1233/10 1689/1231/10
f 1651/1232/10 1653/1234/10 1691/1235/10 1690/1233/10
f 1653/1234/10 1655/1236/10 1692/1237/10 1691/1235/10
f 1655/1236/10 1657/1238/10 1693/1239/10 1692/1237/10
f 1657/1238/10 1659/1240/10 1694/1241/10 1693/1239/10
f 1659/1240/10 1661/1242/10 1695/1243/10 1694/1241/10
f 1661/1242/10 1663/1244/10 1696/1245/10 1695/1243/10
f 1663/1244/10 1601/1184/10 1665/1187/10 1696/1245/10
f 1651/1232/768 1649/1230/768 1721/1230/768 1722/1232/768
f 1625/1206/787 1623/1182/787 1708/1182/787 1709/1206/787
f 1653/1234/769 1651/1232/769 1722/1232/769 1723/1234/769
f 1627/1208/788 1625/1206/788 1709/1206/788 1710/1208/788
f 1655/1236/770 1653/1234/770 1723/1234/770 1724/1236/770
f 1629/1210/789 1627/1208/789 1710/1208/789 1711/1210/789
f 1603/1185/776 1601/1184/776 1697/1184/776 1698/1185/776
f 1657/1238/771 1655/1236/771 1724/1236/771 1725/1238/771
f 1631/1212/790 1629/1210/790 1711/1210/790 1712/1212/790
f 1605/1188/777 1603/1185/777 1698/1185/777 1699/1188/777
f 1659/1240/772 1657/1238/772 1725/1238/772 1726/1240/772
f 1633/1214/761 1631/1212/761 1712/1212/761 1713/1214/761
f 1607/1190/778 1605/1188/778 1699/1188/778 1700/1190/778
f 1661/1242/773 1659/1240/773 1726/1240/773 1727/1242/773
f 1635/1216/791 1633/1214/791 1713/1214/791 1714/1216/791
f 1609/1192/779 1607/1190/779 1700/1190/779 1701/1192/779
f 1663/1244/774 1661/1242/774 1727/1242/774 1728/1244/774
f 1637/1218/792 1635/1216/792 1714/1216/792 1715/1218/792
f 1611/1194/780 1609/1192/780 1701/1192/780 1702/1194/780
f 1601/1184/775 1663/1244/775 1728/1244/775 1697/1184/775
f 1639/1220/762 1637/1218/762 1715/1218/762 1716/1220/762
f 1613/1196/781 1611/1194/781 1702/1194/781 1703/1196/781
f 1641/1222/763 1639/1220/763 1716/1220/763 1717/1222/763
f 1615/1198/782 1613/1196/782 1703/1196/782 1704/1198/782
f 1643/1224/764 1641/1222/764 1717/1222/764 1718/1224/764
f 1617/1200/783 1615/1198/783 1704/1198/783 1705/1200/783
f 1645/1226/765 1643/1224/765 1718/1224/765 1719/1226/765
f 1619/1202/784 1617/1200/784 1705/1200/784 1706/1202/784
f 1647/1228/766 1645/1226/766 1719/1226/766 1720/1228/766
f 1621/1183/785 1619/1202/785 1706/1202/785 1707/1183/785
f 1649/1230/767 1647/1228/767 1720/1228/767 1721/1230/767
f 1760/1045/825 1824/1046/825 1762/1047/825 1729/1048/825
f 1731/1049/826 1766/1050/826 1768/1051/826 1732/1052/826
f 1732/1052/827 1768/1051/827 1770/1053/827 1733/1054/827
f 1733/1054/828 1770/1053/828 1772/1055/828 1734/1056/828
f 1734/1056/829 1772/1055/829 1774/1057/829 1735/1058/829
f 1735/1058/830 1774/1059/830 1776/1060/830 1736/1061/830
f 1736/1061/831 1776/1062/831 1778/1063/831 1737/1064/831
f 1737/1064/832 1778/1065/832 1780/1066/832 1738/1067/832
f 1738/1067/833 1780/1066/833 1782/1068/833 1739/1069/833
f 1739/1069/834 1782/1068/834 1784/1070/834 1740/1071/834
f 1740/1071/835 1784/1070/835 1786/1072/835 1741/1073/835
f 1741/1073/836 1786/1072/836 1788/1074/836 1742/1075/836
f 1742/1075/837 1788/1074/837 1790/1076/837 1743/1077/837
f 1743/1077/838 1790/1076/838 1792/1078/838 1744/1079/838
f 1744/1079/839 1792/1078/839 1794/1080/839 1745/1081/839
f 1745/1081/840 1794/1080/840 1796/1082/840 1746/1083/840
f 1746/1083/841 1796/1082/841 1798/1084/841 1747/1085/841
f 1747/1085/842 1798/1084/842 1800/1086/842 1748/1087/842
f 1748/1087/843 1800/1088/843 1802/1089/843 1749/1090/843
f 1749/1090/844 1802/1091/844 1804/1092/844 1750/1093/844
f 1750/1093/845 1804/1092/845 1806/1094/845 1751/1095/845
f 1751/1095/846 1806/1094/846 1808/1096/846 1752/1097/846
f 1752/1097/847 1808/1096/847 1810/1098/847 1753/1099/847
f 1753/1099/848 1810/1098/848 1812/1100/848 1754/1101/848
f 1754/1101/849 1812/1100/849 1814/1102/849 1755/1103/849
f 1755/1103/850 1814/1104/850 1816/1105/850 1756/1106/850
f 1756/1106/851 1816/1105/851 1818/1107/851 1757/1108/851
f 1757/1108/852 1818/1107/852 1820/1109/852 1758/1110/852
f 1758/1110/853 1820/1111/853 1822/1112/853 1759/1113/853
f 1759/1113/854 1822/1112/854 1824/1046/854 1760/1045/854
f 1729/1114/855 1762/1115/855 1764/1116/855 1730/1117/855
f 1730/1117/856 1764/1116/856 1766/1050/856 1731/1049/856
f 1729/558/9 1730/559/9 1731/566/9 1732/570/9 1733/574/9 1734/578/9 1735/582/9 1736/586/9 1737/590/9 1738/594/9 1739/598/9 1740/602/9 1741/606/9 1742/610/9 1743/614/9 1744/618/9 1745/622/9 1746/626/9 1747/630/9 1748/634/9 1749/638/9 1750/642/9 1751/646/9 1752/650/9 1753/654/9 1754/658/9 1755/662/9 1756/666/9 1757/670/9 1758/674/9 1759/678/9 1760/682/9
f 1764/1116/857 1762/1115/857 1825/1118/857 1826/1119/857
f 1766/1050/858 1764/1116/858 1826/1120/858 1827/1121/858
f 1768/1051/859 1766/1050/859 1827/1122/859 1828/1123/859
f 1770/1053/860 1768/1051/860 1828/1124/860 1829/1125/860
f 1772/1055/861 1770/1053/861 1829/1126/861 1830/1127/861
f 1774/1057/862 1772/1055/862 1830/1128/862 1831/1129/862
f 1776/1060/863 1774/1059/863 1831/1130/863 1832/1131/863
f 1778/1063/864 1776/1062/864 1832/1132/864 1833/1133/864
f 1780/1066/865 1778/1065/865 1833/1134/865 1834/1135/865
f 1782/1068/866 1780/1066/866 1834/1136/866 1835/1137/866
f 1784/1070/867 1782/1068/867 1835/1138/867 1836/1139/867
f 1786/1072/868 1784/1070/868 1836/1140/868 1837/1141/868
f 1788/1074/869 1786/1072/869 1837/1142/869 1838/1143/869
f 1790/1076/870 1788/1074/870 1838/1144/870 1839/1145/870
f 1792/1078/871 1790/1076/871 1839/1146/871 1840/1147/871
f 1794/1080/872 1792/1078/872 1840/1148/872 1841/1149/872
f 1796/1082/873 1794/1080/873 1841/1150/873 1842/1151/873
f 1798/1084/874 1796/1082/874 1842/1152/874 1843/1153/874
f 1800/1086/875 1798/1084/875 1843/1154/875 1844/1155/875
f 1802/1089/876 1800/1088/876 1844/1156/876 1845/1157/876
f 1804/1092/877 1802/1091/877 1845/1158/877 1846/1159/877
f 1806/1094/878 1804/1092/878 1846/1160/878 1847/1161/878
f 1808/1096/879 1806/1094/879 1847/1162/879 1848/1163/879
f 1810/1098/880 1808/1096/880 1848/1164/880 1849/1165/880
f 1812/1100/881 1810/1098/881 1849/1166/881 1850/1167/881
f 1814/1102/882 1812/1100/882 1850/1168/882 1851/1169/882
f 1816/1105/883 1814/1104/883 1851/1170/883 1852/1171/883
f 1818/1107/884 1816/1105/884 1852/1172/884 1853/1173/884
f 1820/1109/885 1818/1107/885 1853/1174/885 1854/1175/885
f 1822/1112/886 1820/1111/886 1854/1176/886 1855/1177/886
f 1824/1046/887 1822/1112/887 1855/1178/887 1856/1179/887
f 1762/1047/888 1824/1046/888 1856/1180/888 1825/1181/888
f 1783/1182/850 1781/1183/850 1867/1183/850 1868/1182/850
f 1761/1184/17 1763/1185/17 1826/1186/17 1825/1187/17
f 1763/1185/17 1765/1188/17 1827/1189/17 1826/1186/17
f 1765/1188/17 1767/1190/17 1828/1191/17 1827/1189/17
f 1767/1190/17 1769/1192/17 1829/1193/17 1828/1191/17
f 1769/1192/17 1771/1194/17 1830/1195/17 1829/1193/17
f 1771/1194/17 1773/1196/17 1831/1197/17 1830/1195/17
f 1773/1196/17 1775/1198/17 1832/1199/17 1831/1197/17
f 1775/1198/17 1777/1200/17 1833/1201/17 1832/1199/17
f 1777/1200/17 1779/1202/17 1834/1203/17 1833/1201/17
f 1779/1202/17 1781/1183/17 1835/1204/17 1834/1203/17
f 1781/1183/17 1783/1182/17 1836/1205/17 1835/1204/17
f 1783/1182/17 1785/1206/17 1837/1207/17 1836/1205/17
f 1785/1206/17 1787/1208/17 1838/1209/17 1837/1207/17
f 1787/1208/17 1789/1210/17 1839/1211/17 1838/1209/17
f 1789/1210/17 1791/1212/17 1840/1213/17 1839/1211/17
f 1791/1212/17 1793/1214/17 1841/1215/17 1840/1213/17
f 1793/1214/17 1795/1216/17 1842/1217/17 1841/1215/17
f 1795/1216/17 1797/1218/17 1843/1219/17 1842/1217/17
f 1797/1218/17 1799/1220/17 1844/1221/17 1843/1219/17
f 1799/1220/17 1801/1222/17 1845/1223/17 1844/1221/17
f 1801/1222/17 1803/1224/17 1846/1225/17 1845/1223/17
f 1803/1224/17 1805/1226/17 1847/1227/17 1846/1225/17
f 1805/1226/17 1807/1228/17 1848/1229/17 1847/1227/17
f 1807/1228/17 1809/1230/17 1849/1231/17 1848/1229/17
f 1809/1230/17 1811/1232/17 1850/1233/17 1849/1231/17
f 1811/1232/17 1813/1234/17 1851/1235/17 1850/1233/17
f 1813/1234/17 1815/1236/17 1852/1237/17 1851/1235/17
f 1815/1236/17 1817/1238/17 1853/1239/17 1852/1237/17
f 1817/1238/17 1819/1240/17 1854/1241/17 1853/1239/17
f 1819/1240/17 1821/1242/17 1855/1243/17 1854/1241/17
f 1821/1242/17 1823/1244/17 1856/1245/17 1855/1243/17
f 1823/1244/17 1761/1184/17 1825/1187/17 1856/1245/17
f 1811/1232/832 1809/1230/832 1881/1230/832 1882/1232/832
f 1785/1206/851 1783/1182/851 1868/1182/851 1869/1206/851
f 1813/1234/833 1811/1232/833 1882/1232/833 1883/1234/833
f 1787/1208/852 1785/1206/852 1869/1206/852 1870/1208/852
f 1815/1236/834 1813/1234/834 1883/1234/834 1884/1236/834
f 1789/1210/853 1787/1208/853 1870/1208/853 1871/1210/853
f 1763/1185/840 1761/1184/840 1857/1184/840 1858/1185/840
f 1817/1238/835 1815/1236/835 1884/1236/835 1885/1238/835
f 1791/1212/854 1789/1210/854 1871/1210/854 1872/1212/854
f 1765/1188/841 1763/1185/841 1858/1185/841 1859/1188/841
f 1819/1240/836 1817/1238/836 1885/1238/836 1886/1240/836
f 1793/1214/825 1791/1212/825 1872/1212/825 1873/1214/825
f 1767/1190/842 1765/1188/842 1859/1188/842 1860/1190/842
f 1821/1242/837 1819/1240/837 1886/1240/837 1887/1242/837
f 1795/1216/855 1793/1214/855 1873/1214/855 1874/1216/855
f 1769/1192/843 1767/1190/843 1860/1190/843 1861/1192/843
f 1823/1244/838 1821/1242/838 1887/1242/838 1888/1244/838
f 1797/1218/856 1795/1216/856 1874/1216/856 1875/1218/856
f 1771/1194/844 1769/1192/844 1861/1192/844 1862/1194/844
f 1761/1184/839 1823/1244/839 1888/1244/839 1857/1184/839
f 1799/1220/826 1797/1218/826 1875/1218/826 1876/1220/826
f 1773/1196/845 1771/1194/845 1862/1194/845 1863/1196/845
f 1801/1222/827 1799/1220/827 1876/1220/827 1877/1222/827
f 1775/1198/846 1773/1196/846 1863/1196/846 1864/1198/846
f 1803/1224/828 1801/1222/828 1877/1222/828 1878/1224/828
f 1777/1200/847 1775/1198/847 1864/1198/847 1865/1200/847
f 1805/1226/829 1803/1224/829 1878/1224/829 1879/1226/829
f 1779/1202/848 1777/1200/848 1865/1200/848 1866/1202/848
f 1807/1228/830 1805/1226/830 1879/1226/830 1880/1228/830
f 1781/1183/849 1779/1202/849 1866/1202/849 1867/1183/849
f 1809/1230/831 1807/1228/831 1880/1228/831 1881/1230/831
f 1920/1045/840 1984/1046/840 1922/1047/840 1889/1048/840
f 1891/1049/837 1926/1050/837 1928/1051/837 1892/1052/837
f 1892/1052/836 1928/1051/836 1930/1053/836 1893/1054/836
f 1893/1054/835 1930/1053/835 1932/1055/835 1894/1056/835
f 1894/1056/834 1932/1055/834 1934/1057/834 1895/1058/834
f 1895/1058/833 1934/1059/833 1936/1060/833 1896/1061/833
f 1896/1061/832 1936/1062/832 1938/1063/832 1897/1064/832
f 1897/1064/831 1938/1065/831 1940/1066/831 1898/1067/831
f 1898/1067/830 1940/1066/830 1942/1068/830 1899/1069/830
f 1899/1069/829 1942/1068/829 1944/1070/829 1900/1071/829
f 1900/1071/828 1944/1070/828 1946/1072/828 1901/1073/828
f 1901/1073/827 1946/1072/827 1948/1074/827 1902/1075/827
f 1902/1075/826 1948/1074/826 1950/1076/826 1903/1077/826
f 1903/1077/856 1950/1076/856 1952/1078/856 1904/1079/856
f 1904/1079/855 1952/1078/855 1954/1080/855 1905/1081/855
f 1905/1081/825 1954/1080/825 1956/1082/825 1906/1083/825
f 1906/1083/854 1956/1082/854 1958/1084/854 1907/1085/854
f 1907/1085/853 1958/1084/853 1960/1086/853 1908/1087/853
f 1908/1087/852 1960/1088/852 1962/1089/852 1909/1090/852
f 1909/1090/851 1962/1091/851 1964/1092/851 1910/1093/851
f 1910/1093/850 1964/1092/850 1966/1094/850 1911/1095/850
f 1911/1095/849 1966/1094/849 1968/1096/849 1912/1097/849
f 1912/1097/848 1968/1096/848 1970/1098/848 1913/1099/848
f 1913/1099/847 1970/1098/847 1972/1100/847 1914/1101/847
f 1914/1101/846 1972/1100/846 1974/1102/846 1915/1103/846
f 1915/1103/845 1974/1104/845 1976/1105/845 1916/1106/845
f 1916/1106/844 1976/1105/844 1978/1107/844 1917/1108/844
f 1917/1108/843 1978/1107/843 1980/1109/843 1918/1110/843
f 1918/1110/842 1980/1111/842 1982/1112/842 1919/1113/842
f 1919/1113/841 1982/1112/841 1984/1046/841 1920/1045/841
f 1889/1114/839 1922/1115/839 1924/1116/839 1890/1117/839
f 1890/1117/838 1924/1116/838 1926/1050/838 1891/1049/838
f 1889/558/17 1890/559/17 1891/566/17 1892/570/17 1893/574/17 1894/578/17 1895/582/17 1896/586/17 1897/590/17 1898/594/17 1899/598/17 1900/602/17 1901/606/17 1902/610/17 1903/614/17 1904/618/17 1905/622/17 1906/626/17 1907/630/17 1908/634/17 1909/638/17 1910/642/17 1911/646/17 1912/650/17 1913/654/17 1914/658/17 1915/662/17 1916/666/17 1917/670/17 1918/674/17 1919/678/17 1920/682/17
f 1924/1116/889 1922/1115/889 1985/1118/889 1986/1119/889
f 1926/1050/890 1924/1116/890 1986/1120/890 1987/1121/890
f 1928/1051/891 1926/1050/891 1987/1122/891 1988/1123/891
f 1930/1053/892 1928/1051/892 1988/1124/892 1989/1125/892
f 1932/1055/893 1930/1053/893 1989/1126/893 1990/1127/893
f 1934/1057/894 1932/1055/894 1990/1128/894 1991/1129/894
f 1936/1060/895 1934/1059/895 1991/1130/895 1992/1131/895
f 1938/1063/896 1936/1062/896 1992/1132/896 1993/1133/896
f 1940/1066/897 1938/1065/897 1993/1134/897 1994/1135/897
f 1942/1068/898 1940/1066/898 1994/1136/898 1995/1137/898
f 1944/1070/899 1942/1068/899 1995/1138/899 1996/1139/899
f 1946/1072/900 1944/1070/900 1996/1140/900 1997/1141/900
f 1948/1074/901 1946/1072/901 1997/1142/901 1998/1143/901
f 1950/1076/902 1948/1074/902 1998/1144/902 1999/1145/902
f 1952/1078/903 1950/1076/903 1999/1146/903 2000/1147/903
f 1954/1080/904 1952/1078/904 2000/1148/904 2001/1149/904
f 1956/1082/905 1954/1080/905 2001/1150/905 2002/1151/905
f 1958/1084/906 1956/1082/906 2002/1152/906 2003/1153/906
f 1960/1086/907 1958/1084/907 2003/1154/907 2004/1155/907
f 1962/1089/908 1960/1088/908 2004/1156/908 2005/1157/908
f 1964/1092/909 1962/1091/909 2005/1158/909 2006/1159/909
f 1966/1094/910 1964/1092/910 2006/1160/910 2007/1161/910
f 1968/1096/911 1966/1094/911 2007/1162/911 2008/1163/911
f 1970/1098/912 1968/1096/912 2008/1164/912 2009/1165/912
f 1972/1100/913 1970/1098/913 2009/1166/913 2010/1167/913
f 1974/1102/914 1972/1100/914 2010/1168/914 2011/1169/914
f 1976/1105/915 1974/1104/915 2011/1170/915 2012/1171/915
f 1978/1107/916 1976/1105/916 2012/1172/916 2013/1173/916
f 1980/1109/917 1978/1107/917 2013/1174/917 2014/1175/917
f 1982/1112/918 1980/1111/918 2014/1176/918 2015/1177/918
f 1984/1046/919 1982/1112/919 2015/1178/919 2016/1179/919
f 1922/1047/920 1984/1046/920 2016/1180/920 1985/1181/920
f 1943/1182/845 1941/1183/845 2027/1183/845 2028/1182/845
f 1921/1184/9 1923/1185/9 1986/1186/9 1985/1187/9
f 1923/1185/9 1925/1188/9 1987/1189/9 1986/1186/9
f 1925/1188/9 1927/1190/9 1988/1191/9 1987/1189/9
f 1927/1190/9 1929/1192/9 1989/1193/9 1988/1191/9
f 1929/1192/9 1931/1194/9 1990/1195/9 1989/1193/9
f 1931/1194/9 1933/1196/9 1991/1197/9 1990/1195/9
f 1933/1196/9 1935/1198/9 1992/1199/9 1991/1197/9
f 1935/1198/9 1937/1200/9 1993/1201/9 1992/1199/9
f 1937/1200/9 1939/1202/9 1994/1203/9 1993/1201/9
f 1939/1202/9 1941/1183/9 1995/1204/9 1994/1203/9
f 1941/1183/9 1943/1182/9 1996/1205/9 1995/1204/9
f 1943/1182/9 1945/1206/9 1997/1207/9 1996/1205/9
f 1945/1206/9 1947/1208/9 1998/1209/9 1997/1207/9
f 1947/1208/9 1949/1210/9 1999/1211/9 1998/1209/9
f 1949/1210/9 1951/1212/9 2000/1213/9 1999/1211/9
f 1951/1212/9 1953/1214/9 2001/1215/9 2000/1213/9
f 1953/1214/9 1955/1216/9 2002/1217/9 2001/1215/9
f 1955/1216/9 1957/1218/9 2003/1219/9 2002/1217/9
f 1957/1218/9 1959/1220/9 2004/1221/9 2003/1219/9
f 1959/1220/9 1961/1222/9 2005/1223/9 2004/1221/9
f 1961/1222/9 1963/1224/9 2006/1225/9 2005/1223/9
f 1963/1224/9 1965/1226/9 2007/1227/9 2006/1225/9
f 1965/1226/9 1967/1228/9 2008/1229/9 2007/1227/9
f 1967/1228/9 1969/1230/9 2009/1231/9 2008/1229/9
f 1969/1230/9 1971/1232/9 2010/1233/9 2009/1231/9
f 1971/1232/9 1973/1234/9 2011/1235/9 2010/1233/9
f 1973/1234/9 1975/1236/9 2012/1237/9 2011/1235/9
f 1975/1236/9 1977/1238/9 2013/1239/9 2012/1237/9
f 1977/1238/9 1979/1240/9 2014/1241/9 2013/1239/9
f 1979/1240/9 1981/1242/9 2015/1243/9 2014/1241/9
f 1981/1242/9 1983/1244/9 2016/1245/9 2015/1243/9
f 1983/1244/9 1921/1184/9 1985/1187/9 2016/1245/9
f 1971/1232/831 1969/1230/831 2041/1230/831 2042/1232/831
f 1945/1206/844 1943/1182/844 2028/1182/844 2029/1206/844
f 1973/1234/830 1971/1232/830 2042/1232/830 2043/1234/830
f 1947/1208/843 1945/1206/843 2029/1206/843 2030/1208/843
f 1975/1236/829 1973/1234/829 2043/1234/829 2044/1236/829
f 1949/1210/842 1947/1208/842 2030/1208/842 2031/1210/842
f 1923/1185/825 1921/1184/825 2017/1184/825 2018/1185/825
f 1977/1238/828 1975/1236/828 2044/1236/828 2045/1238/828
f 1951/1212/841 1949/1210/841 2031/1210/841 2032/1212/841
f 1925/1188/854 1923/1185/854 2018/1185/854 2019/1188/854
f 1979/1240/827 1977/1238/827 2045/1238/827 2046/1240/827
f 1953/1214/840 1951/1212/840 2032/1212/840 2033/1214/840
f 1927/1190/853 1925/1188/853 2019/1188/853 2020/1190/853
f 1981/1242/826 1979/1240/826 2046/1240/826 2047/1242/826
f 1955/1216/839 1953/1214/839 2033/1214/839 2034/1216/839
f 1929/1192/852 1927/1190/852 2020/1190/852 2021/1192/852
f 1983/1244/856 1981/1242/856 2047/1242/856 2048/1244/856
f 1957/1218/838 1955/1216/838 2034/1216/838 2035/1218/838
f 1931/1194/851 1929/1192/851 2021/1192/851 2022/1194/851
f 1921/1184/855 1983/1244/855 2048/1244/855 2017/1184/855
f 1959/1220/837 1957/1218/837 2035/1218/837 2036/1220/837
f 1933/1196/850 1931/1194/850 2022/1194/850 2023/1196/850
f 1961/1222/836 1959/1220/836 2036/1220/836 2037/1222/836
f 1935/1198/849 1933/1196/849 2023/1196/849 2024/1198/849
f 1963/1224/835 1961/1222/835 2037/1222/835 2038/1224/835
f 1937/1200/848 1935/1198/848 2024/1198/848 2025/1200/848
f 1965/1226/834 1963/1224/834 2038/1224/834 2039/1226/834
f 1939/1202/847 1937/1200/847 2025/1200/847 2026/1202/847
f 1967/1228/833 1965/1226/833 2039/1226/833 2040/1228/833
f 1941/1183/846 1939/1202/846 2026/1202/846 2027/1183/846
f 1969/1230/832 1967/1228/832 2040/1228/832 2041/1230/832
f 2080/1045/776 2144/1046/776 2082/1047/776 2049/1048/776
f 2051/1049/773 2086/1050/773 2088/1051/773 2052/1052/773
f 2052/1052/772 2088/1051/772 2090/1053/772 2053/1054/772
f 2053/1054/771 2090/1053/771 2092/1055/771 2054/1056/771
f 2054/1056/770 2092/1055/770 2094/1057/770 2055/1058/770
f 2055/1058/769 2094/1059/769 2096/1060/769 2056/1061/769
f 2056/1061/768 2096/1062/768 2098/1063/768 2057/1064/768
f 2057/1064/767 2098/1065/767 2100/1066/767 2058/1067/767
f 2058/1067/766 2100/1066/766 2102/1068/766 2059/1069/766
f 2059/1069/765 2102/1068/765 2104/1070/765 2060/1071/765
f 2060/1071/764 2104/1070/764 2106/1072/764 2061/1073/764
f 2061/1073/763 2106/1072/763 2108/1074/763 2062/1075/763
f 2062/1075/762 2108/1074/762 2110/1076/762 2063/1077/762
f 2063/1077/792 2110/1076/792 2112/1078/792 2064/1079/792
f 2064/1079/791 2112/1078/791 2114/1080/791 2065/1081/791
f 2065/1081/761 2114/1080/761 2116/1082/761 2066/1083/761
f 2066/1083/790 2116/1082/790 2118/1084/790 2067/1085/790
f 2067/1085/789 2118/1084/789 2120/1086/789 2068/1087/789
f 2068/1087/788 2120/1088/788 2122/1089/788 2069/1090/788
f 2069/1090/787 2122/1091/787 2124/1092/787 2070/1093/787
f 2070/1093/786 2124/1092/786 2126/1094/786 2071/1095/786
f 2071/1095/785 2126/1094/785 2128/1096/785 2072/1097/785
f 2072/1097/784 2128/1096/784 2130/1098/784 2073/1099/784
f 2073/1099/783 2130/1098/783 2132/1100/783 2074/1101/783
f 2074/1101/782 2132/1100/782 2134/1102/782 2075/1103/782
f 2075/1103/781 2134/1104/781 2136/1105/781 2076/1106/781
f 2076/1106/780 2136/1105/780 2138/1107/780 2077/1108/780
f 2077/1108/779 2138/1107/779 2140/1109/779 2078/1110/779
f 2078/1110/778 2140/1111/778 2142/1112/778 2079/1113/778
f 2079/1113/777 2142/1112/777 2144/1046/777 2080/1045/777
f 2049/1114/775 2082/1115/775 2084/1116/775 2050/1117/775
f 2050/1117/774 2084/1116/774 2086/1050/774 2051/1049/774
f 2049/558/10 2050/559/10 2051/566/10 2052/570/10 2053/574/10 2054/578/10 2055/582/10 2056/586/10 2057/590/10 2058/594/10 2059/598/10 2060/602/10 2061/606/10 2062/610/10 2063/614/10 2064/618/10 2065/622/10 2066/626/10 2067/630/10 2068/634/10 2069/638/10 2070/642/10 2071/646/10 2072/650/10 2073/654/10 2074/658/10 2075/662/10 2076/666/10 2077/670/10 2078/674/10 2079/678/10 2080/682/10
f 2084/1116/921 2082/1115/921 2145/1118/921 2146/1119/921
f 2086/1050/922 2084/1116/922 2146/1120/922 2147/1121/922
f 2088/1051/923 2086/1050/923 2147/1122/923 2148/1123/923
f 2090/1053/924 2088/1051/924 2148/1124/924 2149/1125/924
f 2092/1055/925 2090/1053/925 2149/1126/925 2150/1127/925
f 2094/1057/926 2092/1055/926 2150/1128/926 2151/1129/926
f 2096/1060/927 2094/1059/927 2151/1130/927 2152/1131/927
f 2098/1063/928 2096/1062/928 2152/1132/928 2153/1133/928
f 2100/1066/929 2098/1065/929 2153/1134/929 2154/1135/929
f 2102/1068/930 2100/1066/930 2154/1136/930 2155/1137/930
f 2104/1070/931 2102/1068/931 2155/1138/931 2156/1139/931
f 2106/1072/932 2104/1070/932 2156/1140/932 2157/1141/932
f 2108/1074/933 2106/1072/933 2157/1142/933 2158/1143/933
f 2110/1076/934 2108/1074/934 2158/1144/934 2159/1145/934
f 2112/1078/935 2110/1076/935 2159/1146/935 2160/1147/935
f 2114/1080/936 2112/1078/936 2160/1148/936 2161/1149/936
f 2116/1082/937 2114/1080/937 2161/1150/937 2162/1151/937
f 2118/1084/938 2116/1082/938 2162/1152/938 2163/1153/938
f 2120/1086/939 2118/1084/939 2163/1154/939 2164/1155/939
f 2122/1089/940 2120/1088/940 2164/1156/940 2165/1157/940
f 2124/1092/941 2122/1091/941 2165/1158/941 2166/1159/941
f 2126/1094/942 2124/1092/942 2166/1160/942 2167/1161/942
f 2128/1096/943 2126/1094/943 2167/1162/943 2168/1163/943
f 2130/1098/944 2128/1096/944 2168/1164/944 2169/1165/944
f 2132/1100/945 2130/1098/945 2169/1166/945 2170/1167/945
f 2134/1102/946 2132/1100/946 2170/1168/946 2171/1169/946
f 2136/1105/947 2134/1104/947 2171/1170/947 2172/1171/947
f 2138/1107/948 2136/1105/948 2172/1172/948 2173/1173/948
f 2140/1109/949 2138/1107/949 2173/1174/949 2174/1175/949
f 2142/1112/950 2140/1111/950 2174/1176/950 2175/1177/950
f 2144/1046/951 2142/1112/951 2175/1178/951 2176/1179/951
f 2082/1047/952 2144/1046/952 2176/1180/952 2145/1181/952
f 2103/1182/781 2101/1183/781 2187/1183/781 2188/1182/781
f 2081/1184/15 2083/1185/15 2146/1186/15 2145/1187/15
f 2083/1185/15 2085/1188/15 2147/1189/15 2146/1186/15
f 2085/1188/15 2087/1190/15 2148/1191/15 2147/1189/15
f 2087/1190/15 2089/1192/15 2149/1193/15 2148/1191/15
f 2089/1192/15 2091/1194/15 2150/1195/15 2149/1193/15
f 2091/1194/15 2093/1196/15 2151/1197/15 2150/1195/15
f 2093/1196/15 2095/1198/15 2152/1199/15 2151/1197/15
f 2095/1198/15 2097/1200/15 2153/1201/15 2152/1199/15
f 2097/1200/15 2099/1202/15 2154/1203/15 2153/1201/15
f 2099/1202/15 2101/1183/15 2155/1204/15 2154/1203/15
f 2101/1183/15 2103/1182/15 2156/1205/15 2155/1204/15
f 2103/1182/15 2105/1206/15 2157/1207/15 2156/1205/15
f 2105/1206/15 2107/1208/15 2158/1209/15 2157/1207/15
f 2107/1208/15 2109/1210/15 2159/1211/15 2158/1209/15
f 2109/1210/15 2111/1212/15 2160/1213/15 2159/1211/15
f 2111/1212/15 2113/1214/15 2161/1215/15 2160/1213/15
f 2113/1214/15 2115/1216/15 2162/1217/15 2161/1215/15
f 2115/1216/15 2117/1218/15 2163/1219/15 2162/1217/15
f 2117/1218/15 2119/1220/15 2164/1221/15 2163/1219/15
f 2119/1220/15 2121/1222/15 2165/1223/15 2164/1221/15
f 2121/1222/15 2123/1224/15 2166/1225/15 2165/1223/15
f 2123/1224/15 2125/1226/15 2167/1227/15 2166/1225/15
f 2125/1226/15 2127/1228/15 2168/1229/15 2167/1227/15
f 2127/1228/15 2129/1230/15 2169/1231/15 2168/1229/15
f 2129/1230/15 2131/1232/15 2170/1233/15 2169/1231/15
f 2131/1232/15 2133/1234/15 2171/1235/15 2170/1233/15
f 2133/1234/15 2135/1236/15 2172/1237/15 2171/1235/15
f 2135/1236/15 2137/1238/15 2173/1239/15 2172/1237/15
f 2137/1238/15 2139/1240/15 2174/1241/15 2173/1239/15
f 2139/1240/15 2141/1242/15 2175/1243/15 2174/1241/15
f 2141/1242/15 2143/1244/15 2176/1245/15 2175/1243/15
f 2143/1244/15 2081/1184/15 2145/1187/15 2176/1245/15
f 2131/1232/767 2129/1230/767 2201/1230/767 2202/1232/767
f 2105/1206/780 2103/1182/780 2188/1182/780 2189/1206/780
f 2133/1234/766 2131/1232/766 2202/1232/766 2203/1234/766
f 2107/1208/779 2105/1206/779 2189/1206/779 2190/1208/779
f 2135/1236/765 2133/1234/765 2203/1234/765 2204/1236/765
f 2109/1210/778 2107/1208/778 2190/1208/778 2191/1210/778
f 2083/1185/761 2081/1184/761 2177/1184/761 2178/1185/761
f 2137/1238/764 2135/1236/764 2204/1236/764 2205/1238/764
f 2111/1212/777 2109/1210/777 2191/1210/777 2192/1212/777
f 2085/1188/790 2083/1185/790 2178/1185/790 2179/1188/790
f 2139/1240/763 2137/1238/763 2205/1238/763 2206/1240/763
f 2113/1214/776 2111/1212/776 2192/1212/776 2193/1214/776
f 2087/1190/789 2085/1188/789 2179/1188/789 2180/1190/789
f 2141/1242/762 2139/1240/762 2206/1240/762 2207/1242/762
f 2115/1216/775 2113/1214/775 2193/1214/775 2194/1216/775
f 2089/1192/788 2087/1190/788 2180/1190/788 2181/1192/788
f 2143/1244/792 2141/1242/792 2207/1242/792 2208/1244/792
f 2117/1218/774 2115/1216/774 2194/1216/774 2195/1218/774
f 2091/1194/787 2089/1192/787 2181/1192/787 2182/1194/787
f 2081/1184/791 2143/1244/791 2208/1244/791 2177/1184/791
f 2119/1220/773 2117/1218/773 2195/1218/773 2196/1220/773
f 2093/1196/786 2091/1194/786 2182/1194/786 2183/1196/786
f 2121/1222/772 2119/1220/772 2196/1220/772 2197/1222/772
f 2095/1198/785 2093/1196/785 2183/1196/785 2184/1198/785
f 2123/1224/771 2121/1222/771 2197/1222/771 2198/1224/771
f 2097/1200/784 2095/1198/784 2184/1198/784 2185/1200/784
f 2125/1226/770 2123/1224/770 2198/1224/770 2199/1226/770
f 2099/1202/783 2097/1200/783 2185/1200/783 2186/1202/783
f 2127/1228/769 2125/1226/769 2199/1226/769 2200/1228/769
f 2101/1183/782 2099/1202/782 2186/1202/782 2187/1183/782
f 2129/1230/768 2127/1228/768 2200/1228/768 2201/1230/768
